ISO-10303-21;
HEADER;
FILE_DESCRIPTION(('Open CASCADE Model'),'2;1');
FILE_NAME('Open CASCADE Shape Model','2026-09-07T13:08:24',('Author'),(
    'Open CASCADE'),'Open CASCADE STEP processor 7.9','Open CASCADE 7.9'
  ,'Unknown');
FILE_SCHEMA(('AUTOMOTIVE_DESIGN { 1 0 10303 214 1 1 1 1 }'));
ENDSEC;
DATA;
#1 = APPLICATION_PROTOCOL_DEFINITION('international standard',
  'automotive_design',2000,#2);
#2 = APPLICATION_CONTEXT(
  'core data for automotive mechanical design processes');
#3 = SHAPE_DEFINITION_REPRESENTATION(#4,#10);
#4 = PRODUCT_DEFINITION_SHAPE('','',#5);
#5 = PRODUCT_DEFINITION('design','',#6,#9);
#6 = PRODUCT_DEFINITION_FORMATION('','',#7);
#7 = PRODUCT('1deb2114-aae7-11f1-b197-05858da5cb85',
  '1deb2114-aae7-11f1-b197-05858da5cb85','',(#8));
#8 = PRODUCT_CONTEXT('',#2,'mechanical');
#9 = PRODUCT_DEFINITION_CONTEXT('part definition',#2,'design');
#10 = SHAPE_REPRESENTATION('',(#11,#15,#19,#23,#27,#31,#35,#39,#43,#47,
    #51,#55,#59,#63,#67,#71,#75,#79,#83,#87,#91,#95,#99,#103,#107),#111
  );
#11 = AXIS2_PLACEMENT_3D('',#12,#13,#14);
#12 = CARTESIAN_POINT('',(0.,0.,0.));
#13 = DIRECTION('',(0.,0.,1.));
#14 = DIRECTION('',(1.,0.,-0.));
#15 = AXIS2_PLACEMENT_3D('',#16,#17,#18);
#16 = CARTESIAN_POINT('',(0.,0.,0.));
#17 = DIRECTION('',(0.,0.,1.));
#18 = DIRECTION('',(1.,0.,-0.));
#19 = AXIS2_PLACEMENT_3D('',#20,#21,#22);
#20 = CARTESIAN_POINT('',(0.,0.,0.));
#21 = DIRECTION('',(0.,0.,1.));
#22 = DIRECTION('',(1.,0.,-0.));
#23 = AXIS2_PLACEMENT_3D('',#24,#25,#26);
#24 = CARTESIAN_POINT('',(0.,0.,0.));
#25 = DIRECTION('',(0.,0.,1.));
#26 = DIRECTION('',(1.,0.,-0.));
#27 = AXIS2_PLACEMENT_3D('',#28,#29,#30);
#28 = CARTESIAN_POINT('',(0.,0.,0.));
#29 = DIRECTION('',(0.,0.,1.));
#30 = DIRECTION('',(1.,0.,-0.));
#31 = AXIS2_PLACEMENT_3D('',#32,#33,#34);
#32 = CARTESIAN_POINT('',(0.,0.,0.));
#33 = DIRECTION('',(0.,0.,1.));
#34 = DIRECTION('',(1.,0.,-0.));
#35 = AXIS2_PLACEMENT_3D('',#36,#37,#38);
#36 = CARTESIAN_POINT('',(0.,0.,0.));
#37 = DIRECTION('',(0.,0.,1.));
#38 = DIRECTION('',(1.,0.,-0.));
#39 = AXIS2_PLACEMENT_3D('',#40,#41,#42);
#40 = CARTESIAN_POINT('',(0.,0.,0.));
#41 = DIRECTION('',(0.,0.,1.));
#42 = DIRECTION('',(1.,0.,-0.));
#43 = AXIS2_PLACEMENT_3D('',#44,#45,#46);
#44 = CARTESIAN_POINT('',(0.,0.,0.));
#45 = DIRECTION('',(0.,0.,1.));
#46 = DIRECTION('',(1.,0.,-0.));
#47 = AXIS2_PLACEMENT_3D('',#48,#49,#50);
#48 = CARTESIAN_POINT('',(0.,0.,0.));
#49 = DIRECTION('',(0.,0.,1.));
#50 = DIRECTION('',(1.,0.,-0.));
#51 = AXIS2_PLACEMENT_3D('',#52,#53,#54);
#52 = CARTESIAN_POINT('',(0.,0.,0.));
#53 = DIRECTION('',(0.,0.,1.));
#54 = DIRECTION('',(1.,0.,-0.));
#55 = AXIS2_PLACEMENT_3D('',#56,#57,#58);
#56 = CARTESIAN_POINT('',(0.,0.,0.));
#57 = DIRECTION('',(0.,0.,1.));
#58 = DIRECTION('',(1.,0.,-0.));
#59 = AXIS2_PLACEMENT_3D('',#60,#61,#62);
#60 = CARTESIAN_POINT('',(0.,0.,0.));
#61 = DIRECTION('',(0.,0.,1.));
#62 = DIRECTION('',(1.,0.,-0.));
#63 = AXIS2_PLACEMENT_3D('',#64,#65,#66);
#64 = CARTESIAN_POINT('',(0.,0.,0.));
#65 = DIRECTION('',(0.,0.,1.));
#66 = DIRECTION('',(1.,0.,-0.));
#67 = AXIS2_PLACEMENT_3D('',#68,#69,#70);
#68 = CARTESIAN_POINT('',(0.,0.,0.));
#69 = DIRECTION('',(0.,0.,1.));
#70 = DIRECTION('',(1.,0.,-0.));
#71 = AXIS2_PLACEMENT_3D('',#72,#73,#74);
#72 = CARTESIAN_POINT('',(0.,0.,0.));
#73 = DIRECTION('',(0.,0.,1.));
#74 = DIRECTION('',(1.,0.,-0.));
#75 = AXIS2_PLACEMENT_3D('',#76,#77,#78);
#76 = CARTESIAN_POINT('',(0.,0.,0.));
#77 = DIRECTION('',(0.,0.,1.));
#78 = DIRECTION('',(1.,0.,-0.));
#79 = AXIS2_PLACEMENT_3D('',#80,#81,#82);
#80 = CARTESIAN_POINT('',(0.,0.,0.));
#81 = DIRECTION('',(0.,0.,1.));
#82 = DIRECTION('',(1.,0.,-0.));
#83 = AXIS2_PLACEMENT_3D('',#84,#85,#86);
#84 = CARTESIAN_POINT('',(0.,0.,0.));
#85 = DIRECTION('',(0.,0.,1.));
#86 = DIRECTION('',(1.,0.,-0.));
#87 = AXIS2_PLACEMENT_3D('',#88,#89,#90);
#88 = CARTESIAN_POINT('',(0.,0.,0.));
#89 = DIRECTION('',(0.,0.,1.));
#90 = DIRECTION('',(1.,0.,-0.));
#91 = AXIS2_PLACEMENT_3D('',#92,#93,#94);
#92 = CARTESIAN_POINT('',(0.,0.,0.));
#93 = DIRECTION('',(0.,0.,1.));
#94 = DIRECTION('',(1.,0.,-0.));
#95 = AXIS2_PLACEMENT_3D('',#96,#97,#98);
#96 = CARTESIAN_POINT('',(0.,0.,0.));
#97 = DIRECTION('',(0.,0.,1.));
#98 = DIRECTION('',(1.,0.,-0.));
#99 = AXIS2_PLACEMENT_3D('',#100,#101,#102);
#100 = CARTESIAN_POINT('',(0.,0.,0.));
#101 = DIRECTION('',(0.,0.,1.));
#102 = DIRECTION('',(1.,0.,-0.));
#103 = AXIS2_PLACEMENT_3D('',#104,#105,#106);
#104 = CARTESIAN_POINT('',(0.,0.,0.));
#105 = DIRECTION('',(0.,0.,1.));
#106 = DIRECTION('',(1.,0.,-0.));
#107 = AXIS2_PLACEMENT_3D('',#108,#109,#110);
#108 = CARTESIAN_POINT('',(0.,0.,0.));
#109 = DIRECTION('',(0.,0.,1.));
#110 = DIRECTION('',(1.,0.,-0.));
#111 = ( GEOMETRIC_REPRESENTATION_CONTEXT(3) 
GLOBAL_UNCERTAINTY_ASSIGNED_CONTEXT((#115)) GLOBAL_UNIT_ASSIGNED_CONTEXT
((#112,#113,#114)) REPRESENTATION_CONTEXT('Context #1',
  '3D Context with UNIT and UNCERTAINTY') );
#112 = ( LENGTH_UNIT() NAMED_UNIT(*) SI_UNIT(.MILLI.,.METRE.) );
#113 = ( NAMED_UNIT(*) PLANE_ANGLE_UNIT() SI_UNIT($,.RADIAN.) );
#114 = ( NAMED_UNIT(*) SI_UNIT($,.STERADIAN.) SOLID_ANGLE_UNIT() );
#115 = UNCERTAINTY_MEASURE_WITH_UNIT(LENGTH_MEASURE(1.E-07),#112,
  'distance_accuracy_value','confusion accuracy');
#116 = PRODUCT_RELATED_PRODUCT_CATEGORY('part',$,(#7));
#117 = SHAPE_DEFINITION_REPRESENTATION(#118,#124);
#118 = PRODUCT_DEFINITION_SHAPE('','',#119);
#119 = PRODUCT_DEFINITION('design','',#120,#123);
#120 = PRODUCT_DEFINITION_FORMATION('','',#121);
#121 = PRODUCT('rear_screw_1','rear_screw_1','',(#122));
#122 = PRODUCT_CONTEXT('',#2,'mechanical');
#123 = PRODUCT_DEFINITION_CONTEXT('part definition',#2,'design');
#124 = ADVANCED_BREP_SHAPE_REPRESENTATION('',(#11,#125),#313);
#125 = MANIFOLD_SOLID_BREP('',#126);
#126 = CLOSED_SHELL('',(#127,#215,#219,#254,#309));
#127 = ADVANCED_FACE('',(#128),#142,.T.);
#128 = FACE_BOUND('',#129,.F.);
#129 = EDGE_LOOP('',(#130,#160,#187,#188));
#130 = ORIENTED_EDGE('',*,*,#131,.T.);
#131 = EDGE_CURVE('',#132,#134,#136,.T.);
#132 = VERTEX_POINT('',#133);
#133 = CARTESIAN_POINT('',(56.9,0.,0.2));
#134 = VERTEX_POINT('',#135);
#135 = CARTESIAN_POINT('',(56.9,0.,1.));
#136 = SEAM_CURVE('',#137,(#141,#153),.PCURVE_S1.);
#137 = LINE('',#138,#139);
#138 = CARTESIAN_POINT('',(56.9,0.,0.2));
#139 = VECTOR('',#140,1.);
#140 = DIRECTION('',(0.,0.,1.));
#141 = PCURVE('',#142,#147);
#142 = CYLINDRICAL_SURFACE('',#143,1.9);
#143 = AXIS2_PLACEMENT_3D('',#144,#145,#146);
#144 = CARTESIAN_POINT('',(55.,0.,0.2));
#145 = DIRECTION('',(-0.,-0.,-1.));
#146 = DIRECTION('',(1.,0.,0.));
#147 = DEFINITIONAL_REPRESENTATION('',(#148),#152);
#148 = LINE('',#149,#150);
#149 = CARTESIAN_POINT('',(-0.,0.));
#150 = VECTOR('',#151,1.);
#151 = DIRECTION('',(-0.,-1.));
#152 = ( GEOMETRIC_REPRESENTATION_CONTEXT(2) 
PARAMETRIC_REPRESENTATION_CONTEXT() REPRESENTATION_CONTEXT('2D SPACE',''
  ) );
#153 = PCURVE('',#142,#154);
#154 = DEFINITIONAL_REPRESENTATION('',(#155),#159);
#155 = LINE('',#156,#157);
#156 = CARTESIAN_POINT('',(-6.28318530718,0.));
#157 = VECTOR('',#158,1.);
#158 = DIRECTION('',(-0.,-1.));
#159 = ( GEOMETRIC_REPRESENTATION_CONTEXT(2) 
PARAMETRIC_REPRESENTATION_CONTEXT() REPRESENTATION_CONTEXT('2D SPACE',''
  ) );
#160 = ORIENTED_EDGE('',*,*,#161,.T.);
#161 = EDGE_CURVE('',#134,#134,#162,.T.);
#162 = SURFACE_CURVE('',#163,(#168,#175),.PCURVE_S1.);
#163 = CIRCLE('',#164,1.9);
#164 = AXIS2_PLACEMENT_3D('',#165,#166,#167);
#165 = CARTESIAN_POINT('',(55.,0.,1.));
#166 = DIRECTION('',(0.,0.,1.));
#167 = DIRECTION('',(1.,0.,0.));
#168 = PCURVE('',#142,#169);
#169 = DEFINITIONAL_REPRESENTATION('',(#170),#174);
#170 = LINE('',#171,#172);
#171 = CARTESIAN_POINT('',(-0.,-0.8));
#172 = VECTOR('',#173,1.);
#173 = DIRECTION('',(-1.,0.));
#174 = ( GEOMETRIC_REPRESENTATION_CONTEXT(2) 
PARAMETRIC_REPRESENTATION_CONTEXT() REPRESENTATION_CONTEXT('2D SPACE',''
  ) );
#175 = PCURVE('',#176,#181);
#176 = PLANE('',#177);
#177 = AXIS2_PLACEMENT_3D('',#178,#179,#180);
#178 = CARTESIAN_POINT('',(55.,1.023653692829E-16,1.));
#179 = DIRECTION('',(0.,0.,1.));
#180 = DIRECTION('',(1.,0.,-0.));
#181 = DEFINITIONAL_REPRESENTATION('',(#182),#186);
#182 = CIRCLE('',#183,1.9);
#183 = AXIS2_PLACEMENT_2D('',#184,#185);
#184 = CARTESIAN_POINT('',(0.,-1.023653692829E-16));
#185 = DIRECTION('',(1.,0.));
#186 = ( GEOMETRIC_REPRESENTATION_CONTEXT(2) 
PARAMETRIC_REPRESENTATION_CONTEXT() REPRESENTATION_CONTEXT('2D SPACE',''
  ) );
#187 = ORIENTED_EDGE('',*,*,#131,.F.);
#188 = ORIENTED_EDGE('',*,*,#189,.F.);
#189 = EDGE_CURVE('',#132,#132,#190,.T.);
#190 = SURFACE_CURVE('',#191,(#196,#203),.PCURVE_S1.);
#191 = CIRCLE('',#192,1.9);
#192 = AXIS2_PLACEMENT_3D('',#193,#194,#195);
#193 = CARTESIAN_POINT('',(55.,0.,0.2));
#194 = DIRECTION('',(0.,0.,1.));
#195 = DIRECTION('',(1.,0.,0.));
#196 = PCURVE('',#142,#197);
#197 = DEFINITIONAL_REPRESENTATION('',(#198),#202);
#198 = LINE('',#199,#200);
#199 = CARTESIAN_POINT('',(-0.,0.));
#200 = VECTOR('',#201,1.);
#201 = DIRECTION('',(-1.,0.));
#202 = ( GEOMETRIC_REPRESENTATION_CONTEXT(2) 
PARAMETRIC_REPRESENTATION_CONTEXT() REPRESENTATION_CONTEXT('2D SPACE',''
  ) );
#203 = PCURVE('',#204,#209);
#204 = PLANE('',#205);
#205 = AXIS2_PLACEMENT_3D('',#206,#207,#208);
#206 = CARTESIAN_POINT('',(55.,1.023653692829E-16,0.2));
#207 = DIRECTION('',(0.,0.,1.));
#208 = DIRECTION('',(1.,0.,-0.));
#209 = DEFINITIONAL_REPRESENTATION('',(#210),#214);
#210 = CIRCLE('',#211,1.9);
#211 = AXIS2_PLACEMENT_2D('',#212,#213);
#212 = CARTESIAN_POINT('',(0.,-1.023653692829E-16));
#213 = DIRECTION('',(1.,0.));
#214 = ( GEOMETRIC_REPRESENTATION_CONTEXT(2) 
PARAMETRIC_REPRESENTATION_CONTEXT() REPRESENTATION_CONTEXT('2D SPACE',''
  ) );
#215 = ADVANCED_FACE('',(#216),#204,.F.);
#216 = FACE_BOUND('',#217,.F.);
#217 = EDGE_LOOP('',(#218));
#218 = ORIENTED_EDGE('',*,*,#189,.T.);
#219 = ADVANCED_FACE('',(#220,#223),#176,.T.);
#220 = FACE_BOUND('',#221,.T.);
#221 = EDGE_LOOP('',(#222));
#222 = ORIENTED_EDGE('',*,*,#161,.T.);
#223 = FACE_BOUND('',#224,.T.);
#224 = EDGE_LOOP('',(#225));
#225 = ORIENTED_EDGE('',*,*,#226,.F.);
#226 = EDGE_CURVE('',#227,#227,#229,.T.);
#227 = VERTEX_POINT('',#228);
#228 = CARTESIAN_POINT('',(56.,0.,1.));
#229 = SURFACE_CURVE('',#230,(#235,#242),.PCURVE_S1.);
#230 = CIRCLE('',#231,1.);
#231 = AXIS2_PLACEMENT_3D('',#232,#233,#234);
#232 = CARTESIAN_POINT('',(55.,0.,1.));
#233 = DIRECTION('',(0.,0.,1.));
#234 = DIRECTION('',(1.,0.,0.));
#235 = PCURVE('',#176,#236);
#236 = DEFINITIONAL_REPRESENTATION('',(#237),#241);
#237 = CIRCLE('',#238,1.);
#238 = AXIS2_PLACEMENT_2D('',#239,#240);
#239 = CARTESIAN_POINT('',(0.,-1.023653692829E-16));
#240 = DIRECTION('',(1.,0.));
#241 = ( GEOMETRIC_REPRESENTATION_CONTEXT(2) 
PARAMETRIC_REPRESENTATION_CONTEXT() REPRESENTATION_CONTEXT('2D SPACE',''
  ) );
#242 = PCURVE('',#243,#248);
#243 = CYLINDRICAL_SURFACE('',#244,1.);
#244 = AXIS2_PLACEMENT_3D('',#245,#246,#247);
#245 = CARTESIAN_POINT('',(55.,0.,1.));
#246 = DIRECTION('',(-0.,-0.,-1.));
#247 = DIRECTION('',(1.,0.,0.));
#248 = DEFINITIONAL_REPRESENTATION('',(#249),#253);
#249 = LINE('',#250,#251);
#250 = CARTESIAN_POINT('',(-0.,0.));
#251 = VECTOR('',#252,1.);
#252 = DIRECTION('',(-1.,0.));
#253 = ( GEOMETRIC_REPRESENTATION_CONTEXT(2) 
PARAMETRIC_REPRESENTATION_CONTEXT() REPRESENTATION_CONTEXT('2D SPACE',''
  ) );
#254 = ADVANCED_FACE('',(#255),#243,.T.);
#255 = FACE_BOUND('',#256,.F.);
#256 = EDGE_LOOP('',(#257,#280,#307,#308));
#257 = ORIENTED_EDGE('',*,*,#258,.T.);
#258 = EDGE_CURVE('',#227,#259,#261,.T.);
#259 = VERTEX_POINT('',#260);
#260 = CARTESIAN_POINT('',(56.,0.,5.));
#261 = SEAM_CURVE('',#262,(#266,#273),.PCURVE_S1.);
#262 = LINE('',#263,#264);
#263 = CARTESIAN_POINT('',(56.,0.,1.));
#264 = VECTOR('',#265,1.);
#265 = DIRECTION('',(0.,0.,1.));
#266 = PCURVE('',#243,#267);
#267 = DEFINITIONAL_REPRESENTATION('',(#268),#272);
#268 = LINE('',#269,#270);
#269 = CARTESIAN_POINT('',(-0.,0.));
#270 = VECTOR('',#271,1.);
#271 = DIRECTION('',(-0.,-1.));
#272 = ( GEOMETRIC_REPRESENTATION_CONTEXT(2) 
PARAMETRIC_REPRESENTATION_CONTEXT() REPRESENTATION_CONTEXT('2D SPACE',''
  ) );
#273 = PCURVE('',#243,#274);
#274 = DEFINITIONAL_REPRESENTATION('',(#275),#279);
#275 = LINE('',#276,#277);
#276 = CARTESIAN_POINT('',(-6.28318530718,0.));
#277 = VECTOR('',#278,1.);
#278 = DIRECTION('',(-0.,-1.));
#279 = ( GEOMETRIC_REPRESENTATION_CONTEXT(2) 
PARAMETRIC_REPRESENTATION_CONTEXT() REPRESENTATION_CONTEXT('2D SPACE',''
  ) );
#280 = ORIENTED_EDGE('',*,*,#281,.T.);
#281 = EDGE_CURVE('',#259,#259,#282,.T.);
#282 = SURFACE_CURVE('',#283,(#288,#295),.PCURVE_S1.);
#283 = CIRCLE('',#284,1.);
#284 = AXIS2_PLACEMENT_3D('',#285,#286,#287);
#285 = CARTESIAN_POINT('',(55.,0.,5.));
#286 = DIRECTION('',(0.,0.,1.));
#287 = DIRECTION('',(1.,0.,0.));
#288 = PCURVE('',#243,#289);
#289 = DEFINITIONAL_REPRESENTATION('',(#290),#294);
#290 = LINE('',#291,#292);
#291 = CARTESIAN_POINT('',(-0.,-4.));
#292 = VECTOR('',#293,1.);
#293 = DIRECTION('',(-1.,0.));
#294 = ( GEOMETRIC_REPRESENTATION_CONTEXT(2) 
PARAMETRIC_REPRESENTATION_CONTEXT() REPRESENTATION_CONTEXT('2D SPACE',''
  ) );
#295 = PCURVE('',#296,#301);
#296 = PLANE('',#297);
#297 = AXIS2_PLACEMENT_3D('',#298,#299,#300);
#298 = CARTESIAN_POINT('',(55.,8.737595245399E-17,5.));
#299 = DIRECTION('',(0.,0.,1.));
#300 = DIRECTION('',(1.,0.,-0.));
#301 = DEFINITIONAL_REPRESENTATION('',(#302),#306);
#302 = CIRCLE('',#303,1.);
#303 = AXIS2_PLACEMENT_2D('',#304,#305);
#304 = CARTESIAN_POINT('',(0.,-8.737595245399E-17));
#305 = DIRECTION('',(1.,0.));
#306 = ( GEOMETRIC_REPRESENTATION_CONTEXT(2) 
PARAMETRIC_REPRESENTATION_CONTEXT() REPRESENTATION_CONTEXT('2D SPACE',''
  ) );
#307 = ORIENTED_EDGE('',*,*,#258,.F.);
#308 = ORIENTED_EDGE('',*,*,#226,.F.);
#309 = ADVANCED_FACE('',(#310),#296,.T.);
#310 = FACE_BOUND('',#311,.T.);
#311 = EDGE_LOOP('',(#312));
#312 = ORIENTED_EDGE('',*,*,#281,.T.);
#313 = ( GEOMETRIC_REPRESENTATION_CONTEXT(3) 
GLOBAL_UNCERTAINTY_ASSIGNED_CONTEXT((#317)) GLOBAL_UNIT_ASSIGNED_CONTEXT
((#314,#315,#316)) REPRESENTATION_CONTEXT('Context #1',
  '3D Context with UNIT and UNCERTAINTY') );
#314 = ( LENGTH_UNIT() NAMED_UNIT(*) SI_UNIT(.MILLI.,.METRE.) );
#315 = ( NAMED_UNIT(*) PLANE_ANGLE_UNIT() SI_UNIT($,.RADIAN.) );
#316 = ( NAMED_UNIT(*) SI_UNIT($,.STERADIAN.) SOLID_ANGLE_UNIT() );
#317 = UNCERTAINTY_MEASURE_WITH_UNIT(LENGTH_MEASURE(1.E-07),#314,
  'distance_accuracy_value','confusion accuracy');
#318 = CONTEXT_DEPENDENT_SHAPE_REPRESENTATION(#319,#321);
#319 = ( REPRESENTATION_RELATIONSHIP('','',#124,#10) 
REPRESENTATION_RELATIONSHIP_WITH_TRANSFORMATION(#320) 
SHAPE_REPRESENTATION_RELATIONSHIP() );
#320 = ITEM_DEFINED_TRANSFORMATION('','',#11,#15);
#321 = PRODUCT_DEFINITION_SHAPE('Placement','Placement of an item',#322
  );
#322 = NEXT_ASSEMBLY_USAGE_OCCURRENCE('1','rear_screw_1','',#5,#119,$);
#323 = PRODUCT_RELATED_PRODUCT_CATEGORY('part',$,(#121));
#324 = SHAPE_DEFINITION_REPRESENTATION(#325,#331);
#325 = PRODUCT_DEFINITION_SHAPE('','',#326);
#326 = PRODUCT_DEFINITION('design','',#327,#330);
#327 = PRODUCT_DEFINITION_FORMATION('','',#328);
#328 = PRODUCT('rear_screw_2','rear_screw_2','',(#329));
#329 = PRODUCT_CONTEXT('',#2,'mechanical');
#330 = PRODUCT_DEFINITION_CONTEXT('part definition',#2,'design');
#331 = ADVANCED_BREP_SHAPE_REPRESENTATION('',(#11,#332),#520);
#332 = MANIFOLD_SOLID_BREP('',#333);
#333 = CLOSED_SHELL('',(#334,#422,#426,#461,#516));
#334 = ADVANCED_FACE('',(#335),#349,.T.);
#335 = FACE_BOUND('',#336,.F.);
#336 = EDGE_LOOP('',(#337,#367,#394,#395));
#337 = ORIENTED_EDGE('',*,*,#338,.T.);
#338 = EDGE_CURVE('',#339,#341,#343,.T.);
#339 = VERTEX_POINT('',#340);
#340 = CARTESIAN_POINT('',(29.4,47.631397208144,0.2));
#341 = VERTEX_POINT('',#342);
#342 = CARTESIAN_POINT('',(29.4,47.631397208144,1.));
#343 = SEAM_CURVE('',#344,(#348,#360),.PCURVE_S1.);
#344 = LINE('',#345,#346);
#345 = CARTESIAN_POINT('',(29.4,47.631397208144,0.2));
#346 = VECTOR('',#347,1.);
#347 = DIRECTION('',(0.,0.,1.));
#348 = PCURVE('',#349,#354);
#349 = CYLINDRICAL_SURFACE('',#350,1.9);
#350 = AXIS2_PLACEMENT_3D('',#351,#352,#353);
#351 = CARTESIAN_POINT('',(27.5,47.631397208144,0.2));
#352 = DIRECTION('',(-0.,-0.,-1.));
#353 = DIRECTION('',(1.,0.,0.));
#354 = DEFINITIONAL_REPRESENTATION('',(#355),#359);
#355 = LINE('',#356,#357);
#356 = CARTESIAN_POINT('',(-0.,0.));
#357 = VECTOR('',#358,1.);
#358 = DIRECTION('',(-0.,-1.));
#359 = ( GEOMETRIC_REPRESENTATION_CONTEXT(2) 
PARAMETRIC_REPRESENTATION_CONTEXT() REPRESENTATION_CONTEXT('2D SPACE',''
  ) );
#360 = PCURVE('',#349,#361);
#361 = DEFINITIONAL_REPRESENTATION('',(#362),#366);
#362 = LINE('',#363,#364);
#363 = CARTESIAN_POINT('',(-6.28318530718,0.));
#364 = VECTOR('',#365,1.);
#365 = DIRECTION('',(-0.,-1.));
#366 = ( GEOMETRIC_REPRESENTATION_CONTEXT(2) 
PARAMETRIC_REPRESENTATION_CONTEXT() REPRESENTATION_CONTEXT('2D SPACE',''
  ) );
#367 = ORIENTED_EDGE('',*,*,#368,.T.);
#368 = EDGE_CURVE('',#341,#341,#369,.T.);
#369 = SURFACE_CURVE('',#370,(#375,#382),.PCURVE_S1.);
#370 = CIRCLE('',#371,1.9);
#371 = AXIS2_PLACEMENT_3D('',#372,#373,#374);
#372 = CARTESIAN_POINT('',(27.5,47.631397208144,1.));
#373 = DIRECTION('',(0.,0.,1.));
#374 = DIRECTION('',(1.,0.,0.));
#375 = PCURVE('',#349,#376);
#376 = DEFINITIONAL_REPRESENTATION('',(#377),#381);
#377 = LINE('',#378,#379);
#378 = CARTESIAN_POINT('',(-0.,-0.8));
#379 = VECTOR('',#380,1.);
#380 = DIRECTION('',(-1.,0.));
#381 = ( GEOMETRIC_REPRESENTATION_CONTEXT(2) 
PARAMETRIC_REPRESENTATION_CONTEXT() REPRESENTATION_CONTEXT('2D SPACE',''
  ) );
#382 = PCURVE('',#383,#388);
#383 = PLANE('',#384);
#384 = AXIS2_PLACEMENT_3D('',#385,#386,#387);
#385 = CARTESIAN_POINT('',(27.5,47.631397208144,1.));
#386 = DIRECTION('',(0.,0.,1.));
#387 = DIRECTION('',(1.,0.,-0.));
#388 = DEFINITIONAL_REPRESENTATION('',(#389),#393);
#389 = CIRCLE('',#390,1.9);
#390 = AXIS2_PLACEMENT_2D('',#391,#392);
#391 = CARTESIAN_POINT('',(0.,0.));
#392 = DIRECTION('',(1.,0.));
#393 = ( GEOMETRIC_REPRESENTATION_CONTEXT(2) 
PARAMETRIC_REPRESENTATION_CONTEXT() REPRESENTATION_CONTEXT('2D SPACE',''
  ) );
#394 = ORIENTED_EDGE('',*,*,#338,.F.);
#395 = ORIENTED_EDGE('',*,*,#396,.F.);
#396 = EDGE_CURVE('',#339,#339,#397,.T.);
#397 = SURFACE_CURVE('',#398,(#403,#410),.PCURVE_S1.);
#398 = CIRCLE('',#399,1.9);
#399 = AXIS2_PLACEMENT_3D('',#400,#401,#402);
#400 = CARTESIAN_POINT('',(27.5,47.631397208144,0.2));
#401 = DIRECTION('',(0.,0.,1.));
#402 = DIRECTION('',(1.,0.,0.));
#403 = PCURVE('',#349,#404);
#404 = DEFINITIONAL_REPRESENTATION('',(#405),#409);
#405 = LINE('',#406,#407);
#406 = CARTESIAN_POINT('',(-0.,0.));
#407 = VECTOR('',#408,1.);
#408 = DIRECTION('',(-1.,0.));
#409 = ( GEOMETRIC_REPRESENTATION_CONTEXT(2) 
PARAMETRIC_REPRESENTATION_CONTEXT() REPRESENTATION_CONTEXT('2D SPACE',''
  ) );
#410 = PCURVE('',#411,#416);
#411 = PLANE('',#412);
#412 = AXIS2_PLACEMENT_3D('',#413,#414,#415);
#413 = CARTESIAN_POINT('',(27.5,47.631397208144,0.2));
#414 = DIRECTION('',(0.,0.,1.));
#415 = DIRECTION('',(1.,0.,-0.));
#416 = DEFINITIONAL_REPRESENTATION('',(#417),#421);
#417 = CIRCLE('',#418,1.9);
#418 = AXIS2_PLACEMENT_2D('',#419,#420);
#419 = CARTESIAN_POINT('',(0.,0.));
#420 = DIRECTION('',(1.,0.));
#421 = ( GEOMETRIC_REPRESENTATION_CONTEXT(2) 
PARAMETRIC_REPRESENTATION_CONTEXT() REPRESENTATION_CONTEXT('2D SPACE',''
  ) );
#422 = ADVANCED_FACE('',(#423),#411,.F.);
#423 = FACE_BOUND('',#424,.F.);
#424 = EDGE_LOOP('',(#425));
#425 = ORIENTED_EDGE('',*,*,#396,.T.);
#426 = ADVANCED_FACE('',(#427,#430),#383,.T.);
#427 = FACE_BOUND('',#428,.T.);
#428 = EDGE_LOOP('',(#429));
#429 = ORIENTED_EDGE('',*,*,#368,.T.);
#430 = FACE_BOUND('',#431,.T.);
#431 = EDGE_LOOP('',(#432));
#432 = ORIENTED_EDGE('',*,*,#433,.F.);
#433 = EDGE_CURVE('',#434,#434,#436,.T.);
#434 = VERTEX_POINT('',#435);
#435 = CARTESIAN_POINT('',(28.5,47.631397208144,1.));
#436 = SURFACE_CURVE('',#437,(#442,#449),.PCURVE_S1.);
#437 = CIRCLE('',#438,1.);
#438 = AXIS2_PLACEMENT_3D('',#439,#440,#441);
#439 = CARTESIAN_POINT('',(27.5,47.631397208144,1.));
#440 = DIRECTION('',(0.,0.,1.));
#441 = DIRECTION('',(1.,0.,0.));
#442 = PCURVE('',#383,#443);
#443 = DEFINITIONAL_REPRESENTATION('',(#444),#448);
#444 = CIRCLE('',#445,1.);
#445 = AXIS2_PLACEMENT_2D('',#446,#447);
#446 = CARTESIAN_POINT('',(0.,0.));
#447 = DIRECTION('',(1.,0.));
#448 = ( GEOMETRIC_REPRESENTATION_CONTEXT(2) 
PARAMETRIC_REPRESENTATION_CONTEXT() REPRESENTATION_CONTEXT('2D SPACE',''
  ) );
#449 = PCURVE('',#450,#455);
#450 = CYLINDRICAL_SURFACE('',#451,1.);
#451 = AXIS2_PLACEMENT_3D('',#452,#453,#454);
#452 = CARTESIAN_POINT('',(27.5,47.631397208144,1.));
#453 = DIRECTION('',(-0.,-0.,-1.));
#454 = DIRECTION('',(1.,0.,0.));
#455 = DEFINITIONAL_REPRESENTATION('',(#456),#460);
#456 = LINE('',#457,#458);
#457 = CARTESIAN_POINT('',(-0.,0.));
#458 = VECTOR('',#459,1.);
#459 = DIRECTION('',(-1.,0.));
#460 = ( GEOMETRIC_REPRESENTATION_CONTEXT(2) 
PARAMETRIC_REPRESENTATION_CONTEXT() REPRESENTATION_CONTEXT('2D SPACE',''
  ) );
#461 = ADVANCED_FACE('',(#462),#450,.T.);
#462 = FACE_BOUND('',#463,.F.);
#463 = EDGE_LOOP('',(#464,#487,#514,#515));
#464 = ORIENTED_EDGE('',*,*,#465,.T.);
#465 = EDGE_CURVE('',#434,#466,#468,.T.);
#466 = VERTEX_POINT('',#467);
#467 = CARTESIAN_POINT('',(28.5,47.631397208144,5.));
#468 = SEAM_CURVE('',#469,(#473,#480),.PCURVE_S1.);
#469 = LINE('',#470,#471);
#470 = CARTESIAN_POINT('',(28.5,47.631397208144,1.));
#471 = VECTOR('',#472,1.);
#472 = DIRECTION('',(0.,0.,1.));
#473 = PCURVE('',#450,#474);
#474 = DEFINITIONAL_REPRESENTATION('',(#475),#479);
#475 = LINE('',#476,#477);
#476 = CARTESIAN_POINT('',(-0.,0.));
#477 = VECTOR('',#478,1.);
#478 = DIRECTION('',(-0.,-1.));
#479 = ( GEOMETRIC_REPRESENTATION_CONTEXT(2) 
PARAMETRIC_REPRESENTATION_CONTEXT() REPRESENTATION_CONTEXT('2D SPACE',''
  ) );
#480 = PCURVE('',#450,#481);
#481 = DEFINITIONAL_REPRESENTATION('',(#482),#486);
#482 = LINE('',#483,#484);
#483 = CARTESIAN_POINT('',(-6.28318530718,0.));
#484 = VECTOR('',#485,1.);
#485 = DIRECTION('',(-0.,-1.));
#486 = ( GEOMETRIC_REPRESENTATION_CONTEXT(2) 
PARAMETRIC_REPRESENTATION_CONTEXT() REPRESENTATION_CONTEXT('2D SPACE',''
  ) );
#487 = ORIENTED_EDGE('',*,*,#488,.T.);
#488 = EDGE_CURVE('',#466,#466,#489,.T.);
#489 = SURFACE_CURVE('',#490,(#495,#502),.PCURVE_S1.);
#490 = CIRCLE('',#491,1.);
#491 = AXIS2_PLACEMENT_3D('',#492,#493,#494);
#492 = CARTESIAN_POINT('',(27.5,47.631397208144,5.));
#493 = DIRECTION('',(0.,0.,1.));
#494 = DIRECTION('',(1.,0.,0.));
#495 = PCURVE('',#450,#496);
#496 = DEFINITIONAL_REPRESENTATION('',(#497),#501);
#497 = LINE('',#498,#499);
#498 = CARTESIAN_POINT('',(-0.,-4.));
#499 = VECTOR('',#500,1.);
#500 = DIRECTION('',(-1.,0.));
#501 = ( GEOMETRIC_REPRESENTATION_CONTEXT(2) 
PARAMETRIC_REPRESENTATION_CONTEXT() REPRESENTATION_CONTEXT('2D SPACE',''
  ) );
#502 = PCURVE('',#503,#508);
#503 = PLANE('',#504);
#504 = AXIS2_PLACEMENT_3D('',#505,#506,#507);
#505 = CARTESIAN_POINT('',(27.5,47.631397208144,5.));
#506 = DIRECTION('',(0.,0.,1.));
#507 = DIRECTION('',(1.,0.,-0.));
#508 = DEFINITIONAL_REPRESENTATION('',(#509),#513);
#509 = CIRCLE('',#510,1.);
#510 = AXIS2_PLACEMENT_2D('',#511,#512);
#511 = CARTESIAN_POINT('',(0.,0.));
#512 = DIRECTION('',(1.,0.));
#513 = ( GEOMETRIC_REPRESENTATION_CONTEXT(2) 
PARAMETRIC_REPRESENTATION_CONTEXT() REPRESENTATION_CONTEXT('2D SPACE',''
  ) );
#514 = ORIENTED_EDGE('',*,*,#465,.F.);
#515 = ORIENTED_EDGE('',*,*,#433,.F.);
#516 = ADVANCED_FACE('',(#517),#503,.T.);
#517 = FACE_BOUND('',#518,.T.);
#518 = EDGE_LOOP('',(#519));
#519 = ORIENTED_EDGE('',*,*,#488,.T.);
#520 = ( GEOMETRIC_REPRESENTATION_CONTEXT(3) 
GLOBAL_UNCERTAINTY_ASSIGNED_CONTEXT((#524)) GLOBAL_UNIT_ASSIGNED_CONTEXT
((#521,#522,#523)) REPRESENTATION_CONTEXT('Context #1',
  '3D Context with UNIT and UNCERTAINTY') );
#521 = ( LENGTH_UNIT() NAMED_UNIT(*) SI_UNIT(.MILLI.,.METRE.) );
#522 = ( NAMED_UNIT(*) PLANE_ANGLE_UNIT() SI_UNIT($,.RADIAN.) );
#523 = ( NAMED_UNIT(*) SI_UNIT($,.STERADIAN.) SOLID_ANGLE_UNIT() );
#524 = UNCERTAINTY_MEASURE_WITH_UNIT(LENGTH_MEASURE(1.E-07),#521,
  'distance_accuracy_value','confusion accuracy');
#525 = CONTEXT_DEPENDENT_SHAPE_REPRESENTATION(#526,#528);
#526 = ( REPRESENTATION_RELATIONSHIP('','',#331,#10) 
REPRESENTATION_RELATIONSHIP_WITH_TRANSFORMATION(#527) 
SHAPE_REPRESENTATION_RELATIONSHIP() );
#527 = ITEM_DEFINED_TRANSFORMATION('','',#11,#19);
#528 = PRODUCT_DEFINITION_SHAPE('Placement','Placement of an item',#529
  );
#529 = NEXT_ASSEMBLY_USAGE_OCCURRENCE('2','rear_screw_2','',#5,#326,$);
#530 = PRODUCT_RELATED_PRODUCT_CATEGORY('part',$,(#328));
#531 = SHAPE_DEFINITION_REPRESENTATION(#532,#538);
#532 = PRODUCT_DEFINITION_SHAPE('','',#533);
#533 = PRODUCT_DEFINITION('design','',#534,#537);
#534 = PRODUCT_DEFINITION_FORMATION('','',#535);
#535 = PRODUCT('rear_screw_3','rear_screw_3','',(#536));
#536 = PRODUCT_CONTEXT('',#2,'mechanical');
#537 = PRODUCT_DEFINITION_CONTEXT('part definition',#2,'design');
#538 = ADVANCED_BREP_SHAPE_REPRESENTATION('',(#11,#539),#727);
#539 = MANIFOLD_SOLID_BREP('',#540);
#540 = CLOSED_SHELL('',(#541,#629,#633,#668,#723));
#541 = ADVANCED_FACE('',(#542),#556,.T.);
#542 = FACE_BOUND('',#543,.F.);
#543 = EDGE_LOOP('',(#544,#574,#601,#602));
#544 = ORIENTED_EDGE('',*,*,#545,.T.);
#545 = EDGE_CURVE('',#546,#548,#550,.T.);
#546 = VERTEX_POINT('',#547);
#547 = CARTESIAN_POINT('',(-25.6,47.631397208144,0.2));
#548 = VERTEX_POINT('',#549);
#549 = CARTESIAN_POINT('',(-25.6,47.631397208144,1.));
#550 = SEAM_CURVE('',#551,(#555,#567),.PCURVE_S1.);
#551 = LINE('',#552,#553);
#552 = CARTESIAN_POINT('',(-25.6,47.631397208144,0.2));
#553 = VECTOR('',#554,1.);
#554 = DIRECTION('',(0.,0.,1.));
#555 = PCURVE('',#556,#561);
#556 = CYLINDRICAL_SURFACE('',#557,1.9);
#557 = AXIS2_PLACEMENT_3D('',#558,#559,#560);
#558 = CARTESIAN_POINT('',(-27.5,47.631397208144,0.2));
#559 = DIRECTION('',(-0.,-0.,-1.));
#560 = DIRECTION('',(1.,0.,0.));
#561 = DEFINITIONAL_REPRESENTATION('',(#562),#566);
#562 = LINE('',#563,#564);
#563 = CARTESIAN_POINT('',(-0.,0.));
#564 = VECTOR('',#565,1.);
#565 = DIRECTION('',(-0.,-1.));
#566 = ( GEOMETRIC_REPRESENTATION_CONTEXT(2) 
PARAMETRIC_REPRESENTATION_CONTEXT() REPRESENTATION_CONTEXT('2D SPACE',''
  ) );
#567 = PCURVE('',#556,#568);
#568 = DEFINITIONAL_REPRESENTATION('',(#569),#573);
#569 = LINE('',#570,#571);
#570 = CARTESIAN_POINT('',(-6.28318530718,0.));
#571 = VECTOR('',#572,1.);
#572 = DIRECTION('',(-0.,-1.));
#573 = ( GEOMETRIC_REPRESENTATION_CONTEXT(2) 
PARAMETRIC_REPRESENTATION_CONTEXT() REPRESENTATION_CONTEXT('2D SPACE',''
  ) );
#574 = ORIENTED_EDGE('',*,*,#575,.T.);
#575 = EDGE_CURVE('',#548,#548,#576,.T.);
#576 = SURFACE_CURVE('',#577,(#582,#589),.PCURVE_S1.);
#577 = CIRCLE('',#578,1.9);
#578 = AXIS2_PLACEMENT_3D('',#579,#580,#581);
#579 = CARTESIAN_POINT('',(-27.5,47.631397208144,1.));
#580 = DIRECTION('',(0.,0.,1.));
#581 = DIRECTION('',(1.,0.,0.));
#582 = PCURVE('',#556,#583);
#583 = DEFINITIONAL_REPRESENTATION('',(#584),#588);
#584 = LINE('',#585,#586);
#585 = CARTESIAN_POINT('',(-0.,-0.8));
#586 = VECTOR('',#587,1.);
#587 = DIRECTION('',(-1.,0.));
#588 = ( GEOMETRIC_REPRESENTATION_CONTEXT(2) 
PARAMETRIC_REPRESENTATION_CONTEXT() REPRESENTATION_CONTEXT('2D SPACE',''
  ) );
#589 = PCURVE('',#590,#595);
#590 = PLANE('',#591);
#591 = AXIS2_PLACEMENT_3D('',#592,#593,#594);
#592 = CARTESIAN_POINT('',(-27.5,47.631397208144,1.));
#593 = DIRECTION('',(0.,0.,1.));
#594 = DIRECTION('',(1.,0.,-0.));
#595 = DEFINITIONAL_REPRESENTATION('',(#596),#600);
#596 = CIRCLE('',#597,1.9);
#597 = AXIS2_PLACEMENT_2D('',#598,#599);
#598 = CARTESIAN_POINT('',(0.,0.));
#599 = DIRECTION('',(1.,0.));
#600 = ( GEOMETRIC_REPRESENTATION_CONTEXT(2) 
PARAMETRIC_REPRESENTATION_CONTEXT() REPRESENTATION_CONTEXT('2D SPACE',''
  ) );
#601 = ORIENTED_EDGE('',*,*,#545,.F.);
#602 = ORIENTED_EDGE('',*,*,#603,.F.);
#603 = EDGE_CURVE('',#546,#546,#604,.T.);
#604 = SURFACE_CURVE('',#605,(#610,#617),.PCURVE_S1.);
#605 = CIRCLE('',#606,1.9);
#606 = AXIS2_PLACEMENT_3D('',#607,#608,#609);
#607 = CARTESIAN_POINT('',(-27.5,47.631397208144,0.2));
#608 = DIRECTION('',(0.,0.,1.));
#609 = DIRECTION('',(1.,0.,0.));
#610 = PCURVE('',#556,#611);
#611 = DEFINITIONAL_REPRESENTATION('',(#612),#616);
#612 = LINE('',#613,#614);
#613 = CARTESIAN_POINT('',(-0.,0.));
#614 = VECTOR('',#615,1.);
#615 = DIRECTION('',(-1.,0.));
#616 = ( GEOMETRIC_REPRESENTATION_CONTEXT(2) 
PARAMETRIC_REPRESENTATION_CONTEXT() REPRESENTATION_CONTEXT('2D SPACE',''
  ) );
#617 = PCURVE('',#618,#623);
#618 = PLANE('',#619);
#619 = AXIS2_PLACEMENT_3D('',#620,#621,#622);
#620 = CARTESIAN_POINT('',(-27.5,47.631397208144,0.2));
#621 = DIRECTION('',(0.,0.,1.));
#622 = DIRECTION('',(1.,0.,-0.));
#623 = DEFINITIONAL_REPRESENTATION('',(#624),#628);
#624 = CIRCLE('',#625,1.9);
#625 = AXIS2_PLACEMENT_2D('',#626,#627);
#626 = CARTESIAN_POINT('',(0.,0.));
#627 = DIRECTION('',(1.,0.));
#628 = ( GEOMETRIC_REPRESENTATION_CONTEXT(2) 
PARAMETRIC_REPRESENTATION_CONTEXT() REPRESENTATION_CONTEXT('2D SPACE',''
  ) );
#629 = ADVANCED_FACE('',(#630),#618,.F.);
#630 = FACE_BOUND('',#631,.F.);
#631 = EDGE_LOOP('',(#632));
#632 = ORIENTED_EDGE('',*,*,#603,.T.);
#633 = ADVANCED_FACE('',(#634,#637),#590,.T.);
#634 = FACE_BOUND('',#635,.T.);
#635 = EDGE_LOOP('',(#636));
#636 = ORIENTED_EDGE('',*,*,#575,.T.);
#637 = FACE_BOUND('',#638,.T.);
#638 = EDGE_LOOP('',(#639));
#639 = ORIENTED_EDGE('',*,*,#640,.F.);
#640 = EDGE_CURVE('',#641,#641,#643,.T.);
#641 = VERTEX_POINT('',#642);
#642 = CARTESIAN_POINT('',(-26.5,47.631397208144,1.));
#643 = SURFACE_CURVE('',#644,(#649,#656),.PCURVE_S1.);
#644 = CIRCLE('',#645,1.);
#645 = AXIS2_PLACEMENT_3D('',#646,#647,#648);
#646 = CARTESIAN_POINT('',(-27.5,47.631397208144,1.));
#647 = DIRECTION('',(0.,0.,1.));
#648 = DIRECTION('',(1.,0.,0.));
#649 = PCURVE('',#590,#650);
#650 = DEFINITIONAL_REPRESENTATION('',(#651),#655);
#651 = CIRCLE('',#652,1.);
#652 = AXIS2_PLACEMENT_2D('',#653,#654);
#653 = CARTESIAN_POINT('',(0.,0.));
#654 = DIRECTION('',(1.,0.));
#655 = ( GEOMETRIC_REPRESENTATION_CONTEXT(2) 
PARAMETRIC_REPRESENTATION_CONTEXT() REPRESENTATION_CONTEXT('2D SPACE',''
  ) );
#656 = PCURVE('',#657,#662);
#657 = CYLINDRICAL_SURFACE('',#658,1.);
#658 = AXIS2_PLACEMENT_3D('',#659,#660,#661);
#659 = CARTESIAN_POINT('',(-27.5,47.631397208144,1.));
#660 = DIRECTION('',(-0.,-0.,-1.));
#661 = DIRECTION('',(1.,0.,0.));
#662 = DEFINITIONAL_REPRESENTATION('',(#663),#667);
#663 = LINE('',#664,#665);
#664 = CARTESIAN_POINT('',(-0.,0.));
#665 = VECTOR('',#666,1.);
#666 = DIRECTION('',(-1.,0.));
#667 = ( GEOMETRIC_REPRESENTATION_CONTEXT(2) 
PARAMETRIC_REPRESENTATION_CONTEXT() REPRESENTATION_CONTEXT('2D SPACE',''
  ) );
#668 = ADVANCED_FACE('',(#669),#657,.T.);
#669 = FACE_BOUND('',#670,.F.);
#670 = EDGE_LOOP('',(#671,#694,#721,#722));
#671 = ORIENTED_EDGE('',*,*,#672,.T.);
#672 = EDGE_CURVE('',#641,#673,#675,.T.);
#673 = VERTEX_POINT('',#674);
#674 = CARTESIAN_POINT('',(-26.5,47.631397208144,5.));
#675 = SEAM_CURVE('',#676,(#680,#687),.PCURVE_S1.);
#676 = LINE('',#677,#678);
#677 = CARTESIAN_POINT('',(-26.5,47.631397208144,1.));
#678 = VECTOR('',#679,1.);
#679 = DIRECTION('',(0.,0.,1.));
#680 = PCURVE('',#657,#681);
#681 = DEFINITIONAL_REPRESENTATION('',(#682),#686);
#682 = LINE('',#683,#684);
#683 = CARTESIAN_POINT('',(-0.,0.));
#684 = VECTOR('',#685,1.);
#685 = DIRECTION('',(-0.,-1.));
#686 = ( GEOMETRIC_REPRESENTATION_CONTEXT(2) 
PARAMETRIC_REPRESENTATION_CONTEXT() REPRESENTATION_CONTEXT('2D SPACE',''
  ) );
#687 = PCURVE('',#657,#688);
#688 = DEFINITIONAL_REPRESENTATION('',(#689),#693);
#689 = LINE('',#690,#691);
#690 = CARTESIAN_POINT('',(-6.28318530718,0.));
#691 = VECTOR('',#692,1.);
#692 = DIRECTION('',(-0.,-1.));
#693 = ( GEOMETRIC_REPRESENTATION_CONTEXT(2) 
PARAMETRIC_REPRESENTATION_CONTEXT() REPRESENTATION_CONTEXT('2D SPACE',''
  ) );
#694 = ORIENTED_EDGE('',*,*,#695,.T.);
#695 = EDGE_CURVE('',#673,#673,#696,.T.);
#696 = SURFACE_CURVE('',#697,(#702,#709),.PCURVE_S1.);
#697 = CIRCLE('',#698,1.);
#698 = AXIS2_PLACEMENT_3D('',#699,#700,#701);
#699 = CARTESIAN_POINT('',(-27.5,47.631397208144,5.));
#700 = DIRECTION('',(0.,0.,1.));
#701 = DIRECTION('',(1.,0.,0.));
#702 = PCURVE('',#657,#703);
#703 = DEFINITIONAL_REPRESENTATION('',(#704),#708);
#704 = LINE('',#705,#706);
#705 = CARTESIAN_POINT('',(-0.,-4.));
#706 = VECTOR('',#707,1.);
#707 = DIRECTION('',(-1.,0.));
#708 = ( GEOMETRIC_REPRESENTATION_CONTEXT(2) 
PARAMETRIC_REPRESENTATION_CONTEXT() REPRESENTATION_CONTEXT('2D SPACE',''
  ) );
#709 = PCURVE('',#710,#715);
#710 = PLANE('',#711);
#711 = AXIS2_PLACEMENT_3D('',#712,#713,#714);
#712 = CARTESIAN_POINT('',(-27.5,47.631397208144,5.));
#713 = DIRECTION('',(0.,0.,1.));
#714 = DIRECTION('',(1.,0.,-0.));
#715 = DEFINITIONAL_REPRESENTATION('',(#716),#720);
#716 = CIRCLE('',#717,1.);
#717 = AXIS2_PLACEMENT_2D('',#718,#719);
#718 = CARTESIAN_POINT('',(0.,0.));
#719 = DIRECTION('',(1.,0.));
#720 = ( GEOMETRIC_REPRESENTATION_CONTEXT(2) 
PARAMETRIC_REPRESENTATION_CONTEXT() REPRESENTATION_CONTEXT('2D SPACE',''
  ) );
#721 = ORIENTED_EDGE('',*,*,#672,.F.);
#722 = ORIENTED_EDGE('',*,*,#640,.F.);
#723 = ADVANCED_FACE('',(#724),#710,.T.);
#724 = FACE_BOUND('',#725,.T.);
#725 = EDGE_LOOP('',(#726));
#726 = ORIENTED_EDGE('',*,*,#695,.T.);
#727 = ( GEOMETRIC_REPRESENTATION_CONTEXT(3) 
GLOBAL_UNCERTAINTY_ASSIGNED_CONTEXT((#731)) GLOBAL_UNIT_ASSIGNED_CONTEXT
((#728,#729,#730)) REPRESENTATION_CONTEXT('Context #1',
  '3D Context with UNIT and UNCERTAINTY') );
#728 = ( LENGTH_UNIT() NAMED_UNIT(*) SI_UNIT(.MILLI.,.METRE.) );
#729 = ( NAMED_UNIT(*) PLANE_ANGLE_UNIT() SI_UNIT($,.RADIAN.) );
#730 = ( NAMED_UNIT(*) SI_UNIT($,.STERADIAN.) SOLID_ANGLE_UNIT() );
#731 = UNCERTAINTY_MEASURE_WITH_UNIT(LENGTH_MEASURE(1.E-07),#728,
  'distance_accuracy_value','confusion accuracy');
#732 = CONTEXT_DEPENDENT_SHAPE_REPRESENTATION(#733,#735);
#733 = ( REPRESENTATION_RELATIONSHIP('','',#538,#10) 
REPRESENTATION_RELATIONSHIP_WITH_TRANSFORMATION(#734) 
SHAPE_REPRESENTATION_RELATIONSHIP() );
#734 = ITEM_DEFINED_TRANSFORMATION('','',#11,#23);
#735 = PRODUCT_DEFINITION_SHAPE('Placement','Placement of an item',#736
  );
#736 = NEXT_ASSEMBLY_USAGE_OCCURRENCE('3','rear_screw_3','',#5,#533,$);
#737 = PRODUCT_RELATED_PRODUCT_CATEGORY('part',$,(#535));
#738 = SHAPE_DEFINITION_REPRESENTATION(#739,#745);
#739 = PRODUCT_DEFINITION_SHAPE('','',#740);
#740 = PRODUCT_DEFINITION('design','',#741,#744);
#741 = PRODUCT_DEFINITION_FORMATION('','',#742);
#742 = PRODUCT('rear_screw_4','rear_screw_4','',(#743));
#743 = PRODUCT_CONTEXT('',#2,'mechanical');
#744 = PRODUCT_DEFINITION_CONTEXT('part definition',#2,'design');
#745 = ADVANCED_BREP_SHAPE_REPRESENTATION('',(#11,#746),#934);
#746 = MANIFOLD_SOLID_BREP('',#747);
#747 = CLOSED_SHELL('',(#748,#836,#840,#875,#930));
#748 = ADVANCED_FACE('',(#749),#763,.T.);
#749 = FACE_BOUND('',#750,.F.);
#750 = EDGE_LOOP('',(#751,#781,#808,#809));
#751 = ORIENTED_EDGE('',*,*,#752,.T.);
#752 = EDGE_CURVE('',#753,#755,#757,.T.);
#753 = VERTEX_POINT('',#754);
#754 = CARTESIAN_POINT('',(-53.1,6.73555739531E-15,0.2));
#755 = VERTEX_POINT('',#756);
#756 = CARTESIAN_POINT('',(-53.1,6.73555739531E-15,1.));
#757 = SEAM_CURVE('',#758,(#762,#774),.PCURVE_S1.);
#758 = LINE('',#759,#760);
#759 = CARTESIAN_POINT('',(-53.1,6.73555739531E-15,0.2));
#760 = VECTOR('',#761,1.);
#761 = DIRECTION('',(0.,0.,1.));
#762 = PCURVE('',#763,#768);
#763 = CYLINDRICAL_SURFACE('',#764,1.9);
#764 = AXIS2_PLACEMENT_3D('',#765,#766,#767);
#765 = CARTESIAN_POINT('',(-55.,6.73555739531E-15,0.2));
#766 = DIRECTION('',(-0.,-0.,-1.));
#767 = DIRECTION('',(1.,0.,0.));
#768 = DEFINITIONAL_REPRESENTATION('',(#769),#773);
#769 = LINE('',#770,#771);
#770 = CARTESIAN_POINT('',(-0.,0.));
#771 = VECTOR('',#772,1.);
#772 = DIRECTION('',(-0.,-1.));
#773 = ( GEOMETRIC_REPRESENTATION_CONTEXT(2) 
PARAMETRIC_REPRESENTATION_CONTEXT() REPRESENTATION_CONTEXT('2D SPACE',''
  ) );
#774 = PCURVE('',#763,#775);
#775 = DEFINITIONAL_REPRESENTATION('',(#776),#780);
#776 = LINE('',#777,#778);
#777 = CARTESIAN_POINT('',(-6.28318530718,0.));
#778 = VECTOR('',#779,1.);
#779 = DIRECTION('',(-0.,-1.));
#780 = ( GEOMETRIC_REPRESENTATION_CONTEXT(2) 
PARAMETRIC_REPRESENTATION_CONTEXT() REPRESENTATION_CONTEXT('2D SPACE',''
  ) );
#781 = ORIENTED_EDGE('',*,*,#782,.T.);
#782 = EDGE_CURVE('',#755,#755,#783,.T.);
#783 = SURFACE_CURVE('',#784,(#789,#796),.PCURVE_S1.);
#784 = CIRCLE('',#785,1.9);
#785 = AXIS2_PLACEMENT_3D('',#786,#787,#788);
#786 = CARTESIAN_POINT('',(-55.,6.73555739531E-15,1.));
#787 = DIRECTION('',(0.,0.,1.));
#788 = DIRECTION('',(1.,0.,0.));
#789 = PCURVE('',#763,#790);
#790 = DEFINITIONAL_REPRESENTATION('',(#791),#795);
#791 = LINE('',#792,#793);
#792 = CARTESIAN_POINT('',(-0.,-0.8));
#793 = VECTOR('',#794,1.);
#794 = DIRECTION('',(-1.,0.));
#795 = ( GEOMETRIC_REPRESENTATION_CONTEXT(2) 
PARAMETRIC_REPRESENTATION_CONTEXT() REPRESENTATION_CONTEXT('2D SPACE',''
  ) );
#796 = PCURVE('',#797,#802);
#797 = PLANE('',#798);
#798 = AXIS2_PLACEMENT_3D('',#799,#800,#801);
#799 = CARTESIAN_POINT('',(-55.,6.837922764593E-15,1.));
#800 = DIRECTION('',(0.,0.,1.));
#801 = DIRECTION('',(1.,0.,-0.));
#802 = DEFINITIONAL_REPRESENTATION('',(#803),#807);
#803 = CIRCLE('',#804,1.9);
#804 = AXIS2_PLACEMENT_2D('',#805,#806);
#805 = CARTESIAN_POINT('',(0.,-1.023653692829E-16));
#806 = DIRECTION('',(1.,0.));
#807 = ( GEOMETRIC_REPRESENTATION_CONTEXT(2) 
PARAMETRIC_REPRESENTATION_CONTEXT() REPRESENTATION_CONTEXT('2D SPACE',''
  ) );
#808 = ORIENTED_EDGE('',*,*,#752,.F.);
#809 = ORIENTED_EDGE('',*,*,#810,.F.);
#810 = EDGE_CURVE('',#753,#753,#811,.T.);
#811 = SURFACE_CURVE('',#812,(#817,#824),.PCURVE_S1.);
#812 = CIRCLE('',#813,1.9);
#813 = AXIS2_PLACEMENT_3D('',#814,#815,#816);
#814 = CARTESIAN_POINT('',(-55.,6.73555739531E-15,0.2));
#815 = DIRECTION('',(0.,0.,1.));
#816 = DIRECTION('',(1.,0.,0.));
#817 = PCURVE('',#763,#818);
#818 = DEFINITIONAL_REPRESENTATION('',(#819),#823);
#819 = LINE('',#820,#821);
#820 = CARTESIAN_POINT('',(-0.,0.));
#821 = VECTOR('',#822,1.);
#822 = DIRECTION('',(-1.,0.));
#823 = ( GEOMETRIC_REPRESENTATION_CONTEXT(2) 
PARAMETRIC_REPRESENTATION_CONTEXT() REPRESENTATION_CONTEXT('2D SPACE',''
  ) );
#824 = PCURVE('',#825,#830);
#825 = PLANE('',#826);
#826 = AXIS2_PLACEMENT_3D('',#827,#828,#829);
#827 = CARTESIAN_POINT('',(-55.,6.837922764593E-15,0.2));
#828 = DIRECTION('',(0.,0.,1.));
#829 = DIRECTION('',(1.,0.,-0.));
#830 = DEFINITIONAL_REPRESENTATION('',(#831),#835);
#831 = CIRCLE('',#832,1.9);
#832 = AXIS2_PLACEMENT_2D('',#833,#834);
#833 = CARTESIAN_POINT('',(0.,-1.023653692829E-16));
#834 = DIRECTION('',(1.,0.));
#835 = ( GEOMETRIC_REPRESENTATION_CONTEXT(2) 
PARAMETRIC_REPRESENTATION_CONTEXT() REPRESENTATION_CONTEXT('2D SPACE',''
  ) );
#836 = ADVANCED_FACE('',(#837),#825,.F.);
#837 = FACE_BOUND('',#838,.F.);
#838 = EDGE_LOOP('',(#839));
#839 = ORIENTED_EDGE('',*,*,#810,.T.);
#840 = ADVANCED_FACE('',(#841,#844),#797,.T.);
#841 = FACE_BOUND('',#842,.T.);
#842 = EDGE_LOOP('',(#843));
#843 = ORIENTED_EDGE('',*,*,#782,.T.);
#844 = FACE_BOUND('',#845,.T.);
#845 = EDGE_LOOP('',(#846));
#846 = ORIENTED_EDGE('',*,*,#847,.F.);
#847 = EDGE_CURVE('',#848,#848,#850,.T.);
#848 = VERTEX_POINT('',#849);
#849 = CARTESIAN_POINT('',(-54.,6.73555739531E-15,1.));
#850 = SURFACE_CURVE('',#851,(#856,#863),.PCURVE_S1.);
#851 = CIRCLE('',#852,1.);
#852 = AXIS2_PLACEMENT_3D('',#853,#854,#855);
#853 = CARTESIAN_POINT('',(-55.,6.73555739531E-15,1.));
#854 = DIRECTION('',(0.,0.,1.));
#855 = DIRECTION('',(1.,0.,0.));
#856 = PCURVE('',#797,#857);
#857 = DEFINITIONAL_REPRESENTATION('',(#858),#862);
#858 = CIRCLE('',#859,1.);
#859 = AXIS2_PLACEMENT_2D('',#860,#861);
#860 = CARTESIAN_POINT('',(0.,-1.023653692829E-16));
#861 = DIRECTION('',(1.,0.));
#862 = ( GEOMETRIC_REPRESENTATION_CONTEXT(2) 
PARAMETRIC_REPRESENTATION_CONTEXT() REPRESENTATION_CONTEXT('2D SPACE',''
  ) );
#863 = PCURVE('',#864,#869);
#864 = CYLINDRICAL_SURFACE('',#865,1.);
#865 = AXIS2_PLACEMENT_3D('',#866,#867,#868);
#866 = CARTESIAN_POINT('',(-55.,6.73555739531E-15,1.));
#867 = DIRECTION('',(-0.,-0.,-1.));
#868 = DIRECTION('',(1.,0.,0.));
#869 = DEFINITIONAL_REPRESENTATION('',(#870),#874);
#870 = LINE('',#871,#872);
#871 = CARTESIAN_POINT('',(-0.,0.));
#872 = VECTOR('',#873,1.);
#873 = DIRECTION('',(-1.,0.));
#874 = ( GEOMETRIC_REPRESENTATION_CONTEXT(2) 
PARAMETRIC_REPRESENTATION_CONTEXT() REPRESENTATION_CONTEXT('2D SPACE',''
  ) );
#875 = ADVANCED_FACE('',(#876),#864,.T.);
#876 = FACE_BOUND('',#877,.F.);
#877 = EDGE_LOOP('',(#878,#901,#928,#929));
#878 = ORIENTED_EDGE('',*,*,#879,.T.);
#879 = EDGE_CURVE('',#848,#880,#882,.T.);
#880 = VERTEX_POINT('',#881);
#881 = CARTESIAN_POINT('',(-54.,6.73555739531E-15,5.));
#882 = SEAM_CURVE('',#883,(#887,#894),.PCURVE_S1.);
#883 = LINE('',#884,#885);
#884 = CARTESIAN_POINT('',(-54.,6.73555739531E-15,1.));
#885 = VECTOR('',#886,1.);
#886 = DIRECTION('',(0.,0.,1.));
#887 = PCURVE('',#864,#888);
#888 = DEFINITIONAL_REPRESENTATION('',(#889),#893);
#889 = LINE('',#890,#891);
#890 = CARTESIAN_POINT('',(-0.,0.));
#891 = VECTOR('',#892,1.);
#892 = DIRECTION('',(-0.,-1.));
#893 = ( GEOMETRIC_REPRESENTATION_CONTEXT(2) 
PARAMETRIC_REPRESENTATION_CONTEXT() REPRESENTATION_CONTEXT('2D SPACE',''
  ) );
#894 = PCURVE('',#864,#895);
#895 = DEFINITIONAL_REPRESENTATION('',(#896),#900);
#896 = LINE('',#897,#898);
#897 = CARTESIAN_POINT('',(-6.28318530718,0.));
#898 = VECTOR('',#899,1.);
#899 = DIRECTION('',(-0.,-1.));
#900 = ( GEOMETRIC_REPRESENTATION_CONTEXT(2) 
PARAMETRIC_REPRESENTATION_CONTEXT() REPRESENTATION_CONTEXT('2D SPACE',''
  ) );
#901 = ORIENTED_EDGE('',*,*,#902,.T.);
#902 = EDGE_CURVE('',#880,#880,#903,.T.);
#903 = SURFACE_CURVE('',#904,(#909,#916),.PCURVE_S1.);
#904 = CIRCLE('',#905,1.);
#905 = AXIS2_PLACEMENT_3D('',#906,#907,#908);
#906 = CARTESIAN_POINT('',(-55.,6.73555739531E-15,5.));
#907 = DIRECTION('',(0.,0.,1.));
#908 = DIRECTION('',(1.,0.,0.));
#909 = PCURVE('',#864,#910);
#910 = DEFINITIONAL_REPRESENTATION('',(#911),#915);
#911 = LINE('',#912,#913);
#912 = CARTESIAN_POINT('',(-0.,-4.));
#913 = VECTOR('',#914,1.);
#914 = DIRECTION('',(-1.,0.));
#915 = ( GEOMETRIC_REPRESENTATION_CONTEXT(2) 
PARAMETRIC_REPRESENTATION_CONTEXT() REPRESENTATION_CONTEXT('2D SPACE',''
  ) );
#916 = PCURVE('',#917,#922);
#917 = PLANE('',#918);
#918 = AXIS2_PLACEMENT_3D('',#919,#920,#921);
#919 = CARTESIAN_POINT('',(-55.,6.822933347764E-15,5.));
#920 = DIRECTION('',(0.,0.,1.));
#921 = DIRECTION('',(1.,0.,-0.));
#922 = DEFINITIONAL_REPRESENTATION('',(#923),#927);
#923 = CIRCLE('',#924,1.);
#924 = AXIS2_PLACEMENT_2D('',#925,#926);
#925 = CARTESIAN_POINT('',(0.,-8.737595245399E-17));
#926 = DIRECTION('',(1.,0.));
#927 = ( GEOMETRIC_REPRESENTATION_CONTEXT(2) 
PARAMETRIC_REPRESENTATION_CONTEXT() REPRESENTATION_CONTEXT('2D SPACE',''
  ) );
#928 = ORIENTED_EDGE('',*,*,#879,.F.);
#929 = ORIENTED_EDGE('',*,*,#847,.F.);
#930 = ADVANCED_FACE('',(#931),#917,.T.);
#931 = FACE_BOUND('',#932,.T.);
#932 = EDGE_LOOP('',(#933));
#933 = ORIENTED_EDGE('',*,*,#902,.T.);
#934 = ( GEOMETRIC_REPRESENTATION_CONTEXT(3) 
GLOBAL_UNCERTAINTY_ASSIGNED_CONTEXT((#938)) GLOBAL_UNIT_ASSIGNED_CONTEXT
((#935,#936,#937)) REPRESENTATION_CONTEXT('Context #1',
  '3D Context with UNIT and UNCERTAINTY') );
#935 = ( LENGTH_UNIT() NAMED_UNIT(*) SI_UNIT(.MILLI.,.METRE.) );
#936 = ( NAMED_UNIT(*) PLANE_ANGLE_UNIT() SI_UNIT($,.RADIAN.) );
#937 = ( NAMED_UNIT(*) SI_UNIT($,.STERADIAN.) SOLID_ANGLE_UNIT() );
#938 = UNCERTAINTY_MEASURE_WITH_UNIT(LENGTH_MEASURE(1.E-07),#935,
  'distance_accuracy_value','confusion accuracy');
#939 = CONTEXT_DEPENDENT_SHAPE_REPRESENTATION(#940,#942);
#940 = ( REPRESENTATION_RELATIONSHIP('','',#745,#10) 
REPRESENTATION_RELATIONSHIP_WITH_TRANSFORMATION(#941) 
SHAPE_REPRESENTATION_RELATIONSHIP() );
#941 = ITEM_DEFINED_TRANSFORMATION('','',#11,#27);
#942 = PRODUCT_DEFINITION_SHAPE('Placement','Placement of an item',#943
  );
#943 = NEXT_ASSEMBLY_USAGE_OCCURRENCE('4','rear_screw_4','',#5,#740,$);
#944 = PRODUCT_RELATED_PRODUCT_CATEGORY('part',$,(#742));
#945 = SHAPE_DEFINITION_REPRESENTATION(#946,#952);
#946 = PRODUCT_DEFINITION_SHAPE('','',#947);
#947 = PRODUCT_DEFINITION('design','',#948,#951);
#948 = PRODUCT_DEFINITION_FORMATION('','',#949);
#949 = PRODUCT('rear_screw_5','rear_screw_5','',(#950));
#950 = PRODUCT_CONTEXT('',#2,'mechanical');
#951 = PRODUCT_DEFINITION_CONTEXT('part definition',#2,'design');
#952 = ADVANCED_BREP_SHAPE_REPRESENTATION('',(#11,#953),#1141);
#953 = MANIFOLD_SOLID_BREP('',#954);
#954 = CLOSED_SHELL('',(#955,#1043,#1047,#1082,#1137));
#955 = ADVANCED_FACE('',(#956),#970,.T.);
#956 = FACE_BOUND('',#957,.F.);
#957 = EDGE_LOOP('',(#958,#988,#1015,#1016));
#958 = ORIENTED_EDGE('',*,*,#959,.T.);
#959 = EDGE_CURVE('',#960,#962,#964,.T.);
#960 = VERTEX_POINT('',#961);
#961 = CARTESIAN_POINT('',(-25.6,-47.63139720814,0.2));
#962 = VERTEX_POINT('',#963);
#963 = CARTESIAN_POINT('',(-25.6,-47.63139720814,1.));
#964 = SEAM_CURVE('',#965,(#969,#981),.PCURVE_S1.);
#965 = LINE('',#966,#967);
#966 = CARTESIAN_POINT('',(-25.6,-47.63139720814,0.2));
#967 = VECTOR('',#968,1.);
#968 = DIRECTION('',(0.,0.,1.));
#969 = PCURVE('',#970,#975);
#970 = CYLINDRICAL_SURFACE('',#971,1.9);
#971 = AXIS2_PLACEMENT_3D('',#972,#973,#974);
#972 = CARTESIAN_POINT('',(-27.5,-47.63139720814,0.2));
#973 = DIRECTION('',(-0.,-0.,-1.));
#974 = DIRECTION('',(1.,0.,0.));
#975 = DEFINITIONAL_REPRESENTATION('',(#976),#980);
#976 = LINE('',#977,#978);
#977 = CARTESIAN_POINT('',(-0.,0.));
#978 = VECTOR('',#979,1.);
#979 = DIRECTION('',(-0.,-1.));
#980 = ( GEOMETRIC_REPRESENTATION_CONTEXT(2) 
PARAMETRIC_REPRESENTATION_CONTEXT() REPRESENTATION_CONTEXT('2D SPACE',''
  ) );
#981 = PCURVE('',#970,#982);
#982 = DEFINITIONAL_REPRESENTATION('',(#983),#987);
#983 = LINE('',#984,#985);
#984 = CARTESIAN_POINT('',(-6.28318530718,0.));
#985 = VECTOR('',#986,1.);
#986 = DIRECTION('',(-0.,-1.));
#987 = ( GEOMETRIC_REPRESENTATION_CONTEXT(2) 
PARAMETRIC_REPRESENTATION_CONTEXT() REPRESENTATION_CONTEXT('2D SPACE',''
  ) );
#988 = ORIENTED_EDGE('',*,*,#989,.T.);
#989 = EDGE_CURVE('',#962,#962,#990,.T.);
#990 = SURFACE_CURVE('',#991,(#996,#1003),.PCURVE_S1.);
#991 = CIRCLE('',#992,1.9);
#992 = AXIS2_PLACEMENT_3D('',#993,#994,#995);
#993 = CARTESIAN_POINT('',(-27.5,-47.63139720814,1.));
#994 = DIRECTION('',(0.,0.,1.));
#995 = DIRECTION('',(1.,0.,0.));
#996 = PCURVE('',#970,#997);
#997 = DEFINITIONAL_REPRESENTATION('',(#998),#1002);
#998 = LINE('',#999,#1000);
#999 = CARTESIAN_POINT('',(-0.,-0.8));
#1000 = VECTOR('',#1001,1.);
#1001 = DIRECTION('',(-1.,0.));
#1002 = ( GEOMETRIC_REPRESENTATION_CONTEXT(2) 
PARAMETRIC_REPRESENTATION_CONTEXT() REPRESENTATION_CONTEXT('2D SPACE',''
  ) );
#1003 = PCURVE('',#1004,#1009);
#1004 = PLANE('',#1005);
#1005 = AXIS2_PLACEMENT_3D('',#1006,#1007,#1008);
#1006 = CARTESIAN_POINT('',(-27.5,-47.63139720814,1.));
#1007 = DIRECTION('',(0.,0.,1.));
#1008 = DIRECTION('',(1.,0.,-0.));
#1009 = DEFINITIONAL_REPRESENTATION('',(#1010),#1014);
#1010 = CIRCLE('',#1011,1.9);
#1011 = AXIS2_PLACEMENT_2D('',#1012,#1013);
#1012 = CARTESIAN_POINT('',(0.,0.));
#1013 = DIRECTION('',(1.,0.));
#1014 = ( GEOMETRIC_REPRESENTATION_CONTEXT(2) 
PARAMETRIC_REPRESENTATION_CONTEXT() REPRESENTATION_CONTEXT('2D SPACE',''
  ) );
#1015 = ORIENTED_EDGE('',*,*,#959,.F.);
#1016 = ORIENTED_EDGE('',*,*,#1017,.F.);
#1017 = EDGE_CURVE('',#960,#960,#1018,.T.);
#1018 = SURFACE_CURVE('',#1019,(#1024,#1031),.PCURVE_S1.);
#1019 = CIRCLE('',#1020,1.9);
#1020 = AXIS2_PLACEMENT_3D('',#1021,#1022,#1023);
#1021 = CARTESIAN_POINT('',(-27.5,-47.63139720814,0.2));
#1022 = DIRECTION('',(0.,0.,1.));
#1023 = DIRECTION('',(1.,0.,0.));
#1024 = PCURVE('',#970,#1025);
#1025 = DEFINITIONAL_REPRESENTATION('',(#1026),#1030);
#1026 = LINE('',#1027,#1028);
#1027 = CARTESIAN_POINT('',(-0.,0.));
#1028 = VECTOR('',#1029,1.);
#1029 = DIRECTION('',(-1.,0.));
#1030 = ( GEOMETRIC_REPRESENTATION_CONTEXT(2) 
PARAMETRIC_REPRESENTATION_CONTEXT() REPRESENTATION_CONTEXT('2D SPACE',''
  ) );
#1031 = PCURVE('',#1032,#1037);
#1032 = PLANE('',#1033);
#1033 = AXIS2_PLACEMENT_3D('',#1034,#1035,#1036);
#1034 = CARTESIAN_POINT('',(-27.5,-47.63139720814,0.2));
#1035 = DIRECTION('',(0.,0.,1.));
#1036 = DIRECTION('',(1.,0.,-0.));
#1037 = DEFINITIONAL_REPRESENTATION('',(#1038),#1042);
#1038 = CIRCLE('',#1039,1.9);
#1039 = AXIS2_PLACEMENT_2D('',#1040,#1041);
#1040 = CARTESIAN_POINT('',(0.,0.));
#1041 = DIRECTION('',(1.,0.));
#1042 = ( GEOMETRIC_REPRESENTATION_CONTEXT(2) 
PARAMETRIC_REPRESENTATION_CONTEXT() REPRESENTATION_CONTEXT('2D SPACE',''
  ) );
#1043 = ADVANCED_FACE('',(#1044),#1032,.F.);
#1044 = FACE_BOUND('',#1045,.F.);
#1045 = EDGE_LOOP('',(#1046));
#1046 = ORIENTED_EDGE('',*,*,#1017,.T.);
#1047 = ADVANCED_FACE('',(#1048,#1051),#1004,.T.);
#1048 = FACE_BOUND('',#1049,.T.);
#1049 = EDGE_LOOP('',(#1050));
#1050 = ORIENTED_EDGE('',*,*,#989,.T.);
#1051 = FACE_BOUND('',#1052,.T.);
#1052 = EDGE_LOOP('',(#1053));
#1053 = ORIENTED_EDGE('',*,*,#1054,.F.);
#1054 = EDGE_CURVE('',#1055,#1055,#1057,.T.);
#1055 = VERTEX_POINT('',#1056);
#1056 = CARTESIAN_POINT('',(-26.5,-47.63139720814,1.));
#1057 = SURFACE_CURVE('',#1058,(#1063,#1070),.PCURVE_S1.);
#1058 = CIRCLE('',#1059,1.);
#1059 = AXIS2_PLACEMENT_3D('',#1060,#1061,#1062);
#1060 = CARTESIAN_POINT('',(-27.5,-47.63139720814,1.));
#1061 = DIRECTION('',(0.,0.,1.));
#1062 = DIRECTION('',(1.,0.,0.));
#1063 = PCURVE('',#1004,#1064);
#1064 = DEFINITIONAL_REPRESENTATION('',(#1065),#1069);
#1065 = CIRCLE('',#1066,1.);
#1066 = AXIS2_PLACEMENT_2D('',#1067,#1068);
#1067 = CARTESIAN_POINT('',(0.,0.));
#1068 = DIRECTION('',(1.,0.));
#1069 = ( GEOMETRIC_REPRESENTATION_CONTEXT(2) 
PARAMETRIC_REPRESENTATION_CONTEXT() REPRESENTATION_CONTEXT('2D SPACE',''
  ) );
#1070 = PCURVE('',#1071,#1076);
#1071 = CYLINDRICAL_SURFACE('',#1072,1.);
#1072 = AXIS2_PLACEMENT_3D('',#1073,#1074,#1075);
#1073 = CARTESIAN_POINT('',(-27.5,-47.63139720814,1.));
#1074 = DIRECTION('',(-0.,-0.,-1.));
#1075 = DIRECTION('',(1.,0.,0.));
#1076 = DEFINITIONAL_REPRESENTATION('',(#1077),#1081);
#1077 = LINE('',#1078,#1079);
#1078 = CARTESIAN_POINT('',(-0.,0.));
#1079 = VECTOR('',#1080,1.);
#1080 = DIRECTION('',(-1.,0.));
#1081 = ( GEOMETRIC_REPRESENTATION_CONTEXT(2) 
PARAMETRIC_REPRESENTATION_CONTEXT() REPRESENTATION_CONTEXT('2D SPACE',''
  ) );
#1082 = ADVANCED_FACE('',(#1083),#1071,.T.);
#1083 = FACE_BOUND('',#1084,.F.);
#1084 = EDGE_LOOP('',(#1085,#1108,#1135,#1136));
#1085 = ORIENTED_EDGE('',*,*,#1086,.T.);
#1086 = EDGE_CURVE('',#1055,#1087,#1089,.T.);
#1087 = VERTEX_POINT('',#1088);
#1088 = CARTESIAN_POINT('',(-26.5,-47.63139720814,5.));
#1089 = SEAM_CURVE('',#1090,(#1094,#1101),.PCURVE_S1.);
#1090 = LINE('',#1091,#1092);
#1091 = CARTESIAN_POINT('',(-26.5,-47.63139720814,1.));
#1092 = VECTOR('',#1093,1.);
#1093 = DIRECTION('',(0.,0.,1.));
#1094 = PCURVE('',#1071,#1095);
#1095 = DEFINITIONAL_REPRESENTATION('',(#1096),#1100);
#1096 = LINE('',#1097,#1098);
#1097 = CARTESIAN_POINT('',(-0.,0.));
#1098 = VECTOR('',#1099,1.);
#1099 = DIRECTION('',(-0.,-1.));
#1100 = ( GEOMETRIC_REPRESENTATION_CONTEXT(2) 
PARAMETRIC_REPRESENTATION_CONTEXT() REPRESENTATION_CONTEXT('2D SPACE',''
  ) );
#1101 = PCURVE('',#1071,#1102);
#1102 = DEFINITIONAL_REPRESENTATION('',(#1103),#1107);
#1103 = LINE('',#1104,#1105);
#1104 = CARTESIAN_POINT('',(-6.28318530718,0.));
#1105 = VECTOR('',#1106,1.);
#1106 = DIRECTION('',(-0.,-1.));
#1107 = ( GEOMETRIC_REPRESENTATION_CONTEXT(2) 
PARAMETRIC_REPRESENTATION_CONTEXT() REPRESENTATION_CONTEXT('2D SPACE',''
  ) );
#1108 = ORIENTED_EDGE('',*,*,#1109,.T.);
#1109 = EDGE_CURVE('',#1087,#1087,#1110,.T.);
#1110 = SURFACE_CURVE('',#1111,(#1116,#1123),.PCURVE_S1.);
#1111 = CIRCLE('',#1112,1.);
#1112 = AXIS2_PLACEMENT_3D('',#1113,#1114,#1115);
#1113 = CARTESIAN_POINT('',(-27.5,-47.63139720814,5.));
#1114 = DIRECTION('',(0.,0.,1.));
#1115 = DIRECTION('',(1.,0.,0.));
#1116 = PCURVE('',#1071,#1117);
#1117 = DEFINITIONAL_REPRESENTATION('',(#1118),#1122);
#1118 = LINE('',#1119,#1120);
#1119 = CARTESIAN_POINT('',(-0.,-4.));
#1120 = VECTOR('',#1121,1.);
#1121 = DIRECTION('',(-1.,0.));
#1122 = ( GEOMETRIC_REPRESENTATION_CONTEXT(2) 
PARAMETRIC_REPRESENTATION_CONTEXT() REPRESENTATION_CONTEXT('2D SPACE',''
  ) );
#1123 = PCURVE('',#1124,#1129);
#1124 = PLANE('',#1125);
#1125 = AXIS2_PLACEMENT_3D('',#1126,#1127,#1128);
#1126 = CARTESIAN_POINT('',(-27.5,-47.63139720814,5.));
#1127 = DIRECTION('',(0.,0.,1.));
#1128 = DIRECTION('',(1.,0.,-0.));
#1129 = DEFINITIONAL_REPRESENTATION('',(#1130),#1134);
#1130 = CIRCLE('',#1131,1.);
#1131 = AXIS2_PLACEMENT_2D('',#1132,#1133);
#1132 = CARTESIAN_POINT('',(0.,0.));
#1133 = DIRECTION('',(1.,0.));
#1134 = ( GEOMETRIC_REPRESENTATION_CONTEXT(2) 
PARAMETRIC_REPRESENTATION_CONTEXT() REPRESENTATION_CONTEXT('2D SPACE',''
  ) );
#1135 = ORIENTED_EDGE('',*,*,#1086,.F.);
#1136 = ORIENTED_EDGE('',*,*,#1054,.F.);
#1137 = ADVANCED_FACE('',(#1138),#1124,.T.);
#1138 = FACE_BOUND('',#1139,.T.);
#1139 = EDGE_LOOP('',(#1140));
#1140 = ORIENTED_EDGE('',*,*,#1109,.T.);
#1141 = ( GEOMETRIC_REPRESENTATION_CONTEXT(3) 
GLOBAL_UNCERTAINTY_ASSIGNED_CONTEXT((#1145)) 
GLOBAL_UNIT_ASSIGNED_CONTEXT((#1142,#1143,#1144)) REPRESENTATION_CONTEXT
('Context #1','3D Context with UNIT and UNCERTAINTY') );
#1142 = ( LENGTH_UNIT() NAMED_UNIT(*) SI_UNIT(.MILLI.,.METRE.) );
#1143 = ( NAMED_UNIT(*) PLANE_ANGLE_UNIT() SI_UNIT($,.RADIAN.) );
#1144 = ( NAMED_UNIT(*) SI_UNIT($,.STERADIAN.) SOLID_ANGLE_UNIT() );
#1145 = UNCERTAINTY_MEASURE_WITH_UNIT(LENGTH_MEASURE(1.E-07),#1142,
  'distance_accuracy_value','confusion accuracy');
#1146 = CONTEXT_DEPENDENT_SHAPE_REPRESENTATION(#1147,#1149);
#1147 = ( REPRESENTATION_RELATIONSHIP('','',#952,#10) 
REPRESENTATION_RELATIONSHIP_WITH_TRANSFORMATION(#1148) 
SHAPE_REPRESENTATION_RELATIONSHIP() );
#1148 = ITEM_DEFINED_TRANSFORMATION('','',#11,#31);
#1149 = PRODUCT_DEFINITION_SHAPE('Placement','Placement of an item',
  #1150);
#1150 = NEXT_ASSEMBLY_USAGE_OCCURRENCE('5','rear_screw_5','',#5,#947,$);
#1151 = PRODUCT_RELATED_PRODUCT_CATEGORY('part',$,(#949));
#1152 = SHAPE_DEFINITION_REPRESENTATION(#1153,#1159);
#1153 = PRODUCT_DEFINITION_SHAPE('','',#1154);
#1154 = PRODUCT_DEFINITION('design','',#1155,#1158);
#1155 = PRODUCT_DEFINITION_FORMATION('','',#1156);
#1156 = PRODUCT('rear_screw_6','rear_screw_6','',(#1157));
#1157 = PRODUCT_CONTEXT('',#2,'mechanical');
#1158 = PRODUCT_DEFINITION_CONTEXT('part definition',#2,'design');
#1159 = ADVANCED_BREP_SHAPE_REPRESENTATION('',(#11,#1160),#1348);
#1160 = MANIFOLD_SOLID_BREP('',#1161);
#1161 = CLOSED_SHELL('',(#1162,#1250,#1254,#1289,#1344));
#1162 = ADVANCED_FACE('',(#1163),#1177,.T.);
#1163 = FACE_BOUND('',#1164,.F.);
#1164 = EDGE_LOOP('',(#1165,#1195,#1222,#1223));
#1165 = ORIENTED_EDGE('',*,*,#1166,.T.);
#1166 = EDGE_CURVE('',#1167,#1169,#1171,.T.);
#1167 = VERTEX_POINT('',#1168);
#1168 = CARTESIAN_POINT('',(29.4,-47.63139720814,0.2));
#1169 = VERTEX_POINT('',#1170);
#1170 = CARTESIAN_POINT('',(29.4,-47.63139720814,1.));
#1171 = SEAM_CURVE('',#1172,(#1176,#1188),.PCURVE_S1.);
#1172 = LINE('',#1173,#1174);
#1173 = CARTESIAN_POINT('',(29.4,-47.63139720814,0.2));
#1174 = VECTOR('',#1175,1.);
#1175 = DIRECTION('',(0.,0.,1.));
#1176 = PCURVE('',#1177,#1182);
#1177 = CYLINDRICAL_SURFACE('',#1178,1.9);
#1178 = AXIS2_PLACEMENT_3D('',#1179,#1180,#1181);
#1179 = CARTESIAN_POINT('',(27.5,-47.63139720814,0.2));
#1180 = DIRECTION('',(-0.,-0.,-1.));
#1181 = DIRECTION('',(1.,0.,0.));
#1182 = DEFINITIONAL_REPRESENTATION('',(#1183),#1187);
#1183 = LINE('',#1184,#1185);
#1184 = CARTESIAN_POINT('',(-0.,0.));
#1185 = VECTOR('',#1186,1.);
#1186 = DIRECTION('',(-0.,-1.));
#1187 = ( GEOMETRIC_REPRESENTATION_CONTEXT(2) 
PARAMETRIC_REPRESENTATION_CONTEXT() REPRESENTATION_CONTEXT('2D SPACE',''
  ) );
#1188 = PCURVE('',#1177,#1189);
#1189 = DEFINITIONAL_REPRESENTATION('',(#1190),#1194);
#1190 = LINE('',#1191,#1192);
#1191 = CARTESIAN_POINT('',(-6.28318530718,0.));
#1192 = VECTOR('',#1193,1.);
#1193 = DIRECTION('',(-0.,-1.));
#1194 = ( GEOMETRIC_REPRESENTATION_CONTEXT(2) 
PARAMETRIC_REPRESENTATION_CONTEXT() REPRESENTATION_CONTEXT('2D SPACE',''
  ) );
#1195 = ORIENTED_EDGE('',*,*,#1196,.T.);
#1196 = EDGE_CURVE('',#1169,#1169,#1197,.T.);
#1197 = SURFACE_CURVE('',#1198,(#1203,#1210),.PCURVE_S1.);
#1198 = CIRCLE('',#1199,1.9);
#1199 = AXIS2_PLACEMENT_3D('',#1200,#1201,#1202);
#1200 = CARTESIAN_POINT('',(27.5,-47.63139720814,1.));
#1201 = DIRECTION('',(0.,0.,1.));
#1202 = DIRECTION('',(1.,0.,0.));
#1203 = PCURVE('',#1177,#1204);
#1204 = DEFINITIONAL_REPRESENTATION('',(#1205),#1209);
#1205 = LINE('',#1206,#1207);
#1206 = CARTESIAN_POINT('',(-0.,-0.8));
#1207 = VECTOR('',#1208,1.);
#1208 = DIRECTION('',(-1.,0.));
#1209 = ( GEOMETRIC_REPRESENTATION_CONTEXT(2) 
PARAMETRIC_REPRESENTATION_CONTEXT() REPRESENTATION_CONTEXT('2D SPACE',''
  ) );
#1210 = PCURVE('',#1211,#1216);
#1211 = PLANE('',#1212);
#1212 = AXIS2_PLACEMENT_3D('',#1213,#1214,#1215);
#1213 = CARTESIAN_POINT('',(27.5,-47.63139720814,1.));
#1214 = DIRECTION('',(0.,0.,1.));
#1215 = DIRECTION('',(1.,0.,-0.));
#1216 = DEFINITIONAL_REPRESENTATION('',(#1217),#1221);
#1217 = CIRCLE('',#1218,1.9);
#1218 = AXIS2_PLACEMENT_2D('',#1219,#1220);
#1219 = CARTESIAN_POINT('',(0.,0.));
#1220 = DIRECTION('',(1.,0.));
#1221 = ( GEOMETRIC_REPRESENTATION_CONTEXT(2) 
PARAMETRIC_REPRESENTATION_CONTEXT() REPRESENTATION_CONTEXT('2D SPACE',''
  ) );
#1222 = ORIENTED_EDGE('',*,*,#1166,.F.);
#1223 = ORIENTED_EDGE('',*,*,#1224,.F.);
#1224 = EDGE_CURVE('',#1167,#1167,#1225,.T.);
#1225 = SURFACE_CURVE('',#1226,(#1231,#1238),.PCURVE_S1.);
#1226 = CIRCLE('',#1227,1.9);
#1227 = AXIS2_PLACEMENT_3D('',#1228,#1229,#1230);
#1228 = CARTESIAN_POINT('',(27.5,-47.63139720814,0.2));
#1229 = DIRECTION('',(0.,0.,1.));
#1230 = DIRECTION('',(1.,0.,0.));
#1231 = PCURVE('',#1177,#1232);
#1232 = DEFINITIONAL_REPRESENTATION('',(#1233),#1237);
#1233 = LINE('',#1234,#1235);
#1234 = CARTESIAN_POINT('',(-0.,0.));
#1235 = VECTOR('',#1236,1.);
#1236 = DIRECTION('',(-1.,0.));
#1237 = ( GEOMETRIC_REPRESENTATION_CONTEXT(2) 
PARAMETRIC_REPRESENTATION_CONTEXT() REPRESENTATION_CONTEXT('2D SPACE',''
  ) );
#1238 = PCURVE('',#1239,#1244);
#1239 = PLANE('',#1240);
#1240 = AXIS2_PLACEMENT_3D('',#1241,#1242,#1243);
#1241 = CARTESIAN_POINT('',(27.5,-47.63139720814,0.2));
#1242 = DIRECTION('',(0.,0.,1.));
#1243 = DIRECTION('',(1.,0.,-0.));
#1244 = DEFINITIONAL_REPRESENTATION('',(#1245),#1249);
#1245 = CIRCLE('',#1246,1.9);
#1246 = AXIS2_PLACEMENT_2D('',#1247,#1248);
#1247 = CARTESIAN_POINT('',(0.,0.));
#1248 = DIRECTION('',(1.,0.));
#1249 = ( GEOMETRIC_REPRESENTATION_CONTEXT(2) 
PARAMETRIC_REPRESENTATION_CONTEXT() REPRESENTATION_CONTEXT('2D SPACE',''
  ) );
#1250 = ADVANCED_FACE('',(#1251),#1239,.F.);
#1251 = FACE_BOUND('',#1252,.F.);
#1252 = EDGE_LOOP('',(#1253));
#1253 = ORIENTED_EDGE('',*,*,#1224,.T.);
#1254 = ADVANCED_FACE('',(#1255,#1258),#1211,.T.);
#1255 = FACE_BOUND('',#1256,.T.);
#1256 = EDGE_LOOP('',(#1257));
#1257 = ORIENTED_EDGE('',*,*,#1196,.T.);
#1258 = FACE_BOUND('',#1259,.T.);
#1259 = EDGE_LOOP('',(#1260));
#1260 = ORIENTED_EDGE('',*,*,#1261,.F.);
#1261 = EDGE_CURVE('',#1262,#1262,#1264,.T.);
#1262 = VERTEX_POINT('',#1263);
#1263 = CARTESIAN_POINT('',(28.5,-47.63139720814,1.));
#1264 = SURFACE_CURVE('',#1265,(#1270,#1277),.PCURVE_S1.);
#1265 = CIRCLE('',#1266,1.);
#1266 = AXIS2_PLACEMENT_3D('',#1267,#1268,#1269);
#1267 = CARTESIAN_POINT('',(27.5,-47.63139720814,1.));
#1268 = DIRECTION('',(0.,0.,1.));
#1269 = DIRECTION('',(1.,0.,0.));
#1270 = PCURVE('',#1211,#1271);
#1271 = DEFINITIONAL_REPRESENTATION('',(#1272),#1276);
#1272 = CIRCLE('',#1273,1.);
#1273 = AXIS2_PLACEMENT_2D('',#1274,#1275);
#1274 = CARTESIAN_POINT('',(0.,0.));
#1275 = DIRECTION('',(1.,0.));
#1276 = ( GEOMETRIC_REPRESENTATION_CONTEXT(2) 
PARAMETRIC_REPRESENTATION_CONTEXT() REPRESENTATION_CONTEXT('2D SPACE',''
  ) );
#1277 = PCURVE('',#1278,#1283);
#1278 = CYLINDRICAL_SURFACE('',#1279,1.);
#1279 = AXIS2_PLACEMENT_3D('',#1280,#1281,#1282);
#1280 = CARTESIAN_POINT('',(27.5,-47.63139720814,1.));
#1281 = DIRECTION('',(-0.,-0.,-1.));
#1282 = DIRECTION('',(1.,0.,0.));
#1283 = DEFINITIONAL_REPRESENTATION('',(#1284),#1288);
#1284 = LINE('',#1285,#1286);
#1285 = CARTESIAN_POINT('',(-0.,0.));
#1286 = VECTOR('',#1287,1.);
#1287 = DIRECTION('',(-1.,0.));
#1288 = ( GEOMETRIC_REPRESENTATION_CONTEXT(2) 
PARAMETRIC_REPRESENTATION_CONTEXT() REPRESENTATION_CONTEXT('2D SPACE',''
  ) );
#1289 = ADVANCED_FACE('',(#1290),#1278,.T.);
#1290 = FACE_BOUND('',#1291,.F.);
#1291 = EDGE_LOOP('',(#1292,#1315,#1342,#1343));
#1292 = ORIENTED_EDGE('',*,*,#1293,.T.);
#1293 = EDGE_CURVE('',#1262,#1294,#1296,.T.);
#1294 = VERTEX_POINT('',#1295);
#1295 = CARTESIAN_POINT('',(28.5,-47.63139720814,5.));
#1296 = SEAM_CURVE('',#1297,(#1301,#1308),.PCURVE_S1.);
#1297 = LINE('',#1298,#1299);
#1298 = CARTESIAN_POINT('',(28.5,-47.63139720814,1.));
#1299 = VECTOR('',#1300,1.);
#1300 = DIRECTION('',(0.,0.,1.));
#1301 = PCURVE('',#1278,#1302);
#1302 = DEFINITIONAL_REPRESENTATION('',(#1303),#1307);
#1303 = LINE('',#1304,#1305);
#1304 = CARTESIAN_POINT('',(-0.,0.));
#1305 = VECTOR('',#1306,1.);
#1306 = DIRECTION('',(-0.,-1.));
#1307 = ( GEOMETRIC_REPRESENTATION_CONTEXT(2) 
PARAMETRIC_REPRESENTATION_CONTEXT() REPRESENTATION_CONTEXT('2D SPACE',''
  ) );
#1308 = PCURVE('',#1278,#1309);
#1309 = DEFINITIONAL_REPRESENTATION('',(#1310),#1314);
#1310 = LINE('',#1311,#1312);
#1311 = CARTESIAN_POINT('',(-6.28318530718,0.));
#1312 = VECTOR('',#1313,1.);
#1313 = DIRECTION('',(-0.,-1.));
#1314 = ( GEOMETRIC_REPRESENTATION_CONTEXT(2) 
PARAMETRIC_REPRESENTATION_CONTEXT() REPRESENTATION_CONTEXT('2D SPACE',''
  ) );
#1315 = ORIENTED_EDGE('',*,*,#1316,.T.);
#1316 = EDGE_CURVE('',#1294,#1294,#1317,.T.);
#1317 = SURFACE_CURVE('',#1318,(#1323,#1330),.PCURVE_S1.);
#1318 = CIRCLE('',#1319,1.);
#1319 = AXIS2_PLACEMENT_3D('',#1320,#1321,#1322);
#1320 = CARTESIAN_POINT('',(27.5,-47.63139720814,5.));
#1321 = DIRECTION('',(0.,0.,1.));
#1322 = DIRECTION('',(1.,0.,0.));
#1323 = PCURVE('',#1278,#1324);
#1324 = DEFINITIONAL_REPRESENTATION('',(#1325),#1329);
#1325 = LINE('',#1326,#1327);
#1326 = CARTESIAN_POINT('',(-0.,-4.));
#1327 = VECTOR('',#1328,1.);
#1328 = DIRECTION('',(-1.,0.));
#1329 = ( GEOMETRIC_REPRESENTATION_CONTEXT(2) 
PARAMETRIC_REPRESENTATION_CONTEXT() REPRESENTATION_CONTEXT('2D SPACE',''
  ) );
#1330 = PCURVE('',#1331,#1336);
#1331 = PLANE('',#1332);
#1332 = AXIS2_PLACEMENT_3D('',#1333,#1334,#1335);
#1333 = CARTESIAN_POINT('',(27.5,-47.63139720814,5.));
#1334 = DIRECTION('',(0.,0.,1.));
#1335 = DIRECTION('',(1.,0.,-0.));
#1336 = DEFINITIONAL_REPRESENTATION('',(#1337),#1341);
#1337 = CIRCLE('',#1338,1.);
#1338 = AXIS2_PLACEMENT_2D('',#1339,#1340);
#1339 = CARTESIAN_POINT('',(0.,0.));
#1340 = DIRECTION('',(1.,0.));
#1341 = ( GEOMETRIC_REPRESENTATION_CONTEXT(2) 
PARAMETRIC_REPRESENTATION_CONTEXT() REPRESENTATION_CONTEXT('2D SPACE',''
  ) );
#1342 = ORIENTED_EDGE('',*,*,#1293,.F.);
#1343 = ORIENTED_EDGE('',*,*,#1261,.F.);
#1344 = ADVANCED_FACE('',(#1345),#1331,.T.);
#1345 = FACE_BOUND('',#1346,.T.);
#1346 = EDGE_LOOP('',(#1347));
#1347 = ORIENTED_EDGE('',*,*,#1316,.T.);
#1348 = ( GEOMETRIC_REPRESENTATION_CONTEXT(3) 
GLOBAL_UNCERTAINTY_ASSIGNED_CONTEXT((#1352)) 
GLOBAL_UNIT_ASSIGNED_CONTEXT((#1349,#1350,#1351)) REPRESENTATION_CONTEXT
('Context #1','3D Context with UNIT and UNCERTAINTY') );
#1349 = ( LENGTH_UNIT() NAMED_UNIT(*) SI_UNIT(.MILLI.,.METRE.) );
#1350 = ( NAMED_UNIT(*) PLANE_ANGLE_UNIT() SI_UNIT($,.RADIAN.) );
#1351 = ( NAMED_UNIT(*) SI_UNIT($,.STERADIAN.) SOLID_ANGLE_UNIT() );
#1352 = UNCERTAINTY_MEASURE_WITH_UNIT(LENGTH_MEASURE(1.E-07),#1349,
  'distance_accuracy_value','confusion accuracy');
#1353 = CONTEXT_DEPENDENT_SHAPE_REPRESENTATION(#1354,#1356);
#1354 = ( REPRESENTATION_RELATIONSHIP('','',#1159,#10) 
REPRESENTATION_RELATIONSHIP_WITH_TRANSFORMATION(#1355) 
SHAPE_REPRESENTATION_RELATIONSHIP() );
#1355 = ITEM_DEFINED_TRANSFORMATION('','',#11,#35);
#1356 = PRODUCT_DEFINITION_SHAPE('Placement','Placement of an item',
  #1357);
#1357 = NEXT_ASSEMBLY_USAGE_OCCURRENCE('6','rear_screw_6','',#5,#1154,$
  );
#1358 = PRODUCT_RELATED_PRODUCT_CATEGORY('part',$,(#1156));
#1359 = SHAPE_DEFINITION_REPRESENTATION(#1360,#1366);
#1360 = PRODUCT_DEFINITION_SHAPE('','',#1361);
#1361 = PRODUCT_DEFINITION('design','',#1362,#1365);
#1362 = PRODUCT_DEFINITION_FORMATION('','',#1363);
#1363 = PRODUCT('pcb_screw_1','pcb_screw_1','',(#1364));
#1364 = PRODUCT_CONTEXT('',#2,'mechanical');
#1365 = PRODUCT_DEFINITION_CONTEXT('part definition',#2,'design');
#1366 = ADVANCED_BREP_SHAPE_REPRESENTATION('',(#11,#1367),#1555);
#1367 = MANIFOLD_SOLID_BREP('',#1368);
#1368 = CLOSED_SHELL('',(#1369,#1457,#1461,#1496,#1551));
#1369 = ADVANCED_FACE('',(#1370),#1384,.T.);
#1370 = FACE_BOUND('',#1371,.F.);
#1371 = EDGE_LOOP('',(#1372,#1402,#1429,#1430));
#1372 = ORIENTED_EDGE('',*,*,#1373,.T.);
#1373 = EDGE_CURVE('',#1374,#1376,#1378,.T.);
#1374 = VERTEX_POINT('',#1375);
#1375 = CARTESIAN_POINT('',(-25.25,28.,22.4));
#1376 = VERTEX_POINT('',#1377);
#1377 = CARTESIAN_POINT('',(-25.25,28.,24.4));
#1378 = SEAM_CURVE('',#1379,(#1383,#1395),.PCURVE_S1.);
#1379 = LINE('',#1380,#1381);
#1380 = CARTESIAN_POINT('',(-25.25,28.,22.4));
#1381 = VECTOR('',#1382,1.);
#1382 = DIRECTION('',(0.,0.,1.));
#1383 = PCURVE('',#1384,#1389);
#1384 = CYLINDRICAL_SURFACE('',#1385,2.75);
#1385 = AXIS2_PLACEMENT_3D('',#1386,#1387,#1388);
#1386 = CARTESIAN_POINT('',(-28.,28.,22.4));
#1387 = DIRECTION('',(-0.,-0.,-1.));
#1388 = DIRECTION('',(1.,0.,0.));
#1389 = DEFINITIONAL_REPRESENTATION('',(#1390),#1394);
#1390 = LINE('',#1391,#1392);
#1391 = CARTESIAN_POINT('',(-0.,0.));
#1392 = VECTOR('',#1393,1.);
#1393 = DIRECTION('',(-0.,-1.));
#1394 = ( GEOMETRIC_REPRESENTATION_CONTEXT(2) 
PARAMETRIC_REPRESENTATION_CONTEXT() REPRESENTATION_CONTEXT('2D SPACE',''
  ) );
#1395 = PCURVE('',#1384,#1396);
#1396 = DEFINITIONAL_REPRESENTATION('',(#1397),#1401);
#1397 = LINE('',#1398,#1399);
#1398 = CARTESIAN_POINT('',(-6.28318530718,0.));
#1399 = VECTOR('',#1400,1.);
#1400 = DIRECTION('',(-0.,-1.));
#1401 = ( GEOMETRIC_REPRESENTATION_CONTEXT(2) 
PARAMETRIC_REPRESENTATION_CONTEXT() REPRESENTATION_CONTEXT('2D SPACE',''
  ) );
#1402 = ORIENTED_EDGE('',*,*,#1403,.T.);
#1403 = EDGE_CURVE('',#1376,#1376,#1404,.T.);
#1404 = SURFACE_CURVE('',#1405,(#1410,#1417),.PCURVE_S1.);
#1405 = CIRCLE('',#1406,2.75);
#1406 = AXIS2_PLACEMENT_3D('',#1407,#1408,#1409);
#1407 = CARTESIAN_POINT('',(-28.,28.,24.4));
#1408 = DIRECTION('',(0.,0.,1.));
#1409 = DIRECTION('',(1.,0.,0.));
#1410 = PCURVE('',#1384,#1411);
#1411 = DEFINITIONAL_REPRESENTATION('',(#1412),#1416);
#1412 = LINE('',#1413,#1414);
#1413 = CARTESIAN_POINT('',(-0.,-2.));
#1414 = VECTOR('',#1415,1.);
#1415 = DIRECTION('',(-1.,0.));
#1416 = ( GEOMETRIC_REPRESENTATION_CONTEXT(2) 
PARAMETRIC_REPRESENTATION_CONTEXT() REPRESENTATION_CONTEXT('2D SPACE',''
  ) );
#1417 = PCURVE('',#1418,#1423);
#1418 = PLANE('',#1419);
#1419 = AXIS2_PLACEMENT_3D('',#1420,#1421,#1422);
#1420 = CARTESIAN_POINT('',(-28.,28.,24.4));
#1421 = DIRECTION('',(0.,0.,1.));
#1422 = DIRECTION('',(1.,0.,-0.));
#1423 = DEFINITIONAL_REPRESENTATION('',(#1424),#1428);
#1424 = CIRCLE('',#1425,2.75);
#1425 = AXIS2_PLACEMENT_2D('',#1426,#1427);
#1426 = CARTESIAN_POINT('',(0.,0.));
#1427 = DIRECTION('',(1.,0.));
#1428 = ( GEOMETRIC_REPRESENTATION_CONTEXT(2) 
PARAMETRIC_REPRESENTATION_CONTEXT() REPRESENTATION_CONTEXT('2D SPACE',''
  ) );
#1429 = ORIENTED_EDGE('',*,*,#1373,.F.);
#1430 = ORIENTED_EDGE('',*,*,#1431,.F.);
#1431 = EDGE_CURVE('',#1374,#1374,#1432,.T.);
#1432 = SURFACE_CURVE('',#1433,(#1438,#1445),.PCURVE_S1.);
#1433 = CIRCLE('',#1434,2.75);
#1434 = AXIS2_PLACEMENT_3D('',#1435,#1436,#1437);
#1435 = CARTESIAN_POINT('',(-28.,28.,22.4));
#1436 = DIRECTION('',(0.,0.,1.));
#1437 = DIRECTION('',(1.,0.,0.));
#1438 = PCURVE('',#1384,#1439);
#1439 = DEFINITIONAL_REPRESENTATION('',(#1440),#1444);
#1440 = LINE('',#1441,#1442);
#1441 = CARTESIAN_POINT('',(-0.,0.));
#1442 = VECTOR('',#1443,1.);
#1443 = DIRECTION('',(-1.,0.));
#1444 = ( GEOMETRIC_REPRESENTATION_CONTEXT(2) 
PARAMETRIC_REPRESENTATION_CONTEXT() REPRESENTATION_CONTEXT('2D SPACE',''
  ) );
#1445 = PCURVE('',#1446,#1451);
#1446 = PLANE('',#1447);
#1447 = AXIS2_PLACEMENT_3D('',#1448,#1449,#1450);
#1448 = CARTESIAN_POINT('',(-28.,28.,22.4));
#1449 = DIRECTION('',(0.,0.,1.));
#1450 = DIRECTION('',(1.,0.,-0.));
#1451 = DEFINITIONAL_REPRESENTATION('',(#1452),#1456);
#1452 = CIRCLE('',#1453,2.75);
#1453 = AXIS2_PLACEMENT_2D('',#1454,#1455);
#1454 = CARTESIAN_POINT('',(0.,0.));
#1455 = DIRECTION('',(1.,0.));
#1456 = ( GEOMETRIC_REPRESENTATION_CONTEXT(2) 
PARAMETRIC_REPRESENTATION_CONTEXT() REPRESENTATION_CONTEXT('2D SPACE',''
  ) );
#1457 = ADVANCED_FACE('',(#1458),#1446,.F.);
#1458 = FACE_BOUND('',#1459,.F.);
#1459 = EDGE_LOOP('',(#1460));
#1460 = ORIENTED_EDGE('',*,*,#1431,.T.);
#1461 = ADVANCED_FACE('',(#1462,#1465),#1418,.T.);
#1462 = FACE_BOUND('',#1463,.T.);
#1463 = EDGE_LOOP('',(#1464));
#1464 = ORIENTED_EDGE('',*,*,#1403,.T.);
#1465 = FACE_BOUND('',#1466,.T.);
#1466 = EDGE_LOOP('',(#1467));
#1467 = ORIENTED_EDGE('',*,*,#1468,.F.);
#1468 = EDGE_CURVE('',#1469,#1469,#1471,.T.);
#1469 = VERTEX_POINT('',#1470);
#1470 = CARTESIAN_POINT('',(-26.5,28.,24.4));
#1471 = SURFACE_CURVE('',#1472,(#1477,#1484),.PCURVE_S1.);
#1472 = CIRCLE('',#1473,1.5);
#1473 = AXIS2_PLACEMENT_3D('',#1474,#1475,#1476);
#1474 = CARTESIAN_POINT('',(-28.,28.,24.4));
#1475 = DIRECTION('',(0.,0.,1.));
#1476 = DIRECTION('',(1.,0.,0.));
#1477 = PCURVE('',#1418,#1478);
#1478 = DEFINITIONAL_REPRESENTATION('',(#1479),#1483);
#1479 = CIRCLE('',#1480,1.5);
#1480 = AXIS2_PLACEMENT_2D('',#1481,#1482);
#1481 = CARTESIAN_POINT('',(0.,0.));
#1482 = DIRECTION('',(1.,0.));
#1483 = ( GEOMETRIC_REPRESENTATION_CONTEXT(2) 
PARAMETRIC_REPRESENTATION_CONTEXT() REPRESENTATION_CONTEXT('2D SPACE',''
  ) );
#1484 = PCURVE('',#1485,#1490);
#1485 = CYLINDRICAL_SURFACE('',#1486,1.5);
#1486 = AXIS2_PLACEMENT_3D('',#1487,#1488,#1489);
#1487 = CARTESIAN_POINT('',(-28.,28.,24.4));
#1488 = DIRECTION('',(-0.,-0.,-1.));
#1489 = DIRECTION('',(1.,0.,0.));
#1490 = DEFINITIONAL_REPRESENTATION('',(#1491),#1495);
#1491 = LINE('',#1492,#1493);
#1492 = CARTESIAN_POINT('',(-0.,0.));
#1493 = VECTOR('',#1494,1.);
#1494 = DIRECTION('',(-1.,0.));
#1495 = ( GEOMETRIC_REPRESENTATION_CONTEXT(2) 
PARAMETRIC_REPRESENTATION_CONTEXT() REPRESENTATION_CONTEXT('2D SPACE',''
  ) );
#1496 = ADVANCED_FACE('',(#1497),#1485,.T.);
#1497 = FACE_BOUND('',#1498,.F.);
#1498 = EDGE_LOOP('',(#1499,#1522,#1549,#1550));
#1499 = ORIENTED_EDGE('',*,*,#1500,.T.);
#1500 = EDGE_CURVE('',#1469,#1501,#1503,.T.);
#1501 = VERTEX_POINT('',#1502);
#1502 = CARTESIAN_POINT('',(-26.5,28.,30.4));
#1503 = SEAM_CURVE('',#1504,(#1508,#1515),.PCURVE_S1.);
#1504 = LINE('',#1505,#1506);
#1505 = CARTESIAN_POINT('',(-26.5,28.,24.4));
#1506 = VECTOR('',#1507,1.);
#1507 = DIRECTION('',(0.,0.,1.));
#1508 = PCURVE('',#1485,#1509);
#1509 = DEFINITIONAL_REPRESENTATION('',(#1510),#1514);
#1510 = LINE('',#1511,#1512);
#1511 = CARTESIAN_POINT('',(-0.,0.));
#1512 = VECTOR('',#1513,1.);
#1513 = DIRECTION('',(-0.,-1.));
#1514 = ( GEOMETRIC_REPRESENTATION_CONTEXT(2) 
PARAMETRIC_REPRESENTATION_CONTEXT() REPRESENTATION_CONTEXT('2D SPACE',''
  ) );
#1515 = PCURVE('',#1485,#1516);
#1516 = DEFINITIONAL_REPRESENTATION('',(#1517),#1521);
#1517 = LINE('',#1518,#1519);
#1518 = CARTESIAN_POINT('',(-6.28318530718,0.));
#1519 = VECTOR('',#1520,1.);
#1520 = DIRECTION('',(-0.,-1.));
#1521 = ( GEOMETRIC_REPRESENTATION_CONTEXT(2) 
PARAMETRIC_REPRESENTATION_CONTEXT() REPRESENTATION_CONTEXT('2D SPACE',''
  ) );
#1522 = ORIENTED_EDGE('',*,*,#1523,.T.);
#1523 = EDGE_CURVE('',#1501,#1501,#1524,.T.);
#1524 = SURFACE_CURVE('',#1525,(#1530,#1537),.PCURVE_S1.);
#1525 = CIRCLE('',#1526,1.5);
#1526 = AXIS2_PLACEMENT_3D('',#1527,#1528,#1529);
#1527 = CARTESIAN_POINT('',(-28.,28.,30.4));
#1528 = DIRECTION('',(0.,0.,1.));
#1529 = DIRECTION('',(1.,0.,0.));
#1530 = PCURVE('',#1485,#1531);
#1531 = DEFINITIONAL_REPRESENTATION('',(#1532),#1536);
#1532 = LINE('',#1533,#1534);
#1533 = CARTESIAN_POINT('',(-0.,-6.));
#1534 = VECTOR('',#1535,1.);
#1535 = DIRECTION('',(-1.,0.));
#1536 = ( GEOMETRIC_REPRESENTATION_CONTEXT(2) 
PARAMETRIC_REPRESENTATION_CONTEXT() REPRESENTATION_CONTEXT('2D SPACE',''
  ) );
#1537 = PCURVE('',#1538,#1543);
#1538 = PLANE('',#1539);
#1539 = AXIS2_PLACEMENT_3D('',#1540,#1541,#1542);
#1540 = CARTESIAN_POINT('',(-28.,28.,30.4));
#1541 = DIRECTION('',(0.,0.,1.));
#1542 = DIRECTION('',(1.,0.,-0.));
#1543 = DEFINITIONAL_REPRESENTATION('',(#1544),#1548);
#1544 = CIRCLE('',#1545,1.5);
#1545 = AXIS2_PLACEMENT_2D('',#1546,#1547);
#1546 = CARTESIAN_POINT('',(0.,0.));
#1547 = DIRECTION('',(1.,0.));
#1548 = ( GEOMETRIC_REPRESENTATION_CONTEXT(2) 
PARAMETRIC_REPRESENTATION_CONTEXT() REPRESENTATION_CONTEXT('2D SPACE',''
  ) );
#1549 = ORIENTED_EDGE('',*,*,#1500,.F.);
#1550 = ORIENTED_EDGE('',*,*,#1468,.F.);
#1551 = ADVANCED_FACE('',(#1552),#1538,.T.);
#1552 = FACE_BOUND('',#1553,.T.);
#1553 = EDGE_LOOP('',(#1554));
#1554 = ORIENTED_EDGE('',*,*,#1523,.T.);
#1555 = ( GEOMETRIC_REPRESENTATION_CONTEXT(3) 
GLOBAL_UNCERTAINTY_ASSIGNED_CONTEXT((#1559)) 
GLOBAL_UNIT_ASSIGNED_CONTEXT((#1556,#1557,#1558)) REPRESENTATION_CONTEXT
('Context #1','3D Context with UNIT and UNCERTAINTY') );
#1556 = ( LENGTH_UNIT() NAMED_UNIT(*) SI_UNIT(.MILLI.,.METRE.) );
#1557 = ( NAMED_UNIT(*) PLANE_ANGLE_UNIT() SI_UNIT($,.RADIAN.) );
#1558 = ( NAMED_UNIT(*) SI_UNIT($,.STERADIAN.) SOLID_ANGLE_UNIT() );
#1559 = UNCERTAINTY_MEASURE_WITH_UNIT(LENGTH_MEASURE(1.E-07),#1556,
  'distance_accuracy_value','confusion accuracy');
#1560 = CONTEXT_DEPENDENT_SHAPE_REPRESENTATION(#1561,#1563);
#1561 = ( REPRESENTATION_RELATIONSHIP('','',#1366,#10) 
REPRESENTATION_RELATIONSHIP_WITH_TRANSFORMATION(#1562) 
SHAPE_REPRESENTATION_RELATIONSHIP() );
#1562 = ITEM_DEFINED_TRANSFORMATION('','',#11,#39);
#1563 = PRODUCT_DEFINITION_SHAPE('Placement','Placement of an item',
  #1564);
#1564 = NEXT_ASSEMBLY_USAGE_OCCURRENCE('7','pcb_screw_1','',#5,#1361,$);
#1565 = PRODUCT_RELATED_PRODUCT_CATEGORY('part',$,(#1363));
#1566 = SHAPE_DEFINITION_REPRESENTATION(#1567,#1573);
#1567 = PRODUCT_DEFINITION_SHAPE('','',#1568);
#1568 = PRODUCT_DEFINITION('design','',#1569,#1572);
#1569 = PRODUCT_DEFINITION_FORMATION('','',#1570);
#1570 = PRODUCT('pcb_screw_2','pcb_screw_2','',(#1571));
#1571 = PRODUCT_CONTEXT('',#2,'mechanical');
#1572 = PRODUCT_DEFINITION_CONTEXT('part definition',#2,'design');
#1573 = ADVANCED_BREP_SHAPE_REPRESENTATION('',(#11,#1574),#1762);
#1574 = MANIFOLD_SOLID_BREP('',#1575);
#1575 = CLOSED_SHELL('',(#1576,#1664,#1668,#1703,#1758));
#1576 = ADVANCED_FACE('',(#1577),#1591,.T.);
#1577 = FACE_BOUND('',#1578,.F.);
#1578 = EDGE_LOOP('',(#1579,#1609,#1636,#1637));
#1579 = ORIENTED_EDGE('',*,*,#1580,.T.);
#1580 = EDGE_CURVE('',#1581,#1583,#1585,.T.);
#1581 = VERTEX_POINT('',#1582);
#1582 = CARTESIAN_POINT('',(30.75,28.,22.4));
#1583 = VERTEX_POINT('',#1584);
#1584 = CARTESIAN_POINT('',(30.75,28.,24.4));
#1585 = SEAM_CURVE('',#1586,(#1590,#1602),.PCURVE_S1.);
#1586 = LINE('',#1587,#1588);
#1587 = CARTESIAN_POINT('',(30.75,28.,22.4));
#1588 = VECTOR('',#1589,1.);
#1589 = DIRECTION('',(0.,0.,1.));
#1590 = PCURVE('',#1591,#1596);
#1591 = CYLINDRICAL_SURFACE('',#1592,2.75);
#1592 = AXIS2_PLACEMENT_3D('',#1593,#1594,#1595);
#1593 = CARTESIAN_POINT('',(28.,28.,22.4));
#1594 = DIRECTION('',(-0.,-0.,-1.));
#1595 = DIRECTION('',(1.,0.,0.));
#1596 = DEFINITIONAL_REPRESENTATION('',(#1597),#1601);
#1597 = LINE('',#1598,#1599);
#1598 = CARTESIAN_POINT('',(-0.,0.));
#1599 = VECTOR('',#1600,1.);
#1600 = DIRECTION('',(-0.,-1.));
#1601 = ( GEOMETRIC_REPRESENTATION_CONTEXT(2) 
PARAMETRIC_REPRESENTATION_CONTEXT() REPRESENTATION_CONTEXT('2D SPACE',''
  ) );
#1602 = PCURVE('',#1591,#1603);
#1603 = DEFINITIONAL_REPRESENTATION('',(#1604),#1608);
#1604 = LINE('',#1605,#1606);
#1605 = CARTESIAN_POINT('',(-6.28318530718,0.));
#1606 = VECTOR('',#1607,1.);
#1607 = DIRECTION('',(-0.,-1.));
#1608 = ( GEOMETRIC_REPRESENTATION_CONTEXT(2) 
PARAMETRIC_REPRESENTATION_CONTEXT() REPRESENTATION_CONTEXT('2D SPACE',''
  ) );
#1609 = ORIENTED_EDGE('',*,*,#1610,.T.);
#1610 = EDGE_CURVE('',#1583,#1583,#1611,.T.);
#1611 = SURFACE_CURVE('',#1612,(#1617,#1624),.PCURVE_S1.);
#1612 = CIRCLE('',#1613,2.75);
#1613 = AXIS2_PLACEMENT_3D('',#1614,#1615,#1616);
#1614 = CARTESIAN_POINT('',(28.,28.,24.4));
#1615 = DIRECTION('',(0.,0.,1.));
#1616 = DIRECTION('',(1.,0.,0.));
#1617 = PCURVE('',#1591,#1618);
#1618 = DEFINITIONAL_REPRESENTATION('',(#1619),#1623);
#1619 = LINE('',#1620,#1621);
#1620 = CARTESIAN_POINT('',(-0.,-2.));
#1621 = VECTOR('',#1622,1.);
#1622 = DIRECTION('',(-1.,0.));
#1623 = ( GEOMETRIC_REPRESENTATION_CONTEXT(2) 
PARAMETRIC_REPRESENTATION_CONTEXT() REPRESENTATION_CONTEXT('2D SPACE',''
  ) );
#1624 = PCURVE('',#1625,#1630);
#1625 = PLANE('',#1626);
#1626 = AXIS2_PLACEMENT_3D('',#1627,#1628,#1629);
#1627 = CARTESIAN_POINT('',(28.,28.,24.4));
#1628 = DIRECTION('',(0.,0.,1.));
#1629 = DIRECTION('',(1.,0.,-0.));
#1630 = DEFINITIONAL_REPRESENTATION('',(#1631),#1635);
#1631 = CIRCLE('',#1632,2.75);
#1632 = AXIS2_PLACEMENT_2D('',#1633,#1634);
#1633 = CARTESIAN_POINT('',(0.,0.));
#1634 = DIRECTION('',(1.,0.));
#1635 = ( GEOMETRIC_REPRESENTATION_CONTEXT(2) 
PARAMETRIC_REPRESENTATION_CONTEXT() REPRESENTATION_CONTEXT('2D SPACE',''
  ) );
#1636 = ORIENTED_EDGE('',*,*,#1580,.F.);
#1637 = ORIENTED_EDGE('',*,*,#1638,.F.);
#1638 = EDGE_CURVE('',#1581,#1581,#1639,.T.);
#1639 = SURFACE_CURVE('',#1640,(#1645,#1652),.PCURVE_S1.);
#1640 = CIRCLE('',#1641,2.75);
#1641 = AXIS2_PLACEMENT_3D('',#1642,#1643,#1644);
#1642 = CARTESIAN_POINT('',(28.,28.,22.4));
#1643 = DIRECTION('',(0.,0.,1.));
#1644 = DIRECTION('',(1.,0.,0.));
#1645 = PCURVE('',#1591,#1646);
#1646 = DEFINITIONAL_REPRESENTATION('',(#1647),#1651);
#1647 = LINE('',#1648,#1649);
#1648 = CARTESIAN_POINT('',(-0.,0.));
#1649 = VECTOR('',#1650,1.);
#1650 = DIRECTION('',(-1.,0.));
#1651 = ( GEOMETRIC_REPRESENTATION_CONTEXT(2) 
PARAMETRIC_REPRESENTATION_CONTEXT() REPRESENTATION_CONTEXT('2D SPACE',''
  ) );
#1652 = PCURVE('',#1653,#1658);
#1653 = PLANE('',#1654);
#1654 = AXIS2_PLACEMENT_3D('',#1655,#1656,#1657);
#1655 = CARTESIAN_POINT('',(28.,28.,22.4));
#1656 = DIRECTION('',(0.,0.,1.));
#1657 = DIRECTION('',(1.,0.,-0.));
#1658 = DEFINITIONAL_REPRESENTATION('',(#1659),#1663);
#1659 = CIRCLE('',#1660,2.75);
#1660 = AXIS2_PLACEMENT_2D('',#1661,#1662);
#1661 = CARTESIAN_POINT('',(0.,0.));
#1662 = DIRECTION('',(1.,0.));
#1663 = ( GEOMETRIC_REPRESENTATION_CONTEXT(2) 
PARAMETRIC_REPRESENTATION_CONTEXT() REPRESENTATION_CONTEXT('2D SPACE',''
  ) );
#1664 = ADVANCED_FACE('',(#1665),#1653,.F.);
#1665 = FACE_BOUND('',#1666,.F.);
#1666 = EDGE_LOOP('',(#1667));
#1667 = ORIENTED_EDGE('',*,*,#1638,.T.);
#1668 = ADVANCED_FACE('',(#1669,#1672),#1625,.T.);
#1669 = FACE_BOUND('',#1670,.T.);
#1670 = EDGE_LOOP('',(#1671));
#1671 = ORIENTED_EDGE('',*,*,#1610,.T.);
#1672 = FACE_BOUND('',#1673,.T.);
#1673 = EDGE_LOOP('',(#1674));
#1674 = ORIENTED_EDGE('',*,*,#1675,.F.);
#1675 = EDGE_CURVE('',#1676,#1676,#1678,.T.);
#1676 = VERTEX_POINT('',#1677);
#1677 = CARTESIAN_POINT('',(29.5,28.,24.4));
#1678 = SURFACE_CURVE('',#1679,(#1684,#1691),.PCURVE_S1.);
#1679 = CIRCLE('',#1680,1.5);
#1680 = AXIS2_PLACEMENT_3D('',#1681,#1682,#1683);
#1681 = CARTESIAN_POINT('',(28.,28.,24.4));
#1682 = DIRECTION('',(0.,0.,1.));
#1683 = DIRECTION('',(1.,0.,0.));
#1684 = PCURVE('',#1625,#1685);
#1685 = DEFINITIONAL_REPRESENTATION('',(#1686),#1690);
#1686 = CIRCLE('',#1687,1.5);
#1687 = AXIS2_PLACEMENT_2D('',#1688,#1689);
#1688 = CARTESIAN_POINT('',(0.,0.));
#1689 = DIRECTION('',(1.,0.));
#1690 = ( GEOMETRIC_REPRESENTATION_CONTEXT(2) 
PARAMETRIC_REPRESENTATION_CONTEXT() REPRESENTATION_CONTEXT('2D SPACE',''
  ) );
#1691 = PCURVE('',#1692,#1697);
#1692 = CYLINDRICAL_SURFACE('',#1693,1.5);
#1693 = AXIS2_PLACEMENT_3D('',#1694,#1695,#1696);
#1694 = CARTESIAN_POINT('',(28.,28.,24.4));
#1695 = DIRECTION('',(-0.,-0.,-1.));
#1696 = DIRECTION('',(1.,0.,0.));
#1697 = DEFINITIONAL_REPRESENTATION('',(#1698),#1702);
#1698 = LINE('',#1699,#1700);
#1699 = CARTESIAN_POINT('',(-0.,0.));
#1700 = VECTOR('',#1701,1.);
#1701 = DIRECTION('',(-1.,0.));
#1702 = ( GEOMETRIC_REPRESENTATION_CONTEXT(2) 
PARAMETRIC_REPRESENTATION_CONTEXT() REPRESENTATION_CONTEXT('2D SPACE',''
  ) );
#1703 = ADVANCED_FACE('',(#1704),#1692,.T.);
#1704 = FACE_BOUND('',#1705,.F.);
#1705 = EDGE_LOOP('',(#1706,#1729,#1756,#1757));
#1706 = ORIENTED_EDGE('',*,*,#1707,.T.);
#1707 = EDGE_CURVE('',#1676,#1708,#1710,.T.);
#1708 = VERTEX_POINT('',#1709);
#1709 = CARTESIAN_POINT('',(29.5,28.,30.4));
#1710 = SEAM_CURVE('',#1711,(#1715,#1722),.PCURVE_S1.);
#1711 = LINE('',#1712,#1713);
#1712 = CARTESIAN_POINT('',(29.5,28.,24.4));
#1713 = VECTOR('',#1714,1.);
#1714 = DIRECTION('',(0.,0.,1.));
#1715 = PCURVE('',#1692,#1716);
#1716 = DEFINITIONAL_REPRESENTATION('',(#1717),#1721);
#1717 = LINE('',#1718,#1719);
#1718 = CARTESIAN_POINT('',(-0.,0.));
#1719 = VECTOR('',#1720,1.);
#1720 = DIRECTION('',(-0.,-1.));
#1721 = ( GEOMETRIC_REPRESENTATION_CONTEXT(2) 
PARAMETRIC_REPRESENTATION_CONTEXT() REPRESENTATION_CONTEXT('2D SPACE',''
  ) );
#1722 = PCURVE('',#1692,#1723);
#1723 = DEFINITIONAL_REPRESENTATION('',(#1724),#1728);
#1724 = LINE('',#1725,#1726);
#1725 = CARTESIAN_POINT('',(-6.28318530718,0.));
#1726 = VECTOR('',#1727,1.);
#1727 = DIRECTION('',(-0.,-1.));
#1728 = ( GEOMETRIC_REPRESENTATION_CONTEXT(2) 
PARAMETRIC_REPRESENTATION_CONTEXT() REPRESENTATION_CONTEXT('2D SPACE',''
  ) );
#1729 = ORIENTED_EDGE('',*,*,#1730,.T.);
#1730 = EDGE_CURVE('',#1708,#1708,#1731,.T.);
#1731 = SURFACE_CURVE('',#1732,(#1737,#1744),.PCURVE_S1.);
#1732 = CIRCLE('',#1733,1.5);
#1733 = AXIS2_PLACEMENT_3D('',#1734,#1735,#1736);
#1734 = CARTESIAN_POINT('',(28.,28.,30.4));
#1735 = DIRECTION('',(0.,0.,1.));
#1736 = DIRECTION('',(1.,0.,0.));
#1737 = PCURVE('',#1692,#1738);
#1738 = DEFINITIONAL_REPRESENTATION('',(#1739),#1743);
#1739 = LINE('',#1740,#1741);
#1740 = CARTESIAN_POINT('',(-0.,-6.));
#1741 = VECTOR('',#1742,1.);
#1742 = DIRECTION('',(-1.,0.));
#1743 = ( GEOMETRIC_REPRESENTATION_CONTEXT(2) 
PARAMETRIC_REPRESENTATION_CONTEXT() REPRESENTATION_CONTEXT('2D SPACE',''
  ) );
#1744 = PCURVE('',#1745,#1750);
#1745 = PLANE('',#1746);
#1746 = AXIS2_PLACEMENT_3D('',#1747,#1748,#1749);
#1747 = CARTESIAN_POINT('',(28.,28.,30.4));
#1748 = DIRECTION('',(0.,0.,1.));
#1749 = DIRECTION('',(1.,0.,-0.));
#1750 = DEFINITIONAL_REPRESENTATION('',(#1751),#1755);
#1751 = CIRCLE('',#1752,1.5);
#1752 = AXIS2_PLACEMENT_2D('',#1753,#1754);
#1753 = CARTESIAN_POINT('',(0.,0.));
#1754 = DIRECTION('',(1.,0.));
#1755 = ( GEOMETRIC_REPRESENTATION_CONTEXT(2) 
PARAMETRIC_REPRESENTATION_CONTEXT() REPRESENTATION_CONTEXT('2D SPACE',''
  ) );
#1756 = ORIENTED_EDGE('',*,*,#1707,.F.);
#1757 = ORIENTED_EDGE('',*,*,#1675,.F.);
#1758 = ADVANCED_FACE('',(#1759),#1745,.T.);
#1759 = FACE_BOUND('',#1760,.T.);
#1760 = EDGE_LOOP('',(#1761));
#1761 = ORIENTED_EDGE('',*,*,#1730,.T.);
#1762 = ( GEOMETRIC_REPRESENTATION_CONTEXT(3) 
GLOBAL_UNCERTAINTY_ASSIGNED_CONTEXT((#1766)) 
GLOBAL_UNIT_ASSIGNED_CONTEXT((#1763,#1764,#1765)) REPRESENTATION_CONTEXT
('Context #1','3D Context with UNIT and UNCERTAINTY') );
#1763 = ( LENGTH_UNIT() NAMED_UNIT(*) SI_UNIT(.MILLI.,.METRE.) );
#1764 = ( NAMED_UNIT(*) PLANE_ANGLE_UNIT() SI_UNIT($,.RADIAN.) );
#1765 = ( NAMED_UNIT(*) SI_UNIT($,.STERADIAN.) SOLID_ANGLE_UNIT() );
#1766 = UNCERTAINTY_MEASURE_WITH_UNIT(LENGTH_MEASURE(1.E-07),#1763,
  'distance_accuracy_value','confusion accuracy');
#1767 = CONTEXT_DEPENDENT_SHAPE_REPRESENTATION(#1768,#1770);
#1768 = ( REPRESENTATION_RELATIONSHIP('','',#1573,#10) 
REPRESENTATION_RELATIONSHIP_WITH_TRANSFORMATION(#1769) 
SHAPE_REPRESENTATION_RELATIONSHIP() );
#1769 = ITEM_DEFINED_TRANSFORMATION('','',#11,#43);
#1770 = PRODUCT_DEFINITION_SHAPE('Placement','Placement of an item',
  #1771);
#1771 = NEXT_ASSEMBLY_USAGE_OCCURRENCE('8','pcb_screw_2','',#5,#1568,$);
#1772 = PRODUCT_RELATED_PRODUCT_CATEGORY('part',$,(#1570));
#1773 = SHAPE_DEFINITION_REPRESENTATION(#1774,#1780);
#1774 = PRODUCT_DEFINITION_SHAPE('','',#1775);
#1775 = PRODUCT_DEFINITION('design','',#1776,#1779);
#1776 = PRODUCT_DEFINITION_FORMATION('','',#1777);
#1777 = PRODUCT('pcb_screw_3','pcb_screw_3','',(#1778));
#1778 = PRODUCT_CONTEXT('',#2,'mechanical');
#1779 = PRODUCT_DEFINITION_CONTEXT('part definition',#2,'design');
#1780 = ADVANCED_BREP_SHAPE_REPRESENTATION('',(#11,#1781),#1969);
#1781 = MANIFOLD_SOLID_BREP('',#1782);
#1782 = CLOSED_SHELL('',(#1783,#1871,#1875,#1910,#1965));
#1783 = ADVANCED_FACE('',(#1784),#1798,.T.);
#1784 = FACE_BOUND('',#1785,.F.);
#1785 = EDGE_LOOP('',(#1786,#1816,#1843,#1844));
#1786 = ORIENTED_EDGE('',*,*,#1787,.T.);
#1787 = EDGE_CURVE('',#1788,#1790,#1792,.T.);
#1788 = VERTEX_POINT('',#1789);
#1789 = CARTESIAN_POINT('',(-25.25,-11.,22.4));
#1790 = VERTEX_POINT('',#1791);
#1791 = CARTESIAN_POINT('',(-25.25,-11.,24.4));
#1792 = SEAM_CURVE('',#1793,(#1797,#1809),.PCURVE_S1.);
#1793 = LINE('',#1794,#1795);
#1794 = CARTESIAN_POINT('',(-25.25,-11.,22.4));
#1795 = VECTOR('',#1796,1.);
#1796 = DIRECTION('',(0.,0.,1.));
#1797 = PCURVE('',#1798,#1803);
#1798 = CYLINDRICAL_SURFACE('',#1799,2.75);
#1799 = AXIS2_PLACEMENT_3D('',#1800,#1801,#1802);
#1800 = CARTESIAN_POINT('',(-28.,-11.,22.4));
#1801 = DIRECTION('',(-0.,-0.,-1.));
#1802 = DIRECTION('',(1.,0.,0.));
#1803 = DEFINITIONAL_REPRESENTATION('',(#1804),#1808);
#1804 = LINE('',#1805,#1806);
#1805 = CARTESIAN_POINT('',(-0.,0.));
#1806 = VECTOR('',#1807,1.);
#1807 = DIRECTION('',(-0.,-1.));
#1808 = ( GEOMETRIC_REPRESENTATION_CONTEXT(2) 
PARAMETRIC_REPRESENTATION_CONTEXT() REPRESENTATION_CONTEXT('2D SPACE',''
  ) );
#1809 = PCURVE('',#1798,#1810);
#1810 = DEFINITIONAL_REPRESENTATION('',(#1811),#1815);
#1811 = LINE('',#1812,#1813);
#1812 = CARTESIAN_POINT('',(-6.28318530718,0.));
#1813 = VECTOR('',#1814,1.);
#1814 = DIRECTION('',(-0.,-1.));
#1815 = ( GEOMETRIC_REPRESENTATION_CONTEXT(2) 
PARAMETRIC_REPRESENTATION_CONTEXT() REPRESENTATION_CONTEXT('2D SPACE',''
  ) );
#1816 = ORIENTED_EDGE('',*,*,#1817,.T.);
#1817 = EDGE_CURVE('',#1790,#1790,#1818,.T.);
#1818 = SURFACE_CURVE('',#1819,(#1824,#1831),.PCURVE_S1.);
#1819 = CIRCLE('',#1820,2.75);
#1820 = AXIS2_PLACEMENT_3D('',#1821,#1822,#1823);
#1821 = CARTESIAN_POINT('',(-28.,-11.,24.4));
#1822 = DIRECTION('',(0.,0.,1.));
#1823 = DIRECTION('',(1.,0.,0.));
#1824 = PCURVE('',#1798,#1825);
#1825 = DEFINITIONAL_REPRESENTATION('',(#1826),#1830);
#1826 = LINE('',#1827,#1828);
#1827 = CARTESIAN_POINT('',(-0.,-2.));
#1828 = VECTOR('',#1829,1.);
#1829 = DIRECTION('',(-1.,0.));
#1830 = ( GEOMETRIC_REPRESENTATION_CONTEXT(2) 
PARAMETRIC_REPRESENTATION_CONTEXT() REPRESENTATION_CONTEXT('2D SPACE',''
  ) );
#1831 = PCURVE('',#1832,#1837);
#1832 = PLANE('',#1833);
#1833 = AXIS2_PLACEMENT_3D('',#1834,#1835,#1836);
#1834 = CARTESIAN_POINT('',(-28.,-11.,24.4));
#1835 = DIRECTION('',(0.,0.,1.));
#1836 = DIRECTION('',(1.,0.,-0.));
#1837 = DEFINITIONAL_REPRESENTATION('',(#1838),#1842);
#1838 = CIRCLE('',#1839,2.75);
#1839 = AXIS2_PLACEMENT_2D('',#1840,#1841);
#1840 = CARTESIAN_POINT('',(0.,0.));
#1841 = DIRECTION('',(1.,0.));
#1842 = ( GEOMETRIC_REPRESENTATION_CONTEXT(2) 
PARAMETRIC_REPRESENTATION_CONTEXT() REPRESENTATION_CONTEXT('2D SPACE',''
  ) );
#1843 = ORIENTED_EDGE('',*,*,#1787,.F.);
#1844 = ORIENTED_EDGE('',*,*,#1845,.F.);
#1845 = EDGE_CURVE('',#1788,#1788,#1846,.T.);
#1846 = SURFACE_CURVE('',#1847,(#1852,#1859),.PCURVE_S1.);
#1847 = CIRCLE('',#1848,2.75);
#1848 = AXIS2_PLACEMENT_3D('',#1849,#1850,#1851);
#1849 = CARTESIAN_POINT('',(-28.,-11.,22.4));
#1850 = DIRECTION('',(0.,0.,1.));
#1851 = DIRECTION('',(1.,0.,0.));
#1852 = PCURVE('',#1798,#1853);
#1853 = DEFINITIONAL_REPRESENTATION('',(#1854),#1858);
#1854 = LINE('',#1855,#1856);
#1855 = CARTESIAN_POINT('',(-0.,0.));
#1856 = VECTOR('',#1857,1.);
#1857 = DIRECTION('',(-1.,0.));
#1858 = ( GEOMETRIC_REPRESENTATION_CONTEXT(2) 
PARAMETRIC_REPRESENTATION_CONTEXT() REPRESENTATION_CONTEXT('2D SPACE',''
  ) );
#1859 = PCURVE('',#1860,#1865);
#1860 = PLANE('',#1861);
#1861 = AXIS2_PLACEMENT_3D('',#1862,#1863,#1864);
#1862 = CARTESIAN_POINT('',(-28.,-11.,22.4));
#1863 = DIRECTION('',(0.,0.,1.));
#1864 = DIRECTION('',(1.,0.,-0.));
#1865 = DEFINITIONAL_REPRESENTATION('',(#1866),#1870);
#1866 = CIRCLE('',#1867,2.75);
#1867 = AXIS2_PLACEMENT_2D('',#1868,#1869);
#1868 = CARTESIAN_POINT('',(0.,0.));
#1869 = DIRECTION('',(1.,0.));
#1870 = ( GEOMETRIC_REPRESENTATION_CONTEXT(2) 
PARAMETRIC_REPRESENTATION_CONTEXT() REPRESENTATION_CONTEXT('2D SPACE',''
  ) );
#1871 = ADVANCED_FACE('',(#1872),#1860,.F.);
#1872 = FACE_BOUND('',#1873,.F.);
#1873 = EDGE_LOOP('',(#1874));
#1874 = ORIENTED_EDGE('',*,*,#1845,.T.);
#1875 = ADVANCED_FACE('',(#1876,#1879),#1832,.T.);
#1876 = FACE_BOUND('',#1877,.T.);
#1877 = EDGE_LOOP('',(#1878));
#1878 = ORIENTED_EDGE('',*,*,#1817,.T.);
#1879 = FACE_BOUND('',#1880,.T.);
#1880 = EDGE_LOOP('',(#1881));
#1881 = ORIENTED_EDGE('',*,*,#1882,.F.);
#1882 = EDGE_CURVE('',#1883,#1883,#1885,.T.);
#1883 = VERTEX_POINT('',#1884);
#1884 = CARTESIAN_POINT('',(-26.5,-11.,24.4));
#1885 = SURFACE_CURVE('',#1886,(#1891,#1898),.PCURVE_S1.);
#1886 = CIRCLE('',#1887,1.5);
#1887 = AXIS2_PLACEMENT_3D('',#1888,#1889,#1890);
#1888 = CARTESIAN_POINT('',(-28.,-11.,24.4));
#1889 = DIRECTION('',(0.,0.,1.));
#1890 = DIRECTION('',(1.,0.,0.));
#1891 = PCURVE('',#1832,#1892);
#1892 = DEFINITIONAL_REPRESENTATION('',(#1893),#1897);
#1893 = CIRCLE('',#1894,1.5);
#1894 = AXIS2_PLACEMENT_2D('',#1895,#1896);
#1895 = CARTESIAN_POINT('',(0.,0.));
#1896 = DIRECTION('',(1.,0.));
#1897 = ( GEOMETRIC_REPRESENTATION_CONTEXT(2) 
PARAMETRIC_REPRESENTATION_CONTEXT() REPRESENTATION_CONTEXT('2D SPACE',''
  ) );
#1898 = PCURVE('',#1899,#1904);
#1899 = CYLINDRICAL_SURFACE('',#1900,1.5);
#1900 = AXIS2_PLACEMENT_3D('',#1901,#1902,#1903);
#1901 = CARTESIAN_POINT('',(-28.,-11.,24.4));
#1902 = DIRECTION('',(-0.,-0.,-1.));
#1903 = DIRECTION('',(1.,0.,0.));
#1904 = DEFINITIONAL_REPRESENTATION('',(#1905),#1909);
#1905 = LINE('',#1906,#1907);
#1906 = CARTESIAN_POINT('',(-0.,0.));
#1907 = VECTOR('',#1908,1.);
#1908 = DIRECTION('',(-1.,0.));
#1909 = ( GEOMETRIC_REPRESENTATION_CONTEXT(2) 
PARAMETRIC_REPRESENTATION_CONTEXT() REPRESENTATION_CONTEXT('2D SPACE',''
  ) );
#1910 = ADVANCED_FACE('',(#1911),#1899,.T.);
#1911 = FACE_BOUND('',#1912,.F.);
#1912 = EDGE_LOOP('',(#1913,#1936,#1963,#1964));
#1913 = ORIENTED_EDGE('',*,*,#1914,.T.);
#1914 = EDGE_CURVE('',#1883,#1915,#1917,.T.);
#1915 = VERTEX_POINT('',#1916);
#1916 = CARTESIAN_POINT('',(-26.5,-11.,30.4));
#1917 = SEAM_CURVE('',#1918,(#1922,#1929),.PCURVE_S1.);
#1918 = LINE('',#1919,#1920);
#1919 = CARTESIAN_POINT('',(-26.5,-11.,24.4));
#1920 = VECTOR('',#1921,1.);
#1921 = DIRECTION('',(0.,0.,1.));
#1922 = PCURVE('',#1899,#1923);
#1923 = DEFINITIONAL_REPRESENTATION('',(#1924),#1928);
#1924 = LINE('',#1925,#1926);
#1925 = CARTESIAN_POINT('',(-0.,0.));
#1926 = VECTOR('',#1927,1.);
#1927 = DIRECTION('',(-0.,-1.));
#1928 = ( GEOMETRIC_REPRESENTATION_CONTEXT(2) 
PARAMETRIC_REPRESENTATION_CONTEXT() REPRESENTATION_CONTEXT('2D SPACE',''
  ) );
#1929 = PCURVE('',#1899,#1930);
#1930 = DEFINITIONAL_REPRESENTATION('',(#1931),#1935);
#1931 = LINE('',#1932,#1933);
#1932 = CARTESIAN_POINT('',(-6.28318530718,0.));
#1933 = VECTOR('',#1934,1.);
#1934 = DIRECTION('',(-0.,-1.));
#1935 = ( GEOMETRIC_REPRESENTATION_CONTEXT(2) 
PARAMETRIC_REPRESENTATION_CONTEXT() REPRESENTATION_CONTEXT('2D SPACE',''
  ) );
#1936 = ORIENTED_EDGE('',*,*,#1937,.T.);
#1937 = EDGE_CURVE('',#1915,#1915,#1938,.T.);
#1938 = SURFACE_CURVE('',#1939,(#1944,#1951),.PCURVE_S1.);
#1939 = CIRCLE('',#1940,1.5);
#1940 = AXIS2_PLACEMENT_3D('',#1941,#1942,#1943);
#1941 = CARTESIAN_POINT('',(-28.,-11.,30.4));
#1942 = DIRECTION('',(0.,0.,1.));
#1943 = DIRECTION('',(1.,0.,0.));
#1944 = PCURVE('',#1899,#1945);
#1945 = DEFINITIONAL_REPRESENTATION('',(#1946),#1950);
#1946 = LINE('',#1947,#1948);
#1947 = CARTESIAN_POINT('',(-0.,-6.));
#1948 = VECTOR('',#1949,1.);
#1949 = DIRECTION('',(-1.,0.));
#1950 = ( GEOMETRIC_REPRESENTATION_CONTEXT(2) 
PARAMETRIC_REPRESENTATION_CONTEXT() REPRESENTATION_CONTEXT('2D SPACE',''
  ) );
#1951 = PCURVE('',#1952,#1957);
#1952 = PLANE('',#1953);
#1953 = AXIS2_PLACEMENT_3D('',#1954,#1955,#1956);
#1954 = CARTESIAN_POINT('',(-28.,-11.,30.4));
#1955 = DIRECTION('',(0.,0.,1.));
#1956 = DIRECTION('',(1.,0.,-0.));
#1957 = DEFINITIONAL_REPRESENTATION('',(#1958),#1962);
#1958 = CIRCLE('',#1959,1.5);
#1959 = AXIS2_PLACEMENT_2D('',#1960,#1961);
#1960 = CARTESIAN_POINT('',(0.,0.));
#1961 = DIRECTION('',(1.,0.));
#1962 = ( GEOMETRIC_REPRESENTATION_CONTEXT(2) 
PARAMETRIC_REPRESENTATION_CONTEXT() REPRESENTATION_CONTEXT('2D SPACE',''
  ) );
#1963 = ORIENTED_EDGE('',*,*,#1914,.F.);
#1964 = ORIENTED_EDGE('',*,*,#1882,.F.);
#1965 = ADVANCED_FACE('',(#1966),#1952,.T.);
#1966 = FACE_BOUND('',#1967,.T.);
#1967 = EDGE_LOOP('',(#1968));
#1968 = ORIENTED_EDGE('',*,*,#1937,.T.);
#1969 = ( GEOMETRIC_REPRESENTATION_CONTEXT(3) 
GLOBAL_UNCERTAINTY_ASSIGNED_CONTEXT((#1973)) 
GLOBAL_UNIT_ASSIGNED_CONTEXT((#1970,#1971,#1972)) REPRESENTATION_CONTEXT
('Context #1','3D Context with UNIT and UNCERTAINTY') );
#1970 = ( LENGTH_UNIT() NAMED_UNIT(*) SI_UNIT(.MILLI.,.METRE.) );
#1971 = ( NAMED_UNIT(*) PLANE_ANGLE_UNIT() SI_UNIT($,.RADIAN.) );
#1972 = ( NAMED_UNIT(*) SI_UNIT($,.STERADIAN.) SOLID_ANGLE_UNIT() );
#1973 = UNCERTAINTY_MEASURE_WITH_UNIT(LENGTH_MEASURE(1.E-07),#1970,
  'distance_accuracy_value','confusion accuracy');
#1974 = CONTEXT_DEPENDENT_SHAPE_REPRESENTATION(#1975,#1977);
#1975 = ( REPRESENTATION_RELATIONSHIP('','',#1780,#10) 
REPRESENTATION_RELATIONSHIP_WITH_TRANSFORMATION(#1976) 
SHAPE_REPRESENTATION_RELATIONSHIP() );
#1976 = ITEM_DEFINED_TRANSFORMATION('','',#11,#47);
#1977 = PRODUCT_DEFINITION_SHAPE('Placement','Placement of an item',
  #1978);
#1978 = NEXT_ASSEMBLY_USAGE_OCCURRENCE('9','pcb_screw_3','',#5,#1775,$);
#1979 = PRODUCT_RELATED_PRODUCT_CATEGORY('part',$,(#1777));
#1980 = SHAPE_DEFINITION_REPRESENTATION(#1981,#1987);
#1981 = PRODUCT_DEFINITION_SHAPE('','',#1982);
#1982 = PRODUCT_DEFINITION('design','',#1983,#1986);
#1983 = PRODUCT_DEFINITION_FORMATION('','',#1984);
#1984 = PRODUCT('pcb_screw_4','pcb_screw_4','',(#1985));
#1985 = PRODUCT_CONTEXT('',#2,'mechanical');
#1986 = PRODUCT_DEFINITION_CONTEXT('part definition',#2,'design');
#1987 = ADVANCED_BREP_SHAPE_REPRESENTATION('',(#11,#1988),#2176);
#1988 = MANIFOLD_SOLID_BREP('',#1989);
#1989 = CLOSED_SHELL('',(#1990,#2078,#2082,#2117,#2172));
#1990 = ADVANCED_FACE('',(#1991),#2005,.T.);
#1991 = FACE_BOUND('',#1992,.F.);
#1992 = EDGE_LOOP('',(#1993,#2023,#2050,#2051));
#1993 = ORIENTED_EDGE('',*,*,#1994,.T.);
#1994 = EDGE_CURVE('',#1995,#1997,#1999,.T.);
#1995 = VERTEX_POINT('',#1996);
#1996 = CARTESIAN_POINT('',(30.75,-13.,22.4));
#1997 = VERTEX_POINT('',#1998);
#1998 = CARTESIAN_POINT('',(30.75,-13.,24.4));
#1999 = SEAM_CURVE('',#2000,(#2004,#2016),.PCURVE_S1.);
#2000 = LINE('',#2001,#2002);
#2001 = CARTESIAN_POINT('',(30.75,-13.,22.4));
#2002 = VECTOR('',#2003,1.);
#2003 = DIRECTION('',(0.,0.,1.));
#2004 = PCURVE('',#2005,#2010);
#2005 = CYLINDRICAL_SURFACE('',#2006,2.75);
#2006 = AXIS2_PLACEMENT_3D('',#2007,#2008,#2009);
#2007 = CARTESIAN_POINT('',(28.,-13.,22.4));
#2008 = DIRECTION('',(-0.,-0.,-1.));
#2009 = DIRECTION('',(1.,0.,0.));
#2010 = DEFINITIONAL_REPRESENTATION('',(#2011),#2015);
#2011 = LINE('',#2012,#2013);
#2012 = CARTESIAN_POINT('',(-0.,0.));
#2013 = VECTOR('',#2014,1.);
#2014 = DIRECTION('',(-0.,-1.));
#2015 = ( GEOMETRIC_REPRESENTATION_CONTEXT(2) 
PARAMETRIC_REPRESENTATION_CONTEXT() REPRESENTATION_CONTEXT('2D SPACE',''
  ) );
#2016 = PCURVE('',#2005,#2017);
#2017 = DEFINITIONAL_REPRESENTATION('',(#2018),#2022);
#2018 = LINE('',#2019,#2020);
#2019 = CARTESIAN_POINT('',(-6.28318530718,0.));
#2020 = VECTOR('',#2021,1.);
#2021 = DIRECTION('',(-0.,-1.));
#2022 = ( GEOMETRIC_REPRESENTATION_CONTEXT(2) 
PARAMETRIC_REPRESENTATION_CONTEXT() REPRESENTATION_CONTEXT('2D SPACE',''
  ) );
#2023 = ORIENTED_EDGE('',*,*,#2024,.T.);
#2024 = EDGE_CURVE('',#1997,#1997,#2025,.T.);
#2025 = SURFACE_CURVE('',#2026,(#2031,#2038),.PCURVE_S1.);
#2026 = CIRCLE('',#2027,2.75);
#2027 = AXIS2_PLACEMENT_3D('',#2028,#2029,#2030);
#2028 = CARTESIAN_POINT('',(28.,-13.,24.4));
#2029 = DIRECTION('',(0.,0.,1.));
#2030 = DIRECTION('',(1.,0.,0.));
#2031 = PCURVE('',#2005,#2032);
#2032 = DEFINITIONAL_REPRESENTATION('',(#2033),#2037);
#2033 = LINE('',#2034,#2035);
#2034 = CARTESIAN_POINT('',(-0.,-2.));
#2035 = VECTOR('',#2036,1.);
#2036 = DIRECTION('',(-1.,0.));
#2037 = ( GEOMETRIC_REPRESENTATION_CONTEXT(2) 
PARAMETRIC_REPRESENTATION_CONTEXT() REPRESENTATION_CONTEXT('2D SPACE',''
  ) );
#2038 = PCURVE('',#2039,#2044);
#2039 = PLANE('',#2040);
#2040 = AXIS2_PLACEMENT_3D('',#2041,#2042,#2043);
#2041 = CARTESIAN_POINT('',(28.,-13.,24.4));
#2042 = DIRECTION('',(0.,0.,1.));
#2043 = DIRECTION('',(1.,0.,-0.));
#2044 = DEFINITIONAL_REPRESENTATION('',(#2045),#2049);
#2045 = CIRCLE('',#2046,2.75);
#2046 = AXIS2_PLACEMENT_2D('',#2047,#2048);
#2047 = CARTESIAN_POINT('',(0.,0.));
#2048 = DIRECTION('',(1.,0.));
#2049 = ( GEOMETRIC_REPRESENTATION_CONTEXT(2) 
PARAMETRIC_REPRESENTATION_CONTEXT() REPRESENTATION_CONTEXT('2D SPACE',''
  ) );
#2050 = ORIENTED_EDGE('',*,*,#1994,.F.);
#2051 = ORIENTED_EDGE('',*,*,#2052,.F.);
#2052 = EDGE_CURVE('',#1995,#1995,#2053,.T.);
#2053 = SURFACE_CURVE('',#2054,(#2059,#2066),.PCURVE_S1.);
#2054 = CIRCLE('',#2055,2.75);
#2055 = AXIS2_PLACEMENT_3D('',#2056,#2057,#2058);
#2056 = CARTESIAN_POINT('',(28.,-13.,22.4));
#2057 = DIRECTION('',(0.,0.,1.));
#2058 = DIRECTION('',(1.,0.,0.));
#2059 = PCURVE('',#2005,#2060);
#2060 = DEFINITIONAL_REPRESENTATION('',(#2061),#2065);
#2061 = LINE('',#2062,#2063);
#2062 = CARTESIAN_POINT('',(-0.,0.));
#2063 = VECTOR('',#2064,1.);
#2064 = DIRECTION('',(-1.,0.));
#2065 = ( GEOMETRIC_REPRESENTATION_CONTEXT(2) 
PARAMETRIC_REPRESENTATION_CONTEXT() REPRESENTATION_CONTEXT('2D SPACE',''
  ) );
#2066 = PCURVE('',#2067,#2072);
#2067 = PLANE('',#2068);
#2068 = AXIS2_PLACEMENT_3D('',#2069,#2070,#2071);
#2069 = CARTESIAN_POINT('',(28.,-13.,22.4));
#2070 = DIRECTION('',(0.,0.,1.));
#2071 = DIRECTION('',(1.,0.,-0.));
#2072 = DEFINITIONAL_REPRESENTATION('',(#2073),#2077);
#2073 = CIRCLE('',#2074,2.75);
#2074 = AXIS2_PLACEMENT_2D('',#2075,#2076);
#2075 = CARTESIAN_POINT('',(0.,0.));
#2076 = DIRECTION('',(1.,0.));
#2077 = ( GEOMETRIC_REPRESENTATION_CONTEXT(2) 
PARAMETRIC_REPRESENTATION_CONTEXT() REPRESENTATION_CONTEXT('2D SPACE',''
  ) );
#2078 = ADVANCED_FACE('',(#2079),#2067,.F.);
#2079 = FACE_BOUND('',#2080,.F.);
#2080 = EDGE_LOOP('',(#2081));
#2081 = ORIENTED_EDGE('',*,*,#2052,.T.);
#2082 = ADVANCED_FACE('',(#2083,#2086),#2039,.T.);
#2083 = FACE_BOUND('',#2084,.T.);
#2084 = EDGE_LOOP('',(#2085));
#2085 = ORIENTED_EDGE('',*,*,#2024,.T.);
#2086 = FACE_BOUND('',#2087,.T.);
#2087 = EDGE_LOOP('',(#2088));
#2088 = ORIENTED_EDGE('',*,*,#2089,.F.);
#2089 = EDGE_CURVE('',#2090,#2090,#2092,.T.);
#2090 = VERTEX_POINT('',#2091);
#2091 = CARTESIAN_POINT('',(29.5,-13.,24.4));
#2092 = SURFACE_CURVE('',#2093,(#2098,#2105),.PCURVE_S1.);
#2093 = CIRCLE('',#2094,1.5);
#2094 = AXIS2_PLACEMENT_3D('',#2095,#2096,#2097);
#2095 = CARTESIAN_POINT('',(28.,-13.,24.4));
#2096 = DIRECTION('',(0.,0.,1.));
#2097 = DIRECTION('',(1.,0.,0.));
#2098 = PCURVE('',#2039,#2099);
#2099 = DEFINITIONAL_REPRESENTATION('',(#2100),#2104);
#2100 = CIRCLE('',#2101,1.5);
#2101 = AXIS2_PLACEMENT_2D('',#2102,#2103);
#2102 = CARTESIAN_POINT('',(0.,0.));
#2103 = DIRECTION('',(1.,0.));
#2104 = ( GEOMETRIC_REPRESENTATION_CONTEXT(2) 
PARAMETRIC_REPRESENTATION_CONTEXT() REPRESENTATION_CONTEXT('2D SPACE',''
  ) );
#2105 = PCURVE('',#2106,#2111);
#2106 = CYLINDRICAL_SURFACE('',#2107,1.5);
#2107 = AXIS2_PLACEMENT_3D('',#2108,#2109,#2110);
#2108 = CARTESIAN_POINT('',(28.,-13.,24.4));
#2109 = DIRECTION('',(-0.,-0.,-1.));
#2110 = DIRECTION('',(1.,0.,0.));
#2111 = DEFINITIONAL_REPRESENTATION('',(#2112),#2116);
#2112 = LINE('',#2113,#2114);
#2113 = CARTESIAN_POINT('',(-0.,0.));
#2114 = VECTOR('',#2115,1.);
#2115 = DIRECTION('',(-1.,0.));
#2116 = ( GEOMETRIC_REPRESENTATION_CONTEXT(2) 
PARAMETRIC_REPRESENTATION_CONTEXT() REPRESENTATION_CONTEXT('2D SPACE',''
  ) );
#2117 = ADVANCED_FACE('',(#2118),#2106,.T.);
#2118 = FACE_BOUND('',#2119,.F.);
#2119 = EDGE_LOOP('',(#2120,#2143,#2170,#2171));
#2120 = ORIENTED_EDGE('',*,*,#2121,.T.);
#2121 = EDGE_CURVE('',#2090,#2122,#2124,.T.);
#2122 = VERTEX_POINT('',#2123);
#2123 = CARTESIAN_POINT('',(29.5,-13.,30.4));
#2124 = SEAM_CURVE('',#2125,(#2129,#2136),.PCURVE_S1.);
#2125 = LINE('',#2126,#2127);
#2126 = CARTESIAN_POINT('',(29.5,-13.,24.4));
#2127 = VECTOR('',#2128,1.);
#2128 = DIRECTION('',(0.,0.,1.));
#2129 = PCURVE('',#2106,#2130);
#2130 = DEFINITIONAL_REPRESENTATION('',(#2131),#2135);
#2131 = LINE('',#2132,#2133);
#2132 = CARTESIAN_POINT('',(-0.,0.));
#2133 = VECTOR('',#2134,1.);
#2134 = DIRECTION('',(-0.,-1.));
#2135 = ( GEOMETRIC_REPRESENTATION_CONTEXT(2) 
PARAMETRIC_REPRESENTATION_CONTEXT() REPRESENTATION_CONTEXT('2D SPACE',''
  ) );
#2136 = PCURVE('',#2106,#2137);
#2137 = DEFINITIONAL_REPRESENTATION('',(#2138),#2142);
#2138 = LINE('',#2139,#2140);
#2139 = CARTESIAN_POINT('',(-6.28318530718,0.));
#2140 = VECTOR('',#2141,1.);
#2141 = DIRECTION('',(-0.,-1.));
#2142 = ( GEOMETRIC_REPRESENTATION_CONTEXT(2) 
PARAMETRIC_REPRESENTATION_CONTEXT() REPRESENTATION_CONTEXT('2D SPACE',''
  ) );
#2143 = ORIENTED_EDGE('',*,*,#2144,.T.);
#2144 = EDGE_CURVE('',#2122,#2122,#2145,.T.);
#2145 = SURFACE_CURVE('',#2146,(#2151,#2158),.PCURVE_S1.);
#2146 = CIRCLE('',#2147,1.5);
#2147 = AXIS2_PLACEMENT_3D('',#2148,#2149,#2150);
#2148 = CARTESIAN_POINT('',(28.,-13.,30.4));
#2149 = DIRECTION('',(0.,0.,1.));
#2150 = DIRECTION('',(1.,0.,0.));
#2151 = PCURVE('',#2106,#2152);
#2152 = DEFINITIONAL_REPRESENTATION('',(#2153),#2157);
#2153 = LINE('',#2154,#2155);
#2154 = CARTESIAN_POINT('',(-0.,-6.));
#2155 = VECTOR('',#2156,1.);
#2156 = DIRECTION('',(-1.,0.));
#2157 = ( GEOMETRIC_REPRESENTATION_CONTEXT(2) 
PARAMETRIC_REPRESENTATION_CONTEXT() REPRESENTATION_CONTEXT('2D SPACE',''
  ) );
#2158 = PCURVE('',#2159,#2164);
#2159 = PLANE('',#2160);
#2160 = AXIS2_PLACEMENT_3D('',#2161,#2162,#2163);
#2161 = CARTESIAN_POINT('',(28.,-13.,30.4));
#2162 = DIRECTION('',(0.,0.,1.));
#2163 = DIRECTION('',(1.,0.,-0.));
#2164 = DEFINITIONAL_REPRESENTATION('',(#2165),#2169);
#2165 = CIRCLE('',#2166,1.5);
#2166 = AXIS2_PLACEMENT_2D('',#2167,#2168);
#2167 = CARTESIAN_POINT('',(0.,0.));
#2168 = DIRECTION('',(1.,0.));
#2169 = ( GEOMETRIC_REPRESENTATION_CONTEXT(2) 
PARAMETRIC_REPRESENTATION_CONTEXT() REPRESENTATION_CONTEXT('2D SPACE',''
  ) );
#2170 = ORIENTED_EDGE('',*,*,#2121,.F.);
#2171 = ORIENTED_EDGE('',*,*,#2089,.F.);
#2172 = ADVANCED_FACE('',(#2173),#2159,.T.);
#2173 = FACE_BOUND('',#2174,.T.);
#2174 = EDGE_LOOP('',(#2175));
#2175 = ORIENTED_EDGE('',*,*,#2144,.T.);
#2176 = ( GEOMETRIC_REPRESENTATION_CONTEXT(3) 
GLOBAL_UNCERTAINTY_ASSIGNED_CONTEXT((#2180)) 
GLOBAL_UNIT_ASSIGNED_CONTEXT((#2177,#2178,#2179)) REPRESENTATION_CONTEXT
('Context #1','3D Context with UNIT and UNCERTAINTY') );
#2177 = ( LENGTH_UNIT() NAMED_UNIT(*) SI_UNIT(.MILLI.,.METRE.) );
#2178 = ( NAMED_UNIT(*) PLANE_ANGLE_UNIT() SI_UNIT($,.RADIAN.) );
#2179 = ( NAMED_UNIT(*) SI_UNIT($,.STERADIAN.) SOLID_ANGLE_UNIT() );
#2180 = UNCERTAINTY_MEASURE_WITH_UNIT(LENGTH_MEASURE(1.E-07),#2177,
  'distance_accuracy_value','confusion accuracy');
#2181 = CONTEXT_DEPENDENT_SHAPE_REPRESENTATION(#2182,#2184);
#2182 = ( REPRESENTATION_RELATIONSHIP('','',#1987,#10) 
REPRESENTATION_RELATIONSHIP_WITH_TRANSFORMATION(#2183) 
SHAPE_REPRESENTATION_RELATIONSHIP() );
#2183 = ITEM_DEFINED_TRANSFORMATION('','',#11,#51);
#2184 = PRODUCT_DEFINITION_SHAPE('Placement','Placement of an item',
  #2185);
#2185 = NEXT_ASSEMBLY_USAGE_OCCURRENCE('10','pcb_screw_4','',#5,#1982,$
  );
#2186 = PRODUCT_RELATED_PRODUCT_CATEGORY('part',$,(#1984));
#2187 = SHAPE_DEFINITION_REPRESENTATION(#2188,#2194);
#2188 = PRODUCT_DEFINITION_SHAPE('','',#2189);
#2189 = PRODUCT_DEFINITION('design','',#2190,#2193);
#2190 = PRODUCT_DEFINITION_FORMATION('','',#2191);
#2191 = PRODUCT('button_membrane','button_membrane','',(#2192));
#2192 = PRODUCT_CONTEXT('',#2,'mechanical');
#2193 = PRODUCT_DEFINITION_CONTEXT('part definition',#2,'design');
#2194 = ADVANCED_BREP_SHAPE_REPRESENTATION('',(#11,#2195),#2383);
#2195 = MANIFOLD_SOLID_BREP('',#2196);
#2196 = CLOSED_SHELL('',(#2197,#2285,#2289,#2324,#2379));
#2197 = ADVANCED_FACE('',(#2198),#2212,.T.);
#2198 = FACE_BOUND('',#2199,.F.);
#2199 = EDGE_LOOP('',(#2200,#2230,#2257,#2258));
#2200 = ORIENTED_EDGE('',*,*,#2201,.T.);
#2201 = EDGE_CURVE('',#2202,#2204,#2206,.T.);
#2202 = VERTEX_POINT('',#2203);
#2203 = CARTESIAN_POINT('',(-9.,-19.,50.4));
#2204 = VERTEX_POINT('',#2205);
#2205 = CARTESIAN_POINT('',(-9.,-19.,51.3));
#2206 = SEAM_CURVE('',#2207,(#2211,#2223),.PCURVE_S1.);
#2207 = LINE('',#2208,#2209);
#2208 = CARTESIAN_POINT('',(-9.,-19.,50.4));
#2209 = VECTOR('',#2210,1.);
#2210 = DIRECTION('',(0.,0.,1.));
#2211 = PCURVE('',#2212,#2217);
#2212 = CYLINDRICAL_SURFACE('',#2213,9.);
#2213 = AXIS2_PLACEMENT_3D('',#2214,#2215,#2216);
#2214 = CARTESIAN_POINT('',(-18.,-19.,50.4));
#2215 = DIRECTION('',(-0.,-0.,-1.));
#2216 = DIRECTION('',(1.,0.,0.));
#2217 = DEFINITIONAL_REPRESENTATION('',(#2218),#2222);
#2218 = LINE('',#2219,#2220);
#2219 = CARTESIAN_POINT('',(-0.,0.));
#2220 = VECTOR('',#2221,1.);
#2221 = DIRECTION('',(-0.,-1.));
#2222 = ( GEOMETRIC_REPRESENTATION_CONTEXT(2) 
PARAMETRIC_REPRESENTATION_CONTEXT() REPRESENTATION_CONTEXT('2D SPACE',''
  ) );
#2223 = PCURVE('',#2212,#2224);
#2224 = DEFINITIONAL_REPRESENTATION('',(#2225),#2229);
#2225 = LINE('',#2226,#2227);
#2226 = CARTESIAN_POINT('',(-6.28318530718,0.));
#2227 = VECTOR('',#2228,1.);
#2228 = DIRECTION('',(-0.,-1.));
#2229 = ( GEOMETRIC_REPRESENTATION_CONTEXT(2) 
PARAMETRIC_REPRESENTATION_CONTEXT() REPRESENTATION_CONTEXT('2D SPACE',''
  ) );
#2230 = ORIENTED_EDGE('',*,*,#2231,.T.);
#2231 = EDGE_CURVE('',#2204,#2204,#2232,.T.);
#2232 = SURFACE_CURVE('',#2233,(#2238,#2245),.PCURVE_S1.);
#2233 = CIRCLE('',#2234,9.);
#2234 = AXIS2_PLACEMENT_3D('',#2235,#2236,#2237);
#2235 = CARTESIAN_POINT('',(-18.,-19.,51.3));
#2236 = DIRECTION('',(0.,0.,1.));
#2237 = DIRECTION('',(1.,0.,0.));
#2238 = PCURVE('',#2212,#2239);
#2239 = DEFINITIONAL_REPRESENTATION('',(#2240),#2244);
#2240 = LINE('',#2241,#2242);
#2241 = CARTESIAN_POINT('',(-0.,-0.9));
#2242 = VECTOR('',#2243,1.);
#2243 = DIRECTION('',(-1.,0.));
#2244 = ( GEOMETRIC_REPRESENTATION_CONTEXT(2) 
PARAMETRIC_REPRESENTATION_CONTEXT() REPRESENTATION_CONTEXT('2D SPACE',''
  ) );
#2245 = PCURVE('',#2246,#2251);
#2246 = PLANE('',#2247);
#2247 = AXIS2_PLACEMENT_3D('',#2248,#2249,#2250);
#2248 = CARTESIAN_POINT('',(-18.,-19.,51.3));
#2249 = DIRECTION('',(0.,0.,1.));
#2250 = DIRECTION('',(1.,0.,-0.));
#2251 = DEFINITIONAL_REPRESENTATION('',(#2252),#2256);
#2252 = CIRCLE('',#2253,9.);
#2253 = AXIS2_PLACEMENT_2D('',#2254,#2255);
#2254 = CARTESIAN_POINT('',(0.,0.));
#2255 = DIRECTION('',(1.,0.));
#2256 = ( GEOMETRIC_REPRESENTATION_CONTEXT(2) 
PARAMETRIC_REPRESENTATION_CONTEXT() REPRESENTATION_CONTEXT('2D SPACE',''
  ) );
#2257 = ORIENTED_EDGE('',*,*,#2201,.F.);
#2258 = ORIENTED_EDGE('',*,*,#2259,.F.);
#2259 = EDGE_CURVE('',#2202,#2202,#2260,.T.);
#2260 = SURFACE_CURVE('',#2261,(#2266,#2273),.PCURVE_S1.);
#2261 = CIRCLE('',#2262,9.);
#2262 = AXIS2_PLACEMENT_3D('',#2263,#2264,#2265);
#2263 = CARTESIAN_POINT('',(-18.,-19.,50.4));
#2264 = DIRECTION('',(0.,0.,1.));
#2265 = DIRECTION('',(1.,0.,0.));
#2266 = PCURVE('',#2212,#2267);
#2267 = DEFINITIONAL_REPRESENTATION('',(#2268),#2272);
#2268 = LINE('',#2269,#2270);
#2269 = CARTESIAN_POINT('',(-0.,0.));
#2270 = VECTOR('',#2271,1.);
#2271 = DIRECTION('',(-1.,0.));
#2272 = ( GEOMETRIC_REPRESENTATION_CONTEXT(2) 
PARAMETRIC_REPRESENTATION_CONTEXT() REPRESENTATION_CONTEXT('2D SPACE',''
  ) );
#2273 = PCURVE('',#2274,#2279);
#2274 = PLANE('',#2275);
#2275 = AXIS2_PLACEMENT_3D('',#2276,#2277,#2278);
#2276 = CARTESIAN_POINT('',(-18.,-19.,50.4));
#2277 = DIRECTION('',(0.,0.,1.));
#2278 = DIRECTION('',(1.,0.,-0.));
#2279 = DEFINITIONAL_REPRESENTATION('',(#2280),#2284);
#2280 = CIRCLE('',#2281,9.);
#2281 = AXIS2_PLACEMENT_2D('',#2282,#2283);
#2282 = CARTESIAN_POINT('',(0.,0.));
#2283 = DIRECTION('',(1.,0.));
#2284 = ( GEOMETRIC_REPRESENTATION_CONTEXT(2) 
PARAMETRIC_REPRESENTATION_CONTEXT() REPRESENTATION_CONTEXT('2D SPACE',''
  ) );
#2285 = ADVANCED_FACE('',(#2286),#2274,.F.);
#2286 = FACE_BOUND('',#2287,.F.);
#2287 = EDGE_LOOP('',(#2288));
#2288 = ORIENTED_EDGE('',*,*,#2259,.T.);
#2289 = ADVANCED_FACE('',(#2290,#2293),#2246,.T.);
#2290 = FACE_BOUND('',#2291,.T.);
#2291 = EDGE_LOOP('',(#2292));
#2292 = ORIENTED_EDGE('',*,*,#2231,.T.);
#2293 = FACE_BOUND('',#2294,.T.);
#2294 = EDGE_LOOP('',(#2295));
#2295 = ORIENTED_EDGE('',*,*,#2296,.F.);
#2296 = EDGE_CURVE('',#2297,#2297,#2299,.T.);
#2297 = VERTEX_POINT('',#2298);
#2298 = CARTESIAN_POINT('',(-12.,-19.,51.3));
#2299 = SURFACE_CURVE('',#2300,(#2305,#2312),.PCURVE_S1.);
#2300 = CIRCLE('',#2301,6.);
#2301 = AXIS2_PLACEMENT_3D('',#2302,#2303,#2304);
#2302 = CARTESIAN_POINT('',(-18.,-19.,51.3));
#2303 = DIRECTION('',(0.,0.,1.));
#2304 = DIRECTION('',(1.,0.,0.));
#2305 = PCURVE('',#2246,#2306);
#2306 = DEFINITIONAL_REPRESENTATION('',(#2307),#2311);
#2307 = CIRCLE('',#2308,6.);
#2308 = AXIS2_PLACEMENT_2D('',#2309,#2310);
#2309 = CARTESIAN_POINT('',(0.,0.));
#2310 = DIRECTION('',(1.,0.));
#2311 = ( GEOMETRIC_REPRESENTATION_CONTEXT(2) 
PARAMETRIC_REPRESENTATION_CONTEXT() REPRESENTATION_CONTEXT('2D SPACE',''
  ) );
#2312 = PCURVE('',#2313,#2318);
#2313 = CYLINDRICAL_SURFACE('',#2314,6.);
#2314 = AXIS2_PLACEMENT_3D('',#2315,#2316,#2317);
#2315 = CARTESIAN_POINT('',(-18.,-19.,51.3));
#2316 = DIRECTION('',(-0.,-0.,-1.));
#2317 = DIRECTION('',(1.,0.,0.));
#2318 = DEFINITIONAL_REPRESENTATION('',(#2319),#2323);
#2319 = LINE('',#2320,#2321);
#2320 = CARTESIAN_POINT('',(-0.,0.));
#2321 = VECTOR('',#2322,1.);
#2322 = DIRECTION('',(-1.,0.));
#2323 = ( GEOMETRIC_REPRESENTATION_CONTEXT(2) 
PARAMETRIC_REPRESENTATION_CONTEXT() REPRESENTATION_CONTEXT('2D SPACE',''
  ) );
#2324 = ADVANCED_FACE('',(#2325),#2313,.T.);
#2325 = FACE_BOUND('',#2326,.F.);
#2326 = EDGE_LOOP('',(#2327,#2350,#2377,#2378));
#2327 = ORIENTED_EDGE('',*,*,#2328,.T.);
#2328 = EDGE_CURVE('',#2297,#2329,#2331,.T.);
#2329 = VERTEX_POINT('',#2330);
#2330 = CARTESIAN_POINT('',(-12.,-19.,54.));
#2331 = SEAM_CURVE('',#2332,(#2336,#2343),.PCURVE_S1.);
#2332 = LINE('',#2333,#2334);
#2333 = CARTESIAN_POINT('',(-12.,-19.,51.3));
#2334 = VECTOR('',#2335,1.);
#2335 = DIRECTION('',(0.,0.,1.));
#2336 = PCURVE('',#2313,#2337);
#2337 = DEFINITIONAL_REPRESENTATION('',(#2338),#2342);
#2338 = LINE('',#2339,#2340);
#2339 = CARTESIAN_POINT('',(-0.,0.));
#2340 = VECTOR('',#2341,1.);
#2341 = DIRECTION('',(-0.,-1.));
#2342 = ( GEOMETRIC_REPRESENTATION_CONTEXT(2) 
PARAMETRIC_REPRESENTATION_CONTEXT() REPRESENTATION_CONTEXT('2D SPACE',''
  ) );
#2343 = PCURVE('',#2313,#2344);
#2344 = DEFINITIONAL_REPRESENTATION('',(#2345),#2349);
#2345 = LINE('',#2346,#2347);
#2346 = CARTESIAN_POINT('',(-6.28318530718,0.));
#2347 = VECTOR('',#2348,1.);
#2348 = DIRECTION('',(-0.,-1.));
#2349 = ( GEOMETRIC_REPRESENTATION_CONTEXT(2) 
PARAMETRIC_REPRESENTATION_CONTEXT() REPRESENTATION_CONTEXT('2D SPACE',''
  ) );
#2350 = ORIENTED_EDGE('',*,*,#2351,.T.);
#2351 = EDGE_CURVE('',#2329,#2329,#2352,.T.);
#2352 = SURFACE_CURVE('',#2353,(#2358,#2365),.PCURVE_S1.);
#2353 = CIRCLE('',#2354,6.);
#2354 = AXIS2_PLACEMENT_3D('',#2355,#2356,#2357);
#2355 = CARTESIAN_POINT('',(-18.,-19.,54.));
#2356 = DIRECTION('',(0.,0.,1.));
#2357 = DIRECTION('',(1.,0.,0.));
#2358 = PCURVE('',#2313,#2359);
#2359 = DEFINITIONAL_REPRESENTATION('',(#2360),#2364);
#2360 = LINE('',#2361,#2362);
#2361 = CARTESIAN_POINT('',(-0.,-2.7));
#2362 = VECTOR('',#2363,1.);
#2363 = DIRECTION('',(-1.,0.));
#2364 = ( GEOMETRIC_REPRESENTATION_CONTEXT(2) 
PARAMETRIC_REPRESENTATION_CONTEXT() REPRESENTATION_CONTEXT('2D SPACE',''
  ) );
#2365 = PCURVE('',#2366,#2371);
#2366 = PLANE('',#2367);
#2367 = AXIS2_PLACEMENT_3D('',#2368,#2369,#2370);
#2368 = CARTESIAN_POINT('',(-18.,-19.,54.));
#2369 = DIRECTION('',(0.,0.,1.));
#2370 = DIRECTION('',(1.,0.,-0.));
#2371 = DEFINITIONAL_REPRESENTATION('',(#2372),#2376);
#2372 = CIRCLE('',#2373,6.);
#2373 = AXIS2_PLACEMENT_2D('',#2374,#2375);
#2374 = CARTESIAN_POINT('',(0.,0.));
#2375 = DIRECTION('',(1.,0.));
#2376 = ( GEOMETRIC_REPRESENTATION_CONTEXT(2) 
PARAMETRIC_REPRESENTATION_CONTEXT() REPRESENTATION_CONTEXT('2D SPACE',''
  ) );
#2377 = ORIENTED_EDGE('',*,*,#2328,.F.);
#2378 = ORIENTED_EDGE('',*,*,#2296,.F.);
#2379 = ADVANCED_FACE('',(#2380),#2366,.T.);
#2380 = FACE_BOUND('',#2381,.T.);
#2381 = EDGE_LOOP('',(#2382));
#2382 = ORIENTED_EDGE('',*,*,#2351,.T.);
#2383 = ( GEOMETRIC_REPRESENTATION_CONTEXT(3) 
GLOBAL_UNCERTAINTY_ASSIGNED_CONTEXT((#2387)) 
GLOBAL_UNIT_ASSIGNED_CONTEXT((#2384,#2385,#2386)) REPRESENTATION_CONTEXT
('Context #1','3D Context with UNIT and UNCERTAINTY') );
#2384 = ( LENGTH_UNIT() NAMED_UNIT(*) SI_UNIT(.MILLI.,.METRE.) );
#2385 = ( NAMED_UNIT(*) PLANE_ANGLE_UNIT() SI_UNIT($,.RADIAN.) );
#2386 = ( NAMED_UNIT(*) SI_UNIT($,.STERADIAN.) SOLID_ANGLE_UNIT() );
#2387 = UNCERTAINTY_MEASURE_WITH_UNIT(LENGTH_MEASURE(1.E-07),#2384,
  'distance_accuracy_value','confusion accuracy');
#2388 = CONTEXT_DEPENDENT_SHAPE_REPRESENTATION(#2389,#2391);
#2389 = ( REPRESENTATION_RELATIONSHIP('','',#2194,#10) 
REPRESENTATION_RELATIONSHIP_WITH_TRANSFORMATION(#2390) 
SHAPE_REPRESENTATION_RELATIONSHIP() );
#2390 = ITEM_DEFINED_TRANSFORMATION('','',#11,#55);
#2391 = PRODUCT_DEFINITION_SHAPE('Placement','Placement of an item',
  #2392);
#2392 = NEXT_ASSEMBLY_USAGE_OCCURRENCE('11','button_membrane','',#5,
  #2189,$);
#2393 = PRODUCT_RELATED_PRODUCT_CATEGORY('part',$,(#2191));
#2394 = SHAPE_DEFINITION_REPRESENTATION(#2395,#2401);
#2395 = PRODUCT_DEFINITION_SHAPE('','',#2396);
#2396 = PRODUCT_DEFINITION('design','',#2397,#2400);
#2397 = PRODUCT_DEFINITION_FORMATION('','',#2398);
#2398 = PRODUCT('button_plunger','button_plunger','',(#2399));
#2399 = PRODUCT_CONTEXT('',#2,'mechanical');
#2400 = PRODUCT_DEFINITION_CONTEXT('part definition',#2,'design');
#2401 = ADVANCED_BREP_SHAPE_REPRESENTATION('',(#11,#2402),#2594);
#2402 = MANIFOLD_SOLID_BREP('',#2403);
#2403 = CLOSED_SHELL('',(#2404,#2496,#2500,#2535,#2590));
#2404 = ADVANCED_FACE('',(#2405),#2418,.T.);
#2405 = FACE_BOUND('',#2406,.F.);
#2406 = EDGE_LOOP('',(#2407,#2441,#2464,#2495));
#2407 = ORIENTED_EDGE('',*,*,#2408,.F.);
#2408 = EDGE_CURVE('',#2409,#2409,#2411,.T.);
#2409 = VERTEX_POINT('',#2410);
#2410 = CARTESIAN_POINT('',(-17.2,-19.,27.75));
#2411 = SURFACE_CURVE('',#2412,(#2417,#2429),.PCURVE_S1.);
#2412 = CIRCLE('',#2413,0.8);
#2413 = AXIS2_PLACEMENT_3D('',#2414,#2415,#2416);
#2414 = CARTESIAN_POINT('',(-18.,-19.,27.75));
#2415 = DIRECTION('',(0.,0.,1.));
#2416 = DIRECTION('',(1.,0.,0.));
#2417 = PCURVE('',#2418,#2423);
#2418 = CYLINDRICAL_SURFACE('',#2419,0.8);
#2419 = AXIS2_PLACEMENT_3D('',#2420,#2421,#2422);
#2420 = CARTESIAN_POINT('',(-18.,-19.,27.75));
#2421 = DIRECTION('',(-0.,-0.,-1.));
#2422 = DIRECTION('',(1.,0.,0.));
#2423 = DEFINITIONAL_REPRESENTATION('',(#2424),#2428);
#2424 = LINE('',#2425,#2426);
#2425 = CARTESIAN_POINT('',(-0.,0.));
#2426 = VECTOR('',#2427,1.);
#2427 = DIRECTION('',(-1.,0.));
#2428 = ( GEOMETRIC_REPRESENTATION_CONTEXT(2) 
PARAMETRIC_REPRESENTATION_CONTEXT() REPRESENTATION_CONTEXT('2D SPACE',''
  ) );
#2429 = PCURVE('',#2430,#2435);
#2430 = PLANE('',#2431);
#2431 = AXIS2_PLACEMENT_3D('',#2432,#2433,#2434);
#2432 = CARTESIAN_POINT('',(-18.,-19.,27.75));
#2433 = DIRECTION('',(0.,0.,1.));
#2434 = DIRECTION('',(1.,0.,-0.));
#2435 = DEFINITIONAL_REPRESENTATION('',(#2436),#2440);
#2436 = CIRCLE('',#2437,0.8);
#2437 = AXIS2_PLACEMENT_2D('',#2438,#2439);
#2438 = CARTESIAN_POINT('',(0.,0.));
#2439 = DIRECTION('',(1.,0.));
#2440 = ( GEOMETRIC_REPRESENTATION_CONTEXT(2) 
PARAMETRIC_REPRESENTATION_CONTEXT() REPRESENTATION_CONTEXT('2D SPACE',''
  ) );
#2441 = ORIENTED_EDGE('',*,*,#2442,.T.);
#2442 = EDGE_CURVE('',#2409,#2443,#2445,.T.);
#2443 = VERTEX_POINT('',#2444);
#2444 = CARTESIAN_POINT('',(-17.2,-19.,49.4));
#2445 = SEAM_CURVE('',#2446,(#2450,#2457),.PCURVE_S1.);
#2446 = LINE('',#2447,#2448);
#2447 = CARTESIAN_POINT('',(-17.2,-19.,27.75));
#2448 = VECTOR('',#2449,1.);
#2449 = DIRECTION('',(0.,0.,1.));
#2450 = PCURVE('',#2418,#2451);
#2451 = DEFINITIONAL_REPRESENTATION('',(#2452),#2456);
#2452 = LINE('',#2453,#2454);
#2453 = CARTESIAN_POINT('',(-6.28318530718,0.));
#2454 = VECTOR('',#2455,1.);
#2455 = DIRECTION('',(-0.,-1.));
#2456 = ( GEOMETRIC_REPRESENTATION_CONTEXT(2) 
PARAMETRIC_REPRESENTATION_CONTEXT() REPRESENTATION_CONTEXT('2D SPACE',''
  ) );
#2457 = PCURVE('',#2418,#2458);
#2458 = DEFINITIONAL_REPRESENTATION('',(#2459),#2463);
#2459 = LINE('',#2460,#2461);
#2460 = CARTESIAN_POINT('',(-0.,0.));
#2461 = VECTOR('',#2462,1.);
#2462 = DIRECTION('',(-0.,-1.));
#2463 = ( GEOMETRIC_REPRESENTATION_CONTEXT(2) 
PARAMETRIC_REPRESENTATION_CONTEXT() REPRESENTATION_CONTEXT('2D SPACE',''
  ) );
#2464 = ORIENTED_EDGE('',*,*,#2465,.F.);
#2465 = EDGE_CURVE('',#2443,#2443,#2466,.T.);
#2466 = SURFACE_CURVE('',#2467,(#2472,#2479),.PCURVE_S1.);
#2467 = CIRCLE('',#2468,0.8);
#2468 = AXIS2_PLACEMENT_3D('',#2469,#2470,#2471);
#2469 = CARTESIAN_POINT('',(-18.,-19.,49.4));
#2470 = DIRECTION('',(0.,0.,-1.));
#2471 = DIRECTION('',(1.,0.,0.));
#2472 = PCURVE('',#2418,#2473);
#2473 = DEFINITIONAL_REPRESENTATION('',(#2474),#2478);
#2474 = LINE('',#2475,#2476);
#2475 = CARTESIAN_POINT('',(-6.28318530718,-21.65));
#2476 = VECTOR('',#2477,1.);
#2477 = DIRECTION('',(1.,-0.));
#2478 = ( GEOMETRIC_REPRESENTATION_CONTEXT(2) 
PARAMETRIC_REPRESENTATION_CONTEXT() REPRESENTATION_CONTEXT('2D SPACE',''
  ) );
#2479 = PCURVE('',#2480,#2485);
#2480 = PLANE('',#2481);
#2481 = AXIS2_PLACEMENT_3D('',#2482,#2483,#2484);
#2482 = CARTESIAN_POINT('',(-18.,-19.,49.4));
#2483 = DIRECTION('',(0.,0.,1.));
#2484 = DIRECTION('',(1.,0.,-0.));
#2485 = DEFINITIONAL_REPRESENTATION('',(#2486),#2494);
#2486 = ( BOUNDED_CURVE() B_SPLINE_CURVE(2,(#2487,#2488,#2489,#2490,
#2491,#2492,#2493),.UNSPECIFIED.,.T.,.F.) B_SPLINE_CURVE_WITH_KNOTS((1,2
    ,2,2,2,1),(-2.094395102393,0.,2.094395102393,4.188790204786,
6.28318530718,8.377580409573),.UNSPECIFIED.) CURVE() 
GEOMETRIC_REPRESENTATION_ITEM() RATIONAL_B_SPLINE_CURVE((1.,0.5,1.,0.5,
1.,0.5,1.)) REPRESENTATION_ITEM('') );
#2487 = CARTESIAN_POINT('',(0.8,0.));
#2488 = CARTESIAN_POINT('',(0.8,-1.385640646055));
#2489 = CARTESIAN_POINT('',(-0.4,-0.692820323028));
#2490 = CARTESIAN_POINT('',(-1.6,-1.959434878636E-16));
#2491 = CARTESIAN_POINT('',(-0.4,0.692820323028));
#2492 = CARTESIAN_POINT('',(0.8,1.385640646055));
#2493 = CARTESIAN_POINT('',(0.8,0.));
#2494 = ( GEOMETRIC_REPRESENTATION_CONTEXT(2) 
PARAMETRIC_REPRESENTATION_CONTEXT() REPRESENTATION_CONTEXT('2D SPACE',''
  ) );
#2495 = ORIENTED_EDGE('',*,*,#2442,.F.);
#2496 = ADVANCED_FACE('',(#2497),#2430,.F.);
#2497 = FACE_BOUND('',#2498,.F.);
#2498 = EDGE_LOOP('',(#2499));
#2499 = ORIENTED_EDGE('',*,*,#2408,.T.);
#2500 = ADVANCED_FACE('',(#2501,#2532),#2480,.F.);
#2501 = FACE_BOUND('',#2502,.F.);
#2502 = EDGE_LOOP('',(#2503));
#2503 = ORIENTED_EDGE('',*,*,#2504,.T.);
#2504 = EDGE_CURVE('',#2505,#2505,#2507,.T.);
#2505 = VERTEX_POINT('',#2506);
#2506 = CARTESIAN_POINT('',(-14.,-19.,49.4));
#2507 = SURFACE_CURVE('',#2508,(#2513,#2520),.PCURVE_S1.);
#2508 = CIRCLE('',#2509,4.);
#2509 = AXIS2_PLACEMENT_3D('',#2510,#2511,#2512);
#2510 = CARTESIAN_POINT('',(-18.,-19.,49.4));
#2511 = DIRECTION('',(0.,0.,1.));
#2512 = DIRECTION('',(1.,0.,0.));
#2513 = PCURVE('',#2480,#2514);
#2514 = DEFINITIONAL_REPRESENTATION('',(#2515),#2519);
#2515 = CIRCLE('',#2516,4.);
#2516 = AXIS2_PLACEMENT_2D('',#2517,#2518);
#2517 = CARTESIAN_POINT('',(0.,0.));
#2518 = DIRECTION('',(1.,0.));
#2519 = ( GEOMETRIC_REPRESENTATION_CONTEXT(2) 
PARAMETRIC_REPRESENTATION_CONTEXT() REPRESENTATION_CONTEXT('2D SPACE',''
  ) );
#2520 = PCURVE('',#2521,#2526);
#2521 = CYLINDRICAL_SURFACE('',#2522,4.);
#2522 = AXIS2_PLACEMENT_3D('',#2523,#2524,#2525);
#2523 = CARTESIAN_POINT('',(-18.,-19.,49.4));
#2524 = DIRECTION('',(-0.,-0.,-1.));
#2525 = DIRECTION('',(1.,0.,0.));
#2526 = DEFINITIONAL_REPRESENTATION('',(#2527),#2531);
#2527 = LINE('',#2528,#2529);
#2528 = CARTESIAN_POINT('',(-0.,0.));
#2529 = VECTOR('',#2530,1.);
#2530 = DIRECTION('',(-1.,0.));
#2531 = ( GEOMETRIC_REPRESENTATION_CONTEXT(2) 
PARAMETRIC_REPRESENTATION_CONTEXT() REPRESENTATION_CONTEXT('2D SPACE',''
  ) );
#2532 = FACE_BOUND('',#2533,.F.);
#2533 = EDGE_LOOP('',(#2534));
#2534 = ORIENTED_EDGE('',*,*,#2465,.T.);
#2535 = ADVANCED_FACE('',(#2536),#2521,.T.);
#2536 = FACE_BOUND('',#2537,.F.);
#2537 = EDGE_LOOP('',(#2538,#2561,#2588,#2589));
#2538 = ORIENTED_EDGE('',*,*,#2539,.T.);
#2539 = EDGE_CURVE('',#2505,#2540,#2542,.T.);
#2540 = VERTEX_POINT('',#2541);
#2541 = CARTESIAN_POINT('',(-14.,-19.,50.4));
#2542 = SEAM_CURVE('',#2543,(#2547,#2554),.PCURVE_S1.);
#2543 = LINE('',#2544,#2545);
#2544 = CARTESIAN_POINT('',(-14.,-19.,49.4));
#2545 = VECTOR('',#2546,1.);
#2546 = DIRECTION('',(0.,0.,1.));
#2547 = PCURVE('',#2521,#2548);
#2548 = DEFINITIONAL_REPRESENTATION('',(#2549),#2553);
#2549 = LINE('',#2550,#2551);
#2550 = CARTESIAN_POINT('',(-0.,0.));
#2551 = VECTOR('',#2552,1.);
#2552 = DIRECTION('',(-0.,-1.));
#2553 = ( GEOMETRIC_REPRESENTATION_CONTEXT(2) 
PARAMETRIC_REPRESENTATION_CONTEXT() REPRESENTATION_CONTEXT('2D SPACE',''
  ) );
#2554 = PCURVE('',#2521,#2555);
#2555 = DEFINITIONAL_REPRESENTATION('',(#2556),#2560);
#2556 = LINE('',#2557,#2558);
#2557 = CARTESIAN_POINT('',(-6.28318530718,0.));
#2558 = VECTOR('',#2559,1.);
#2559 = DIRECTION('',(-0.,-1.));
#2560 = ( GEOMETRIC_REPRESENTATION_CONTEXT(2) 
PARAMETRIC_REPRESENTATION_CONTEXT() REPRESENTATION_CONTEXT('2D SPACE',''
  ) );
#2561 = ORIENTED_EDGE('',*,*,#2562,.T.);
#2562 = EDGE_CURVE('',#2540,#2540,#2563,.T.);
#2563 = SURFACE_CURVE('',#2564,(#2569,#2576),.PCURVE_S1.);
#2564 = CIRCLE('',#2565,4.);
#2565 = AXIS2_PLACEMENT_3D('',#2566,#2567,#2568);
#2566 = CARTESIAN_POINT('',(-18.,-19.,50.4));
#2567 = DIRECTION('',(0.,0.,1.));
#2568 = DIRECTION('',(1.,0.,0.));
#2569 = PCURVE('',#2521,#2570);
#2570 = DEFINITIONAL_REPRESENTATION('',(#2571),#2575);
#2571 = LINE('',#2572,#2573);
#2572 = CARTESIAN_POINT('',(-0.,-1.));
#2573 = VECTOR('',#2574,1.);
#2574 = DIRECTION('',(-1.,0.));
#2575 = ( GEOMETRIC_REPRESENTATION_CONTEXT(2) 
PARAMETRIC_REPRESENTATION_CONTEXT() REPRESENTATION_CONTEXT('2D SPACE',''
  ) );
#2576 = PCURVE('',#2577,#2582);
#2577 = PLANE('',#2578);
#2578 = AXIS2_PLACEMENT_3D('',#2579,#2580,#2581);
#2579 = CARTESIAN_POINT('',(-18.,-19.,50.4));
#2580 = DIRECTION('',(0.,0.,1.));
#2581 = DIRECTION('',(1.,0.,-0.));
#2582 = DEFINITIONAL_REPRESENTATION('',(#2583),#2587);
#2583 = CIRCLE('',#2584,4.);
#2584 = AXIS2_PLACEMENT_2D('',#2585,#2586);
#2585 = CARTESIAN_POINT('',(0.,0.));
#2586 = DIRECTION('',(1.,0.));
#2587 = ( GEOMETRIC_REPRESENTATION_CONTEXT(2) 
PARAMETRIC_REPRESENTATION_CONTEXT() REPRESENTATION_CONTEXT('2D SPACE',''
  ) );
#2588 = ORIENTED_EDGE('',*,*,#2539,.F.);
#2589 = ORIENTED_EDGE('',*,*,#2504,.F.);
#2590 = ADVANCED_FACE('',(#2591),#2577,.T.);
#2591 = FACE_BOUND('',#2592,.T.);
#2592 = EDGE_LOOP('',(#2593));
#2593 = ORIENTED_EDGE('',*,*,#2562,.T.);
#2594 = ( GEOMETRIC_REPRESENTATION_CONTEXT(3) 
GLOBAL_UNCERTAINTY_ASSIGNED_CONTEXT((#2598)) 
GLOBAL_UNIT_ASSIGNED_CONTEXT((#2595,#2596,#2597)) REPRESENTATION_CONTEXT
('Context #1','3D Context with UNIT and UNCERTAINTY') );
#2595 = ( LENGTH_UNIT() NAMED_UNIT(*) SI_UNIT(.MILLI.,.METRE.) );
#2596 = ( NAMED_UNIT(*) PLANE_ANGLE_UNIT() SI_UNIT($,.RADIAN.) );
#2597 = ( NAMED_UNIT(*) SI_UNIT($,.STERADIAN.) SOLID_ANGLE_UNIT() );
#2598 = UNCERTAINTY_MEASURE_WITH_UNIT(LENGTH_MEASURE(1.E-07),#2595,
  'distance_accuracy_value','confusion accuracy');
#2599 = CONTEXT_DEPENDENT_SHAPE_REPRESENTATION(#2600,#2602);
#2600 = ( REPRESENTATION_RELATIONSHIP('','',#2401,#10) 
REPRESENTATION_RELATIONSHIP_WITH_TRANSFORMATION(#2601) 
SHAPE_REPRESENTATION_RELATIONSHIP() );
#2601 = ITEM_DEFINED_TRANSFORMATION('','',#11,#59);
#2602 = PRODUCT_DEFINITION_SHAPE('Placement','Placement of an item',
  #2603);
#2603 = NEXT_ASSEMBLY_USAGE_OCCURRENCE('12','button_plunger','',#5,#2396
  ,$);
#2604 = PRODUCT_RELATED_PRODUCT_CATEGORY('part',$,(#2398));
#2605 = SHAPE_DEFINITION_REPRESENTATION(#2606,#2612);
#2606 = PRODUCT_DEFINITION_SHAPE('','',#2607);
#2607 = PRODUCT_DEFINITION('design','',#2608,#2611);
#2608 = PRODUCT_DEFINITION_FORMATION('','',#2609);
#2609 = PRODUCT('button_retainer','button_retainer','',(#2610));
#2610 = PRODUCT_CONTEXT('',#2,'mechanical');
#2611 = PRODUCT_DEFINITION_CONTEXT('part definition',#2,'design');
#2612 = ADVANCED_BREP_SHAPE_REPRESENTATION('',(#11,#2613),#4625);
#2613 = MANIFOLD_SOLID_BREP('',#2614);
#2614 = CLOSED_SHELL('',(#2615,#2737,#3062,#3114,#3376,#3401,#3444,#3469
    ,#3494,#3501,#3508,#3739,#3767,#3840,#3866,#4013,#4131,#4179,#4259,
    #4285,#4403,#4451,#4531,#4557,#4564,#4591,#4598));
#2615 = ADVANCED_FACE('',(#2616),#2631,.T.);
#2616 = FACE_BOUND('',#2617,.F.);
#2617 = EDGE_LOOP('',(#2618,#2654,#2680,#2713));
#2618 = ORIENTED_EDGE('',*,*,#2619,.F.);
#2619 = EDGE_CURVE('',#2620,#2622,#2624,.T.);
#2620 = VERTEX_POINT('',#2621);
#2621 = CARTESIAN_POINT('',(-16.08341891901,-29.3236,49.2));
#2622 = VERTEX_POINT('',#2623);
#2623 = CARTESIAN_POINT('',(-7.607916666667,-20.50153388008,49.2));
#2624 = SURFACE_CURVE('',#2625,(#2630,#2642),.PCURVE_S1.);
#2625 = CIRCLE('',#2626,10.5);
#2626 = AXIS2_PLACEMENT_3D('',#2627,#2628,#2629);
#2627 = CARTESIAN_POINT('',(-18.,-19.,49.2));
#2628 = DIRECTION('',(0.,0.,1.));
#2629 = DIRECTION('',(0.182531531523,-0.9832,0.));
#2630 = PCURVE('',#2631,#2636);
#2631 = CYLINDRICAL_SURFACE('',#2632,10.5);
#2632 = AXIS2_PLACEMENT_3D('',#2633,#2634,#2635);
#2633 = CARTESIAN_POINT('',(-18.,-19.,49.2));
#2634 = DIRECTION('',(-0.,-0.,-1.));
#2635 = DIRECTION('',(1.,0.,0.));
#2636 = DEFINITIONAL_REPRESENTATION('',(#2637),#2641);
#2637 = LINE('',#2638,#2639);
#2638 = CARTESIAN_POINT('',(-4.89594960734,0.));
#2639 = VECTOR('',#2640,1.);
#2640 = DIRECTION('',(-1.,0.));
#2641 = ( GEOMETRIC_REPRESENTATION_CONTEXT(2) 
PARAMETRIC_REPRESENTATION_CONTEXT() REPRESENTATION_CONTEXT('2D SPACE',''
  ) );
#2642 = PCURVE('',#2643,#2648);
#2643 = PLANE('',#2644);
#2644 = AXIS2_PLACEMENT_3D('',#2645,#2646,#2647);
#2645 = CARTESIAN_POINT('',(-18.,-19.,49.2));
#2646 = DIRECTION('',(0.,0.,1.));
#2647 = DIRECTION('',(1.,0.,-0.));
#2648 = DEFINITIONAL_REPRESENTATION('',(#2649),#2653);
#2649 = CIRCLE('',#2650,10.5);
#2650 = AXIS2_PLACEMENT_2D('',#2651,#2652);
#2651 = CARTESIAN_POINT('',(0.,0.));
#2652 = DIRECTION('',(0.182531531523,-0.9832));
#2653 = ( GEOMETRIC_REPRESENTATION_CONTEXT(2) 
PARAMETRIC_REPRESENTATION_CONTEXT() REPRESENTATION_CONTEXT('2D SPACE',''
  ) );
#2654 = ORIENTED_EDGE('',*,*,#2655,.F.);
#2655 = EDGE_CURVE('',#2656,#2620,#2658,.T.);
#2656 = VERTEX_POINT('',#2657);
#2657 = CARTESIAN_POINT('',(-16.08341891901,-29.3236,50.4));
#2658 = SURFACE_CURVE('',#2659,(#2663,#2669),.PCURVE_S1.);
#2659 = LINE('',#2660,#2661);
#2660 = CARTESIAN_POINT('',(-16.08341891901,-29.3236,49.2));
#2661 = VECTOR('',#2662,1.);
#2662 = DIRECTION('',(-0.,-0.,-1.));
#2663 = PCURVE('',#2631,#2664);
#2664 = DEFINITIONAL_REPRESENTATION('',(#2665),#2668);
#2665 = B_SPLINE_CURVE_WITH_KNOTS('',1,(#2666,#2667),.UNSPECIFIED.,.F.,
  .F.,(2,2),(-1.2,-0.),.PIECEWISE_BEZIER_KNOTS.);
#2666 = CARTESIAN_POINT('',(-4.89594960734,-1.2));
#2667 = CARTESIAN_POINT('',(-4.89594960734,0.));
#2668 = ( GEOMETRIC_REPRESENTATION_CONTEXT(2) 
PARAMETRIC_REPRESENTATION_CONTEXT() REPRESENTATION_CONTEXT('2D SPACE',''
  ) );
#2669 = PCURVE('',#2670,#2675);
#2670 = CYLINDRICAL_SURFACE('',#2671,2.9);
#2671 = AXIS2_PLACEMENT_3D('',#2672,#2673,#2674);
#2672 = CARTESIAN_POINT('',(-18.,-31.5,48.));
#2673 = DIRECTION('',(-0.,-0.,-1.));
#2674 = DIRECTION('',(1.,0.,0.));
#2675 = DEFINITIONAL_REPRESENTATION('',(#2676),#2679);
#2676 = B_SPLINE_CURVE_WITH_KNOTS('',1,(#2677,#2678),.UNSPECIFIED.,.F.,
  .F.,(2,2),(-1.2000006,5.999999999062E-07),.PIECEWISE_BEZIER_KNOTS.);
#2677 = CARTESIAN_POINT('',(-0.848792243739,-2.4000006));
#2678 = CARTESIAN_POINT('',(-0.848792243739,-1.1999994));
#2679 = ( GEOMETRIC_REPRESENTATION_CONTEXT(2) 
PARAMETRIC_REPRESENTATION_CONTEXT() REPRESENTATION_CONTEXT('2D SPACE',''
  ) );
#2680 = ORIENTED_EDGE('',*,*,#2681,.F.);
#2681 = EDGE_CURVE('',#2682,#2656,#2684,.T.);
#2682 = VERTEX_POINT('',#2683);
#2683 = CARTESIAN_POINT('',(-7.607916666667,-20.50153388008,50.4));
#2684 = SURFACE_CURVE('',#2685,(#2690,#2697),.PCURVE_S1.);
#2685 = CIRCLE('',#2686,10.5);
#2686 = AXIS2_PLACEMENT_3D('',#2687,#2688,#2689);
#2687 = CARTESIAN_POINT('',(-18.,-19.,50.4));
#2688 = DIRECTION('',(-0.,0.,-1.));
#2689 = DIRECTION('',(-0.182531531523,-0.9832,0.));
#2690 = PCURVE('',#2631,#2691);
#2691 = DEFINITIONAL_REPRESENTATION('',(#2692),#2696);
#2692 = LINE('',#2693,#2694);
#2693 = CARTESIAN_POINT('',(-10.8120136606,-1.2));
#2694 = VECTOR('',#2695,1.);
#2695 = DIRECTION('',(1.,-0.));
#2696 = ( GEOMETRIC_REPRESENTATION_CONTEXT(2) 
PARAMETRIC_REPRESENTATION_CONTEXT() REPRESENTATION_CONTEXT('2D SPACE',''
  ) );
#2697 = PCURVE('',#2698,#2703);
#2698 = PLANE('',#2699);
#2699 = AXIS2_PLACEMENT_3D('',#2700,#2701,#2702);
#2700 = CARTESIAN_POINT('',(-18.,-19.,50.4));
#2701 = DIRECTION('',(0.,0.,1.));
#2702 = DIRECTION('',(1.,0.,-0.));
#2703 = DEFINITIONAL_REPRESENTATION('',(#2704),#2712);
#2704 = ( BOUNDED_CURVE() B_SPLINE_CURVE(2,(#2705,#2706,#2707,#2708,
#2709,#2710,#2711),.UNSPECIFIED.,.T.,.F.) B_SPLINE_CURVE_WITH_KNOTS((1,2
    ,2,2,2,1),(-2.094395102393,0.,2.094395102393,4.188790204786,
6.28318530718,8.377580409573),.UNSPECIFIED.) CURVE() 
GEOMETRIC_REPRESENTATION_ITEM() RATIONAL_B_SPLINE_CURVE((1.,0.5,1.,0.5,
1.,0.5,1.)) REPRESENTATION_ITEM('') );
#2705 = CARTESIAN_POINT('',(-1.916581080988,-10.3236));
#2706 = CARTESIAN_POINT('',(-19.797580798,-7.003984190904));
#2707 = CARTESIAN_POINT('',(-7.982209318015,6.821607904548));
#2708 = CARTESIAN_POINT('',(3.833162161975,20.6472));
#2709 = CARTESIAN_POINT('',(9.898790399003,3.501992095452));
#2710 = CARTESIAN_POINT('',(15.96441863603,-13.64321580909));
#2711 = CARTESIAN_POINT('',(-1.916581080988,-10.3236));
#2712 = ( GEOMETRIC_REPRESENTATION_CONTEXT(2) 
PARAMETRIC_REPRESENTATION_CONTEXT() REPRESENTATION_CONTEXT('2D SPACE',''
  ) );
#2713 = ORIENTED_EDGE('',*,*,#2714,.T.);
#2714 = EDGE_CURVE('',#2682,#2622,#2715,.T.);
#2715 = SURFACE_CURVE('',#2716,(#2720,#2726),.PCURVE_S1.);
#2716 = LINE('',#2717,#2718);
#2717 = CARTESIAN_POINT('',(-7.607916666667,-20.50153388008,49.2));
#2718 = VECTOR('',#2719,1.);
#2719 = DIRECTION('',(-0.,-0.,-1.));
#2720 = PCURVE('',#2631,#2721);
#2721 = DEFINITIONAL_REPRESENTATION('',(#2722),#2725);
#2722 = B_SPLINE_CURVE_WITH_KNOTS('',1,(#2723,#2724),.UNSPECIFIED.,.F.,
  .F.,(2,2),(-1.2000006,5.999999999062E-07),.PIECEWISE_BEZIER_KNOTS.);
#2723 = CARTESIAN_POINT('',(-6.139690139021,-1.2000006));
#2724 = CARTESIAN_POINT('',(-6.139690139021,5.999999999062E-07));
#2725 = ( GEOMETRIC_REPRESENTATION_CONTEXT(2) 
PARAMETRIC_REPRESENTATION_CONTEXT() REPRESENTATION_CONTEXT('2D SPACE',''
  ) );
#2726 = PCURVE('',#2727,#2732);
#2727 = CYLINDRICAL_SURFACE('',#2728,2.2);
#2728 = AXIS2_PLACEMENT_3D('',#2729,#2730,#2731);
#2729 = CARTESIAN_POINT('',(-6.,-19.,46.7));
#2730 = DIRECTION('',(-0.,-0.,-1.));
#2731 = DIRECTION('',(1.,0.,0.));
#2732 = DEFINITIONAL_REPRESENTATION('',(#2733),#2736);
#2733 = B_SPLINE_CURVE_WITH_KNOTS('',1,(#2734,#2735),.UNSPECIFIED.,.F.,
  .F.,(2,2),(-1.2000006,5.999999999062E-07),.PIECEWISE_BEZIER_KNOTS.);
#2734 = CARTESIAN_POINT('',(-3.892791428154,-3.7000006));
#2735 = CARTESIAN_POINT('',(-3.892791428154,-2.4999994));
#2736 = ( GEOMETRIC_REPRESENTATION_CONTEXT(2) 
PARAMETRIC_REPRESENTATION_CONTEXT() REPRESENTATION_CONTEXT('2D SPACE',''
  ) );
#2737 = ADVANCED_FACE('',(#2738,#2944),#2643,.F.);
#2738 = FACE_BOUND('',#2739,.F.);
#2739 = EDGE_LOOP('',(#2740,#2771,#2800,#2826,#2827,#2855,#2884,#2917));
#2740 = ORIENTED_EDGE('',*,*,#2741,.F.);
#2741 = EDGE_CURVE('',#2742,#2744,#2746,.T.);
#2742 = VERTEX_POINT('',#2743);
#2743 = CARTESIAN_POINT('',(-27.51863844714,-14.56767305893,49.2));
#2744 = VERTEX_POINT('',#2745);
#2745 = CARTESIAN_POINT('',(-24.41367862602,-10.68647328253,49.2));
#2746 = SURFACE_CURVE('',#2747,(#2752,#2759),.PCURVE_S1.);
#2747 = CIRCLE('',#2748,3.6);
#2748 = AXIS2_PLACEMENT_3D('',#2749,#2750,#2751);
#2749 = CARTESIAN_POINT('',(-28.,-11.,49.2));
#2750 = DIRECTION('',(-0.,0.,1.));
#2751 = DIRECTION('',(0.133711542459,-0.991020294148,0.));
#2752 = PCURVE('',#2643,#2753);
#2753 = DEFINITIONAL_REPRESENTATION('',(#2754),#2758);
#2754 = CIRCLE('',#2755,3.6);
#2755 = AXIS2_PLACEMENT_2D('',#2756,#2757);
#2756 = CARTESIAN_POINT('',(-10.,8.));
#2757 = DIRECTION('',(0.133711542459,-0.991020294148));
#2758 = ( GEOMETRIC_REPRESENTATION_CONTEXT(2) 
PARAMETRIC_REPRESENTATION_CONTEXT() REPRESENTATION_CONTEXT('2D SPACE',''
  ) );
#2759 = PCURVE('',#2760,#2765);
#2760 = CYLINDRICAL_SURFACE('',#2761,3.6);
#2761 = AXIS2_PLACEMENT_3D('',#2762,#2763,#2764);
#2762 = CARTESIAN_POINT('',(-28.,-11.,46.7));
#2763 = DIRECTION('',(-0.,-0.,-1.));
#2764 = DIRECTION('',(1.,0.,0.));
#2765 = DEFINITIONAL_REPRESENTATION('',(#2766),#2770);
#2766 = LINE('',#2767,#2768);
#2767 = CARTESIAN_POINT('',(-4.846502196085,-2.5));
#2768 = VECTOR('',#2769,1.);
#2769 = DIRECTION('',(-1.,-0.));
#2770 = ( GEOMETRIC_REPRESENTATION_CONTEXT(2) 
PARAMETRIC_REPRESENTATION_CONTEXT() REPRESENTATION_CONTEXT('2D SPACE',''
  ) );
#2771 = ORIENTED_EDGE('',*,*,#2772,.T.);
#2772 = EDGE_CURVE('',#2742,#2773,#2775,.T.);
#2773 = VERTEX_POINT('',#2774);
#2774 = CARTESIAN_POINT('',(-19.91658108098,-29.3236,49.2));
#2775 = SURFACE_CURVE('',#2776,(#2781,#2788),.PCURVE_S1.);
#2776 = CIRCLE('',#2777,10.5);
#2777 = AXIS2_PLACEMENT_3D('',#2778,#2779,#2780);
#2778 = CARTESIAN_POINT('',(-18.,-19.,49.2));
#2779 = DIRECTION('',(0.,0.,1.));
#2780 = DIRECTION('',(0.182531531523,-0.9832,0.));
#2781 = PCURVE('',#2643,#2782);
#2782 = DEFINITIONAL_REPRESENTATION('',(#2783),#2787);
#2783 = CIRCLE('',#2784,10.5);
#2784 = AXIS2_PLACEMENT_2D('',#2785,#2786);
#2785 = CARTESIAN_POINT('',(0.,0.));
#2786 = DIRECTION('',(0.182531531523,-0.9832));
#2787 = ( GEOMETRIC_REPRESENTATION_CONTEXT(2) 
PARAMETRIC_REPRESENTATION_CONTEXT() REPRESENTATION_CONTEXT('2D SPACE',''
  ) );
#2788 = PCURVE('',#2789,#2794);
#2789 = CYLINDRICAL_SURFACE('',#2790,10.5);
#2790 = AXIS2_PLACEMENT_3D('',#2791,#2792,#2793);
#2791 = CARTESIAN_POINT('',(-18.,-19.,49.2));
#2792 = DIRECTION('',(-0.,-0.,-1.));
#2793 = DIRECTION('',(1.,0.,0.));
#2794 = DEFINITIONAL_REPRESENTATION('',(#2795),#2799);
#2795 = LINE('',#2796,#2797);
#2796 = CARTESIAN_POINT('',(-4.89594960734,0.));
#2797 = VECTOR('',#2798,1.);
#2798 = DIRECTION('',(-1.,0.));
#2799 = ( GEOMETRIC_REPRESENTATION_CONTEXT(2) 
PARAMETRIC_REPRESENTATION_CONTEXT() REPRESENTATION_CONTEXT('2D SPACE',''
  ) );
#2800 = ORIENTED_EDGE('',*,*,#2801,.T.);
#2801 = EDGE_CURVE('',#2773,#2620,#2802,.T.);
#2802 = SURFACE_CURVE('',#2803,(#2808,#2819),.PCURVE_S1.);
#2803 = CIRCLE('',#2804,2.9);
#2804 = AXIS2_PLACEMENT_3D('',#2805,#2806,#2807);
#2805 = CARTESIAN_POINT('',(-18.,-31.5,49.2));
#2806 = DIRECTION('',(0.,0.,-1.));
#2807 = DIRECTION('',(1.,0.,0.));
#2808 = PCURVE('',#2643,#2809);
#2809 = DEFINITIONAL_REPRESENTATION('',(#2810),#2818);
#2810 = ( BOUNDED_CURVE() B_SPLINE_CURVE(2,(#2811,#2812,#2813,#2814,
#2815,#2816,#2817),.UNSPECIFIED.,.T.,.F.) B_SPLINE_CURVE_WITH_KNOTS((1,2
    ,2,2,2,1),(-2.094395102393,0.,2.094395102393,4.188790204786,
6.28318530718,8.377580409573),.UNSPECIFIED.) CURVE() 
GEOMETRIC_REPRESENTATION_ITEM() RATIONAL_B_SPLINE_CURVE((1.,0.5,1.,0.5,
1.,0.5,1.)) REPRESENTATION_ITEM('') );
#2811 = CARTESIAN_POINT('',(2.9,-12.5));
#2812 = CARTESIAN_POINT('',(2.9,-17.52294734195));
#2813 = CARTESIAN_POINT('',(-1.45,-15.01147367097));
#2814 = CARTESIAN_POINT('',(-5.8,-12.5));
#2815 = CARTESIAN_POINT('',(-1.45,-9.988526329025));
#2816 = CARTESIAN_POINT('',(2.9,-7.47705265805));
#2817 = CARTESIAN_POINT('',(2.9,-12.5));
#2818 = ( GEOMETRIC_REPRESENTATION_CONTEXT(2) 
PARAMETRIC_REPRESENTATION_CONTEXT() REPRESENTATION_CONTEXT('2D SPACE',''
  ) );
#2819 = PCURVE('',#2670,#2820);
#2820 = DEFINITIONAL_REPRESENTATION('',(#2821),#2825);
#2821 = LINE('',#2822,#2823);
#2822 = CARTESIAN_POINT('',(-6.28318530718,-1.2));
#2823 = VECTOR('',#2824,1.);
#2824 = DIRECTION('',(1.,-0.));
#2825 = ( GEOMETRIC_REPRESENTATION_CONTEXT(2) 
PARAMETRIC_REPRESENTATION_CONTEXT() REPRESENTATION_CONTEXT('2D SPACE',''
  ) );
#2826 = ORIENTED_EDGE('',*,*,#2619,.T.);
#2827 = ORIENTED_EDGE('',*,*,#2828,.T.);
#2828 = EDGE_CURVE('',#2622,#2829,#2831,.T.);
#2829 = VERTEX_POINT('',#2830);
#2830 = CARTESIAN_POINT('',(-7.607916666667,-17.49846611991,49.2));
#2831 = SURFACE_CURVE('',#2832,(#2837,#2848),.PCURVE_S1.);
#2832 = CIRCLE('',#2833,2.2);
#2833 = AXIS2_PLACEMENT_3D('',#2834,#2835,#2836);
#2834 = CARTESIAN_POINT('',(-6.,-19.,49.2));
#2835 = DIRECTION('',(0.,0.,-1.));
#2836 = DIRECTION('',(1.,0.,0.));
#2837 = PCURVE('',#2643,#2838);
#2838 = DEFINITIONAL_REPRESENTATION('',(#2839),#2847);
#2839 = ( BOUNDED_CURVE() B_SPLINE_CURVE(2,(#2840,#2841,#2842,#2843,
#2844,#2845,#2846),.UNSPECIFIED.,.T.,.F.) B_SPLINE_CURVE_WITH_KNOTS((1,2
    ,2,2,2,1),(-2.094395102393,0.,2.094395102393,4.188790204786,
6.28318530718,8.377580409573),.UNSPECIFIED.) CURVE() 
GEOMETRIC_REPRESENTATION_ITEM() RATIONAL_B_SPLINE_CURVE((1.,0.5,1.,0.5,
1.,0.5,1.)) REPRESENTATION_ITEM('') );
#2840 = CARTESIAN_POINT('',(14.2,0.));
#2841 = CARTESIAN_POINT('',(14.2,-3.810511776652));
#2842 = CARTESIAN_POINT('',(10.9,-1.905255888326));
#2843 = CARTESIAN_POINT('',(7.6,-5.388445916248E-16));
#2844 = CARTESIAN_POINT('',(10.9,1.905255888326));
#2845 = CARTESIAN_POINT('',(14.2,3.810511776652));
#2846 = CARTESIAN_POINT('',(14.2,0.));
#2847 = ( GEOMETRIC_REPRESENTATION_CONTEXT(2) 
PARAMETRIC_REPRESENTATION_CONTEXT() REPRESENTATION_CONTEXT('2D SPACE',''
  ) );
#2848 = PCURVE('',#2727,#2849);
#2849 = DEFINITIONAL_REPRESENTATION('',(#2850),#2854);
#2850 = LINE('',#2851,#2852);
#2851 = CARTESIAN_POINT('',(-6.28318530718,-2.5));
#2852 = VECTOR('',#2853,1.);
#2853 = DIRECTION('',(1.,-0.));
#2854 = ( GEOMETRIC_REPRESENTATION_CONTEXT(2) 
PARAMETRIC_REPRESENTATION_CONTEXT() REPRESENTATION_CONTEXT('2D SPACE',''
  ) );
#2855 = ORIENTED_EDGE('',*,*,#2856,.T.);
#2856 = EDGE_CURVE('',#2829,#2857,#2859,.T.);
#2857 = VERTEX_POINT('',#2858);
#2858 = CARTESIAN_POINT('',(-16.08341891901,-8.6764,49.2));
#2859 = SURFACE_CURVE('',#2860,(#2865,#2872),.PCURVE_S1.);
#2860 = CIRCLE('',#2861,10.5);
#2861 = AXIS2_PLACEMENT_3D('',#2862,#2863,#2864);
#2862 = CARTESIAN_POINT('',(-18.,-19.,49.2));
#2863 = DIRECTION('',(0.,0.,1.));
#2864 = DIRECTION('',(0.182531531523,-0.9832,0.));
#2865 = PCURVE('',#2643,#2866);
#2866 = DEFINITIONAL_REPRESENTATION('',(#2867),#2871);
#2867 = CIRCLE('',#2868,10.5);
#2868 = AXIS2_PLACEMENT_2D('',#2869,#2870);
#2869 = CARTESIAN_POINT('',(0.,0.));
#2870 = DIRECTION('',(0.182531531523,-0.9832));
#2871 = ( GEOMETRIC_REPRESENTATION_CONTEXT(2) 
PARAMETRIC_REPRESENTATION_CONTEXT() REPRESENTATION_CONTEXT('2D SPACE',''
  ) );
#2872 = PCURVE('',#2873,#2878);
#2873 = CYLINDRICAL_SURFACE('',#2874,10.5);
#2874 = AXIS2_PLACEMENT_3D('',#2875,#2876,#2877);
#2875 = CARTESIAN_POINT('',(-18.,-19.,49.2));
#2876 = DIRECTION('',(-0.,-0.,-1.));
#2877 = DIRECTION('',(1.,0.,0.));
#2878 = DEFINITIONAL_REPRESENTATION('',(#2879),#2883);
#2879 = LINE('',#2880,#2881);
#2880 = CARTESIAN_POINT('',(-4.89594960734,0.));
#2881 = VECTOR('',#2882,1.);
#2882 = DIRECTION('',(-1.,0.));
#2883 = ( GEOMETRIC_REPRESENTATION_CONTEXT(2) 
PARAMETRIC_REPRESENTATION_CONTEXT() REPRESENTATION_CONTEXT('2D SPACE',''
  ) );
#2884 = ORIENTED_EDGE('',*,*,#2885,.T.);
#2885 = EDGE_CURVE('',#2857,#2886,#2888,.T.);
#2886 = VERTEX_POINT('',#2887);
#2887 = CARTESIAN_POINT('',(-19.91658108098,-8.6764,49.2));
#2888 = SURFACE_CURVE('',#2889,(#2894,#2905),.PCURVE_S1.);
#2889 = CIRCLE('',#2890,2.9);
#2890 = AXIS2_PLACEMENT_3D('',#2891,#2892,#2893);
#2891 = CARTESIAN_POINT('',(-18.,-6.5,49.2));
#2892 = DIRECTION('',(0.,0.,-1.));
#2893 = DIRECTION('',(1.,0.,0.));
#2894 = PCURVE('',#2643,#2895);
#2895 = DEFINITIONAL_REPRESENTATION('',(#2896),#2904);
#2896 = ( BOUNDED_CURVE() B_SPLINE_CURVE(2,(#2897,#2898,#2899,#2900,
#2901,#2902,#2903),.UNSPECIFIED.,.T.,.F.) B_SPLINE_CURVE_WITH_KNOTS((1,2
    ,2,2,2,1),(-2.094395102393,0.,2.094395102393,4.188790204786,
6.28318530718,8.377580409573),.UNSPECIFIED.) CURVE() 
GEOMETRIC_REPRESENTATION_ITEM() RATIONAL_B_SPLINE_CURVE((1.,0.5,1.,0.5,
1.,0.5,1.)) REPRESENTATION_ITEM('') );
#2897 = CARTESIAN_POINT('',(2.9,12.5));
#2898 = CARTESIAN_POINT('',(2.9,7.47705265805));
#2899 = CARTESIAN_POINT('',(-1.45,9.988526329025));
#2900 = CARTESIAN_POINT('',(-5.8,12.5));
#2901 = CARTESIAN_POINT('',(-1.45,15.011473670975));
#2902 = CARTESIAN_POINT('',(2.9,17.52294734195));
#2903 = CARTESIAN_POINT('',(2.9,12.5));
#2904 = ( GEOMETRIC_REPRESENTATION_CONTEXT(2) 
PARAMETRIC_REPRESENTATION_CONTEXT() REPRESENTATION_CONTEXT('2D SPACE',''
  ) );
#2905 = PCURVE('',#2906,#2911);
#2906 = CYLINDRICAL_SURFACE('',#2907,2.9);
#2907 = AXIS2_PLACEMENT_3D('',#2908,#2909,#2910);
#2908 = CARTESIAN_POINT('',(-18.,-6.5,48.));
#2909 = DIRECTION('',(-0.,-0.,-1.));
#2910 = DIRECTION('',(1.,0.,0.));
#2911 = DEFINITIONAL_REPRESENTATION('',(#2912),#2916);
#2912 = LINE('',#2913,#2914);
#2913 = CARTESIAN_POINT('',(-6.28318530718,-1.2));
#2914 = VECTOR('',#2915,1.);
#2915 = DIRECTION('',(1.,-0.));
#2916 = ( GEOMETRIC_REPRESENTATION_CONTEXT(2) 
PARAMETRIC_REPRESENTATION_CONTEXT() REPRESENTATION_CONTEXT('2D SPACE',''
  ) );
#2917 = ORIENTED_EDGE('',*,*,#2918,.T.);
#2918 = EDGE_CURVE('',#2886,#2744,#2919,.T.);
#2919 = SURFACE_CURVE('',#2920,(#2925,#2932),.PCURVE_S1.);
#2920 = CIRCLE('',#2921,10.5);
#2921 = AXIS2_PLACEMENT_3D('',#2922,#2923,#2924);
#2922 = CARTESIAN_POINT('',(-18.,-19.,49.2));
#2923 = DIRECTION('',(0.,0.,1.));
#2924 = DIRECTION('',(0.182531531523,-0.9832,0.));
#2925 = PCURVE('',#2643,#2926);
#2926 = DEFINITIONAL_REPRESENTATION('',(#2927),#2931);
#2927 = CIRCLE('',#2928,10.5);
#2928 = AXIS2_PLACEMENT_2D('',#2929,#2930);
#2929 = CARTESIAN_POINT('',(0.,0.));
#2930 = DIRECTION('',(0.182531531523,-0.9832));
#2931 = ( GEOMETRIC_REPRESENTATION_CONTEXT(2) 
PARAMETRIC_REPRESENTATION_CONTEXT() REPRESENTATION_CONTEXT('2D SPACE',''
  ) );
#2932 = PCURVE('',#2933,#2938);
#2933 = CYLINDRICAL_SURFACE('',#2934,10.5);
#2934 = AXIS2_PLACEMENT_3D('',#2935,#2936,#2937);
#2935 = CARTESIAN_POINT('',(-18.,-19.,49.2));
#2936 = DIRECTION('',(-0.,-0.,-1.));
#2937 = DIRECTION('',(1.,0.,0.));
#2938 = DEFINITIONAL_REPRESENTATION('',(#2939),#2943);
#2939 = LINE('',#2940,#2941);
#2940 = CARTESIAN_POINT('',(-4.89594960734,0.));
#2941 = VECTOR('',#2942,1.);
#2942 = DIRECTION('',(-1.,0.));
#2943 = ( GEOMETRIC_REPRESENTATION_CONTEXT(2) 
PARAMETRIC_REPRESENTATION_CONTEXT() REPRESENTATION_CONTEXT('2D SPACE',''
  ) );
#2944 = FACE_BOUND('',#2945,.F.);
#2945 = EDGE_LOOP('',(#2946,#2977,#3006,#3035));
#2946 = ORIENTED_EDGE('',*,*,#2947,.F.);
#2947 = EDGE_CURVE('',#2948,#2950,#2952,.T.);
#2948 = VERTEX_POINT('',#2949);
#2949 = CARTESIAN_POINT('',(-17.26042241786,-23.945,49.2));
#2950 = VERTEX_POINT('',#2951);
#2951 = CARTESIAN_POINT('',(-17.26042241786,-14.055,49.2));
#2952 = SURFACE_CURVE('',#2953,(#2958,#2965),.PCURVE_S1.);
#2953 = CIRCLE('',#2954,5.);
#2954 = AXIS2_PLACEMENT_3D('',#2955,#2956,#2957);
#2955 = CARTESIAN_POINT('',(-18.,-19.,49.2));
#2956 = DIRECTION('',(0.,0.,1.));
#2957 = DIRECTION('',(0.147915516427,-0.989,0.));
#2958 = PCURVE('',#2643,#2959);
#2959 = DEFINITIONAL_REPRESENTATION('',(#2960),#2964);
#2960 = CIRCLE('',#2961,5.);
#2961 = AXIS2_PLACEMENT_2D('',#2962,#2963);
#2962 = CARTESIAN_POINT('',(0.,0.));
#2963 = DIRECTION('',(0.147915516427,-0.989));
#2964 = ( GEOMETRIC_REPRESENTATION_CONTEXT(2) 
PARAMETRIC_REPRESENTATION_CONTEXT() REPRESENTATION_CONTEXT('2D SPACE',''
  ) );
#2965 = PCURVE('',#2966,#2971);
#2966 = CYLINDRICAL_SURFACE('',#2967,5.);
#2967 = AXIS2_PLACEMENT_3D('',#2968,#2969,#2970);
#2968 = CARTESIAN_POINT('',(-18.,-19.,49.1));
#2969 = DIRECTION('',(-0.,-0.,-1.));
#2970 = DIRECTION('',(1.,0.,0.));
#2971 = DEFINITIONAL_REPRESENTATION('',(#2972),#2976);
#2972 = LINE('',#2973,#2974);
#2973 = CARTESIAN_POINT('',(-4.860849251381,-9.999999999999E-02));
#2974 = VECTOR('',#2975,1.);
#2975 = DIRECTION('',(-1.,-0.));
#2976 = ( GEOMETRIC_REPRESENTATION_CONTEXT(2) 
PARAMETRIC_REPRESENTATION_CONTEXT() REPRESENTATION_CONTEXT('2D SPACE',''
  ) );
#2977 = ORIENTED_EDGE('',*,*,#2978,.F.);
#2978 = EDGE_CURVE('',#2979,#2948,#2981,.T.);
#2979 = VERTEX_POINT('',#2980);
#2980 = CARTESIAN_POINT('',(-18.73957758213,-23.945,49.2));
#2981 = SURFACE_CURVE('',#2982,(#2987,#2994),.PCURVE_S1.);
#2982 = CIRCLE('',#2983,1.5);
#2983 = AXIS2_PLACEMENT_3D('',#2984,#2985,#2986);
#2984 = CARTESIAN_POINT('',(-18.,-25.25,49.2));
#2985 = DIRECTION('',(0.,0.,1.));
#2986 = DIRECTION('',(-0.493051721425,0.87,0.));
#2987 = PCURVE('',#2643,#2988);
#2988 = DEFINITIONAL_REPRESENTATION('',(#2989),#2993);
#2989 = CIRCLE('',#2990,1.5);
#2990 = AXIS2_PLACEMENT_2D('',#2991,#2992);
#2991 = CARTESIAN_POINT('',(0.,-6.25));
#2992 = DIRECTION('',(-0.493051721425,0.87));
#2993 = ( GEOMETRIC_REPRESENTATION_CONTEXT(2) 
PARAMETRIC_REPRESENTATION_CONTEXT() REPRESENTATION_CONTEXT('2D SPACE',''
  ) );
#2994 = PCURVE('',#2995,#3000);
#2995 = CYLINDRICAL_SURFACE('',#2996,1.5);
#2996 = AXIS2_PLACEMENT_3D('',#2997,#2998,#2999);
#2997 = CARTESIAN_POINT('',(-18.,-25.25,46.8));
#2998 = DIRECTION('',(-0.,-0.,-1.));
#2999 = DIRECTION('',(1.,0.,0.));
#3000 = DEFINITIONAL_REPRESENTATION('',(#3001),#3005);
#3001 = LINE('',#3002,#3003);
#3002 = CARTESIAN_POINT('',(-2.086390333041,-2.4));
#3003 = VECTOR('',#3004,1.);
#3004 = DIRECTION('',(-1.,-0.));
#3005 = ( GEOMETRIC_REPRESENTATION_CONTEXT(2) 
PARAMETRIC_REPRESENTATION_CONTEXT() REPRESENTATION_CONTEXT('2D SPACE',''
  ) );
#3006 = ORIENTED_EDGE('',*,*,#3007,.F.);
#3007 = EDGE_CURVE('',#3008,#2979,#3010,.T.);
#3008 = VERTEX_POINT('',#3009);
#3009 = CARTESIAN_POINT('',(-18.73957758213,-14.055,49.2));
#3010 = SURFACE_CURVE('',#3011,(#3016,#3023),.PCURVE_S1.);
#3011 = CIRCLE('',#3012,5.);
#3012 = AXIS2_PLACEMENT_3D('',#3013,#3014,#3015);
#3013 = CARTESIAN_POINT('',(-18.,-19.,49.2));
#3014 = DIRECTION('',(-0.,0.,1.));
#3015 = DIRECTION('',(0.147915516427,-0.989,0.));
#3016 = PCURVE('',#2643,#3017);
#3017 = DEFINITIONAL_REPRESENTATION('',(#3018),#3022);
#3018 = CIRCLE('',#3019,5.);
#3019 = AXIS2_PLACEMENT_2D('',#3020,#3021);
#3020 = CARTESIAN_POINT('',(0.,0.));
#3021 = DIRECTION('',(0.147915516427,-0.989));
#3022 = ( GEOMETRIC_REPRESENTATION_CONTEXT(2) 
PARAMETRIC_REPRESENTATION_CONTEXT() REPRESENTATION_CONTEXT('2D SPACE',''
  ) );
#3023 = PCURVE('',#3024,#3029);
#3024 = CYLINDRICAL_SURFACE('',#3025,5.);
#3025 = AXIS2_PLACEMENT_3D('',#3026,#3027,#3028);
#3026 = CARTESIAN_POINT('',(-18.,-19.,49.1));
#3027 = DIRECTION('',(-0.,-0.,-1.));
#3028 = DIRECTION('',(1.,0.,0.));
#3029 = DEFINITIONAL_REPRESENTATION('',(#3030),#3034);
#3030 = LINE('',#3031,#3032);
#3031 = CARTESIAN_POINT('',(-4.860849251381,-9.999999999999E-02));
#3032 = VECTOR('',#3033,1.);
#3033 = DIRECTION('',(-1.,-0.));
#3034 = ( GEOMETRIC_REPRESENTATION_CONTEXT(2) 
PARAMETRIC_REPRESENTATION_CONTEXT() REPRESENTATION_CONTEXT('2D SPACE',''
  ) );
#3035 = ORIENTED_EDGE('',*,*,#3036,.F.);
#3036 = EDGE_CURVE('',#2950,#3008,#3037,.T.);
#3037 = SURFACE_CURVE('',#3038,(#3043,#3050),.PCURVE_S1.);
#3038 = CIRCLE('',#3039,1.5);
#3039 = AXIS2_PLACEMENT_3D('',#3040,#3041,#3042);
#3040 = CARTESIAN_POINT('',(-18.,-12.75,49.2));
#3041 = DIRECTION('',(-0.,0.,1.));
#3042 = DIRECTION('',(0.493051721425,-0.87,0.));
#3043 = PCURVE('',#2643,#3044);
#3044 = DEFINITIONAL_REPRESENTATION('',(#3045),#3049);
#3045 = CIRCLE('',#3046,1.5);
#3046 = AXIS2_PLACEMENT_2D('',#3047,#3048);
#3047 = CARTESIAN_POINT('',(0.,6.25));
#3048 = DIRECTION('',(0.493051721425,-0.87));
#3049 = ( GEOMETRIC_REPRESENTATION_CONTEXT(2) 
PARAMETRIC_REPRESENTATION_CONTEXT() REPRESENTATION_CONTEXT('2D SPACE',''
  ) );
#3050 = PCURVE('',#3051,#3056);
#3051 = CYLINDRICAL_SURFACE('',#3052,1.5);
#3052 = AXIS2_PLACEMENT_3D('',#3053,#3054,#3055);
#3053 = CARTESIAN_POINT('',(-18.,-12.75,46.8));
#3054 = DIRECTION('',(-0.,-0.,-1.));
#3055 = DIRECTION('',(1.,0.,0.));
#3056 = DEFINITIONAL_REPRESENTATION('',(#3057),#3061);
#3057 = LINE('',#3058,#3059);
#3058 = CARTESIAN_POINT('',(-5.227982986631,-2.4));
#3059 = VECTOR('',#3060,1.);
#3060 = DIRECTION('',(-1.,-0.));
#3061 = ( GEOMETRIC_REPRESENTATION_CONTEXT(2) 
PARAMETRIC_REPRESENTATION_CONTEXT() REPRESENTATION_CONTEXT('2D SPACE',''
  ) );
#3062 = ADVANCED_FACE('',(#3063),#2727,.F.);
#3063 = FACE_BOUND('',#3064,.T.);
#3064 = EDGE_LOOP('',(#3065,#3086,#3112,#3113));
#3065 = ORIENTED_EDGE('',*,*,#3066,.F.);
#3066 = EDGE_CURVE('',#3067,#2829,#3069,.T.);
#3067 = VERTEX_POINT('',#3068);
#3068 = CARTESIAN_POINT('',(-7.607916666667,-17.49846611991,50.4));
#3069 = SURFACE_CURVE('',#3070,(#3074,#3080),.PCURVE_S1.);
#3070 = LINE('',#3071,#3072);
#3071 = CARTESIAN_POINT('',(-7.607916666667,-17.49846611991,49.2));
#3072 = VECTOR('',#3073,1.);
#3073 = DIRECTION('',(-0.,-0.,-1.));
#3074 = PCURVE('',#2727,#3075);
#3075 = DEFINITIONAL_REPRESENTATION('',(#3076),#3079);
#3076 = B_SPLINE_CURVE_WITH_KNOTS('',1,(#3077,#3078),.UNSPECIFIED.,.F.,
  .F.,(2,2),(-1.2000006,5.999999999062E-07),.PIECEWISE_BEZIER_KNOTS.);
#3077 = CARTESIAN_POINT('',(-2.390393879025,-3.7000006));
#3078 = CARTESIAN_POINT('',(-2.390393879025,-2.4999994));
#3079 = ( GEOMETRIC_REPRESENTATION_CONTEXT(2) 
PARAMETRIC_REPRESENTATION_CONTEXT() REPRESENTATION_CONTEXT('2D SPACE',''
  ) );
#3080 = PCURVE('',#2873,#3081);
#3081 = DEFINITIONAL_REPRESENTATION('',(#3082),#3085);
#3082 = B_SPLINE_CURVE_WITH_KNOTS('',1,(#3083,#3084),.UNSPECIFIED.,.F.,
  .F.,(2,2),(-1.2000006,5.999999999062E-07),.PIECEWISE_BEZIER_KNOTS.);
#3083 = CARTESIAN_POINT('',(-6.426680475338,-1.2000006));
#3084 = CARTESIAN_POINT('',(-6.426680475338,5.999999999062E-07));
#3085 = ( GEOMETRIC_REPRESENTATION_CONTEXT(2) 
PARAMETRIC_REPRESENTATION_CONTEXT() REPRESENTATION_CONTEXT('2D SPACE',''
  ) );
#3086 = ORIENTED_EDGE('',*,*,#3087,.F.);
#3087 = EDGE_CURVE('',#2682,#3067,#3088,.T.);
#3088 = SURFACE_CURVE('',#3089,(#3094,#3101),.PCURVE_S1.);
#3089 = CIRCLE('',#3090,2.2);
#3090 = AXIS2_PLACEMENT_3D('',#3091,#3092,#3093);
#3091 = CARTESIAN_POINT('',(-6.,-19.,50.4));
#3092 = DIRECTION('',(0.,0.,-1.));
#3093 = DIRECTION('',(1.,0.,0.));
#3094 = PCURVE('',#2727,#3095);
#3095 = DEFINITIONAL_REPRESENTATION('',(#3096),#3100);
#3096 = LINE('',#3097,#3098);
#3097 = CARTESIAN_POINT('',(-6.28318530718,-3.7));
#3098 = VECTOR('',#3099,1.);
#3099 = DIRECTION('',(1.,-0.));
#3100 = ( GEOMETRIC_REPRESENTATION_CONTEXT(2) 
PARAMETRIC_REPRESENTATION_CONTEXT() REPRESENTATION_CONTEXT('2D SPACE',''
  ) );
#3101 = PCURVE('',#2698,#3102);
#3102 = DEFINITIONAL_REPRESENTATION('',(#3103),#3111);
#3103 = ( BOUNDED_CURVE() B_SPLINE_CURVE(2,(#3104,#3105,#3106,#3107,
#3108,#3109,#3110),.UNSPECIFIED.,.T.,.F.) B_SPLINE_CURVE_WITH_KNOTS((1,2
    ,2,2,2,1),(-2.094395102393,0.,2.094395102393,4.188790204786,
6.28318530718,8.377580409573),.UNSPECIFIED.) CURVE() 
GEOMETRIC_REPRESENTATION_ITEM() RATIONAL_B_SPLINE_CURVE((1.,0.5,1.,0.5,
1.,0.5,1.)) REPRESENTATION_ITEM('') );
#3104 = CARTESIAN_POINT('',(14.2,0.));
#3105 = CARTESIAN_POINT('',(14.2,-3.810511776652));
#3106 = CARTESIAN_POINT('',(10.9,-1.905255888326));
#3107 = CARTESIAN_POINT('',(7.6,-5.388445916248E-16));
#3108 = CARTESIAN_POINT('',(10.9,1.905255888326));
#3109 = CARTESIAN_POINT('',(14.2,3.810511776652));
#3110 = CARTESIAN_POINT('',(14.2,0.));
#3111 = ( GEOMETRIC_REPRESENTATION_CONTEXT(2) 
PARAMETRIC_REPRESENTATION_CONTEXT() REPRESENTATION_CONTEXT('2D SPACE',''
  ) );
#3112 = ORIENTED_EDGE('',*,*,#2714,.T.);
#3113 = ORIENTED_EDGE('',*,*,#2828,.T.);
#3114 = ADVANCED_FACE('',(#3115,#3285),#2698,.T.);
#3115 = FACE_BOUND('',#3116,.T.);
#3116 = EDGE_LOOP('',(#3117,#3147,#3173,#3174,#3175,#3203,#3231,#3259));
#3117 = ORIENTED_EDGE('',*,*,#3118,.F.);
#3118 = EDGE_CURVE('',#3119,#3121,#3123,.T.);
#3119 = VERTEX_POINT('',#3120);
#3120 = CARTESIAN_POINT('',(-19.91658108098,-29.3236,50.4));
#3121 = VERTEX_POINT('',#3122);
#3122 = CARTESIAN_POINT('',(-27.51863844714,-14.56767305893,50.4));
#3123 = SURFACE_CURVE('',#3124,(#3129,#3140),.PCURVE_S1.);
#3124 = CIRCLE('',#3125,10.5);
#3125 = AXIS2_PLACEMENT_3D('',#3126,#3127,#3128);
#3126 = CARTESIAN_POINT('',(-18.,-19.,50.4));
#3127 = DIRECTION('',(-0.,0.,-1.));
#3128 = DIRECTION('',(-0.182531531523,-0.9832,0.));
#3129 = PCURVE('',#2698,#3130);
#3130 = DEFINITIONAL_REPRESENTATION('',(#3131),#3139);
#3131 = ( BOUNDED_CURVE() B_SPLINE_CURVE(2,(#3132,#3133,#3134,#3135,
#3136,#3137,#3138),.UNSPECIFIED.,.T.,.F.) B_SPLINE_CURVE_WITH_KNOTS((1,2
    ,2,2,2,1),(-2.094395102393,0.,2.094395102393,4.188790204786,
6.28318530718,8.377580409573),.UNSPECIFIED.) CURVE() 
GEOMETRIC_REPRESENTATION_ITEM() RATIONAL_B_SPLINE_CURVE((1.,0.5,1.,0.5,
1.,0.5,1.)) REPRESENTATION_ITEM('') );
#3132 = CARTESIAN_POINT('',(-1.916581080988,-10.3236));
#3133 = CARTESIAN_POINT('',(-19.797580798,-7.003984190904));
#3134 = CARTESIAN_POINT('',(-7.982209318015,6.821607904548));
#3135 = CARTESIAN_POINT('',(3.833162161975,20.6472));
#3136 = CARTESIAN_POINT('',(9.898790399003,3.501992095452));
#3137 = CARTESIAN_POINT('',(15.96441863603,-13.64321580909));
#3138 = CARTESIAN_POINT('',(-1.916581080988,-10.3236));
#3139 = ( GEOMETRIC_REPRESENTATION_CONTEXT(2) 
PARAMETRIC_REPRESENTATION_CONTEXT() REPRESENTATION_CONTEXT('2D SPACE',''
  ) );
#3140 = PCURVE('',#2789,#3141);
#3141 = DEFINITIONAL_REPRESENTATION('',(#3142),#3146);
#3142 = LINE('',#3143,#3144);
#3143 = CARTESIAN_POINT('',(-10.8120136606,-1.2));
#3144 = VECTOR('',#3145,1.);
#3145 = DIRECTION('',(1.,-0.));
#3146 = ( GEOMETRIC_REPRESENTATION_CONTEXT(2) 
PARAMETRIC_REPRESENTATION_CONTEXT() REPRESENTATION_CONTEXT('2D SPACE',''
  ) );
#3147 = ORIENTED_EDGE('',*,*,#3148,.T.);
#3148 = EDGE_CURVE('',#3119,#2656,#3149,.T.);
#3149 = SURFACE_CURVE('',#3150,(#3155,#3166),.PCURVE_S1.);
#3150 = CIRCLE('',#3151,2.9);
#3151 = AXIS2_PLACEMENT_3D('',#3152,#3153,#3154);
#3152 = CARTESIAN_POINT('',(-18.,-31.5,50.4));
#3153 = DIRECTION('',(0.,0.,-1.));
#3154 = DIRECTION('',(1.,0.,0.));
#3155 = PCURVE('',#2698,#3156);
#3156 = DEFINITIONAL_REPRESENTATION('',(#3157),#3165);
#3157 = ( BOUNDED_CURVE() B_SPLINE_CURVE(2,(#3158,#3159,#3160,#3161,
#3162,#3163,#3164),.UNSPECIFIED.,.T.,.F.) B_SPLINE_CURVE_WITH_KNOTS((1,2
    ,2,2,2,1),(-2.094395102393,0.,2.094395102393,4.188790204786,
6.28318530718,8.377580409573),.UNSPECIFIED.) CURVE() 
GEOMETRIC_REPRESENTATION_ITEM() RATIONAL_B_SPLINE_CURVE((1.,0.5,1.,0.5,
1.,0.5,1.)) REPRESENTATION_ITEM('') );
#3158 = CARTESIAN_POINT('',(2.9,-12.5));
#3159 = CARTESIAN_POINT('',(2.9,-17.52294734195));
#3160 = CARTESIAN_POINT('',(-1.45,-15.01147367097));
#3161 = CARTESIAN_POINT('',(-5.8,-12.5));
#3162 = CARTESIAN_POINT('',(-1.45,-9.988526329025));
#3163 = CARTESIAN_POINT('',(2.9,-7.47705265805));
#3164 = CARTESIAN_POINT('',(2.9,-12.5));
#3165 = ( GEOMETRIC_REPRESENTATION_CONTEXT(2) 
PARAMETRIC_REPRESENTATION_CONTEXT() REPRESENTATION_CONTEXT('2D SPACE',''
  ) );
#3166 = PCURVE('',#2670,#3167);
#3167 = DEFINITIONAL_REPRESENTATION('',(#3168),#3172);
#3168 = LINE('',#3169,#3170);
#3169 = CARTESIAN_POINT('',(-6.28318530718,-2.4));
#3170 = VECTOR('',#3171,1.);
#3171 = DIRECTION('',(1.,-0.));
#3172 = ( GEOMETRIC_REPRESENTATION_CONTEXT(2) 
PARAMETRIC_REPRESENTATION_CONTEXT() REPRESENTATION_CONTEXT('2D SPACE',''
  ) );
#3173 = ORIENTED_EDGE('',*,*,#2681,.F.);
#3174 = ORIENTED_EDGE('',*,*,#3087,.T.);
#3175 = ORIENTED_EDGE('',*,*,#3176,.F.);
#3176 = EDGE_CURVE('',#3177,#3067,#3179,.T.);
#3177 = VERTEX_POINT('',#3178);
#3178 = CARTESIAN_POINT('',(-16.08341891901,-8.6764,50.4));
#3179 = SURFACE_CURVE('',#3180,(#3185,#3196),.PCURVE_S1.);
#3180 = CIRCLE('',#3181,10.5);
#3181 = AXIS2_PLACEMENT_3D('',#3182,#3183,#3184);
#3182 = CARTESIAN_POINT('',(-18.,-19.,50.4));
#3183 = DIRECTION('',(-0.,0.,-1.));
#3184 = DIRECTION('',(-0.182531531523,-0.9832,0.));
#3185 = PCURVE('',#2698,#3186);
#3186 = DEFINITIONAL_REPRESENTATION('',(#3187),#3195);
#3187 = ( BOUNDED_CURVE() B_SPLINE_CURVE(2,(#3188,#3189,#3190,#3191,
#3192,#3193,#3194),.UNSPECIFIED.,.T.,.F.) B_SPLINE_CURVE_WITH_KNOTS((1,2
    ,2,2,2,1),(-2.094395102393,0.,2.094395102393,4.188790204786,
6.28318530718,8.377580409573),.UNSPECIFIED.) CURVE() 
GEOMETRIC_REPRESENTATION_ITEM() RATIONAL_B_SPLINE_CURVE((1.,0.5,1.,0.5,
1.,0.5,1.)) REPRESENTATION_ITEM('') );
#3188 = CARTESIAN_POINT('',(-1.916581080988,-10.3236));
#3189 = CARTESIAN_POINT('',(-19.797580798,-7.003984190904));
#3190 = CARTESIAN_POINT('',(-7.982209318015,6.821607904548));
#3191 = CARTESIAN_POINT('',(3.833162161975,20.6472));
#3192 = CARTESIAN_POINT('',(9.898790399003,3.501992095452));
#3193 = CARTESIAN_POINT('',(15.96441863603,-13.64321580909));
#3194 = CARTESIAN_POINT('',(-1.916581080988,-10.3236));
#3195 = ( GEOMETRIC_REPRESENTATION_CONTEXT(2) 
PARAMETRIC_REPRESENTATION_CONTEXT() REPRESENTATION_CONTEXT('2D SPACE',''
  ) );
#3196 = PCURVE('',#2873,#3197);
#3197 = DEFINITIONAL_REPRESENTATION('',(#3198),#3202);
#3198 = LINE('',#3199,#3200);
#3199 = CARTESIAN_POINT('',(-10.8120136606,-1.2));
#3200 = VECTOR('',#3201,1.);
#3201 = DIRECTION('',(1.,-0.));
#3202 = ( GEOMETRIC_REPRESENTATION_CONTEXT(2) 
PARAMETRIC_REPRESENTATION_CONTEXT() REPRESENTATION_CONTEXT('2D SPACE',''
  ) );
#3203 = ORIENTED_EDGE('',*,*,#3204,.T.);
#3204 = EDGE_CURVE('',#3177,#3205,#3207,.T.);
#3205 = VERTEX_POINT('',#3206);
#3206 = CARTESIAN_POINT('',(-19.91658108098,-8.6764,50.4));
#3207 = SURFACE_CURVE('',#3208,(#3213,#3224),.PCURVE_S1.);
#3208 = CIRCLE('',#3209,2.9);
#3209 = AXIS2_PLACEMENT_3D('',#3210,#3211,#3212);
#3210 = CARTESIAN_POINT('',(-18.,-6.5,50.4));
#3211 = DIRECTION('',(0.,0.,-1.));
#3212 = DIRECTION('',(1.,0.,0.));
#3213 = PCURVE('',#2698,#3214);
#3214 = DEFINITIONAL_REPRESENTATION('',(#3215),#3223);
#3215 = ( BOUNDED_CURVE() B_SPLINE_CURVE(2,(#3216,#3217,#3218,#3219,
#3220,#3221,#3222),.UNSPECIFIED.,.T.,.F.) B_SPLINE_CURVE_WITH_KNOTS((1,2
    ,2,2,2,1),(-2.094395102393,0.,2.094395102393,4.188790204786,
6.28318530718,8.377580409573),.UNSPECIFIED.) CURVE() 
GEOMETRIC_REPRESENTATION_ITEM() RATIONAL_B_SPLINE_CURVE((1.,0.5,1.,0.5,
1.,0.5,1.)) REPRESENTATION_ITEM('') );
#3216 = CARTESIAN_POINT('',(2.9,12.5));
#3217 = CARTESIAN_POINT('',(2.9,7.47705265805));
#3218 = CARTESIAN_POINT('',(-1.45,9.988526329025));
#3219 = CARTESIAN_POINT('',(-5.8,12.5));
#3220 = CARTESIAN_POINT('',(-1.45,15.011473670975));
#3221 = CARTESIAN_POINT('',(2.9,17.52294734195));
#3222 = CARTESIAN_POINT('',(2.9,12.5));
#3223 = ( GEOMETRIC_REPRESENTATION_CONTEXT(2) 
PARAMETRIC_REPRESENTATION_CONTEXT() REPRESENTATION_CONTEXT('2D SPACE',''
  ) );
#3224 = PCURVE('',#2906,#3225);
#3225 = DEFINITIONAL_REPRESENTATION('',(#3226),#3230);
#3226 = LINE('',#3227,#3228);
#3227 = CARTESIAN_POINT('',(-6.28318530718,-2.4));
#3228 = VECTOR('',#3229,1.);
#3229 = DIRECTION('',(1.,-0.));
#3230 = ( GEOMETRIC_REPRESENTATION_CONTEXT(2) 
PARAMETRIC_REPRESENTATION_CONTEXT() REPRESENTATION_CONTEXT('2D SPACE',''
  ) );
#3231 = ORIENTED_EDGE('',*,*,#3232,.F.);
#3232 = EDGE_CURVE('',#3233,#3205,#3235,.T.);
#3233 = VERTEX_POINT('',#3234);
#3234 = CARTESIAN_POINT('',(-24.41367862602,-10.68647328253,50.4));
#3235 = SURFACE_CURVE('',#3236,(#3241,#3252),.PCURVE_S1.);
#3236 = CIRCLE('',#3237,10.5);
#3237 = AXIS2_PLACEMENT_3D('',#3238,#3239,#3240);
#3238 = CARTESIAN_POINT('',(-18.,-19.,50.4));
#3239 = DIRECTION('',(-0.,0.,-1.));
#3240 = DIRECTION('',(-0.182531531523,-0.9832,0.));
#3241 = PCURVE('',#2698,#3242);
#3242 = DEFINITIONAL_REPRESENTATION('',(#3243),#3251);
#3243 = ( BOUNDED_CURVE() B_SPLINE_CURVE(2,(#3244,#3245,#3246,#3247,
#3248,#3249,#3250),.UNSPECIFIED.,.T.,.F.) B_SPLINE_CURVE_WITH_KNOTS((1,2
    ,2,2,2,1),(-2.094395102393,0.,2.094395102393,4.188790204786,
6.28318530718,8.377580409573),.UNSPECIFIED.) CURVE() 
GEOMETRIC_REPRESENTATION_ITEM() RATIONAL_B_SPLINE_CURVE((1.,0.5,1.,0.5,
1.,0.5,1.)) REPRESENTATION_ITEM('') );
#3244 = CARTESIAN_POINT('',(-1.916581080988,-10.3236));
#3245 = CARTESIAN_POINT('',(-19.797580798,-7.003984190904));
#3246 = CARTESIAN_POINT('',(-7.982209318015,6.821607904548));
#3247 = CARTESIAN_POINT('',(3.833162161975,20.6472));
#3248 = CARTESIAN_POINT('',(9.898790399003,3.501992095452));
#3249 = CARTESIAN_POINT('',(15.96441863603,-13.64321580909));
#3250 = CARTESIAN_POINT('',(-1.916581080988,-10.3236));
#3251 = ( GEOMETRIC_REPRESENTATION_CONTEXT(2) 
PARAMETRIC_REPRESENTATION_CONTEXT() REPRESENTATION_CONTEXT('2D SPACE',''
  ) );
#3252 = PCURVE('',#2933,#3253);
#3253 = DEFINITIONAL_REPRESENTATION('',(#3254),#3258);
#3254 = LINE('',#3255,#3256);
#3255 = CARTESIAN_POINT('',(-10.8120136606,-1.2));
#3256 = VECTOR('',#3257,1.);
#3257 = DIRECTION('',(1.,-0.));
#3258 = ( GEOMETRIC_REPRESENTATION_CONTEXT(2) 
PARAMETRIC_REPRESENTATION_CONTEXT() REPRESENTATION_CONTEXT('2D SPACE',''
  ) );
#3259 = ORIENTED_EDGE('',*,*,#3260,.T.);
#3260 = EDGE_CURVE('',#3233,#3121,#3261,.T.);
#3261 = SURFACE_CURVE('',#3262,(#3267,#3278),.PCURVE_S1.);
#3262 = CIRCLE('',#3263,3.6);
#3263 = AXIS2_PLACEMENT_3D('',#3264,#3265,#3266);
#3264 = CARTESIAN_POINT('',(-28.,-11.,50.4));
#3265 = DIRECTION('',(0.,0.,-1.));
#3266 = DIRECTION('',(0.99620038166,8.709075485258E-02,0.));
#3267 = PCURVE('',#2698,#3268);
#3268 = DEFINITIONAL_REPRESENTATION('',(#3269),#3277);
#3269 = ( BOUNDED_CURVE() B_SPLINE_CURVE(2,(#3270,#3271,#3272,#3273,
#3274,#3275,#3276),.UNSPECIFIED.,.T.,.F.) B_SPLINE_CURVE_WITH_KNOTS((1,2
    ,2,2,2,1),(-2.094395102393,0.,2.094395102393,4.188790204786,
6.28318530718,8.377580409573),.UNSPECIFIED.) CURVE() 
GEOMETRIC_REPRESENTATION_ITEM() RATIONAL_B_SPLINE_CURVE((1.,0.5,1.,0.5,
1.,0.5,1.)) REPRESENTATION_ITEM('') );
#3270 = CARTESIAN_POINT('',(-6.413678626025,8.313526717469));
#3271 = CARTESIAN_POINT('',(-5.870634421837,2.101835885474));
#3272 = CARTESIAN_POINT('',(-11.52163858489,4.737391225268));
#3273 = CARTESIAN_POINT('',(-17.17264274795,7.372946565061));
#3274 = CARTESIAN_POINT('',(-12.06468278908,10.949082057263));
#3275 = CARTESIAN_POINT('',(-6.956722830212,14.525217549465));
#3276 = CARTESIAN_POINT('',(-6.413678626025,8.313526717469));
#3277 = ( GEOMETRIC_REPRESENTATION_CONTEXT(2) 
PARAMETRIC_REPRESENTATION_CONTEXT() REPRESENTATION_CONTEXT('2D SPACE',''
  ) );
#3278 = PCURVE('',#2760,#3279);
#3279 = DEFINITIONAL_REPRESENTATION('',(#3280),#3284);
#3280 = LINE('',#3281,#3282);
#3281 = CARTESIAN_POINT('',(-6.370386533827,-3.7));
#3282 = VECTOR('',#3283,1.);
#3283 = DIRECTION('',(1.,-0.));
#3284 = ( GEOMETRIC_REPRESENTATION_CONTEXT(2) 
PARAMETRIC_REPRESENTATION_CONTEXT() REPRESENTATION_CONTEXT('2D SPACE',''
  ) );
#3285 = FACE_BOUND('',#3286,.T.);
#3286 = EDGE_LOOP('',(#3287,#3317,#3345));
#3287 = ORIENTED_EDGE('',*,*,#3288,.T.);
#3288 = EDGE_CURVE('',#3289,#3291,#3293,.T.);
#3289 = VERTEX_POINT('',#3290);
#3290 = CARTESIAN_POINT('',(-17.26042241786,-14.055,50.4));
#3291 = VERTEX_POINT('',#3292);
#3292 = CARTESIAN_POINT('',(-18.73957758213,-23.945,50.4));
#3293 = SURFACE_CURVE('',#3294,(#3299,#3310),.PCURVE_S1.);
#3294 = CIRCLE('',#3295,5.);
#3295 = AXIS2_PLACEMENT_3D('',#3296,#3297,#3298);
#3296 = CARTESIAN_POINT('',(-18.,-19.,50.4));
#3297 = DIRECTION('',(0.,0.,-1.));
#3298 = DIRECTION('',(0.147915516427,0.989,0.));
#3299 = PCURVE('',#2698,#3300);
#3300 = DEFINITIONAL_REPRESENTATION('',(#3301),#3309);
#3301 = ( BOUNDED_CURVE() B_SPLINE_CURVE(2,(#3302,#3303,#3304,#3305,
#3306,#3307,#3308),.UNSPECIFIED.,.T.,.F.) B_SPLINE_CURVE_WITH_KNOTS((1,2
    ,2,2,2,1),(-2.094395102393,0.,2.094395102393,4.188790204786,
6.28318530718,8.377580409573),.UNSPECIFIED.) CURVE() 
GEOMETRIC_REPRESENTATION_ITEM() RATIONAL_B_SPLINE_CURVE((1.,0.5,1.,0.5,
1.,0.5,1.)) REPRESENTATION_ITEM('') );
#3302 = CARTESIAN_POINT('',(0.739577582137,4.945));
#3303 = CARTESIAN_POINT('',(9.304568825565,3.664014051599));
#3304 = CARTESIAN_POINT('',(3.912706830645,-3.1129929742));
#3305 = CARTESIAN_POINT('',(-1.479155164275,-9.89));
#3306 = CARTESIAN_POINT('',(-4.652284412783,-1.8320070258));
#3307 = CARTESIAN_POINT('',(-7.825413661291,6.225985948401));
#3308 = CARTESIAN_POINT('',(0.739577582137,4.945));
#3309 = ( GEOMETRIC_REPRESENTATION_CONTEXT(2) 
PARAMETRIC_REPRESENTATION_CONTEXT() REPRESENTATION_CONTEXT('2D SPACE',''
  ) );
#3310 = PCURVE('',#2966,#3311);
#3311 = DEFINITIONAL_REPRESENTATION('',(#3312),#3316);
#3312 = LINE('',#3313,#3314);
#3313 = CARTESIAN_POINT('',(-7.705521362978,-1.3));
#3314 = VECTOR('',#3315,1.);
#3315 = DIRECTION('',(1.,-0.));
#3316 = ( GEOMETRIC_REPRESENTATION_CONTEXT(2) 
PARAMETRIC_REPRESENTATION_CONTEXT() REPRESENTATION_CONTEXT('2D SPACE',''
  ) );
#3317 = ORIENTED_EDGE('',*,*,#3318,.T.);
#3318 = EDGE_CURVE('',#3291,#3319,#3321,.T.);
#3319 = VERTEX_POINT('',#3320);
#3320 = CARTESIAN_POINT('',(-18.73957758213,-14.055,50.4));
#3321 = SURFACE_CURVE('',#3322,(#3327,#3338),.PCURVE_S1.);
#3322 = CIRCLE('',#3323,5.);
#3323 = AXIS2_PLACEMENT_3D('',#3324,#3325,#3326);
#3324 = CARTESIAN_POINT('',(-18.,-19.,50.4));
#3325 = DIRECTION('',(-0.,0.,-1.));
#3326 = DIRECTION('',(-0.147915516427,-0.989,0.));
#3327 = PCURVE('',#2698,#3328);
#3328 = DEFINITIONAL_REPRESENTATION('',(#3329),#3337);
#3329 = ( BOUNDED_CURVE() B_SPLINE_CURVE(2,(#3330,#3331,#3332,#3333,
#3334,#3335,#3336),.UNSPECIFIED.,.T.,.F.) B_SPLINE_CURVE_WITH_KNOTS((1,2
    ,2,2,2,1),(-2.094395102393,0.,2.094395102393,4.188790204786,
6.28318530718,8.377580409573),.UNSPECIFIED.) CURVE() 
GEOMETRIC_REPRESENTATION_ITEM() RATIONAL_B_SPLINE_CURVE((1.,0.5,1.,0.5,
1.,0.5,1.)) REPRESENTATION_ITEM('') );
#3330 = CARTESIAN_POINT('',(-0.739577582137,-4.945));
#3331 = CARTESIAN_POINT('',(-9.304568825565,-3.664014051599));
#3332 = CARTESIAN_POINT('',(-3.912706830645,3.1129929742));
#3333 = CARTESIAN_POINT('',(1.479155164275,9.89));
#3334 = CARTESIAN_POINT('',(4.652284412783,1.8320070258));
#3335 = CARTESIAN_POINT('',(7.825413661291,-6.225985948401));
#3336 = CARTESIAN_POINT('',(-0.739577582137,-4.945));
#3337 = ( GEOMETRIC_REPRESENTATION_CONTEXT(2) 
PARAMETRIC_REPRESENTATION_CONTEXT() REPRESENTATION_CONTEXT('2D SPACE',''
  ) );
#3338 = PCURVE('',#3024,#3339);
#3339 = DEFINITIONAL_REPRESENTATION('',(#3340),#3344);
#3340 = LINE('',#3341,#3342);
#3341 = CARTESIAN_POINT('',(-10.84711401656,-1.3));
#3342 = VECTOR('',#3343,1.);
#3343 = DIRECTION('',(1.,-0.));
#3344 = ( GEOMETRIC_REPRESENTATION_CONTEXT(2) 
PARAMETRIC_REPRESENTATION_CONTEXT() REPRESENTATION_CONTEXT('2D SPACE',''
  ) );
#3345 = ORIENTED_EDGE('',*,*,#3346,.T.);
#3346 = EDGE_CURVE('',#3319,#3289,#3347,.T.);
#3347 = SURFACE_CURVE('',#3348,(#3353,#3364),.PCURVE_S1.);
#3348 = CIRCLE('',#3349,5.);
#3349 = AXIS2_PLACEMENT_3D('',#3350,#3351,#3352);
#3350 = CARTESIAN_POINT('',(-18.,-19.,50.4));
#3351 = DIRECTION('',(0.,0.,-1.));
#3352 = DIRECTION('',(1.,0.,0.));
#3353 = PCURVE('',#2698,#3354);
#3354 = DEFINITIONAL_REPRESENTATION('',(#3355),#3363);
#3355 = ( BOUNDED_CURVE() B_SPLINE_CURVE(2,(#3356,#3357,#3358,#3359,
#3360,#3361,#3362),.UNSPECIFIED.,.T.,.F.) B_SPLINE_CURVE_WITH_KNOTS((1,2
    ,2,2,2,1),(-2.094395102393,0.,2.094395102393,4.188790204786,
6.28318530718,8.377580409573),.UNSPECIFIED.) CURVE() 
GEOMETRIC_REPRESENTATION_ITEM() RATIONAL_B_SPLINE_CURVE((1.,0.5,1.,0.5,
1.,0.5,1.)) REPRESENTATION_ITEM('') );
#3356 = CARTESIAN_POINT('',(5.,0.));
#3357 = CARTESIAN_POINT('',(5.,-8.660254037844));
#3358 = CARTESIAN_POINT('',(-2.5,-4.330127018922));
#3359 = CARTESIAN_POINT('',(-10.,-1.224646799147E-15));
#3360 = CARTESIAN_POINT('',(-2.5,4.330127018922));
#3361 = CARTESIAN_POINT('',(5.,8.660254037844));
#3362 = CARTESIAN_POINT('',(5.,0.));
#3363 = ( GEOMETRIC_REPRESENTATION_CONTEXT(2) 
PARAMETRIC_REPRESENTATION_CONTEXT() REPRESENTATION_CONTEXT('2D SPACE',''
  ) );
#3364 = PCURVE('',#3365,#3370);
#3365 = CYLINDRICAL_SURFACE('',#3366,5.);
#3366 = AXIS2_PLACEMENT_3D('',#3367,#3368,#3369);
#3367 = CARTESIAN_POINT('',(-18.,-19.,49.1));
#3368 = DIRECTION('',(-0.,-0.,-1.));
#3369 = DIRECTION('',(1.,0.,0.));
#3370 = DEFINITIONAL_REPRESENTATION('',(#3371),#3375);
#3371 = LINE('',#3372,#3373);
#3372 = CARTESIAN_POINT('',(-6.28318530718,-1.3));
#3373 = VECTOR('',#3374,1.);
#3374 = DIRECTION('',(1.,-0.));
#3375 = ( GEOMETRIC_REPRESENTATION_CONTEXT(2) 
PARAMETRIC_REPRESENTATION_CONTEXT() REPRESENTATION_CONTEXT('2D SPACE',''
  ) );
#3376 = ADVANCED_FACE('',(#3377),#2670,.F.);
#3377 = FACE_BOUND('',#3378,.T.);
#3378 = EDGE_LOOP('',(#3379,#3380,#3381,#3400));
#3379 = ORIENTED_EDGE('',*,*,#2655,.F.);
#3380 = ORIENTED_EDGE('',*,*,#3148,.F.);
#3381 = ORIENTED_EDGE('',*,*,#3382,.T.);
#3382 = EDGE_CURVE('',#3119,#2773,#3383,.T.);
#3383 = SURFACE_CURVE('',#3384,(#3388,#3394),.PCURVE_S1.);
#3384 = LINE('',#3385,#3386);
#3385 = CARTESIAN_POINT('',(-19.91658108098,-29.3236,49.2));
#3386 = VECTOR('',#3387,1.);
#3387 = DIRECTION('',(-0.,-0.,-1.));
#3388 = PCURVE('',#2670,#3389);
#3389 = DEFINITIONAL_REPRESENTATION('',(#3390),#3393);
#3390 = B_SPLINE_CURVE_WITH_KNOTS('',1,(#3391,#3392),.UNSPECIFIED.,.F.,
  .F.,(2,2),(-1.2000006,5.999999999062E-07),.PIECEWISE_BEZIER_KNOTS.);
#3391 = CARTESIAN_POINT('',(-2.292800409851,-2.4000006));
#3392 = CARTESIAN_POINT('',(-2.292800409851,-1.1999994));
#3393 = ( GEOMETRIC_REPRESENTATION_CONTEXT(2) 
PARAMETRIC_REPRESENTATION_CONTEXT() REPRESENTATION_CONTEXT('2D SPACE',''
  ) );
#3394 = PCURVE('',#2789,#3395);
#3395 = DEFINITIONAL_REPRESENTATION('',(#3396),#3399);
#3396 = B_SPLINE_CURVE_WITH_KNOTS('',1,(#3397,#3398),.UNSPECIFIED.,.F.,
  .F.,(2,2),(-1.2,0.),.PIECEWISE_BEZIER_KNOTS.);
#3397 = CARTESIAN_POINT('',(-10.8120136606,-1.2));
#3398 = CARTESIAN_POINT('',(-10.8120136606,0.));
#3399 = ( GEOMETRIC_REPRESENTATION_CONTEXT(2) 
PARAMETRIC_REPRESENTATION_CONTEXT() REPRESENTATION_CONTEXT('2D SPACE',''
  ) );
#3400 = ORIENTED_EDGE('',*,*,#2801,.T.);
#3401 = ADVANCED_FACE('',(#3402),#2760,.F.);
#3402 = FACE_BOUND('',#3403,.T.);
#3403 = EDGE_LOOP('',(#3404,#3405,#3424,#3425));
#3404 = ORIENTED_EDGE('',*,*,#3260,.F.);
#3405 = ORIENTED_EDGE('',*,*,#3406,.T.);
#3406 = EDGE_CURVE('',#3233,#2744,#3407,.T.);
#3407 = SURFACE_CURVE('',#3408,(#3412,#3418),.PCURVE_S1.);
#3408 = LINE('',#3409,#3410);
#3409 = CARTESIAN_POINT('',(-24.41367862602,-10.68647328253,49.2));
#3410 = VECTOR('',#3411,1.);
#3411 = DIRECTION('',(-0.,-0.,-1.));
#3412 = PCURVE('',#2760,#3413);
#3413 = DEFINITIONAL_REPRESENTATION('',(#3414),#3417);
#3414 = B_SPLINE_CURVE_WITH_KNOTS('',1,(#3415,#3416),.UNSPECIFIED.,.F.,
  .F.,(2,2),(-1.2,-0.),.PIECEWISE_BEZIER_KNOTS.);
#3415 = CARTESIAN_POINT('',(-6.370386533827,-3.7));
#3416 = CARTESIAN_POINT('',(-6.370386533827,-2.5));
#3417 = ( GEOMETRIC_REPRESENTATION_CONTEXT(2) 
PARAMETRIC_REPRESENTATION_CONTEXT() REPRESENTATION_CONTEXT('2D SPACE',''
  ) );
#3418 = PCURVE('',#2933,#3419);
#3419 = DEFINITIONAL_REPRESENTATION('',(#3420),#3423);
#3420 = B_SPLINE_CURVE_WITH_KNOTS('',1,(#3421,#3422),.UNSPECIFIED.,.F.,
  .F.,(2,2),(-1.2000006,5.999999999062E-07),.PIECEWISE_BEZIER_KNOTS.);
#3421 = CARTESIAN_POINT('',(-8.511085721362,-1.2000006));
#3422 = CARTESIAN_POINT('',(-8.511085721362,5.999999999062E-07));
#3423 = ( GEOMETRIC_REPRESENTATION_CONTEXT(2) 
PARAMETRIC_REPRESENTATION_CONTEXT() REPRESENTATION_CONTEXT('2D SPACE',''
  ) );
#3424 = ORIENTED_EDGE('',*,*,#2741,.F.);
#3425 = ORIENTED_EDGE('',*,*,#3426,.F.);
#3426 = EDGE_CURVE('',#3121,#2742,#3427,.T.);
#3427 = SURFACE_CURVE('',#3428,(#3432,#3438),.PCURVE_S1.);
#3428 = LINE('',#3429,#3430);
#3429 = CARTESIAN_POINT('',(-27.51863844714,-14.56767305893,49.2));
#3430 = VECTOR('',#3431,1.);
#3431 = DIRECTION('',(-0.,-0.,-1.));
#3432 = PCURVE('',#2760,#3433);
#3433 = DEFINITIONAL_REPRESENTATION('',(#3434),#3437);
#3434 = B_SPLINE_CURVE_WITH_KNOTS('',1,(#3435,#3436),.UNSPECIFIED.,.F.,
  .F.,(2,2),(-1.2,0.),.PIECEWISE_BEZIER_KNOTS.);
#3435 = CARTESIAN_POINT('',(-4.846502196085,-3.7));
#3436 = CARTESIAN_POINT('',(-4.846502196085,-2.5));
#3437 = ( GEOMETRIC_REPRESENTATION_CONTEXT(2) 
PARAMETRIC_REPRESENTATION_CONTEXT() REPRESENTATION_CONTEXT('2D SPACE',''
  ) );
#3438 = PCURVE('',#2789,#3439);
#3439 = DEFINITIONAL_REPRESENTATION('',(#3440),#3443);
#3440 = B_SPLINE_CURVE_WITH_KNOTS('',1,(#3441,#3442),.UNSPECIFIED.,.F.,
  .F.,(2,2),(-1.2000006,5.999999999062E-07),.PIECEWISE_BEZIER_KNOTS.);
#3441 = CARTESIAN_POINT('',(-8.98898831573,-1.2000006));
#3442 = CARTESIAN_POINT('',(-8.98898831573,5.999999999062E-07));
#3443 = ( GEOMETRIC_REPRESENTATION_CONTEXT(2) 
PARAMETRIC_REPRESENTATION_CONTEXT() REPRESENTATION_CONTEXT('2D SPACE',''
  ) );
#3444 = ADVANCED_FACE('',(#3445),#2933,.T.);
#3445 = FACE_BOUND('',#3446,.F.);
#3446 = EDGE_LOOP('',(#3447,#3448,#3467,#3468));
#3447 = ORIENTED_EDGE('',*,*,#2918,.F.);
#3448 = ORIENTED_EDGE('',*,*,#3449,.F.);
#3449 = EDGE_CURVE('',#3205,#2886,#3450,.T.);
#3450 = SURFACE_CURVE('',#3451,(#3455,#3461),.PCURVE_S1.);
#3451 = LINE('',#3452,#3453);
#3452 = CARTESIAN_POINT('',(-19.91658108098,-8.6764,49.2));
#3453 = VECTOR('',#3454,1.);
#3454 = DIRECTION('',(-0.,-0.,-1.));
#3455 = PCURVE('',#2933,#3456);
#3456 = DEFINITIONAL_REPRESENTATION('',(#3457),#3460);
#3457 = B_SPLINE_CURVE_WITH_KNOTS('',1,(#3458,#3459),.UNSPECIFIED.,.F.,
  .F.,(2,2),(-1.2000006,5.999999999062E-07),.PIECEWISE_BEZIER_KNOTS.);
#3458 = CARTESIAN_POINT('',(-8.037542260929,-1.2000006));
#3459 = CARTESIAN_POINT('',(-8.037542260929,5.999999999062E-07));
#3460 = ( GEOMETRIC_REPRESENTATION_CONTEXT(2) 
PARAMETRIC_REPRESENTATION_CONTEXT() REPRESENTATION_CONTEXT('2D SPACE',''
  ) );
#3461 = PCURVE('',#2906,#3462);
#3462 = DEFINITIONAL_REPRESENTATION('',(#3463),#3466);
#3463 = B_SPLINE_CURVE_WITH_KNOTS('',1,(#3464,#3465),.UNSPECIFIED.,.F.,
  .F.,(2,2),(-1.2000006,5.999999999062E-07),.PIECEWISE_BEZIER_KNOTS.);
#3464 = CARTESIAN_POINT('',(-3.990384897329,-2.4000006));
#3465 = CARTESIAN_POINT('',(-3.990384897329,-1.1999994));
#3466 = ( GEOMETRIC_REPRESENTATION_CONTEXT(2) 
PARAMETRIC_REPRESENTATION_CONTEXT() REPRESENTATION_CONTEXT('2D SPACE',''
  ) );
#3467 = ORIENTED_EDGE('',*,*,#3232,.F.);
#3468 = ORIENTED_EDGE('',*,*,#3406,.T.);
#3469 = ADVANCED_FACE('',(#3470),#2906,.F.);
#3470 = FACE_BOUND('',#3471,.T.);
#3471 = EDGE_LOOP('',(#3472,#3473,#3474,#3493));
#3472 = ORIENTED_EDGE('',*,*,#3449,.F.);
#3473 = ORIENTED_EDGE('',*,*,#3204,.F.);
#3474 = ORIENTED_EDGE('',*,*,#3475,.T.);
#3475 = EDGE_CURVE('',#3177,#2857,#3476,.T.);
#3476 = SURFACE_CURVE('',#3477,(#3481,#3487),.PCURVE_S1.);
#3477 = LINE('',#3478,#3479);
#3478 = CARTESIAN_POINT('',(-16.08341891901,-8.6764,49.2));
#3479 = VECTOR('',#3480,1.);
#3480 = DIRECTION('',(-0.,-0.,-1.));
#3481 = PCURVE('',#2906,#3482);
#3482 = DEFINITIONAL_REPRESENTATION('',(#3483),#3486);
#3483 = B_SPLINE_CURVE_WITH_KNOTS('',1,(#3484,#3485),.UNSPECIFIED.,.F.,
  .F.,(2,2),(-1.2000006,5.999999999062E-07),.PIECEWISE_BEZIER_KNOTS.);
#3484 = CARTESIAN_POINT('',(-5.43439306344,-2.4000006));
#3485 = CARTESIAN_POINT('',(-5.43439306344,-1.1999994));
#3486 = ( GEOMETRIC_REPRESENTATION_CONTEXT(2) 
PARAMETRIC_REPRESENTATION_CONTEXT() REPRESENTATION_CONTEXT('2D SPACE',''
  ) );
#3487 = PCURVE('',#2873,#3488);
#3488 = DEFINITIONAL_REPRESENTATION('',(#3489),#3492);
#3489 = B_SPLINE_CURVE_WITH_KNOTS('',1,(#3490,#3491),.UNSPECIFIED.,.F.,
  .F.,(2,2),(-1.2000006,5.999999999062E-07),.PIECEWISE_BEZIER_KNOTS.);
#3490 = CARTESIAN_POINT('',(-7.67042100702,-1.2000006));
#3491 = CARTESIAN_POINT('',(-7.67042100702,5.999999999062E-07));
#3492 = ( GEOMETRIC_REPRESENTATION_CONTEXT(2) 
PARAMETRIC_REPRESENTATION_CONTEXT() REPRESENTATION_CONTEXT('2D SPACE',''
  ) );
#3493 = ORIENTED_EDGE('',*,*,#2885,.T.);
#3494 = ADVANCED_FACE('',(#3495),#2873,.T.);
#3495 = FACE_BOUND('',#3496,.F.);
#3496 = EDGE_LOOP('',(#3497,#3498,#3499,#3500));
#3497 = ORIENTED_EDGE('',*,*,#2856,.F.);
#3498 = ORIENTED_EDGE('',*,*,#3066,.F.);
#3499 = ORIENTED_EDGE('',*,*,#3176,.F.);
#3500 = ORIENTED_EDGE('',*,*,#3475,.T.);
#3501 = ADVANCED_FACE('',(#3502),#2789,.T.);
#3502 = FACE_BOUND('',#3503,.F.);
#3503 = EDGE_LOOP('',(#3504,#3505,#3506,#3507));
#3504 = ORIENTED_EDGE('',*,*,#2772,.F.);
#3505 = ORIENTED_EDGE('',*,*,#3426,.F.);
#3506 = ORIENTED_EDGE('',*,*,#3118,.F.);
#3507 = ORIENTED_EDGE('',*,*,#3382,.T.);
#3508 = ADVANCED_FACE('',(#3509),#2966,.F.);
#3509 = FACE_BOUND('',#3510,.T.);
#3510 = EDGE_LOOP('',(#3511,#3512,#3533,#3566,#3592,#3625,#3651,#3679,
    #3698,#3718,#3719));
#3511 = ORIENTED_EDGE('',*,*,#2947,.F.);
#3512 = ORIENTED_EDGE('',*,*,#3513,.T.);
#3513 = EDGE_CURVE('',#2948,#3514,#3516,.T.);
#3514 = VERTEX_POINT('',#3515);
#3515 = CARTESIAN_POINT('',(-17.26042241786,-23.945,48.));
#3516 = SURFACE_CURVE('',#3517,(#3521,#3527),.PCURVE_S1.);
#3517 = LINE('',#3518,#3519);
#3518 = CARTESIAN_POINT('',(-17.26042241786,-23.945,46.8));
#3519 = VECTOR('',#3520,1.);
#3520 = DIRECTION('',(-0.,-0.,-1.));
#3521 = PCURVE('',#2966,#3522);
#3522 = DEFINITIONAL_REPRESENTATION('',(#3523),#3526);
#3523 = B_SPLINE_CURVE_WITH_KNOTS('',1,(#3524,#3525),.UNSPECIFIED.,.F.,
  .F.,(2,2),(-3.6000006,-1.1999994),.PIECEWISE_BEZIER_KNOTS.);
#3524 = CARTESIAN_POINT('',(-4.860849251381,-1.3000006));
#3525 = CARTESIAN_POINT('',(-4.860849251381,1.1000006));
#3526 = ( GEOMETRIC_REPRESENTATION_CONTEXT(2) 
PARAMETRIC_REPRESENTATION_CONTEXT() REPRESENTATION_CONTEXT('2D SPACE',''
  ) );
#3527 = PCURVE('',#2995,#3528);
#3528 = DEFINITIONAL_REPRESENTATION('',(#3529),#3532);
#3529 = B_SPLINE_CURVE_WITH_KNOTS('',1,(#3530,#3531),.UNSPECIFIED.,.F.,
  .F.,(2,2),(-2.4,-1.2),.PIECEWISE_BEZIER_KNOTS.);
#3530 = CARTESIAN_POINT('',(-7.338387627728,-2.4));
#3531 = CARTESIAN_POINT('',(-7.338387627728,-1.2));
#3532 = ( GEOMETRIC_REPRESENTATION_CONTEXT(2) 
PARAMETRIC_REPRESENTATION_CONTEXT() REPRESENTATION_CONTEXT('2D SPACE',''
  ) );
#3533 = ORIENTED_EDGE('',*,*,#3534,.F.);
#3534 = EDGE_CURVE('',#3535,#3514,#3537,.T.);
#3535 = VERTEX_POINT('',#3536);
#3536 = CARTESIAN_POINT('',(-16.,-23.58257569495,48.));
#3537 = SURFACE_CURVE('',#3538,(#3543,#3550),.PCURVE_S1.);
#3538 = CIRCLE('',#3539,5.);
#3539 = AXIS2_PLACEMENT_3D('',#3540,#3541,#3542);
#3540 = CARTESIAN_POINT('',(-18.,-19.,48.));
#3541 = DIRECTION('',(0.,0.,-1.));
#3542 = DIRECTION('',(1.,0.,0.));
#3543 = PCURVE('',#2966,#3544);
#3544 = DEFINITIONAL_REPRESENTATION('',(#3545),#3549);
#3545 = LINE('',#3546,#3547);
#3546 = CARTESIAN_POINT('',(-6.28318530718,1.1));
#3547 = VECTOR('',#3548,1.);
#3548 = DIRECTION('',(1.,-0.));
#3549 = ( GEOMETRIC_REPRESENTATION_CONTEXT(2) 
PARAMETRIC_REPRESENTATION_CONTEXT() REPRESENTATION_CONTEXT('2D SPACE',''
  ) );
#3550 = PCURVE('',#3551,#3556);
#3551 = PLANE('',#3552);
#3552 = AXIS2_PLACEMENT_3D('',#3553,#3554,#3555);
#3553 = CARTESIAN_POINT('',(-18.,-31.5,48.));
#3554 = DIRECTION('',(0.,0.,1.));
#3555 = DIRECTION('',(1.,0.,-0.));
#3556 = DEFINITIONAL_REPRESENTATION('',(#3557),#3565);
#3557 = ( BOUNDED_CURVE() B_SPLINE_CURVE(2,(#3558,#3559,#3560,#3561,
#3562,#3563,#3564),.UNSPECIFIED.,.T.,.F.) B_SPLINE_CURVE_WITH_KNOTS((1,2
    ,2,2,2,1),(-2.094395102393,0.,2.094395102393,4.188790204786,
6.28318530718,8.377580409573),.UNSPECIFIED.) CURVE() 
GEOMETRIC_REPRESENTATION_ITEM() RATIONAL_B_SPLINE_CURVE((1.,0.5,1.,0.5,
1.,0.5,1.)) REPRESENTATION_ITEM('') );
#3558 = CARTESIAN_POINT('',(5.,12.5));
#3559 = CARTESIAN_POINT('',(5.,3.839745962156));
#3560 = CARTESIAN_POINT('',(-2.5,8.169872981078));
#3561 = CARTESIAN_POINT('',(-10.,12.5));
#3562 = CARTESIAN_POINT('',(-2.5,16.830127018922));
#3563 = CARTESIAN_POINT('',(5.,21.160254037844));
#3564 = CARTESIAN_POINT('',(5.,12.5));
#3565 = ( GEOMETRIC_REPRESENTATION_CONTEXT(2) 
PARAMETRIC_REPRESENTATION_CONTEXT() REPRESENTATION_CONTEXT('2D SPACE',''
  ) );
#3566 = ORIENTED_EDGE('',*,*,#3567,.T.);
#3567 = EDGE_CURVE('',#3535,#3568,#3570,.T.);
#3568 = VERTEX_POINT('',#3569);
#3569 = CARTESIAN_POINT('',(-16.,-23.58257569495,46.8));
#3570 = SURFACE_CURVE('',#3571,(#3575,#3581),.PCURVE_S1.);
#3571 = LINE('',#3572,#3573);
#3572 = CARTESIAN_POINT('',(-16.,-23.58257569495,46.7));
#3573 = VECTOR('',#3574,1.);
#3574 = DIRECTION('',(-0.,-0.,-1.));
#3575 = PCURVE('',#2966,#3576);
#3576 = DEFINITIONAL_REPRESENTATION('',(#3577),#3580);
#3577 = B_SPLINE_CURVE_WITH_KNOTS('',1,(#3578,#3579),.UNSPECIFIED.,.F.,
  .F.,(2,2),(-1.42,5.999999999062E-07),.PIECEWISE_BEZIER_KNOTS.);
#3578 = CARTESIAN_POINT('',(-5.123905826452,0.98));
#3579 = CARTESIAN_POINT('',(-5.123905826452,2.4000006));
#3580 = ( GEOMETRIC_REPRESENTATION_CONTEXT(2) 
PARAMETRIC_REPRESENTATION_CONTEXT() REPRESENTATION_CONTEXT('2D SPACE',''
  ) );
#3581 = PCURVE('',#3582,#3587);
#3582 = PLANE('',#3583);
#3583 = AXIS2_PLACEMENT_3D('',#3584,#3585,#3586);
#3584 = CARTESIAN_POINT('',(-16.,-31.5,46.8));
#3585 = DIRECTION('',(1.,0.,0.));
#3586 = DIRECTION('',(0.,0.,1.));
#3587 = DEFINITIONAL_REPRESENTATION('',(#3588),#3591);
#3588 = B_SPLINE_CURVE_WITH_KNOTS('',1,(#3589,#3590),.UNSPECIFIED.,.F.,
  .F.,(2,2),(-1.42,5.999999999062E-07),.PIECEWISE_BEZIER_KNOTS.);
#3589 = CARTESIAN_POINT('',(1.32,-7.917424305044));
#3590 = CARTESIAN_POINT('',(-0.1000006,-7.917424305044));
#3591 = ( GEOMETRIC_REPRESENTATION_CONTEXT(2) 
PARAMETRIC_REPRESENTATION_CONTEXT() REPRESENTATION_CONTEXT('2D SPACE',''
  ) );
#3592 = ORIENTED_EDGE('',*,*,#3593,.T.);
#3593 = EDGE_CURVE('',#3568,#3594,#3596,.T.);
#3594 = VERTEX_POINT('',#3595);
#3595 = CARTESIAN_POINT('',(-20.,-23.58257569495,46.8));
#3596 = SURFACE_CURVE('',#3597,(#3602,#3609),.PCURVE_S1.);
#3597 = CIRCLE('',#3598,5.);
#3598 = AXIS2_PLACEMENT_3D('',#3599,#3600,#3601);
#3599 = CARTESIAN_POINT('',(-18.,-19.,46.8));
#3600 = DIRECTION('',(0.,0.,-1.));
#3601 = DIRECTION('',(1.,0.,0.));
#3602 = PCURVE('',#2966,#3603);
#3603 = DEFINITIONAL_REPRESENTATION('',(#3604),#3608);
#3604 = LINE('',#3605,#3606);
#3605 = CARTESIAN_POINT('',(-6.28318530718,2.3));
#3606 = VECTOR('',#3607,1.);
#3607 = DIRECTION('',(1.,-0.));
#3608 = ( GEOMETRIC_REPRESENTATION_CONTEXT(2) 
PARAMETRIC_REPRESENTATION_CONTEXT() REPRESENTATION_CONTEXT('2D SPACE',''
  ) );
#3609 = PCURVE('',#3610,#3615);
#3610 = PLANE('',#3611);
#3611 = AXIS2_PLACEMENT_3D('',#3612,#3613,#3614);
#3612 = CARTESIAN_POINT('',(-18.,-31.5,46.8));
#3613 = DIRECTION('',(0.,0.,1.));
#3614 = DIRECTION('',(1.,0.,-0.));
#3615 = DEFINITIONAL_REPRESENTATION('',(#3616),#3624);
#3616 = ( BOUNDED_CURVE() B_SPLINE_CURVE(2,(#3617,#3618,#3619,#3620,
#3621,#3622,#3623),.UNSPECIFIED.,.T.,.F.) B_SPLINE_CURVE_WITH_KNOTS((1,2
    ,2,2,2,1),(-2.094395102393,0.,2.094395102393,4.188790204786,
6.28318530718,8.377580409573),.UNSPECIFIED.) CURVE() 
GEOMETRIC_REPRESENTATION_ITEM() RATIONAL_B_SPLINE_CURVE((1.,0.5,1.,0.5,
1.,0.5,1.)) REPRESENTATION_ITEM('') );
#3617 = CARTESIAN_POINT('',(5.,12.5));
#3618 = CARTESIAN_POINT('',(5.,3.839745962156));
#3619 = CARTESIAN_POINT('',(-2.5,8.169872981078));
#3620 = CARTESIAN_POINT('',(-10.,12.5));
#3621 = CARTESIAN_POINT('',(-2.5,16.830127018922));
#3622 = CARTESIAN_POINT('',(5.,21.160254037844));
#3623 = CARTESIAN_POINT('',(5.,12.5));
#3624 = ( GEOMETRIC_REPRESENTATION_CONTEXT(2) 
PARAMETRIC_REPRESENTATION_CONTEXT() REPRESENTATION_CONTEXT('2D SPACE',''
  ) );
#3625 = ORIENTED_EDGE('',*,*,#3626,.F.);
#3626 = EDGE_CURVE('',#3627,#3594,#3629,.T.);
#3627 = VERTEX_POINT('',#3628);
#3628 = CARTESIAN_POINT('',(-20.,-23.58257569495,48.));
#3629 = SURFACE_CURVE('',#3630,(#3634,#3640),.PCURVE_S1.);
#3630 = LINE('',#3631,#3632);
#3631 = CARTESIAN_POINT('',(-20.,-23.58257569495,46.7));
#3632 = VECTOR('',#3633,1.);
#3633 = DIRECTION('',(-0.,-0.,-1.));
#3634 = PCURVE('',#2966,#3635);
#3635 = DEFINITIONAL_REPRESENTATION('',(#3636),#3639);
#3636 = B_SPLINE_CURVE_WITH_KNOTS('',1,(#3637,#3638),.UNSPECIFIED.,.F.,
  .F.,(2,2),(-1.42,5.999999999062E-07),.PIECEWISE_BEZIER_KNOTS.);
#3637 = CARTESIAN_POINT('',(-4.300872134317,0.98));
#3638 = CARTESIAN_POINT('',(-4.300872134317,2.4000006));
#3639 = ( GEOMETRIC_REPRESENTATION_CONTEXT(2) 
PARAMETRIC_REPRESENTATION_CONTEXT() REPRESENTATION_CONTEXT('2D SPACE',''
  ) );
#3640 = PCURVE('',#3641,#3646);
#3641 = PLANE('',#3642);
#3642 = AXIS2_PLACEMENT_3D('',#3643,#3644,#3645);
#3643 = CARTESIAN_POINT('',(-20.,-31.5,46.8));
#3644 = DIRECTION('',(1.,0.,0.));
#3645 = DIRECTION('',(0.,0.,1.));
#3646 = DEFINITIONAL_REPRESENTATION('',(#3647),#3650);
#3647 = B_SPLINE_CURVE_WITH_KNOTS('',1,(#3648,#3649),.UNSPECIFIED.,.F.,
  .F.,(2,2),(-1.42,5.999999999062E-07),.PIECEWISE_BEZIER_KNOTS.);
#3648 = CARTESIAN_POINT('',(1.32,-7.917424305044));
#3649 = CARTESIAN_POINT('',(-0.1000006,-7.917424305044));
#3650 = ( GEOMETRIC_REPRESENTATION_CONTEXT(2) 
PARAMETRIC_REPRESENTATION_CONTEXT() REPRESENTATION_CONTEXT('2D SPACE',''
  ) );
#3651 = ORIENTED_EDGE('',*,*,#3652,.F.);
#3652 = EDGE_CURVE('',#3653,#3627,#3655,.T.);
#3653 = VERTEX_POINT('',#3654);
#3654 = CARTESIAN_POINT('',(-18.73957758213,-23.945,48.));
#3655 = SURFACE_CURVE('',#3656,(#3661,#3668),.PCURVE_S1.);
#3656 = CIRCLE('',#3657,5.);
#3657 = AXIS2_PLACEMENT_3D('',#3658,#3659,#3660);
#3658 = CARTESIAN_POINT('',(-18.,-19.,48.));
#3659 = DIRECTION('',(0.,0.,-1.));
#3660 = DIRECTION('',(1.,0.,0.));
#3661 = PCURVE('',#2966,#3662);
#3662 = DEFINITIONAL_REPRESENTATION('',(#3663),#3667);
#3663 = LINE('',#3664,#3665);
#3664 = CARTESIAN_POINT('',(-6.28318530718,1.1));
#3665 = VECTOR('',#3666,1.);
#3666 = DIRECTION('',(1.,-0.));
#3667 = ( GEOMETRIC_REPRESENTATION_CONTEXT(2) 
PARAMETRIC_REPRESENTATION_CONTEXT() REPRESENTATION_CONTEXT('2D SPACE',''
  ) );
#3668 = PCURVE('',#3551,#3669);
#3669 = DEFINITIONAL_REPRESENTATION('',(#3670),#3678);
#3670 = ( BOUNDED_CURVE() B_SPLINE_CURVE(2,(#3671,#3672,#3673,#3674,
#3675,#3676,#3677),.UNSPECIFIED.,.T.,.F.) B_SPLINE_CURVE_WITH_KNOTS((1,2
    ,2,2,2,1),(-2.094395102393,0.,2.094395102393,4.188790204786,
6.28318530718,8.377580409573),.UNSPECIFIED.) CURVE() 
GEOMETRIC_REPRESENTATION_ITEM() RATIONAL_B_SPLINE_CURVE((1.,0.5,1.,0.5,
1.,0.5,1.)) REPRESENTATION_ITEM('') );
#3671 = CARTESIAN_POINT('',(5.,12.5));
#3672 = CARTESIAN_POINT('',(5.,3.839745962156));
#3673 = CARTESIAN_POINT('',(-2.5,8.169872981078));
#3674 = CARTESIAN_POINT('',(-10.,12.5));
#3675 = CARTESIAN_POINT('',(-2.5,16.830127018922));
#3676 = CARTESIAN_POINT('',(5.,21.160254037844));
#3677 = CARTESIAN_POINT('',(5.,12.5));
#3678 = ( GEOMETRIC_REPRESENTATION_CONTEXT(2) 
PARAMETRIC_REPRESENTATION_CONTEXT() REPRESENTATION_CONTEXT('2D SPACE',''
  ) );
#3679 = ORIENTED_EDGE('',*,*,#3680,.F.);
#3680 = EDGE_CURVE('',#2979,#3653,#3681,.T.);
#3681 = SURFACE_CURVE('',#3682,(#3686,#3692),.PCURVE_S1.);
#3682 = LINE('',#3683,#3684);
#3683 = CARTESIAN_POINT('',(-18.73957758213,-23.945,46.8));
#3684 = VECTOR('',#3685,1.);
#3685 = DIRECTION('',(-0.,-0.,-1.));
#3686 = PCURVE('',#2966,#3687);
#3687 = DEFINITIONAL_REPRESENTATION('',(#3688),#3691);
#3688 = B_SPLINE_CURVE_WITH_KNOTS('',1,(#3689,#3690),.UNSPECIFIED.,.F.,
  .F.,(2,2),(-3.6000006,-1.1999994),.PIECEWISE_BEZIER_KNOTS.);
#3689 = CARTESIAN_POINT('',(-4.563928709388,-1.3000006));
#3690 = CARTESIAN_POINT('',(-4.563928709388,1.1000006));
#3691 = ( GEOMETRIC_REPRESENTATION_CONTEXT(2) 
PARAMETRIC_REPRESENTATION_CONTEXT() REPRESENTATION_CONTEXT('2D SPACE',''
  ) );
#3692 = PCURVE('',#2995,#3693);
#3693 = DEFINITIONAL_REPRESENTATION('',(#3694),#3697);
#3694 = B_SPLINE_CURVE_WITH_KNOTS('',1,(#3695,#3696),.UNSPECIFIED.,.F.,
  .F.,(2,2),(-2.4,-1.2),.PIECEWISE_BEZIER_KNOTS.);
#3695 = CARTESIAN_POINT('',(-2.086390333041,-2.4));
#3696 = CARTESIAN_POINT('',(-2.086390333041,-1.2));
#3697 = ( GEOMETRIC_REPRESENTATION_CONTEXT(2) 
PARAMETRIC_REPRESENTATION_CONTEXT() REPRESENTATION_CONTEXT('2D SPACE',''
  ) );
#3698 = ORIENTED_EDGE('',*,*,#3699,.F.);
#3699 = EDGE_CURVE('',#3291,#2979,#3700,.T.);
#3700 = SURFACE_CURVE('',#3701,(#3705,#3712),.PCURVE_S1.);
#3701 = LINE('',#3702,#3703);
#3702 = CARTESIAN_POINT('',(-18.73957758213,-23.945,49.1));
#3703 = VECTOR('',#3704,1.);
#3704 = DIRECTION('',(-0.,-0.,-1.));
#3705 = PCURVE('',#2966,#3706);
#3706 = DEFINITIONAL_REPRESENTATION('',(#3707),#3711);
#3707 = LINE('',#3708,#3709);
#3708 = CARTESIAN_POINT('',(-4.563928709388,0.));
#3709 = VECTOR('',#3710,1.);
#3710 = DIRECTION('',(-0.,1.));
#3711 = ( GEOMETRIC_REPRESENTATION_CONTEXT(2) 
PARAMETRIC_REPRESENTATION_CONTEXT() REPRESENTATION_CONTEXT('2D SPACE',''
  ) );
#3712 = PCURVE('',#3024,#3713);
#3713 = DEFINITIONAL_REPRESENTATION('',(#3714),#3717);
#3714 = B_SPLINE_CURVE_WITH_KNOTS('',1,(#3715,#3716),.UNSPECIFIED.,.F.,
  .F.,(2,2),(-1.3,-9.999999999999E-02),.PIECEWISE_BEZIER_KNOTS.);
#3715 = CARTESIAN_POINT('',(-10.84711401656,-1.3));
#3716 = CARTESIAN_POINT('',(-10.84711401656,-9.999999999999E-02));
#3717 = ( GEOMETRIC_REPRESENTATION_CONTEXT(2) 
PARAMETRIC_REPRESENTATION_CONTEXT() REPRESENTATION_CONTEXT('2D SPACE',''
  ) );
#3718 = ORIENTED_EDGE('',*,*,#3288,.F.);
#3719 = ORIENTED_EDGE('',*,*,#3720,.T.);
#3720 = EDGE_CURVE('',#3289,#2950,#3721,.T.);
#3721 = SURFACE_CURVE('',#3722,(#3726,#3732),.PCURVE_S1.);
#3722 = LINE('',#3723,#3724);
#3723 = CARTESIAN_POINT('',(-17.26042241786,-14.055,49.1));
#3724 = VECTOR('',#3725,1.);
#3725 = DIRECTION('',(-0.,-0.,-1.));
#3726 = PCURVE('',#2966,#3727);
#3727 = DEFINITIONAL_REPRESENTATION('',(#3728),#3731);
#3728 = B_SPLINE_CURVE_WITH_KNOTS('',1,(#3729,#3730),.UNSPECIFIED.,.F.,
  .F.,(2,2),(-1.3000006,-9.999939999999E-02),.PIECEWISE_BEZIER_KNOTS.);
#3729 = CARTESIAN_POINT('',(-7.705521362978,-1.3000006));
#3730 = CARTESIAN_POINT('',(-7.705521362978,-9.999939999999E-02));
#3731 = ( GEOMETRIC_REPRESENTATION_CONTEXT(2) 
PARAMETRIC_REPRESENTATION_CONTEXT() REPRESENTATION_CONTEXT('2D SPACE',''
  ) );
#3732 = PCURVE('',#3365,#3733);
#3733 = DEFINITIONAL_REPRESENTATION('',(#3734),#3738);
#3734 = LINE('',#3735,#3736);
#3735 = CARTESIAN_POINT('',(-1.422336055798,0.));
#3736 = VECTOR('',#3737,1.);
#3737 = DIRECTION('',(-0.,1.));
#3738 = ( GEOMETRIC_REPRESENTATION_CONTEXT(2) 
PARAMETRIC_REPRESENTATION_CONTEXT() REPRESENTATION_CONTEXT('2D SPACE',''
  ) );
#3739 = ADVANCED_FACE('',(#3740),#2995,.T.);
#3740 = FACE_BOUND('',#3741,.F.);
#3741 = EDGE_LOOP('',(#3742,#3764,#3765,#3766));
#3742 = ORIENTED_EDGE('',*,*,#3743,.F.);
#3743 = EDGE_CURVE('',#3653,#3514,#3744,.T.);
#3744 = SURFACE_CURVE('',#3745,(#3750,#3757),.PCURVE_S1.);
#3745 = CIRCLE('',#3746,1.5);
#3746 = AXIS2_PLACEMENT_3D('',#3747,#3748,#3749);
#3747 = CARTESIAN_POINT('',(-18.,-25.25,48.));
#3748 = DIRECTION('',(0.,0.,1.));
#3749 = DIRECTION('',(-0.493051721425,0.87,0.));
#3750 = PCURVE('',#2995,#3751);
#3751 = DEFINITIONAL_REPRESENTATION('',(#3752),#3756);
#3752 = LINE('',#3753,#3754);
#3753 = CARTESIAN_POINT('',(-2.086390333041,-1.2));
#3754 = VECTOR('',#3755,1.);
#3755 = DIRECTION('',(-1.,-0.));
#3756 = ( GEOMETRIC_REPRESENTATION_CONTEXT(2) 
PARAMETRIC_REPRESENTATION_CONTEXT() REPRESENTATION_CONTEXT('2D SPACE',''
  ) );
#3757 = PCURVE('',#3551,#3758);
#3758 = DEFINITIONAL_REPRESENTATION('',(#3759),#3763);
#3759 = CIRCLE('',#3760,1.5);
#3760 = AXIS2_PLACEMENT_2D('',#3761,#3762);
#3761 = CARTESIAN_POINT('',(0.,6.25));
#3762 = DIRECTION('',(-0.493051721425,0.87));
#3763 = ( GEOMETRIC_REPRESENTATION_CONTEXT(2) 
PARAMETRIC_REPRESENTATION_CONTEXT() REPRESENTATION_CONTEXT('2D SPACE',''
  ) );
#3764 = ORIENTED_EDGE('',*,*,#3680,.F.);
#3765 = ORIENTED_EDGE('',*,*,#2978,.T.);
#3766 = ORIENTED_EDGE('',*,*,#3513,.T.);
#3767 = ADVANCED_FACE('',(#3768),#3051,.T.);
#3768 = FACE_BOUND('',#3769,.F.);
#3769 = EDGE_LOOP('',(#3770,#3771,#3792,#3821));
#3770 = ORIENTED_EDGE('',*,*,#3036,.T.);
#3771 = ORIENTED_EDGE('',*,*,#3772,.T.);
#3772 = EDGE_CURVE('',#3008,#3773,#3775,.T.);
#3773 = VERTEX_POINT('',#3774);
#3774 = CARTESIAN_POINT('',(-18.73957758213,-14.055,48.));
#3775 = SURFACE_CURVE('',#3776,(#3780,#3786),.PCURVE_S1.);
#3776 = LINE('',#3777,#3778);
#3777 = CARTESIAN_POINT('',(-18.73957758213,-14.055,46.8));
#3778 = VECTOR('',#3779,1.);
#3779 = DIRECTION('',(-0.,-0.,-1.));
#3780 = PCURVE('',#3051,#3781);
#3781 = DEFINITIONAL_REPRESENTATION('',(#3782),#3785);
#3782 = B_SPLINE_CURVE_WITH_KNOTS('',1,(#3783,#3784),.UNSPECIFIED.,.F.,
  .F.,(2,2),(-2.4,-1.2),.PIECEWISE_BEZIER_KNOTS.);
#3783 = CARTESIAN_POINT('',(-10.47998028131,-2.4));
#3784 = CARTESIAN_POINT('',(-10.47998028131,-1.2));
#3785 = ( GEOMETRIC_REPRESENTATION_CONTEXT(2) 
PARAMETRIC_REPRESENTATION_CONTEXT() REPRESENTATION_CONTEXT('2D SPACE',''
  ) );
#3786 = PCURVE('',#3365,#3787);
#3787 = DEFINITIONAL_REPRESENTATION('',(#3788),#3791);
#3788 = B_SPLINE_CURVE_WITH_KNOTS('',1,(#3789,#3790),.UNSPECIFIED.,.F.,
  .F.,(2,2),(-3.6000006,-1.1999994),.PIECEWISE_BEZIER_KNOTS.);
#3789 = CARTESIAN_POINT('',(-1.719256597792,-1.3000006));
#3790 = CARTESIAN_POINT('',(-1.719256597792,1.1000006));
#3791 = ( GEOMETRIC_REPRESENTATION_CONTEXT(2) 
PARAMETRIC_REPRESENTATION_CONTEXT() REPRESENTATION_CONTEXT('2D SPACE',''
  ) );
#3792 = ORIENTED_EDGE('',*,*,#3793,.F.);
#3793 = EDGE_CURVE('',#3794,#3773,#3796,.T.);
#3794 = VERTEX_POINT('',#3795);
#3795 = CARTESIAN_POINT('',(-17.26042241786,-14.055,48.));
#3796 = SURFACE_CURVE('',#3797,(#3802,#3809),.PCURVE_S1.);
#3797 = CIRCLE('',#3798,1.5);
#3798 = AXIS2_PLACEMENT_3D('',#3799,#3800,#3801);
#3799 = CARTESIAN_POINT('',(-18.,-12.75,48.));
#3800 = DIRECTION('',(-0.,0.,1.));
#3801 = DIRECTION('',(0.493051721425,-0.87,0.));
#3802 = PCURVE('',#3051,#3803);
#3803 = DEFINITIONAL_REPRESENTATION('',(#3804),#3808);
#3804 = LINE('',#3805,#3806);
#3805 = CARTESIAN_POINT('',(-5.227982986631,-1.2));
#3806 = VECTOR('',#3807,1.);
#3807 = DIRECTION('',(-1.,-0.));
#3808 = ( GEOMETRIC_REPRESENTATION_CONTEXT(2) 
PARAMETRIC_REPRESENTATION_CONTEXT() REPRESENTATION_CONTEXT('2D SPACE',''
  ) );
#3809 = PCURVE('',#3810,#3815);
#3810 = PLANE('',#3811);
#3811 = AXIS2_PLACEMENT_3D('',#3812,#3813,#3814);
#3812 = CARTESIAN_POINT('',(-18.,-31.5,48.));
#3813 = DIRECTION('',(0.,0.,1.));
#3814 = DIRECTION('',(1.,0.,-0.));
#3815 = DEFINITIONAL_REPRESENTATION('',(#3816),#3820);
#3816 = CIRCLE('',#3817,1.5);
#3817 = AXIS2_PLACEMENT_2D('',#3818,#3819);
#3818 = CARTESIAN_POINT('',(0.,18.75));
#3819 = DIRECTION('',(0.493051721425,-0.87));
#3820 = ( GEOMETRIC_REPRESENTATION_CONTEXT(2) 
PARAMETRIC_REPRESENTATION_CONTEXT() REPRESENTATION_CONTEXT('2D SPACE',''
  ) );
#3821 = ORIENTED_EDGE('',*,*,#3822,.F.);
#3822 = EDGE_CURVE('',#2950,#3794,#3823,.T.);
#3823 = SURFACE_CURVE('',#3824,(#3828,#3834),.PCURVE_S1.);
#3824 = LINE('',#3825,#3826);
#3825 = CARTESIAN_POINT('',(-17.26042241786,-14.055,46.8));
#3826 = VECTOR('',#3827,1.);
#3827 = DIRECTION('',(-0.,-0.,-1.));
#3828 = PCURVE('',#3051,#3829);
#3829 = DEFINITIONAL_REPRESENTATION('',(#3830),#3833);
#3830 = B_SPLINE_CURVE_WITH_KNOTS('',1,(#3831,#3832),.UNSPECIFIED.,.F.,
  .F.,(2,2),(-2.4,-1.2),.PIECEWISE_BEZIER_KNOTS.);
#3831 = CARTESIAN_POINT('',(-5.227982986631,-2.4));
#3832 = CARTESIAN_POINT('',(-5.227982986631,-1.2));
#3833 = ( GEOMETRIC_REPRESENTATION_CONTEXT(2) 
PARAMETRIC_REPRESENTATION_CONTEXT() REPRESENTATION_CONTEXT('2D SPACE',''
  ) );
#3834 = PCURVE('',#3365,#3835);
#3835 = DEFINITIONAL_REPRESENTATION('',(#3836),#3839);
#3836 = B_SPLINE_CURVE_WITH_KNOTS('',1,(#3837,#3838),.UNSPECIFIED.,.F.,
  .F.,(2,2),(-3.6000006,-1.1999994),.PIECEWISE_BEZIER_KNOTS.);
#3837 = CARTESIAN_POINT('',(-1.422336055798,-1.3000006));
#3838 = CARTESIAN_POINT('',(-1.422336055798,1.1000006));
#3839 = ( GEOMETRIC_REPRESENTATION_CONTEXT(2) 
PARAMETRIC_REPRESENTATION_CONTEXT() REPRESENTATION_CONTEXT('2D SPACE',''
  ) );
#3840 = ADVANCED_FACE('',(#3841),#3024,.F.);
#3841 = FACE_BOUND('',#3842,.T.);
#3842 = EDGE_LOOP('',(#3843,#3844,#3864,#3865));
#3843 = ORIENTED_EDGE('',*,*,#3007,.F.);
#3844 = ORIENTED_EDGE('',*,*,#3845,.F.);
#3845 = EDGE_CURVE('',#3319,#3008,#3846,.T.);
#3846 = SURFACE_CURVE('',#3847,(#3851,#3857),.PCURVE_S1.);
#3847 = LINE('',#3848,#3849);
#3848 = CARTESIAN_POINT('',(-18.73957758213,-14.055,49.1));
#3849 = VECTOR('',#3850,1.);
#3850 = DIRECTION('',(-0.,-0.,-1.));
#3851 = PCURVE('',#3024,#3852);
#3852 = DEFINITIONAL_REPRESENTATION('',(#3853),#3856);
#3853 = B_SPLINE_CURVE_WITH_KNOTS('',1,(#3854,#3855),.UNSPECIFIED.,.F.,
  .F.,(2,2),(-1.3000006,-9.999939999999E-02),.PIECEWISE_BEZIER_KNOTS.);
#3854 = CARTESIAN_POINT('',(-8.002441904971,-1.3000006));
#3855 = CARTESIAN_POINT('',(-8.002441904971,-9.999939999999E-02));
#3856 = ( GEOMETRIC_REPRESENTATION_CONTEXT(2) 
PARAMETRIC_REPRESENTATION_CONTEXT() REPRESENTATION_CONTEXT('2D SPACE',''
  ) );
#3857 = PCURVE('',#3365,#3858);
#3858 = DEFINITIONAL_REPRESENTATION('',(#3859),#3863);
#3859 = LINE('',#3860,#3861);
#3860 = CARTESIAN_POINT('',(-1.719256597792,0.));
#3861 = VECTOR('',#3862,1.);
#3862 = DIRECTION('',(-0.,1.));
#3863 = ( GEOMETRIC_REPRESENTATION_CONTEXT(2) 
PARAMETRIC_REPRESENTATION_CONTEXT() REPRESENTATION_CONTEXT('2D SPACE',''
  ) );
#3864 = ORIENTED_EDGE('',*,*,#3318,.F.);
#3865 = ORIENTED_EDGE('',*,*,#3699,.T.);
#3866 = ADVANCED_FACE('',(#3867),#3365,.F.);
#3867 = FACE_BOUND('',#3868,.T.);
#3868 = EDGE_LOOP('',(#3869,#3870,#3871,#3872,#3873,#3874,#3902,#3928,
    #3961,#3987));
#3869 = ORIENTED_EDGE('',*,*,#3822,.F.);
#3870 = ORIENTED_EDGE('',*,*,#3720,.F.);
#3871 = ORIENTED_EDGE('',*,*,#3346,.F.);
#3872 = ORIENTED_EDGE('',*,*,#3845,.T.);
#3873 = ORIENTED_EDGE('',*,*,#3772,.T.);
#3874 = ORIENTED_EDGE('',*,*,#3875,.F.);
#3875 = EDGE_CURVE('',#3876,#3773,#3878,.T.);
#3876 = VERTEX_POINT('',#3877);
#3877 = CARTESIAN_POINT('',(-20.,-14.41742430504,48.));
#3878 = SURFACE_CURVE('',#3879,(#3884,#3891),.PCURVE_S1.);
#3879 = CIRCLE('',#3880,5.);
#3880 = AXIS2_PLACEMENT_3D('',#3881,#3882,#3883);
#3881 = CARTESIAN_POINT('',(-18.,-19.,48.));
#3882 = DIRECTION('',(0.,0.,-1.));
#3883 = DIRECTION('',(1.,0.,0.));
#3884 = PCURVE('',#3365,#3885);
#3885 = DEFINITIONAL_REPRESENTATION('',(#3886),#3890);
#3886 = LINE('',#3887,#3888);
#3887 = CARTESIAN_POINT('',(-6.28318530718,1.1));
#3888 = VECTOR('',#3889,1.);
#3889 = DIRECTION('',(1.,-0.));
#3890 = ( GEOMETRIC_REPRESENTATION_CONTEXT(2) 
PARAMETRIC_REPRESENTATION_CONTEXT() REPRESENTATION_CONTEXT('2D SPACE',''
  ) );
#3891 = PCURVE('',#3810,#3892);
#3892 = DEFINITIONAL_REPRESENTATION('',(#3893),#3901);
#3893 = ( BOUNDED_CURVE() B_SPLINE_CURVE(2,(#3894,#3895,#3896,#3897,
#3898,#3899,#3900),.UNSPECIFIED.,.T.,.F.) B_SPLINE_CURVE_WITH_KNOTS((1,2
    ,2,2,2,1),(-2.094395102393,0.,2.094395102393,4.188790204786,
6.28318530718,8.377580409573),.UNSPECIFIED.) CURVE() 
GEOMETRIC_REPRESENTATION_ITEM() RATIONAL_B_SPLINE_CURVE((1.,0.5,1.,0.5,
1.,0.5,1.)) REPRESENTATION_ITEM('') );
#3894 = CARTESIAN_POINT('',(5.,12.5));
#3895 = CARTESIAN_POINT('',(5.,3.839745962156));
#3896 = CARTESIAN_POINT('',(-2.5,8.169872981078));
#3897 = CARTESIAN_POINT('',(-10.,12.5));
#3898 = CARTESIAN_POINT('',(-2.5,16.830127018922));
#3899 = CARTESIAN_POINT('',(5.,21.160254037844));
#3900 = CARTESIAN_POINT('',(5.,12.5));
#3901 = ( GEOMETRIC_REPRESENTATION_CONTEXT(2) 
PARAMETRIC_REPRESENTATION_CONTEXT() REPRESENTATION_CONTEXT('2D SPACE',''
  ) );
#3902 = ORIENTED_EDGE('',*,*,#3903,.T.);
#3903 = EDGE_CURVE('',#3876,#3904,#3906,.T.);
#3904 = VERTEX_POINT('',#3905);
#3905 = CARTESIAN_POINT('',(-20.,-14.41742430504,46.8));
#3906 = SURFACE_CURVE('',#3907,(#3911,#3917),.PCURVE_S1.);
#3907 = LINE('',#3908,#3909);
#3908 = CARTESIAN_POINT('',(-20.,-14.41742430504,46.7));
#3909 = VECTOR('',#3910,1.);
#3910 = DIRECTION('',(-0.,-0.,-1.));
#3911 = PCURVE('',#3365,#3912);
#3912 = DEFINITIONAL_REPRESENTATION('',(#3913),#3916);
#3913 = B_SPLINE_CURVE_WITH_KNOTS('',1,(#3914,#3915),.UNSPECIFIED.,.F.,
  .F.,(2,2),(-1.42,5.999999999062E-07),.PIECEWISE_BEZIER_KNOTS.);
#3914 = CARTESIAN_POINT('',(-1.982313172862,0.98));
#3915 = CARTESIAN_POINT('',(-1.982313172862,2.4000006));
#3916 = ( GEOMETRIC_REPRESENTATION_CONTEXT(2) 
PARAMETRIC_REPRESENTATION_CONTEXT() REPRESENTATION_CONTEXT('2D SPACE',''
  ) );
#3917 = PCURVE('',#3918,#3923);
#3918 = PLANE('',#3919);
#3919 = AXIS2_PLACEMENT_3D('',#3920,#3921,#3922);
#3920 = CARTESIAN_POINT('',(-20.,-31.5,46.8));
#3921 = DIRECTION('',(1.,0.,0.));
#3922 = DIRECTION('',(0.,0.,1.));
#3923 = DEFINITIONAL_REPRESENTATION('',(#3924),#3927);
#3924 = B_SPLINE_CURVE_WITH_KNOTS('',1,(#3925,#3926),.UNSPECIFIED.,.F.,
  .F.,(2,2),(-1.42,5.999999999062E-07),.PIECEWISE_BEZIER_KNOTS.);
#3925 = CARTESIAN_POINT('',(1.32,-17.08257569495));
#3926 = CARTESIAN_POINT('',(-0.1000006,-17.08257569495));
#3927 = ( GEOMETRIC_REPRESENTATION_CONTEXT(2) 
PARAMETRIC_REPRESENTATION_CONTEXT() REPRESENTATION_CONTEXT('2D SPACE',''
  ) );
#3928 = ORIENTED_EDGE('',*,*,#3929,.T.);
#3929 = EDGE_CURVE('',#3904,#3930,#3932,.T.);
#3930 = VERTEX_POINT('',#3931);
#3931 = CARTESIAN_POINT('',(-16.,-14.41742430504,46.8));
#3932 = SURFACE_CURVE('',#3933,(#3938,#3945),.PCURVE_S1.);
#3933 = CIRCLE('',#3934,5.);
#3934 = AXIS2_PLACEMENT_3D('',#3935,#3936,#3937);
#3935 = CARTESIAN_POINT('',(-18.,-19.,46.8));
#3936 = DIRECTION('',(0.,0.,-1.));
#3937 = DIRECTION('',(1.,0.,0.));
#3938 = PCURVE('',#3365,#3939);
#3939 = DEFINITIONAL_REPRESENTATION('',(#3940),#3944);
#3940 = LINE('',#3941,#3942);
#3941 = CARTESIAN_POINT('',(-6.28318530718,2.3));
#3942 = VECTOR('',#3943,1.);
#3943 = DIRECTION('',(1.,-0.));
#3944 = ( GEOMETRIC_REPRESENTATION_CONTEXT(2) 
PARAMETRIC_REPRESENTATION_CONTEXT() REPRESENTATION_CONTEXT('2D SPACE',''
  ) );
#3945 = PCURVE('',#3946,#3951);
#3946 = PLANE('',#3947);
#3947 = AXIS2_PLACEMENT_3D('',#3948,#3949,#3950);
#3948 = CARTESIAN_POINT('',(-18.,-31.5,46.8));
#3949 = DIRECTION('',(0.,0.,1.));
#3950 = DIRECTION('',(1.,0.,-0.));
#3951 = DEFINITIONAL_REPRESENTATION('',(#3952),#3960);
#3952 = ( BOUNDED_CURVE() B_SPLINE_CURVE(2,(#3953,#3954,#3955,#3956,
#3957,#3958,#3959),.UNSPECIFIED.,.T.,.F.) B_SPLINE_CURVE_WITH_KNOTS((1,2
    ,2,2,2,1),(-2.094395102393,0.,2.094395102393,4.188790204786,
6.28318530718,8.377580409573),.UNSPECIFIED.) CURVE() 
GEOMETRIC_REPRESENTATION_ITEM() RATIONAL_B_SPLINE_CURVE((1.,0.5,1.,0.5,
1.,0.5,1.)) REPRESENTATION_ITEM('') );
#3953 = CARTESIAN_POINT('',(5.,12.5));
#3954 = CARTESIAN_POINT('',(5.,3.839745962156));
#3955 = CARTESIAN_POINT('',(-2.5,8.169872981078));
#3956 = CARTESIAN_POINT('',(-10.,12.5));
#3957 = CARTESIAN_POINT('',(-2.5,16.830127018922));
#3958 = CARTESIAN_POINT('',(5.,21.160254037844));
#3959 = CARTESIAN_POINT('',(5.,12.5));
#3960 = ( GEOMETRIC_REPRESENTATION_CONTEXT(2) 
PARAMETRIC_REPRESENTATION_CONTEXT() REPRESENTATION_CONTEXT('2D SPACE',''
  ) );
#3961 = ORIENTED_EDGE('',*,*,#3962,.F.);
#3962 = EDGE_CURVE('',#3963,#3930,#3965,.T.);
#3963 = VERTEX_POINT('',#3964);
#3964 = CARTESIAN_POINT('',(-16.,-14.41742430504,48.));
#3965 = SURFACE_CURVE('',#3966,(#3970,#3976),.PCURVE_S1.);
#3966 = LINE('',#3967,#3968);
#3967 = CARTESIAN_POINT('',(-16.,-14.41742430504,46.7));
#3968 = VECTOR('',#3969,1.);
#3969 = DIRECTION('',(-0.,-0.,-1.));
#3970 = PCURVE('',#3365,#3971);
#3971 = DEFINITIONAL_REPRESENTATION('',(#3972),#3975);
#3972 = B_SPLINE_CURVE_WITH_KNOTS('',1,(#3973,#3974),.UNSPECIFIED.,.F.,
  .F.,(2,2),(-1.42,5.999999999062E-07),.PIECEWISE_BEZIER_KNOTS.);
#3973 = CARTESIAN_POINT('',(-1.159279480727,0.98));
#3974 = CARTESIAN_POINT('',(-1.159279480727,2.4000006));
#3975 = ( GEOMETRIC_REPRESENTATION_CONTEXT(2) 
PARAMETRIC_REPRESENTATION_CONTEXT() REPRESENTATION_CONTEXT('2D SPACE',''
  ) );
#3976 = PCURVE('',#3977,#3982);
#3977 = PLANE('',#3978);
#3978 = AXIS2_PLACEMENT_3D('',#3979,#3980,#3981);
#3979 = CARTESIAN_POINT('',(-16.,-31.5,46.8));
#3980 = DIRECTION('',(1.,0.,0.));
#3981 = DIRECTION('',(0.,0.,1.));
#3982 = DEFINITIONAL_REPRESENTATION('',(#3983),#3986);
#3983 = B_SPLINE_CURVE_WITH_KNOTS('',1,(#3984,#3985),.UNSPECIFIED.,.F.,
  .F.,(2,2),(-1.42,5.999999999062E-07),.PIECEWISE_BEZIER_KNOTS.);
#3984 = CARTESIAN_POINT('',(1.32,-17.08257569495));
#3985 = CARTESIAN_POINT('',(-0.1000006,-17.08257569495));
#3986 = ( GEOMETRIC_REPRESENTATION_CONTEXT(2) 
PARAMETRIC_REPRESENTATION_CONTEXT() REPRESENTATION_CONTEXT('2D SPACE',''
  ) );
#3987 = ORIENTED_EDGE('',*,*,#3988,.F.);
#3988 = EDGE_CURVE('',#3794,#3963,#3989,.T.);
#3989 = SURFACE_CURVE('',#3990,(#3995,#4002),.PCURVE_S1.);
#3990 = CIRCLE('',#3991,5.);
#3991 = AXIS2_PLACEMENT_3D('',#3992,#3993,#3994);
#3992 = CARTESIAN_POINT('',(-18.,-19.,48.));
#3993 = DIRECTION('',(0.,0.,-1.));
#3994 = DIRECTION('',(1.,0.,0.));
#3995 = PCURVE('',#3365,#3996);
#3996 = DEFINITIONAL_REPRESENTATION('',(#3997),#4001);
#3997 = LINE('',#3998,#3999);
#3998 = CARTESIAN_POINT('',(-6.28318530718,1.1));
#3999 = VECTOR('',#4000,1.);
#4000 = DIRECTION('',(1.,-0.));
#4001 = ( GEOMETRIC_REPRESENTATION_CONTEXT(2) 
PARAMETRIC_REPRESENTATION_CONTEXT() REPRESENTATION_CONTEXT('2D SPACE',''
  ) );
#4002 = PCURVE('',#3810,#4003);
#4003 = DEFINITIONAL_REPRESENTATION('',(#4004),#4012);
#4004 = ( BOUNDED_CURVE() B_SPLINE_CURVE(2,(#4005,#4006,#4007,#4008,
#4009,#4010,#4011),.UNSPECIFIED.,.T.,.F.) B_SPLINE_CURVE_WITH_KNOTS((1,2
    ,2,2,2,1),(-2.094395102393,0.,2.094395102393,4.188790204786,
6.28318530718,8.377580409573),.UNSPECIFIED.) CURVE() 
GEOMETRIC_REPRESENTATION_ITEM() RATIONAL_B_SPLINE_CURVE((1.,0.5,1.,0.5,
1.,0.5,1.)) REPRESENTATION_ITEM('') );
#4005 = CARTESIAN_POINT('',(5.,12.5));
#4006 = CARTESIAN_POINT('',(5.,3.839745962156));
#4007 = CARTESIAN_POINT('',(-2.5,8.169872981078));
#4008 = CARTESIAN_POINT('',(-10.,12.5));
#4009 = CARTESIAN_POINT('',(-2.5,16.830127018922));
#4010 = CARTESIAN_POINT('',(5.,21.160254037844));
#4011 = CARTESIAN_POINT('',(5.,12.5));
#4012 = ( GEOMETRIC_REPRESENTATION_CONTEXT(2) 
PARAMETRIC_REPRESENTATION_CONTEXT() REPRESENTATION_CONTEXT('2D SPACE',''
  ) );
#4013 = ADVANCED_FACE('',(#4014,#4096),#3551,.T.);
#4014 = FACE_BOUND('',#4015,.T.);
#4015 = EDGE_LOOP('',(#4016,#4051,#4072,#4073,#4074,#4075));
#4016 = ORIENTED_EDGE('',*,*,#4017,.F.);
#4017 = EDGE_CURVE('',#4018,#4020,#4022,.T.);
#4018 = VERTEX_POINT('',#4019);
#4019 = CARTESIAN_POINT('',(-16.,-29.54040820577,48.));
#4020 = VERTEX_POINT('',#4021);
#4021 = CARTESIAN_POINT('',(-20.,-29.54040820577,48.));
#4022 = SURFACE_CURVE('',#4023,(#4028,#4039),.PCURVE_S1.);
#4023 = CIRCLE('',#4024,2.8);
#4024 = AXIS2_PLACEMENT_3D('',#4025,#4026,#4027);
#4025 = CARTESIAN_POINT('',(-18.,-31.5,48.));
#4026 = DIRECTION('',(0.,0.,-1.));
#4027 = DIRECTION('',(0.714285714286,0.699854212224,0.));
#4028 = PCURVE('',#3551,#4029);
#4029 = DEFINITIONAL_REPRESENTATION('',(#4030),#4038);
#4030 = ( BOUNDED_CURVE() B_SPLINE_CURVE(2,(#4031,#4032,#4033,#4034,
#4035,#4036,#4037),.UNSPECIFIED.,.T.,.F.) B_SPLINE_CURVE_WITH_KNOTS((1,2
    ,2,2,2,1),(-2.094395102393,0.,2.094395102393,4.188790204786,
6.28318530718,8.377580409573),.UNSPECIFIED.) CURVE() 
GEOMETRIC_REPRESENTATION_ITEM() RATIONAL_B_SPLINE_CURVE((1.,0.5,1.,0.5,
1.,0.5,1.)) REPRESENTATION_ITEM('') );
#4031 = CARTESIAN_POINT('',(2.,1.959591794226));
#4032 = CARTESIAN_POINT('',(5.394112549695,-1.504509820911));
#4033 = CARTESIAN_POINT('',(0.697056274848,-2.711846704682));
#4034 = CARTESIAN_POINT('',(-4.,-3.919183588453));
#4035 = CARTESIAN_POINT('',(-2.697056274848,0.752254910456));
#4036 = CARTESIAN_POINT('',(-1.394112549695,5.423693409364));
#4037 = CARTESIAN_POINT('',(2.,1.959591794226));
#4038 = ( GEOMETRIC_REPRESENTATION_CONTEXT(2) 
PARAMETRIC_REPRESENTATION_CONTEXT() REPRESENTATION_CONTEXT('2D SPACE',''
  ) );
#4039 = PCURVE('',#4040,#4045);
#4040 = CYLINDRICAL_SURFACE('',#4041,2.8);
#4041 = AXIS2_PLACEMENT_3D('',#4042,#4043,#4044);
#4042 = CARTESIAN_POINT('',(-18.,-31.5,46.8));
#4043 = DIRECTION('',(-0.,-0.,-1.));
#4044 = DIRECTION('',(1.,0.,0.));
#4045 = DEFINITIONAL_REPRESENTATION('',(#4046),#4050);
#4046 = LINE('',#4047,#4048);
#4047 = CARTESIAN_POINT('',(-7.05837868049,-1.2));
#4048 = VECTOR('',#4049,1.);
#4049 = DIRECTION('',(1.,-0.));
#4050 = ( GEOMETRIC_REPRESENTATION_CONTEXT(2) 
PARAMETRIC_REPRESENTATION_CONTEXT() REPRESENTATION_CONTEXT('2D SPACE',''
  ) );
#4051 = ORIENTED_EDGE('',*,*,#4052,.T.);
#4052 = EDGE_CURVE('',#4018,#3535,#4053,.T.);
#4053 = SURFACE_CURVE('',#4054,(#4058,#4065),.PCURVE_S1.);
#4054 = LINE('',#4055,#4056);
#4055 = CARTESIAN_POINT('',(-16.,-29.54040820577,48.));
#4056 = VECTOR('',#4057,1.);
#4057 = DIRECTION('',(0.,1.,0.));
#4058 = PCURVE('',#3551,#4059);
#4059 = DEFINITIONAL_REPRESENTATION('',(#4060),#4064);
#4060 = LINE('',#4061,#4062);
#4061 = CARTESIAN_POINT('',(2.,1.959591794226));
#4062 = VECTOR('',#4063,1.);
#4063 = DIRECTION('',(0.,1.));
#4064 = ( GEOMETRIC_REPRESENTATION_CONTEXT(2) 
PARAMETRIC_REPRESENTATION_CONTEXT() REPRESENTATION_CONTEXT('2D SPACE',''
  ) );
#4065 = PCURVE('',#3582,#4066);
#4066 = DEFINITIONAL_REPRESENTATION('',(#4067),#4071);
#4067 = LINE('',#4068,#4069);
#4068 = CARTESIAN_POINT('',(1.2,-1.959591794226));
#4069 = VECTOR('',#4070,1.);
#4070 = DIRECTION('',(0.,-1.));
#4071 = ( GEOMETRIC_REPRESENTATION_CONTEXT(2) 
PARAMETRIC_REPRESENTATION_CONTEXT() REPRESENTATION_CONTEXT('2D SPACE',''
  ) );
#4072 = ORIENTED_EDGE('',*,*,#3534,.T.);
#4073 = ORIENTED_EDGE('',*,*,#3743,.F.);
#4074 = ORIENTED_EDGE('',*,*,#3652,.T.);
#4075 = ORIENTED_EDGE('',*,*,#4076,.T.);
#4076 = EDGE_CURVE('',#3627,#4020,#4077,.T.);
#4077 = SURFACE_CURVE('',#4078,(#4082,#4089),.PCURVE_S1.);
#4078 = LINE('',#4079,#4080);
#4079 = CARTESIAN_POINT('',(-20.,-8.459591794227,48.));
#4080 = VECTOR('',#4081,1.);
#4081 = DIRECTION('',(0.,-1.,0.));
#4082 = PCURVE('',#3551,#4083);
#4083 = DEFINITIONAL_REPRESENTATION('',(#4084),#4088);
#4084 = LINE('',#4085,#4086);
#4085 = CARTESIAN_POINT('',(-2.,23.040408205773));
#4086 = VECTOR('',#4087,1.);
#4087 = DIRECTION('',(0.,-1.));
#4088 = ( GEOMETRIC_REPRESENTATION_CONTEXT(2) 
PARAMETRIC_REPRESENTATION_CONTEXT() REPRESENTATION_CONTEXT('2D SPACE',''
  ) );
#4089 = PCURVE('',#3641,#4090);
#4090 = DEFINITIONAL_REPRESENTATION('',(#4091),#4095);
#4091 = LINE('',#4092,#4093);
#4092 = CARTESIAN_POINT('',(1.2,-23.04040820577));
#4093 = VECTOR('',#4094,1.);
#4094 = DIRECTION('',(0.,1.));
#4095 = ( GEOMETRIC_REPRESENTATION_CONTEXT(2) 
PARAMETRIC_REPRESENTATION_CONTEXT() REPRESENTATION_CONTEXT('2D SPACE',''
  ) );
#4096 = FACE_BOUND('',#4097,.T.);
#4097 = EDGE_LOOP('',(#4098));
#4098 = ORIENTED_EDGE('',*,*,#4099,.T.);
#4099 = EDGE_CURVE('',#4100,#4100,#4102,.T.);
#4100 = VERTEX_POINT('',#4101);
#4101 = CARTESIAN_POINT('',(-16.9,-31.5,48.));
#4102 = SURFACE_CURVE('',#4103,(#4108,#4119),.PCURVE_S1.);
#4103 = CIRCLE('',#4104,1.1);
#4104 = AXIS2_PLACEMENT_3D('',#4105,#4106,#4107);
#4105 = CARTESIAN_POINT('',(-18.,-31.5,48.));
#4106 = DIRECTION('',(0.,0.,-1.));
#4107 = DIRECTION('',(1.,0.,0.));
#4108 = PCURVE('',#3551,#4109);
#4109 = DEFINITIONAL_REPRESENTATION('',(#4110),#4118);
#4110 = ( BOUNDED_CURVE() B_SPLINE_CURVE(2,(#4111,#4112,#4113,#4114,
#4115,#4116,#4117),.UNSPECIFIED.,.T.,.F.) B_SPLINE_CURVE_WITH_KNOTS((1,2
    ,2,2,2,1),(-2.094395102393,0.,2.094395102393,4.188790204786,
6.28318530718,8.377580409573),.UNSPECIFIED.) CURVE() 
GEOMETRIC_REPRESENTATION_ITEM() RATIONAL_B_SPLINE_CURVE((1.,0.5,1.,0.5,
1.,0.5,1.)) REPRESENTATION_ITEM('') );
#4111 = CARTESIAN_POINT('',(1.1,0.));
#4112 = CARTESIAN_POINT('',(1.1,-1.905255888326));
#4113 = CARTESIAN_POINT('',(-0.55,-0.952627944163));
#4114 = CARTESIAN_POINT('',(-2.2,-2.694222958124E-16));
#4115 = CARTESIAN_POINT('',(-0.55,0.952627944163));
#4116 = CARTESIAN_POINT('',(1.1,1.905255888326));
#4117 = CARTESIAN_POINT('',(1.1,0.));
#4118 = ( GEOMETRIC_REPRESENTATION_CONTEXT(2) 
PARAMETRIC_REPRESENTATION_CONTEXT() REPRESENTATION_CONTEXT('2D SPACE',''
  ) );
#4119 = PCURVE('',#4120,#4125);
#4120 = CYLINDRICAL_SURFACE('',#4121,1.1);
#4121 = AXIS2_PLACEMENT_3D('',#4122,#4123,#4124);
#4122 = CARTESIAN_POINT('',(-18.,-31.5,46.7));
#4123 = DIRECTION('',(-0.,-0.,-1.));
#4124 = DIRECTION('',(1.,0.,0.));
#4125 = DEFINITIONAL_REPRESENTATION('',(#4126),#4130);
#4126 = LINE('',#4127,#4128);
#4127 = CARTESIAN_POINT('',(-6.28318530718,-1.3));
#4128 = VECTOR('',#4129,1.);
#4129 = DIRECTION('',(1.,-0.));
#4130 = ( GEOMETRIC_REPRESENTATION_CONTEXT(2) 
PARAMETRIC_REPRESENTATION_CONTEXT() REPRESENTATION_CONTEXT('2D SPACE',''
  ) );
#4131 = ADVANCED_FACE('',(#4132),#3582,.T.);
#4132 = FACE_BOUND('',#4133,.T.);
#4133 = EDGE_LOOP('',(#4134,#4135,#4157,#4178));
#4134 = ORIENTED_EDGE('',*,*,#4052,.F.);
#4135 = ORIENTED_EDGE('',*,*,#4136,.T.);
#4136 = EDGE_CURVE('',#4018,#4137,#4139,.T.);
#4137 = VERTEX_POINT('',#4138);
#4138 = CARTESIAN_POINT('',(-16.,-29.54040820577,46.8));
#4139 = SURFACE_CURVE('',#4140,(#4144,#4151),.PCURVE_S1.);
#4140 = LINE('',#4141,#4142);
#4141 = CARTESIAN_POINT('',(-16.,-29.54040820577,46.8));
#4142 = VECTOR('',#4143,1.);
#4143 = DIRECTION('',(-0.,-0.,-1.));
#4144 = PCURVE('',#3582,#4145);
#4145 = DEFINITIONAL_REPRESENTATION('',(#4146),#4150);
#4146 = LINE('',#4147,#4148);
#4147 = CARTESIAN_POINT('',(0.,-1.959591794227));
#4148 = VECTOR('',#4149,1.);
#4149 = DIRECTION('',(-1.,0.));
#4150 = ( GEOMETRIC_REPRESENTATION_CONTEXT(2) 
PARAMETRIC_REPRESENTATION_CONTEXT() REPRESENTATION_CONTEXT('2D SPACE',''
  ) );
#4151 = PCURVE('',#4040,#4152);
#4152 = DEFINITIONAL_REPRESENTATION('',(#4153),#4156);
#4153 = B_SPLINE_CURVE_WITH_KNOTS('',1,(#4154,#4155),.UNSPECIFIED.,.F.,
  .F.,(2,2),(-1.2,0.),.PIECEWISE_BEZIER_KNOTS.);
#4154 = CARTESIAN_POINT('',(-7.05837868049,-1.2));
#4155 = CARTESIAN_POINT('',(-7.05837868049,0.));
#4156 = ( GEOMETRIC_REPRESENTATION_CONTEXT(2) 
PARAMETRIC_REPRESENTATION_CONTEXT() REPRESENTATION_CONTEXT('2D SPACE',''
  ) );
#4157 = ORIENTED_EDGE('',*,*,#4158,.T.);
#4158 = EDGE_CURVE('',#4137,#3568,#4159,.T.);
#4159 = SURFACE_CURVE('',#4160,(#4164,#4171),.PCURVE_S1.);
#4160 = LINE('',#4161,#4162);
#4161 = CARTESIAN_POINT('',(-16.,-29.54040820577,46.8));
#4162 = VECTOR('',#4163,1.);
#4163 = DIRECTION('',(0.,1.,0.));
#4164 = PCURVE('',#3582,#4165);
#4165 = DEFINITIONAL_REPRESENTATION('',(#4166),#4170);
#4166 = LINE('',#4167,#4168);
#4167 = CARTESIAN_POINT('',(0.,-1.959591794226));
#4168 = VECTOR('',#4169,1.);
#4169 = DIRECTION('',(0.,-1.));
#4170 = ( GEOMETRIC_REPRESENTATION_CONTEXT(2) 
PARAMETRIC_REPRESENTATION_CONTEXT() REPRESENTATION_CONTEXT('2D SPACE',''
  ) );
#4171 = PCURVE('',#3610,#4172);
#4172 = DEFINITIONAL_REPRESENTATION('',(#4173),#4177);
#4173 = LINE('',#4174,#4175);
#4174 = CARTESIAN_POINT('',(2.,1.959591794226));
#4175 = VECTOR('',#4176,1.);
#4176 = DIRECTION('',(0.,1.));
#4177 = ( GEOMETRIC_REPRESENTATION_CONTEXT(2) 
PARAMETRIC_REPRESENTATION_CONTEXT() REPRESENTATION_CONTEXT('2D SPACE',''
  ) );
#4178 = ORIENTED_EDGE('',*,*,#3567,.F.);
#4179 = ADVANCED_FACE('',(#4180,#4229),#3610,.F.);
#4180 = FACE_BOUND('',#4181,.F.);
#4181 = EDGE_LOOP('',(#4182,#4205,#4227,#4228));
#4182 = ORIENTED_EDGE('',*,*,#4183,.T.);
#4183 = EDGE_CURVE('',#3594,#4184,#4186,.T.);
#4184 = VERTEX_POINT('',#4185);
#4185 = CARTESIAN_POINT('',(-20.,-29.54040820577,46.8));
#4186 = SURFACE_CURVE('',#4187,(#4191,#4198),.PCURVE_S1.);
#4187 = LINE('',#4188,#4189);
#4188 = CARTESIAN_POINT('',(-20.,-8.459591794227,46.8));
#4189 = VECTOR('',#4190,1.);
#4190 = DIRECTION('',(0.,-1.,0.));
#4191 = PCURVE('',#3610,#4192);
#4192 = DEFINITIONAL_REPRESENTATION('',(#4193),#4197);
#4193 = LINE('',#4194,#4195);
#4194 = CARTESIAN_POINT('',(-2.,23.040408205773));
#4195 = VECTOR('',#4196,1.);
#4196 = DIRECTION('',(0.,-1.));
#4197 = ( GEOMETRIC_REPRESENTATION_CONTEXT(2) 
PARAMETRIC_REPRESENTATION_CONTEXT() REPRESENTATION_CONTEXT('2D SPACE',''
  ) );
#4198 = PCURVE('',#3641,#4199);
#4199 = DEFINITIONAL_REPRESENTATION('',(#4200),#4204);
#4200 = LINE('',#4201,#4202);
#4201 = CARTESIAN_POINT('',(0.,-23.04040820577));
#4202 = VECTOR('',#4203,1.);
#4203 = DIRECTION('',(0.,1.));
#4204 = ( GEOMETRIC_REPRESENTATION_CONTEXT(2) 
PARAMETRIC_REPRESENTATION_CONTEXT() REPRESENTATION_CONTEXT('2D SPACE',''
  ) );
#4205 = ORIENTED_EDGE('',*,*,#4206,.T.);
#4206 = EDGE_CURVE('',#4184,#4137,#4207,.T.);
#4207 = SURFACE_CURVE('',#4208,(#4213,#4220),.PCURVE_S1.);
#4208 = CIRCLE('',#4209,2.8);
#4209 = AXIS2_PLACEMENT_3D('',#4210,#4211,#4212);
#4210 = CARTESIAN_POINT('',(-18.,-31.5,46.8));
#4211 = DIRECTION('',(0.,0.,1.));
#4212 = DIRECTION('',(-0.714285714286,0.699854212224,0.));
#4213 = PCURVE('',#3610,#4214);
#4214 = DEFINITIONAL_REPRESENTATION('',(#4215),#4219);
#4215 = CIRCLE('',#4216,2.8);
#4216 = AXIS2_PLACEMENT_2D('',#4217,#4218);
#4217 = CARTESIAN_POINT('',(0.,0.));
#4218 = DIRECTION('',(-0.714285714286,0.699854212224));
#4219 = ( GEOMETRIC_REPRESENTATION_CONTEXT(2) 
PARAMETRIC_REPRESENTATION_CONTEXT() REPRESENTATION_CONTEXT('2D SPACE',''
  ) );
#4220 = PCURVE('',#4040,#4221);
#4221 = DEFINITIONAL_REPRESENTATION('',(#4222),#4226);
#4222 = LINE('',#4223,#4224);
#4223 = CARTESIAN_POINT('',(-2.366399280279,0.));
#4224 = VECTOR('',#4225,1.);
#4225 = DIRECTION('',(-1.,0.));
#4226 = ( GEOMETRIC_REPRESENTATION_CONTEXT(2) 
PARAMETRIC_REPRESENTATION_CONTEXT() REPRESENTATION_CONTEXT('2D SPACE',''
  ) );
#4227 = ORIENTED_EDGE('',*,*,#4158,.T.);
#4228 = ORIENTED_EDGE('',*,*,#3593,.T.);
#4229 = FACE_BOUND('',#4230,.F.);
#4230 = EDGE_LOOP('',(#4231));
#4231 = ORIENTED_EDGE('',*,*,#4232,.T.);
#4232 = EDGE_CURVE('',#4233,#4233,#4235,.T.);
#4233 = VERTEX_POINT('',#4234);
#4234 = CARTESIAN_POINT('',(-16.9,-31.5,46.8));
#4235 = SURFACE_CURVE('',#4236,(#4241,#4252),.PCURVE_S1.);
#4236 = CIRCLE('',#4237,1.1);
#4237 = AXIS2_PLACEMENT_3D('',#4238,#4239,#4240);
#4238 = CARTESIAN_POINT('',(-18.,-31.5,46.8));
#4239 = DIRECTION('',(0.,0.,-1.));
#4240 = DIRECTION('',(1.,0.,0.));
#4241 = PCURVE('',#3610,#4242);
#4242 = DEFINITIONAL_REPRESENTATION('',(#4243),#4251);
#4243 = ( BOUNDED_CURVE() B_SPLINE_CURVE(2,(#4244,#4245,#4246,#4247,
#4248,#4249,#4250),.UNSPECIFIED.,.T.,.F.) B_SPLINE_CURVE_WITH_KNOTS((1,2
    ,2,2,2,1),(-2.094395102393,0.,2.094395102393,4.188790204786,
6.28318530718,8.377580409573),.UNSPECIFIED.) CURVE() 
GEOMETRIC_REPRESENTATION_ITEM() RATIONAL_B_SPLINE_CURVE((1.,0.5,1.,0.5,
1.,0.5,1.)) REPRESENTATION_ITEM('') );
#4244 = CARTESIAN_POINT('',(1.1,0.));
#4245 = CARTESIAN_POINT('',(1.1,-1.905255888326));
#4246 = CARTESIAN_POINT('',(-0.55,-0.952627944163));
#4247 = CARTESIAN_POINT('',(-2.2,-2.694222958124E-16));
#4248 = CARTESIAN_POINT('',(-0.55,0.952627944163));
#4249 = CARTESIAN_POINT('',(1.1,1.905255888326));
#4250 = CARTESIAN_POINT('',(1.1,0.));
#4251 = ( GEOMETRIC_REPRESENTATION_CONTEXT(2) 
PARAMETRIC_REPRESENTATION_CONTEXT() REPRESENTATION_CONTEXT('2D SPACE',''
  ) );
#4252 = PCURVE('',#4120,#4253);
#4253 = DEFINITIONAL_REPRESENTATION('',(#4254),#4258);
#4254 = LINE('',#4255,#4256);
#4255 = CARTESIAN_POINT('',(-6.28318530718,-0.1));
#4256 = VECTOR('',#4257,1.);
#4257 = DIRECTION('',(1.,-0.));
#4258 = ( GEOMETRIC_REPRESENTATION_CONTEXT(2) 
PARAMETRIC_REPRESENTATION_CONTEXT() REPRESENTATION_CONTEXT('2D SPACE',''
  ) );
#4259 = ADVANCED_FACE('',(#4260),#3641,.F.);
#4260 = FACE_BOUND('',#4261,.F.);
#4261 = EDGE_LOOP('',(#4262,#4263,#4283,#4284));
#4262 = ORIENTED_EDGE('',*,*,#4076,.T.);
#4263 = ORIENTED_EDGE('',*,*,#4264,.T.);
#4264 = EDGE_CURVE('',#4020,#4184,#4265,.T.);
#4265 = SURFACE_CURVE('',#4266,(#4270,#4277),.PCURVE_S1.);
#4266 = LINE('',#4267,#4268);
#4267 = CARTESIAN_POINT('',(-20.,-29.54040820577,46.8));
#4268 = VECTOR('',#4269,1.);
#4269 = DIRECTION('',(-0.,-0.,-1.));
#4270 = PCURVE('',#3641,#4271);
#4271 = DEFINITIONAL_REPRESENTATION('',(#4272),#4276);
#4272 = LINE('',#4273,#4274);
#4273 = CARTESIAN_POINT('',(0.,-1.959591794227));
#4274 = VECTOR('',#4275,1.);
#4275 = DIRECTION('',(-1.,0.));
#4276 = ( GEOMETRIC_REPRESENTATION_CONTEXT(2) 
PARAMETRIC_REPRESENTATION_CONTEXT() REPRESENTATION_CONTEXT('2D SPACE',''
  ) );
#4277 = PCURVE('',#4040,#4278);
#4278 = DEFINITIONAL_REPRESENTATION('',(#4279),#4282);
#4279 = B_SPLINE_CURVE_WITH_KNOTS('',1,(#4280,#4281),.UNSPECIFIED.,.F.,
  .F.,(2,2),(-1.2,-0.),.PIECEWISE_BEZIER_KNOTS.);
#4280 = CARTESIAN_POINT('',(-2.366399280279,-1.2));
#4281 = CARTESIAN_POINT('',(-2.366399280279,0.));
#4282 = ( GEOMETRIC_REPRESENTATION_CONTEXT(2) 
PARAMETRIC_REPRESENTATION_CONTEXT() REPRESENTATION_CONTEXT('2D SPACE',''
  ) );
#4283 = ORIENTED_EDGE('',*,*,#4183,.F.);
#4284 = ORIENTED_EDGE('',*,*,#3626,.F.);
#4285 = ADVANCED_FACE('',(#4286,#4368),#3810,.T.);
#4286 = FACE_BOUND('',#4287,.T.);
#4287 = EDGE_LOOP('',(#4288,#4289,#4312,#4345,#4366,#4367));
#4288 = ORIENTED_EDGE('',*,*,#3988,.T.);
#4289 = ORIENTED_EDGE('',*,*,#4290,.T.);
#4290 = EDGE_CURVE('',#3963,#4291,#4293,.T.);
#4291 = VERTEX_POINT('',#4292);
#4292 = CARTESIAN_POINT('',(-16.,-8.459591794226,48.));
#4293 = SURFACE_CURVE('',#4294,(#4298,#4305),.PCURVE_S1.);
#4294 = LINE('',#4295,#4296);
#4295 = CARTESIAN_POINT('',(-16.,-29.54040820577,48.));
#4296 = VECTOR('',#4297,1.);
#4297 = DIRECTION('',(0.,1.,0.));
#4298 = PCURVE('',#3810,#4299);
#4299 = DEFINITIONAL_REPRESENTATION('',(#4300),#4304);
#4300 = LINE('',#4301,#4302);
#4301 = CARTESIAN_POINT('',(2.,1.959591794226));
#4302 = VECTOR('',#4303,1.);
#4303 = DIRECTION('',(0.,1.));
#4304 = ( GEOMETRIC_REPRESENTATION_CONTEXT(2) 
PARAMETRIC_REPRESENTATION_CONTEXT() REPRESENTATION_CONTEXT('2D SPACE',''
  ) );
#4305 = PCURVE('',#3977,#4306);
#4306 = DEFINITIONAL_REPRESENTATION('',(#4307),#4311);
#4307 = LINE('',#4308,#4309);
#4308 = CARTESIAN_POINT('',(1.2,-1.959591794226));
#4309 = VECTOR('',#4310,1.);
#4310 = DIRECTION('',(0.,-1.));
#4311 = ( GEOMETRIC_REPRESENTATION_CONTEXT(2) 
PARAMETRIC_REPRESENTATION_CONTEXT() REPRESENTATION_CONTEXT('2D SPACE',''
  ) );
#4312 = ORIENTED_EDGE('',*,*,#4313,.F.);
#4313 = EDGE_CURVE('',#4314,#4291,#4316,.T.);
#4314 = VERTEX_POINT('',#4315);
#4315 = CARTESIAN_POINT('',(-20.,-8.459591794227,48.));
#4316 = SURFACE_CURVE('',#4317,(#4322,#4333),.PCURVE_S1.);
#4317 = CIRCLE('',#4318,2.8);
#4318 = AXIS2_PLACEMENT_3D('',#4319,#4320,#4321);
#4319 = CARTESIAN_POINT('',(-18.,-6.5,48.));
#4320 = DIRECTION('',(-0.,0.,-1.));
#4321 = DIRECTION('',(-0.714285714286,-0.699854212224,0.));
#4322 = PCURVE('',#3810,#4323);
#4323 = DEFINITIONAL_REPRESENTATION('',(#4324),#4332);
#4324 = ( BOUNDED_CURVE() B_SPLINE_CURVE(2,(#4325,#4326,#4327,#4328,
#4329,#4330,#4331),.UNSPECIFIED.,.T.,.F.) B_SPLINE_CURVE_WITH_KNOTS((1,2
    ,2,2,2,1),(-2.094395102393,0.,2.094395102393,4.188790204786,
6.28318530718,8.377580409573),.UNSPECIFIED.) CURVE() 
GEOMETRIC_REPRESENTATION_ITEM() RATIONAL_B_SPLINE_CURVE((1.,0.5,1.,0.5,
1.,0.5,1.)) REPRESENTATION_ITEM('') );
#4325 = CARTESIAN_POINT('',(-2.,23.040408205773));
#4326 = CARTESIAN_POINT('',(-5.394112549695,26.504509820911));
#4327 = CARTESIAN_POINT('',(-0.697056274848,27.711846704682));
#4328 = CARTESIAN_POINT('',(4.,28.919183588453));
#4329 = CARTESIAN_POINT('',(2.697056274848,24.247745089544));
#4330 = CARTESIAN_POINT('',(1.394112549695,19.576306590636));
#4331 = CARTESIAN_POINT('',(-2.,23.040408205773));
#4332 = ( GEOMETRIC_REPRESENTATION_CONTEXT(2) 
PARAMETRIC_REPRESENTATION_CONTEXT() REPRESENTATION_CONTEXT('2D SPACE',''
  ) );
#4333 = PCURVE('',#4334,#4339);
#4334 = CYLINDRICAL_SURFACE('',#4335,2.8);
#4335 = AXIS2_PLACEMENT_3D('',#4336,#4337,#4338);
#4336 = CARTESIAN_POINT('',(-18.,-6.5,46.8));
#4337 = DIRECTION('',(-0.,-0.,-1.));
#4338 = DIRECTION('',(1.,0.,0.));
#4339 = DEFINITIONAL_REPRESENTATION('',(#4340),#4344);
#4340 = LINE('',#4341,#4342);
#4341 = CARTESIAN_POINT('',(-10.19997133408,-1.2));
#4342 = VECTOR('',#4343,1.);
#4343 = DIRECTION('',(1.,-0.));
#4344 = ( GEOMETRIC_REPRESENTATION_CONTEXT(2) 
PARAMETRIC_REPRESENTATION_CONTEXT() REPRESENTATION_CONTEXT('2D SPACE',''
  ) );
#4345 = ORIENTED_EDGE('',*,*,#4346,.T.);
#4346 = EDGE_CURVE('',#4314,#3876,#4347,.T.);
#4347 = SURFACE_CURVE('',#4348,(#4352,#4359),.PCURVE_S1.);
#4348 = LINE('',#4349,#4350);
#4349 = CARTESIAN_POINT('',(-20.,-8.459591794227,48.));
#4350 = VECTOR('',#4351,1.);
#4351 = DIRECTION('',(0.,-1.,0.));
#4352 = PCURVE('',#3810,#4353);
#4353 = DEFINITIONAL_REPRESENTATION('',(#4354),#4358);
#4354 = LINE('',#4355,#4356);
#4355 = CARTESIAN_POINT('',(-2.,23.040408205773));
#4356 = VECTOR('',#4357,1.);
#4357 = DIRECTION('',(0.,-1.));
#4358 = ( GEOMETRIC_REPRESENTATION_CONTEXT(2) 
PARAMETRIC_REPRESENTATION_CONTEXT() REPRESENTATION_CONTEXT('2D SPACE',''
  ) );
#4359 = PCURVE('',#3918,#4360);
#4360 = DEFINITIONAL_REPRESENTATION('',(#4361),#4365);
#4361 = LINE('',#4362,#4363);
#4362 = CARTESIAN_POINT('',(1.2,-23.04040820577));
#4363 = VECTOR('',#4364,1.);
#4364 = DIRECTION('',(0.,1.));
#4365 = ( GEOMETRIC_REPRESENTATION_CONTEXT(2) 
PARAMETRIC_REPRESENTATION_CONTEXT() REPRESENTATION_CONTEXT('2D SPACE',''
  ) );
#4366 = ORIENTED_EDGE('',*,*,#3875,.T.);
#4367 = ORIENTED_EDGE('',*,*,#3793,.F.);
#4368 = FACE_BOUND('',#4369,.T.);
#4369 = EDGE_LOOP('',(#4370));
#4370 = ORIENTED_EDGE('',*,*,#4371,.T.);
#4371 = EDGE_CURVE('',#4372,#4372,#4374,.T.);
#4372 = VERTEX_POINT('',#4373);
#4373 = CARTESIAN_POINT('',(-16.9,-6.5,48.));
#4374 = SURFACE_CURVE('',#4375,(#4380,#4391),.PCURVE_S1.);
#4375 = CIRCLE('',#4376,1.1);
#4376 = AXIS2_PLACEMENT_3D('',#4377,#4378,#4379);
#4377 = CARTESIAN_POINT('',(-18.,-6.5,48.));
#4378 = DIRECTION('',(0.,0.,-1.));
#4379 = DIRECTION('',(1.,0.,0.));
#4380 = PCURVE('',#3810,#4381);
#4381 = DEFINITIONAL_REPRESENTATION('',(#4382),#4390);
#4382 = ( BOUNDED_CURVE() B_SPLINE_CURVE(2,(#4383,#4384,#4385,#4386,
#4387,#4388,#4389),.UNSPECIFIED.,.T.,.F.) B_SPLINE_CURVE_WITH_KNOTS((1,2
    ,2,2,2,1),(-2.094395102393,0.,2.094395102393,4.188790204786,
6.28318530718,8.377580409573),.UNSPECIFIED.) CURVE() 
GEOMETRIC_REPRESENTATION_ITEM() RATIONAL_B_SPLINE_CURVE((1.,0.5,1.,0.5,
1.,0.5,1.)) REPRESENTATION_ITEM('') );
#4383 = CARTESIAN_POINT('',(1.1,25.));
#4384 = CARTESIAN_POINT('',(1.1,23.094744111674));
#4385 = CARTESIAN_POINT('',(-0.55,24.047372055837));
#4386 = CARTESIAN_POINT('',(-2.2,25.));
#4387 = CARTESIAN_POINT('',(-0.55,25.952627944163));
#4388 = CARTESIAN_POINT('',(1.1,26.905255888326));
#4389 = CARTESIAN_POINT('',(1.1,25.));
#4390 = ( GEOMETRIC_REPRESENTATION_CONTEXT(2) 
PARAMETRIC_REPRESENTATION_CONTEXT() REPRESENTATION_CONTEXT('2D SPACE',''
  ) );
#4391 = PCURVE('',#4392,#4397);
#4392 = CYLINDRICAL_SURFACE('',#4393,1.1);
#4393 = AXIS2_PLACEMENT_3D('',#4394,#4395,#4396);
#4394 = CARTESIAN_POINT('',(-18.,-6.5,46.7));
#4395 = DIRECTION('',(-0.,-0.,-1.));
#4396 = DIRECTION('',(1.,0.,0.));
#4397 = DEFINITIONAL_REPRESENTATION('',(#4398),#4402);
#4398 = LINE('',#4399,#4400);
#4399 = CARTESIAN_POINT('',(-6.28318530718,-1.3));
#4400 = VECTOR('',#4401,1.);
#4401 = DIRECTION('',(1.,-0.));
#4402 = ( GEOMETRIC_REPRESENTATION_CONTEXT(2) 
PARAMETRIC_REPRESENTATION_CONTEXT() REPRESENTATION_CONTEXT('2D SPACE',''
  ) );
#4403 = ADVANCED_FACE('',(#4404),#3918,.F.);
#4404 = FACE_BOUND('',#4405,.F.);
#4405 = EDGE_LOOP('',(#4406,#4407,#4408,#4431));
#4406 = ORIENTED_EDGE('',*,*,#4346,.T.);
#4407 = ORIENTED_EDGE('',*,*,#3903,.T.);
#4408 = ORIENTED_EDGE('',*,*,#4409,.F.);
#4409 = EDGE_CURVE('',#4410,#3904,#4412,.T.);
#4410 = VERTEX_POINT('',#4411);
#4411 = CARTESIAN_POINT('',(-20.,-8.459591794227,46.8));
#4412 = SURFACE_CURVE('',#4413,(#4417,#4424),.PCURVE_S1.);
#4413 = LINE('',#4414,#4415);
#4414 = CARTESIAN_POINT('',(-20.,-8.459591794227,46.8));
#4415 = VECTOR('',#4416,1.);
#4416 = DIRECTION('',(0.,-1.,0.));
#4417 = PCURVE('',#3918,#4418);
#4418 = DEFINITIONAL_REPRESENTATION('',(#4419),#4423);
#4419 = LINE('',#4420,#4421);
#4420 = CARTESIAN_POINT('',(0.,-23.04040820577));
#4421 = VECTOR('',#4422,1.);
#4422 = DIRECTION('',(0.,1.));
#4423 = ( GEOMETRIC_REPRESENTATION_CONTEXT(2) 
PARAMETRIC_REPRESENTATION_CONTEXT() REPRESENTATION_CONTEXT('2D SPACE',''
  ) );
#4424 = PCURVE('',#3946,#4425);
#4425 = DEFINITIONAL_REPRESENTATION('',(#4426),#4430);
#4426 = LINE('',#4427,#4428);
#4427 = CARTESIAN_POINT('',(-2.,23.040408205773));
#4428 = VECTOR('',#4429,1.);
#4429 = DIRECTION('',(0.,-1.));
#4430 = ( GEOMETRIC_REPRESENTATION_CONTEXT(2) 
PARAMETRIC_REPRESENTATION_CONTEXT() REPRESENTATION_CONTEXT('2D SPACE',''
  ) );
#4431 = ORIENTED_EDGE('',*,*,#4432,.F.);
#4432 = EDGE_CURVE('',#4314,#4410,#4433,.T.);
#4433 = SURFACE_CURVE('',#4434,(#4438,#4445),.PCURVE_S1.);
#4434 = LINE('',#4435,#4436);
#4435 = CARTESIAN_POINT('',(-20.,-8.459591794227,46.8));
#4436 = VECTOR('',#4437,1.);
#4437 = DIRECTION('',(-0.,-0.,-1.));
#4438 = PCURVE('',#3918,#4439);
#4439 = DEFINITIONAL_REPRESENTATION('',(#4440),#4444);
#4440 = LINE('',#4441,#4442);
#4441 = CARTESIAN_POINT('',(0.,-23.04040820577));
#4442 = VECTOR('',#4443,1.);
#4443 = DIRECTION('',(-1.,0.));
#4444 = ( GEOMETRIC_REPRESENTATION_CONTEXT(2) 
PARAMETRIC_REPRESENTATION_CONTEXT() REPRESENTATION_CONTEXT('2D SPACE',''
  ) );
#4445 = PCURVE('',#4334,#4446);
#4446 = DEFINITIONAL_REPRESENTATION('',(#4447),#4450);
#4447 = B_SPLINE_CURVE_WITH_KNOTS('',1,(#4448,#4449),.UNSPECIFIED.,.F.,
  .F.,(2,2),(-1.2,0.),.PIECEWISE_BEZIER_KNOTS.);
#4448 = CARTESIAN_POINT('',(-10.19997133408,-1.2));
#4449 = CARTESIAN_POINT('',(-10.19997133408,0.));
#4450 = ( GEOMETRIC_REPRESENTATION_CONTEXT(2) 
PARAMETRIC_REPRESENTATION_CONTEXT() REPRESENTATION_CONTEXT('2D SPACE',''
  ) );
#4451 = ADVANCED_FACE('',(#4452,#4501),#3946,.F.);
#4452 = FACE_BOUND('',#4453,.F.);
#4453 = EDGE_LOOP('',(#4454,#4455,#4456,#4479));
#4454 = ORIENTED_EDGE('',*,*,#4409,.T.);
#4455 = ORIENTED_EDGE('',*,*,#3929,.T.);
#4456 = ORIENTED_EDGE('',*,*,#4457,.T.);
#4457 = EDGE_CURVE('',#3930,#4458,#4460,.T.);
#4458 = VERTEX_POINT('',#4459);
#4459 = CARTESIAN_POINT('',(-16.,-8.459591794226,46.8));
#4460 = SURFACE_CURVE('',#4461,(#4465,#4472),.PCURVE_S1.);
#4461 = LINE('',#4462,#4463);
#4462 = CARTESIAN_POINT('',(-16.,-29.54040820577,46.8));
#4463 = VECTOR('',#4464,1.);
#4464 = DIRECTION('',(0.,1.,0.));
#4465 = PCURVE('',#3946,#4466);
#4466 = DEFINITIONAL_REPRESENTATION('',(#4467),#4471);
#4467 = LINE('',#4468,#4469);
#4468 = CARTESIAN_POINT('',(2.,1.959591794226));
#4469 = VECTOR('',#4470,1.);
#4470 = DIRECTION('',(0.,1.));
#4471 = ( GEOMETRIC_REPRESENTATION_CONTEXT(2) 
PARAMETRIC_REPRESENTATION_CONTEXT() REPRESENTATION_CONTEXT('2D SPACE',''
  ) );
#4472 = PCURVE('',#3977,#4473);
#4473 = DEFINITIONAL_REPRESENTATION('',(#4474),#4478);
#4474 = LINE('',#4475,#4476);
#4475 = CARTESIAN_POINT('',(0.,-1.959591794226));
#4476 = VECTOR('',#4477,1.);
#4477 = DIRECTION('',(0.,-1.));
#4478 = ( GEOMETRIC_REPRESENTATION_CONTEXT(2) 
PARAMETRIC_REPRESENTATION_CONTEXT() REPRESENTATION_CONTEXT('2D SPACE',''
  ) );
#4479 = ORIENTED_EDGE('',*,*,#4480,.T.);
#4480 = EDGE_CURVE('',#4458,#4410,#4481,.T.);
#4481 = SURFACE_CURVE('',#4482,(#4487,#4494),.PCURVE_S1.);
#4482 = CIRCLE('',#4483,2.8);
#4483 = AXIS2_PLACEMENT_3D('',#4484,#4485,#4486);
#4484 = CARTESIAN_POINT('',(-18.,-6.5,46.8));
#4485 = DIRECTION('',(0.,0.,1.));
#4486 = DIRECTION('',(0.714285714286,-0.699854212224,0.));
#4487 = PCURVE('',#3946,#4488);
#4488 = DEFINITIONAL_REPRESENTATION('',(#4489),#4493);
#4489 = CIRCLE('',#4490,2.8);
#4490 = AXIS2_PLACEMENT_2D('',#4491,#4492);
#4491 = CARTESIAN_POINT('',(0.,25.));
#4492 = DIRECTION('',(0.714285714286,-0.699854212224));
#4493 = ( GEOMETRIC_REPRESENTATION_CONTEXT(2) 
PARAMETRIC_REPRESENTATION_CONTEXT() REPRESENTATION_CONTEXT('2D SPACE',''
  ) );
#4494 = PCURVE('',#4334,#4495);
#4495 = DEFINITIONAL_REPRESENTATION('',(#4496),#4500);
#4496 = LINE('',#4497,#4498);
#4497 = CARTESIAN_POINT('',(-5.507991933869,0.));
#4498 = VECTOR('',#4499,1.);
#4499 = DIRECTION('',(-1.,0.));
#4500 = ( GEOMETRIC_REPRESENTATION_CONTEXT(2) 
PARAMETRIC_REPRESENTATION_CONTEXT() REPRESENTATION_CONTEXT('2D SPACE',''
  ) );
#4501 = FACE_BOUND('',#4502,.F.);
#4502 = EDGE_LOOP('',(#4503));
#4503 = ORIENTED_EDGE('',*,*,#4504,.T.);
#4504 = EDGE_CURVE('',#4505,#4505,#4507,.T.);
#4505 = VERTEX_POINT('',#4506);
#4506 = CARTESIAN_POINT('',(-16.9,-6.5,46.8));
#4507 = SURFACE_CURVE('',#4508,(#4513,#4524),.PCURVE_S1.);
#4508 = CIRCLE('',#4509,1.1);
#4509 = AXIS2_PLACEMENT_3D('',#4510,#4511,#4512);
#4510 = CARTESIAN_POINT('',(-18.,-6.5,46.8));
#4511 = DIRECTION('',(0.,0.,-1.));
#4512 = DIRECTION('',(1.,0.,0.));
#4513 = PCURVE('',#3946,#4514);
#4514 = DEFINITIONAL_REPRESENTATION('',(#4515),#4523);
#4515 = ( BOUNDED_CURVE() B_SPLINE_CURVE(2,(#4516,#4517,#4518,#4519,
#4520,#4521,#4522),.UNSPECIFIED.,.T.,.F.) B_SPLINE_CURVE_WITH_KNOTS((1,2
    ,2,2,2,1),(-2.094395102393,0.,2.094395102393,4.188790204786,
6.28318530718,8.377580409573),.UNSPECIFIED.) CURVE() 
GEOMETRIC_REPRESENTATION_ITEM() RATIONAL_B_SPLINE_CURVE((1.,0.5,1.,0.5,
1.,0.5,1.)) REPRESENTATION_ITEM('') );
#4516 = CARTESIAN_POINT('',(1.1,25.));
#4517 = CARTESIAN_POINT('',(1.1,23.094744111674));
#4518 = CARTESIAN_POINT('',(-0.55,24.047372055837));
#4519 = CARTESIAN_POINT('',(-2.2,25.));
#4520 = CARTESIAN_POINT('',(-0.55,25.952627944163));
#4521 = CARTESIAN_POINT('',(1.1,26.905255888326));
#4522 = CARTESIAN_POINT('',(1.1,25.));
#4523 = ( GEOMETRIC_REPRESENTATION_CONTEXT(2) 
PARAMETRIC_REPRESENTATION_CONTEXT() REPRESENTATION_CONTEXT('2D SPACE',''
  ) );
#4524 = PCURVE('',#4392,#4525);
#4525 = DEFINITIONAL_REPRESENTATION('',(#4526),#4530);
#4526 = LINE('',#4527,#4528);
#4527 = CARTESIAN_POINT('',(-6.28318530718,-0.1));
#4528 = VECTOR('',#4529,1.);
#4529 = DIRECTION('',(1.,-0.));
#4530 = ( GEOMETRIC_REPRESENTATION_CONTEXT(2) 
PARAMETRIC_REPRESENTATION_CONTEXT() REPRESENTATION_CONTEXT('2D SPACE',''
  ) );
#4531 = ADVANCED_FACE('',(#4532),#3977,.T.);
#4532 = FACE_BOUND('',#4533,.T.);
#4533 = EDGE_LOOP('',(#4534,#4535,#4536,#4537));
#4534 = ORIENTED_EDGE('',*,*,#4290,.F.);
#4535 = ORIENTED_EDGE('',*,*,#3962,.T.);
#4536 = ORIENTED_EDGE('',*,*,#4457,.T.);
#4537 = ORIENTED_EDGE('',*,*,#4538,.F.);
#4538 = EDGE_CURVE('',#4291,#4458,#4539,.T.);
#4539 = SURFACE_CURVE('',#4540,(#4544,#4551),.PCURVE_S1.);
#4540 = LINE('',#4541,#4542);
#4541 = CARTESIAN_POINT('',(-16.,-8.459591794227,46.8));
#4542 = VECTOR('',#4543,1.);
#4543 = DIRECTION('',(-0.,-0.,-1.));
#4544 = PCURVE('',#3977,#4545);
#4545 = DEFINITIONAL_REPRESENTATION('',(#4546),#4550);
#4546 = LINE('',#4547,#4548);
#4547 = CARTESIAN_POINT('',(0.,-23.04040820577));
#4548 = VECTOR('',#4549,1.);
#4549 = DIRECTION('',(-1.,0.));
#4550 = ( GEOMETRIC_REPRESENTATION_CONTEXT(2) 
PARAMETRIC_REPRESENTATION_CONTEXT() REPRESENTATION_CONTEXT('2D SPACE',''
  ) );
#4551 = PCURVE('',#4334,#4552);
#4552 = DEFINITIONAL_REPRESENTATION('',(#4553),#4556);
#4553 = B_SPLINE_CURVE_WITH_KNOTS('',1,(#4554,#4555),.UNSPECIFIED.,.F.,
  .F.,(2,2),(-1.2,-0.),.PIECEWISE_BEZIER_KNOTS.);
#4554 = CARTESIAN_POINT('',(-5.507991933869,-1.2));
#4555 = CARTESIAN_POINT('',(-5.507991933869,0.));
#4556 = ( GEOMETRIC_REPRESENTATION_CONTEXT(2) 
PARAMETRIC_REPRESENTATION_CONTEXT() REPRESENTATION_CONTEXT('2D SPACE',''
  ) );
#4557 = ADVANCED_FACE('',(#4558),#4040,.T.);
#4558 = FACE_BOUND('',#4559,.F.);
#4559 = EDGE_LOOP('',(#4560,#4561,#4562,#4563));
#4560 = ORIENTED_EDGE('',*,*,#4206,.F.);
#4561 = ORIENTED_EDGE('',*,*,#4264,.F.);
#4562 = ORIENTED_EDGE('',*,*,#4017,.F.);
#4563 = ORIENTED_EDGE('',*,*,#4136,.T.);
#4564 = ADVANCED_FACE('',(#4565),#4120,.F.);
#4565 = FACE_BOUND('',#4566,.T.);
#4566 = EDGE_LOOP('',(#4567,#4568,#4589,#4590));
#4567 = ORIENTED_EDGE('',*,*,#4232,.T.);
#4568 = ORIENTED_EDGE('',*,*,#4569,.T.);
#4569 = EDGE_CURVE('',#4233,#4100,#4570,.T.);
#4570 = SEAM_CURVE('',#4571,(#4575,#4582),.PCURVE_S1.);
#4571 = LINE('',#4572,#4573);
#4572 = CARTESIAN_POINT('',(-16.9,-31.5,46.7));
#4573 = VECTOR('',#4574,1.);
#4574 = DIRECTION('',(0.,0.,1.));
#4575 = PCURVE('',#4120,#4576);
#4576 = DEFINITIONAL_REPRESENTATION('',(#4577),#4581);
#4577 = LINE('',#4578,#4579);
#4578 = CARTESIAN_POINT('',(-6.28318530718,0.));
#4579 = VECTOR('',#4580,1.);
#4580 = DIRECTION('',(-0.,-1.));
#4581 = ( GEOMETRIC_REPRESENTATION_CONTEXT(2) 
PARAMETRIC_REPRESENTATION_CONTEXT() REPRESENTATION_CONTEXT('2D SPACE',''
  ) );
#4582 = PCURVE('',#4120,#4583);
#4583 = DEFINITIONAL_REPRESENTATION('',(#4584),#4588);
#4584 = LINE('',#4585,#4586);
#4585 = CARTESIAN_POINT('',(-0.,0.));
#4586 = VECTOR('',#4587,1.);
#4587 = DIRECTION('',(-0.,-1.));
#4588 = ( GEOMETRIC_REPRESENTATION_CONTEXT(2) 
PARAMETRIC_REPRESENTATION_CONTEXT() REPRESENTATION_CONTEXT('2D SPACE',''
  ) );
#4589 = ORIENTED_EDGE('',*,*,#4099,.F.);
#4590 = ORIENTED_EDGE('',*,*,#4569,.F.);
#4591 = ADVANCED_FACE('',(#4592),#4334,.T.);
#4592 = FACE_BOUND('',#4593,.F.);
#4593 = EDGE_LOOP('',(#4594,#4595,#4596,#4597));
#4594 = ORIENTED_EDGE('',*,*,#4480,.F.);
#4595 = ORIENTED_EDGE('',*,*,#4538,.F.);
#4596 = ORIENTED_EDGE('',*,*,#4313,.F.);
#4597 = ORIENTED_EDGE('',*,*,#4432,.T.);
#4598 = ADVANCED_FACE('',(#4599),#4392,.F.);
#4599 = FACE_BOUND('',#4600,.T.);
#4600 = EDGE_LOOP('',(#4601,#4602,#4623,#4624));
#4601 = ORIENTED_EDGE('',*,*,#4504,.T.);
#4602 = ORIENTED_EDGE('',*,*,#4603,.T.);
#4603 = EDGE_CURVE('',#4505,#4372,#4604,.T.);
#4604 = SEAM_CURVE('',#4605,(#4609,#4616),.PCURVE_S1.);
#4605 = LINE('',#4606,#4607);
#4606 = CARTESIAN_POINT('',(-16.9,-6.5,46.7));
#4607 = VECTOR('',#4608,1.);
#4608 = DIRECTION('',(0.,0.,1.));
#4609 = PCURVE('',#4392,#4610);
#4610 = DEFINITIONAL_REPRESENTATION('',(#4611),#4615);
#4611 = LINE('',#4612,#4613);
#4612 = CARTESIAN_POINT('',(-6.28318530718,0.));
#4613 = VECTOR('',#4614,1.);
#4614 = DIRECTION('',(-0.,-1.));
#4615 = ( GEOMETRIC_REPRESENTATION_CONTEXT(2) 
PARAMETRIC_REPRESENTATION_CONTEXT() REPRESENTATION_CONTEXT('2D SPACE',''
  ) );
#4616 = PCURVE('',#4392,#4617);
#4617 = DEFINITIONAL_REPRESENTATION('',(#4618),#4622);
#4618 = LINE('',#4619,#4620);
#4619 = CARTESIAN_POINT('',(-0.,0.));
#4620 = VECTOR('',#4621,1.);
#4621 = DIRECTION('',(-0.,-1.));
#4622 = ( GEOMETRIC_REPRESENTATION_CONTEXT(2) 
PARAMETRIC_REPRESENTATION_CONTEXT() REPRESENTATION_CONTEXT('2D SPACE',''
  ) );
#4623 = ORIENTED_EDGE('',*,*,#4371,.F.);
#4624 = ORIENTED_EDGE('',*,*,#4603,.F.);
#4625 = ( GEOMETRIC_REPRESENTATION_CONTEXT(3) 
GLOBAL_UNCERTAINTY_ASSIGNED_CONTEXT((#4629)) 
GLOBAL_UNIT_ASSIGNED_CONTEXT((#4626,#4627,#4628)) REPRESENTATION_CONTEXT
('Context #1','3D Context with UNIT and UNCERTAINTY') );
#4626 = ( LENGTH_UNIT() NAMED_UNIT(*) SI_UNIT(.MILLI.,.METRE.) );
#4627 = ( NAMED_UNIT(*) PLANE_ANGLE_UNIT() SI_UNIT($,.RADIAN.) );
#4628 = ( NAMED_UNIT(*) SI_UNIT($,.STERADIAN.) SOLID_ANGLE_UNIT() );
#4629 = UNCERTAINTY_MEASURE_WITH_UNIT(LENGTH_MEASURE(1.E-07),#4626,
  'distance_accuracy_value','confusion accuracy');
#4630 = CONTEXT_DEPENDENT_SHAPE_REPRESENTATION(#4631,#4633);
#4631 = ( REPRESENTATION_RELATIONSHIP('','',#2612,#10) 
REPRESENTATION_RELATIONSHIP_WITH_TRANSFORMATION(#4632) 
SHAPE_REPRESENTATION_RELATIONSHIP() );
#4632 = ITEM_DEFINED_TRANSFORMATION('','',#11,#63);
#4633 = PRODUCT_DEFINITION_SHAPE('Placement','Placement of an item',
  #4634);
#4634 = NEXT_ASSEMBLY_USAGE_OCCURRENCE('13','button_retainer','',#5,
  #2607,$);
#4635 = PRODUCT_RELATED_PRODUCT_CATEGORY('part',$,(#2609));
#4636 = SHAPE_DEFINITION_REPRESENTATION(#4637,#4643);
#4637 = PRODUCT_DEFINITION_SHAPE('','',#4638);
#4638 = PRODUCT_DEFINITION('design','',#4639,#4642);
#4639 = PRODUCT_DEFINITION_FORMATION('','',#4640);
#4640 = PRODUCT('light_pipe','light_pipe','',(#4641));
#4641 = PRODUCT_CONTEXT('',#2,'mechanical');
#4642 = PRODUCT_DEFINITION_CONTEXT('part definition',#2,'design');
#4643 = ADVANCED_BREP_SHAPE_REPRESENTATION('',(#11,#4644),#4742);
#4644 = MANIFOLD_SOLID_BREP('',#4645);
#4645 = CLOSED_SHELL('',(#4646,#4734,#4738));
#4646 = ADVANCED_FACE('',(#4647),#4661,.T.);
#4647 = FACE_BOUND('',#4648,.F.);
#4648 = EDGE_LOOP('',(#4649,#4679,#4706,#4707));
#4649 = ORIENTED_EDGE('',*,*,#4650,.T.);
#4650 = EDGE_CURVE('',#4651,#4653,#4655,.T.);
#4651 = VERTEX_POINT('',#4652);
#4652 = CARTESIAN_POINT('',(-0.6,-19.,28.2));
#4653 = VERTEX_POINT('',#4654);
#4654 = CARTESIAN_POINT('',(-0.6,-19.,50.4));
#4655 = SEAM_CURVE('',#4656,(#4660,#4672),.PCURVE_S1.);
#4656 = LINE('',#4657,#4658);
#4657 = CARTESIAN_POINT('',(-0.6,-19.,28.2));
#4658 = VECTOR('',#4659,1.);
#4659 = DIRECTION('',(0.,0.,1.));
#4660 = PCURVE('',#4661,#4666);
#4661 = CYLINDRICAL_SURFACE('',#4662,1.4);
#4662 = AXIS2_PLACEMENT_3D('',#4663,#4664,#4665);
#4663 = CARTESIAN_POINT('',(-2.,-19.,28.2));
#4664 = DIRECTION('',(-0.,-0.,-1.));
#4665 = DIRECTION('',(1.,0.,0.));
#4666 = DEFINITIONAL_REPRESENTATION('',(#4667),#4671);
#4667 = LINE('',#4668,#4669);
#4668 = CARTESIAN_POINT('',(-0.,0.));
#4669 = VECTOR('',#4670,1.);
#4670 = DIRECTION('',(-0.,-1.));
#4671 = ( GEOMETRIC_REPRESENTATION_CONTEXT(2) 
PARAMETRIC_REPRESENTATION_CONTEXT() REPRESENTATION_CONTEXT('2D SPACE',''
  ) );
#4672 = PCURVE('',#4661,#4673);
#4673 = DEFINITIONAL_REPRESENTATION('',(#4674),#4678);
#4674 = LINE('',#4675,#4676);
#4675 = CARTESIAN_POINT('',(-6.28318530718,0.));
#4676 = VECTOR('',#4677,1.);
#4677 = DIRECTION('',(-0.,-1.));
#4678 = ( GEOMETRIC_REPRESENTATION_CONTEXT(2) 
PARAMETRIC_REPRESENTATION_CONTEXT() REPRESENTATION_CONTEXT('2D SPACE',''
  ) );
#4679 = ORIENTED_EDGE('',*,*,#4680,.T.);
#4680 = EDGE_CURVE('',#4653,#4653,#4681,.T.);
#4681 = SURFACE_CURVE('',#4682,(#4687,#4694),.PCURVE_S1.);
#4682 = CIRCLE('',#4683,1.4);
#4683 = AXIS2_PLACEMENT_3D('',#4684,#4685,#4686);
#4684 = CARTESIAN_POINT('',(-2.,-19.,50.4));
#4685 = DIRECTION('',(0.,0.,1.));
#4686 = DIRECTION('',(1.,0.,0.));
#4687 = PCURVE('',#4661,#4688);
#4688 = DEFINITIONAL_REPRESENTATION('',(#4689),#4693);
#4689 = LINE('',#4690,#4691);
#4690 = CARTESIAN_POINT('',(-0.,-22.2));
#4691 = VECTOR('',#4692,1.);
#4692 = DIRECTION('',(-1.,0.));
#4693 = ( GEOMETRIC_REPRESENTATION_CONTEXT(2) 
PARAMETRIC_REPRESENTATION_CONTEXT() REPRESENTATION_CONTEXT('2D SPACE',''
  ) );
#4694 = PCURVE('',#4695,#4700);
#4695 = PLANE('',#4696);
#4696 = AXIS2_PLACEMENT_3D('',#4697,#4698,#4699);
#4697 = CARTESIAN_POINT('',(-2.,-19.,50.4));
#4698 = DIRECTION('',(0.,0.,1.));
#4699 = DIRECTION('',(1.,0.,-0.));
#4700 = DEFINITIONAL_REPRESENTATION('',(#4701),#4705);
#4701 = CIRCLE('',#4702,1.4);
#4702 = AXIS2_PLACEMENT_2D('',#4703,#4704);
#4703 = CARTESIAN_POINT('',(0.,0.));
#4704 = DIRECTION('',(1.,0.));
#4705 = ( GEOMETRIC_REPRESENTATION_CONTEXT(2) 
PARAMETRIC_REPRESENTATION_CONTEXT() REPRESENTATION_CONTEXT('2D SPACE',''
  ) );
#4706 = ORIENTED_EDGE('',*,*,#4650,.F.);
#4707 = ORIENTED_EDGE('',*,*,#4708,.F.);
#4708 = EDGE_CURVE('',#4651,#4651,#4709,.T.);
#4709 = SURFACE_CURVE('',#4710,(#4715,#4722),.PCURVE_S1.);
#4710 = CIRCLE('',#4711,1.4);
#4711 = AXIS2_PLACEMENT_3D('',#4712,#4713,#4714);
#4712 = CARTESIAN_POINT('',(-2.,-19.,28.2));
#4713 = DIRECTION('',(0.,0.,1.));
#4714 = DIRECTION('',(1.,0.,0.));
#4715 = PCURVE('',#4661,#4716);
#4716 = DEFINITIONAL_REPRESENTATION('',(#4717),#4721);
#4717 = LINE('',#4718,#4719);
#4718 = CARTESIAN_POINT('',(-0.,0.));
#4719 = VECTOR('',#4720,1.);
#4720 = DIRECTION('',(-1.,0.));
#4721 = ( GEOMETRIC_REPRESENTATION_CONTEXT(2) 
PARAMETRIC_REPRESENTATION_CONTEXT() REPRESENTATION_CONTEXT('2D SPACE',''
  ) );
#4722 = PCURVE('',#4723,#4728);
#4723 = PLANE('',#4724);
#4724 = AXIS2_PLACEMENT_3D('',#4725,#4726,#4727);
#4725 = CARTESIAN_POINT('',(-2.,-19.,28.2));
#4726 = DIRECTION('',(0.,0.,1.));
#4727 = DIRECTION('',(1.,0.,-0.));
#4728 = DEFINITIONAL_REPRESENTATION('',(#4729),#4733);
#4729 = CIRCLE('',#4730,1.4);
#4730 = AXIS2_PLACEMENT_2D('',#4731,#4732);
#4731 = CARTESIAN_POINT('',(0.,0.));
#4732 = DIRECTION('',(1.,0.));
#4733 = ( GEOMETRIC_REPRESENTATION_CONTEXT(2) 
PARAMETRIC_REPRESENTATION_CONTEXT() REPRESENTATION_CONTEXT('2D SPACE',''
  ) );
#4734 = ADVANCED_FACE('',(#4735),#4723,.F.);
#4735 = FACE_BOUND('',#4736,.F.);
#4736 = EDGE_LOOP('',(#4737));
#4737 = ORIENTED_EDGE('',*,*,#4708,.T.);
#4738 = ADVANCED_FACE('',(#4739),#4695,.T.);
#4739 = FACE_BOUND('',#4740,.T.);
#4740 = EDGE_LOOP('',(#4741));
#4741 = ORIENTED_EDGE('',*,*,#4680,.T.);
#4742 = ( GEOMETRIC_REPRESENTATION_CONTEXT(3) 
GLOBAL_UNCERTAINTY_ASSIGNED_CONTEXT((#4746)) 
GLOBAL_UNIT_ASSIGNED_CONTEXT((#4743,#4744,#4745)) REPRESENTATION_CONTEXT
('Context #1','3D Context with UNIT and UNCERTAINTY') );
#4743 = ( LENGTH_UNIT() NAMED_UNIT(*) SI_UNIT(.MILLI.,.METRE.) );
#4744 = ( NAMED_UNIT(*) PLANE_ANGLE_UNIT() SI_UNIT($,.RADIAN.) );
#4745 = ( NAMED_UNIT(*) SI_UNIT($,.STERADIAN.) SOLID_ANGLE_UNIT() );
#4746 = UNCERTAINTY_MEASURE_WITH_UNIT(LENGTH_MEASURE(1.E-07),#4743,
  'distance_accuracy_value','confusion accuracy');
#4747 = CONTEXT_DEPENDENT_SHAPE_REPRESENTATION(#4748,#4750);
#4748 = ( REPRESENTATION_RELATIONSHIP('','',#4643,#10) 
REPRESENTATION_RELATIONSHIP_WITH_TRANSFORMATION(#4749) 
SHAPE_REPRESENTATION_RELATIONSHIP() );
#4749 = ITEM_DEFINED_TRANSFORMATION('','',#11,#67);
#4750 = PRODUCT_DEFINITION_SHAPE('Placement','Placement of an item',
  #4751);
#4751 = NEXT_ASSEMBLY_USAGE_OCCURRENCE('14','light_pipe','',#5,#4638,$);
#4752 = PRODUCT_RELATED_PRODUCT_CATEGORY('part',$,(#4640));
#4753 = SHAPE_DEFINITION_REPRESENTATION(#4754,#4760);
#4754 = PRODUCT_DEFINITION_SHAPE('','',#4755);
#4755 = PRODUCT_DEFINITION('design','',#4756,#4759);
#4756 = PRODUCT_DEFINITION_FORMATION('','',#4757);
#4757 = PRODUCT('carrier_screw_1','carrier_screw_1','',(#4758));
#4758 = PRODUCT_CONTEXT('',#2,'mechanical');
#4759 = PRODUCT_DEFINITION_CONTEXT('part definition',#2,'design');
#4760 = ADVANCED_BREP_SHAPE_REPRESENTATION('',(#11,#4761),#4949);
#4761 = MANIFOLD_SOLID_BREP('',#4762);
#4762 = CLOSED_SHELL('',(#4763,#4851,#4855,#4890,#4945));
#4763 = ADVANCED_FACE('',(#4764),#4778,.T.);
#4764 = FACE_BOUND('',#4765,.F.);
#4765 = EDGE_LOOP('',(#4766,#4796,#4823,#4824));
#4766 = ORIENTED_EDGE('',*,*,#4767,.T.);
#4767 = EDGE_CURVE('',#4768,#4770,#4772,.T.);
#4768 = VERTEX_POINT('',#4769);
#4769 = CARTESIAN_POINT('',(-34.1,-5.,18.79));
#4770 = VERTEX_POINT('',#4771);
#4771 = CARTESIAN_POINT('',(-34.1,-5.,20.79));
#4772 = SEAM_CURVE('',#4773,(#4777,#4789),.PCURVE_S1.);
#4773 = LINE('',#4774,#4775);
#4774 = CARTESIAN_POINT('',(-34.1,-5.,18.79));
#4775 = VECTOR('',#4776,1.);
#4776 = DIRECTION('',(0.,0.,1.));
#4777 = PCURVE('',#4778,#4783);
#4778 = CYLINDRICAL_SURFACE('',#4779,1.9);
#4779 = AXIS2_PLACEMENT_3D('',#4780,#4781,#4782);
#4780 = CARTESIAN_POINT('',(-36.,-5.,18.79));
#4781 = DIRECTION('',(-0.,-0.,-1.));
#4782 = DIRECTION('',(1.,0.,0.));
#4783 = DEFINITIONAL_REPRESENTATION('',(#4784),#4788);
#4784 = LINE('',#4785,#4786);
#4785 = CARTESIAN_POINT('',(-0.,0.));
#4786 = VECTOR('',#4787,1.);
#4787 = DIRECTION('',(-0.,-1.));
#4788 = ( GEOMETRIC_REPRESENTATION_CONTEXT(2) 
PARAMETRIC_REPRESENTATION_CONTEXT() REPRESENTATION_CONTEXT('2D SPACE',''
  ) );
#4789 = PCURVE('',#4778,#4790);
#4790 = DEFINITIONAL_REPRESENTATION('',(#4791),#4795);
#4791 = LINE('',#4792,#4793);
#4792 = CARTESIAN_POINT('',(-6.28318530718,0.));
#4793 = VECTOR('',#4794,1.);
#4794 = DIRECTION('',(-0.,-1.));
#4795 = ( GEOMETRIC_REPRESENTATION_CONTEXT(2) 
PARAMETRIC_REPRESENTATION_CONTEXT() REPRESENTATION_CONTEXT('2D SPACE',''
  ) );
#4796 = ORIENTED_EDGE('',*,*,#4797,.T.);
#4797 = EDGE_CURVE('',#4770,#4770,#4798,.T.);
#4798 = SURFACE_CURVE('',#4799,(#4804,#4811),.PCURVE_S1.);
#4799 = CIRCLE('',#4800,1.9);
#4800 = AXIS2_PLACEMENT_3D('',#4801,#4802,#4803);
#4801 = CARTESIAN_POINT('',(-36.,-5.,20.79));
#4802 = DIRECTION('',(0.,0.,1.));
#4803 = DIRECTION('',(1.,0.,0.));
#4804 = PCURVE('',#4778,#4805);
#4805 = DEFINITIONAL_REPRESENTATION('',(#4806),#4810);
#4806 = LINE('',#4807,#4808);
#4807 = CARTESIAN_POINT('',(-0.,-2.));
#4808 = VECTOR('',#4809,1.);
#4809 = DIRECTION('',(-1.,0.));
#4810 = ( GEOMETRIC_REPRESENTATION_CONTEXT(2) 
PARAMETRIC_REPRESENTATION_CONTEXT() REPRESENTATION_CONTEXT('2D SPACE',''
  ) );
#4811 = PCURVE('',#4812,#4817);
#4812 = PLANE('',#4813);
#4813 = AXIS2_PLACEMENT_3D('',#4814,#4815,#4816);
#4814 = CARTESIAN_POINT('',(-36.,-5.,20.79));
#4815 = DIRECTION('',(0.,0.,1.));
#4816 = DIRECTION('',(1.,0.,-0.));
#4817 = DEFINITIONAL_REPRESENTATION('',(#4818),#4822);
#4818 = CIRCLE('',#4819,1.9);
#4819 = AXIS2_PLACEMENT_2D('',#4820,#4821);
#4820 = CARTESIAN_POINT('',(0.,0.));
#4821 = DIRECTION('',(1.,0.));
#4822 = ( GEOMETRIC_REPRESENTATION_CONTEXT(2) 
PARAMETRIC_REPRESENTATION_CONTEXT() REPRESENTATION_CONTEXT('2D SPACE',''
  ) );
#4823 = ORIENTED_EDGE('',*,*,#4767,.F.);
#4824 = ORIENTED_EDGE('',*,*,#4825,.F.);
#4825 = EDGE_CURVE('',#4768,#4768,#4826,.T.);
#4826 = SURFACE_CURVE('',#4827,(#4832,#4839),.PCURVE_S1.);
#4827 = CIRCLE('',#4828,1.9);
#4828 = AXIS2_PLACEMENT_3D('',#4829,#4830,#4831);
#4829 = CARTESIAN_POINT('',(-36.,-5.,18.79));
#4830 = DIRECTION('',(0.,0.,1.));
#4831 = DIRECTION('',(1.,0.,0.));
#4832 = PCURVE('',#4778,#4833);
#4833 = DEFINITIONAL_REPRESENTATION('',(#4834),#4838);
#4834 = LINE('',#4835,#4836);
#4835 = CARTESIAN_POINT('',(-0.,0.));
#4836 = VECTOR('',#4837,1.);
#4837 = DIRECTION('',(-1.,0.));
#4838 = ( GEOMETRIC_REPRESENTATION_CONTEXT(2) 
PARAMETRIC_REPRESENTATION_CONTEXT() REPRESENTATION_CONTEXT('2D SPACE',''
  ) );
#4839 = PCURVE('',#4840,#4845);
#4840 = PLANE('',#4841);
#4841 = AXIS2_PLACEMENT_3D('',#4842,#4843,#4844);
#4842 = CARTESIAN_POINT('',(-36.,-5.,18.79));
#4843 = DIRECTION('',(0.,0.,1.));
#4844 = DIRECTION('',(1.,0.,-0.));
#4845 = DEFINITIONAL_REPRESENTATION('',(#4846),#4850);
#4846 = CIRCLE('',#4847,1.9);
#4847 = AXIS2_PLACEMENT_2D('',#4848,#4849);
#4848 = CARTESIAN_POINT('',(0.,0.));
#4849 = DIRECTION('',(1.,0.));
#4850 = ( GEOMETRIC_REPRESENTATION_CONTEXT(2) 
PARAMETRIC_REPRESENTATION_CONTEXT() REPRESENTATION_CONTEXT('2D SPACE',''
  ) );
#4851 = ADVANCED_FACE('',(#4852),#4840,.F.);
#4852 = FACE_BOUND('',#4853,.F.);
#4853 = EDGE_LOOP('',(#4854));
#4854 = ORIENTED_EDGE('',*,*,#4825,.T.);
#4855 = ADVANCED_FACE('',(#4856,#4859),#4812,.T.);
#4856 = FACE_BOUND('',#4857,.T.);
#4857 = EDGE_LOOP('',(#4858));
#4858 = ORIENTED_EDGE('',*,*,#4797,.T.);
#4859 = FACE_BOUND('',#4860,.T.);
#4860 = EDGE_LOOP('',(#4861));
#4861 = ORIENTED_EDGE('',*,*,#4862,.F.);
#4862 = EDGE_CURVE('',#4863,#4863,#4865,.T.);
#4863 = VERTEX_POINT('',#4864);
#4864 = CARTESIAN_POINT('',(-35.,-5.,20.79));
#4865 = SURFACE_CURVE('',#4866,(#4871,#4878),.PCURVE_S1.);
#4866 = CIRCLE('',#4867,1.);
#4867 = AXIS2_PLACEMENT_3D('',#4868,#4869,#4870);
#4868 = CARTESIAN_POINT('',(-36.,-5.,20.79));
#4869 = DIRECTION('',(0.,0.,1.));
#4870 = DIRECTION('',(1.,0.,0.));
#4871 = PCURVE('',#4812,#4872);
#4872 = DEFINITIONAL_REPRESENTATION('',(#4873),#4877);
#4873 = CIRCLE('',#4874,1.);
#4874 = AXIS2_PLACEMENT_2D('',#4875,#4876);
#4875 = CARTESIAN_POINT('',(0.,0.));
#4876 = DIRECTION('',(1.,0.));
#4877 = ( GEOMETRIC_REPRESENTATION_CONTEXT(2) 
PARAMETRIC_REPRESENTATION_CONTEXT() REPRESENTATION_CONTEXT('2D SPACE',''
  ) );
#4878 = PCURVE('',#4879,#4884);
#4879 = CYLINDRICAL_SURFACE('',#4880,1.);
#4880 = AXIS2_PLACEMENT_3D('',#4881,#4882,#4883);
#4881 = CARTESIAN_POINT('',(-36.,-5.,20.79));
#4882 = DIRECTION('',(-0.,-0.,-1.));
#4883 = DIRECTION('',(1.,0.,0.));
#4884 = DEFINITIONAL_REPRESENTATION('',(#4885),#4889);
#4885 = LINE('',#4886,#4887);
#4886 = CARTESIAN_POINT('',(-0.,0.));
#4887 = VECTOR('',#4888,1.);
#4888 = DIRECTION('',(-1.,0.));
#4889 = ( GEOMETRIC_REPRESENTATION_CONTEXT(2) 
PARAMETRIC_REPRESENTATION_CONTEXT() REPRESENTATION_CONTEXT('2D SPACE',''
  ) );
#4890 = ADVANCED_FACE('',(#4891),#4879,.T.);
#4891 = FACE_BOUND('',#4892,.F.);
#4892 = EDGE_LOOP('',(#4893,#4916,#4943,#4944));
#4893 = ORIENTED_EDGE('',*,*,#4894,.T.);
#4894 = EDGE_CURVE('',#4863,#4895,#4897,.T.);
#4895 = VERTEX_POINT('',#4896);
#4896 = CARTESIAN_POINT('',(-35.,-5.,26.79));
#4897 = SEAM_CURVE('',#4898,(#4902,#4909),.PCURVE_S1.);
#4898 = LINE('',#4899,#4900);
#4899 = CARTESIAN_POINT('',(-35.,-5.,20.79));
#4900 = VECTOR('',#4901,1.);
#4901 = DIRECTION('',(0.,0.,1.));
#4902 = PCURVE('',#4879,#4903);
#4903 = DEFINITIONAL_REPRESENTATION('',(#4904),#4908);
#4904 = LINE('',#4905,#4906);
#4905 = CARTESIAN_POINT('',(-0.,0.));
#4906 = VECTOR('',#4907,1.);
#4907 = DIRECTION('',(-0.,-1.));
#4908 = ( GEOMETRIC_REPRESENTATION_CONTEXT(2) 
PARAMETRIC_REPRESENTATION_CONTEXT() REPRESENTATION_CONTEXT('2D SPACE',''
  ) );
#4909 = PCURVE('',#4879,#4910);
#4910 = DEFINITIONAL_REPRESENTATION('',(#4911),#4915);
#4911 = LINE('',#4912,#4913);
#4912 = CARTESIAN_POINT('',(-6.28318530718,0.));
#4913 = VECTOR('',#4914,1.);
#4914 = DIRECTION('',(-0.,-1.));
#4915 = ( GEOMETRIC_REPRESENTATION_CONTEXT(2) 
PARAMETRIC_REPRESENTATION_CONTEXT() REPRESENTATION_CONTEXT('2D SPACE',''
  ) );
#4916 = ORIENTED_EDGE('',*,*,#4917,.T.);
#4917 = EDGE_CURVE('',#4895,#4895,#4918,.T.);
#4918 = SURFACE_CURVE('',#4919,(#4924,#4931),.PCURVE_S1.);
#4919 = CIRCLE('',#4920,1.);
#4920 = AXIS2_PLACEMENT_3D('',#4921,#4922,#4923);
#4921 = CARTESIAN_POINT('',(-36.,-5.,26.79));
#4922 = DIRECTION('',(0.,0.,1.));
#4923 = DIRECTION('',(1.,0.,0.));
#4924 = PCURVE('',#4879,#4925);
#4925 = DEFINITIONAL_REPRESENTATION('',(#4926),#4930);
#4926 = LINE('',#4927,#4928);
#4927 = CARTESIAN_POINT('',(-0.,-6.));
#4928 = VECTOR('',#4929,1.);
#4929 = DIRECTION('',(-1.,0.));
#4930 = ( GEOMETRIC_REPRESENTATION_CONTEXT(2) 
PARAMETRIC_REPRESENTATION_CONTEXT() REPRESENTATION_CONTEXT('2D SPACE',''
  ) );
#4931 = PCURVE('',#4932,#4937);
#4932 = PLANE('',#4933);
#4933 = AXIS2_PLACEMENT_3D('',#4934,#4935,#4936);
#4934 = CARTESIAN_POINT('',(-36.,-5.,26.79));
#4935 = DIRECTION('',(0.,0.,1.));
#4936 = DIRECTION('',(1.,0.,-0.));
#4937 = DEFINITIONAL_REPRESENTATION('',(#4938),#4942);
#4938 = CIRCLE('',#4939,1.);
#4939 = AXIS2_PLACEMENT_2D('',#4940,#4941);
#4940 = CARTESIAN_POINT('',(0.,0.));
#4941 = DIRECTION('',(1.,0.));
#4942 = ( GEOMETRIC_REPRESENTATION_CONTEXT(2) 
PARAMETRIC_REPRESENTATION_CONTEXT() REPRESENTATION_CONTEXT('2D SPACE',''
  ) );
#4943 = ORIENTED_EDGE('',*,*,#4894,.F.);
#4944 = ORIENTED_EDGE('',*,*,#4862,.F.);
#4945 = ADVANCED_FACE('',(#4946),#4932,.T.);
#4946 = FACE_BOUND('',#4947,.T.);
#4947 = EDGE_LOOP('',(#4948));
#4948 = ORIENTED_EDGE('',*,*,#4917,.T.);
#4949 = ( GEOMETRIC_REPRESENTATION_CONTEXT(3) 
GLOBAL_UNCERTAINTY_ASSIGNED_CONTEXT((#4953)) 
GLOBAL_UNIT_ASSIGNED_CONTEXT((#4950,#4951,#4952)) REPRESENTATION_CONTEXT
('Context #1','3D Context with UNIT and UNCERTAINTY') );
#4950 = ( LENGTH_UNIT() NAMED_UNIT(*) SI_UNIT(.MILLI.,.METRE.) );
#4951 = ( NAMED_UNIT(*) PLANE_ANGLE_UNIT() SI_UNIT($,.RADIAN.) );
#4952 = ( NAMED_UNIT(*) SI_UNIT($,.STERADIAN.) SOLID_ANGLE_UNIT() );
#4953 = UNCERTAINTY_MEASURE_WITH_UNIT(LENGTH_MEASURE(1.E-07),#4950,
  'distance_accuracy_value','confusion accuracy');
#4954 = CONTEXT_DEPENDENT_SHAPE_REPRESENTATION(#4955,#4957);
#4955 = ( REPRESENTATION_RELATIONSHIP('','',#4760,#10) 
REPRESENTATION_RELATIONSHIP_WITH_TRANSFORMATION(#4956) 
SHAPE_REPRESENTATION_RELATIONSHIP() );
#4956 = ITEM_DEFINED_TRANSFORMATION('','',#11,#71);
#4957 = PRODUCT_DEFINITION_SHAPE('Placement','Placement of an item',
  #4958);
#4958 = NEXT_ASSEMBLY_USAGE_OCCURRENCE('15','carrier_screw_1','',#5,
  #4755,$);
#4959 = PRODUCT_RELATED_PRODUCT_CATEGORY('part',$,(#4757));
#4960 = SHAPE_DEFINITION_REPRESENTATION(#4961,#4967);
#4961 = PRODUCT_DEFINITION_SHAPE('','',#4962);
#4962 = PRODUCT_DEFINITION('design','',#4963,#4966);
#4963 = PRODUCT_DEFINITION_FORMATION('','',#4964);
#4964 = PRODUCT('carrier_screw_2','carrier_screw_2','',(#4965));
#4965 = PRODUCT_CONTEXT('',#2,'mechanical');
#4966 = PRODUCT_DEFINITION_CONTEXT('part definition',#2,'design');
#4967 = ADVANCED_BREP_SHAPE_REPRESENTATION('',(#11,#4968),#5156);
#4968 = MANIFOLD_SOLID_BREP('',#4969);
#4969 = CLOSED_SHELL('',(#4970,#5058,#5062,#5097,#5152));
#4970 = ADVANCED_FACE('',(#4971),#4985,.T.);
#4971 = FACE_BOUND('',#4972,.F.);
#4972 = EDGE_LOOP('',(#4973,#5003,#5030,#5031));
#4973 = ORIENTED_EDGE('',*,*,#4974,.T.);
#4974 = EDGE_CURVE('',#4975,#4977,#4979,.T.);
#4975 = VERTEX_POINT('',#4976);
#4976 = CARTESIAN_POINT('',(37.9,-5.,18.79));
#4977 = VERTEX_POINT('',#4978);
#4978 = CARTESIAN_POINT('',(37.9,-5.,20.79));
#4979 = SEAM_CURVE('',#4980,(#4984,#4996),.PCURVE_S1.);
#4980 = LINE('',#4981,#4982);
#4981 = CARTESIAN_POINT('',(37.9,-5.,18.79));
#4982 = VECTOR('',#4983,1.);
#4983 = DIRECTION('',(0.,0.,1.));
#4984 = PCURVE('',#4985,#4990);
#4985 = CYLINDRICAL_SURFACE('',#4986,1.9);
#4986 = AXIS2_PLACEMENT_3D('',#4987,#4988,#4989);
#4987 = CARTESIAN_POINT('',(36.,-5.,18.79));
#4988 = DIRECTION('',(-0.,-0.,-1.));
#4989 = DIRECTION('',(1.,0.,0.));
#4990 = DEFINITIONAL_REPRESENTATION('',(#4991),#4995);
#4991 = LINE('',#4992,#4993);
#4992 = CARTESIAN_POINT('',(-0.,0.));
#4993 = VECTOR('',#4994,1.);
#4994 = DIRECTION('',(-0.,-1.));
#4995 = ( GEOMETRIC_REPRESENTATION_CONTEXT(2) 
PARAMETRIC_REPRESENTATION_CONTEXT() REPRESENTATION_CONTEXT('2D SPACE',''
  ) );
#4996 = PCURVE('',#4985,#4997);
#4997 = DEFINITIONAL_REPRESENTATION('',(#4998),#5002);
#4998 = LINE('',#4999,#5000);
#4999 = CARTESIAN_POINT('',(-6.28318530718,0.));
#5000 = VECTOR('',#5001,1.);
#5001 = DIRECTION('',(-0.,-1.));
#5002 = ( GEOMETRIC_REPRESENTATION_CONTEXT(2) 
PARAMETRIC_REPRESENTATION_CONTEXT() REPRESENTATION_CONTEXT('2D SPACE',''
  ) );
#5003 = ORIENTED_EDGE('',*,*,#5004,.T.);
#5004 = EDGE_CURVE('',#4977,#4977,#5005,.T.);
#5005 = SURFACE_CURVE('',#5006,(#5011,#5018),.PCURVE_S1.);
#5006 = CIRCLE('',#5007,1.9);
#5007 = AXIS2_PLACEMENT_3D('',#5008,#5009,#5010);
#5008 = CARTESIAN_POINT('',(36.,-5.,20.79));
#5009 = DIRECTION('',(0.,0.,1.));
#5010 = DIRECTION('',(1.,0.,0.));
#5011 = PCURVE('',#4985,#5012);
#5012 = DEFINITIONAL_REPRESENTATION('',(#5013),#5017);
#5013 = LINE('',#5014,#5015);
#5014 = CARTESIAN_POINT('',(-0.,-2.));
#5015 = VECTOR('',#5016,1.);
#5016 = DIRECTION('',(-1.,0.));
#5017 = ( GEOMETRIC_REPRESENTATION_CONTEXT(2) 
PARAMETRIC_REPRESENTATION_CONTEXT() REPRESENTATION_CONTEXT('2D SPACE',''
  ) );
#5018 = PCURVE('',#5019,#5024);
#5019 = PLANE('',#5020);
#5020 = AXIS2_PLACEMENT_3D('',#5021,#5022,#5023);
#5021 = CARTESIAN_POINT('',(36.,-5.,20.79));
#5022 = DIRECTION('',(0.,0.,1.));
#5023 = DIRECTION('',(1.,0.,-0.));
#5024 = DEFINITIONAL_REPRESENTATION('',(#5025),#5029);
#5025 = CIRCLE('',#5026,1.9);
#5026 = AXIS2_PLACEMENT_2D('',#5027,#5028);
#5027 = CARTESIAN_POINT('',(0.,0.));
#5028 = DIRECTION('',(1.,0.));
#5029 = ( GEOMETRIC_REPRESENTATION_CONTEXT(2) 
PARAMETRIC_REPRESENTATION_CONTEXT() REPRESENTATION_CONTEXT('2D SPACE',''
  ) );
#5030 = ORIENTED_EDGE('',*,*,#4974,.F.);
#5031 = ORIENTED_EDGE('',*,*,#5032,.F.);
#5032 = EDGE_CURVE('',#4975,#4975,#5033,.T.);
#5033 = SURFACE_CURVE('',#5034,(#5039,#5046),.PCURVE_S1.);
#5034 = CIRCLE('',#5035,1.9);
#5035 = AXIS2_PLACEMENT_3D('',#5036,#5037,#5038);
#5036 = CARTESIAN_POINT('',(36.,-5.,18.79));
#5037 = DIRECTION('',(0.,0.,1.));
#5038 = DIRECTION('',(1.,0.,0.));
#5039 = PCURVE('',#4985,#5040);
#5040 = DEFINITIONAL_REPRESENTATION('',(#5041),#5045);
#5041 = LINE('',#5042,#5043);
#5042 = CARTESIAN_POINT('',(-0.,0.));
#5043 = VECTOR('',#5044,1.);
#5044 = DIRECTION('',(-1.,0.));
#5045 = ( GEOMETRIC_REPRESENTATION_CONTEXT(2) 
PARAMETRIC_REPRESENTATION_CONTEXT() REPRESENTATION_CONTEXT('2D SPACE',''
  ) );
#5046 = PCURVE('',#5047,#5052);
#5047 = PLANE('',#5048);
#5048 = AXIS2_PLACEMENT_3D('',#5049,#5050,#5051);
#5049 = CARTESIAN_POINT('',(36.,-5.,18.79));
#5050 = DIRECTION('',(0.,0.,1.));
#5051 = DIRECTION('',(1.,0.,-0.));
#5052 = DEFINITIONAL_REPRESENTATION('',(#5053),#5057);
#5053 = CIRCLE('',#5054,1.9);
#5054 = AXIS2_PLACEMENT_2D('',#5055,#5056);
#5055 = CARTESIAN_POINT('',(0.,0.));
#5056 = DIRECTION('',(1.,0.));
#5057 = ( GEOMETRIC_REPRESENTATION_CONTEXT(2) 
PARAMETRIC_REPRESENTATION_CONTEXT() REPRESENTATION_CONTEXT('2D SPACE',''
  ) );
#5058 = ADVANCED_FACE('',(#5059),#5047,.F.);
#5059 = FACE_BOUND('',#5060,.F.);
#5060 = EDGE_LOOP('',(#5061));
#5061 = ORIENTED_EDGE('',*,*,#5032,.T.);
#5062 = ADVANCED_FACE('',(#5063,#5066),#5019,.T.);
#5063 = FACE_BOUND('',#5064,.T.);
#5064 = EDGE_LOOP('',(#5065));
#5065 = ORIENTED_EDGE('',*,*,#5004,.T.);
#5066 = FACE_BOUND('',#5067,.T.);
#5067 = EDGE_LOOP('',(#5068));
#5068 = ORIENTED_EDGE('',*,*,#5069,.F.);
#5069 = EDGE_CURVE('',#5070,#5070,#5072,.T.);
#5070 = VERTEX_POINT('',#5071);
#5071 = CARTESIAN_POINT('',(37.,-5.,20.79));
#5072 = SURFACE_CURVE('',#5073,(#5078,#5085),.PCURVE_S1.);
#5073 = CIRCLE('',#5074,1.);
#5074 = AXIS2_PLACEMENT_3D('',#5075,#5076,#5077);
#5075 = CARTESIAN_POINT('',(36.,-5.,20.79));
#5076 = DIRECTION('',(0.,0.,1.));
#5077 = DIRECTION('',(1.,0.,0.));
#5078 = PCURVE('',#5019,#5079);
#5079 = DEFINITIONAL_REPRESENTATION('',(#5080),#5084);
#5080 = CIRCLE('',#5081,1.);
#5081 = AXIS2_PLACEMENT_2D('',#5082,#5083);
#5082 = CARTESIAN_POINT('',(0.,0.));
#5083 = DIRECTION('',(1.,0.));
#5084 = ( GEOMETRIC_REPRESENTATION_CONTEXT(2) 
PARAMETRIC_REPRESENTATION_CONTEXT() REPRESENTATION_CONTEXT('2D SPACE',''
  ) );
#5085 = PCURVE('',#5086,#5091);
#5086 = CYLINDRICAL_SURFACE('',#5087,1.);
#5087 = AXIS2_PLACEMENT_3D('',#5088,#5089,#5090);
#5088 = CARTESIAN_POINT('',(36.,-5.,20.79));
#5089 = DIRECTION('',(-0.,-0.,-1.));
#5090 = DIRECTION('',(1.,0.,0.));
#5091 = DEFINITIONAL_REPRESENTATION('',(#5092),#5096);
#5092 = LINE('',#5093,#5094);
#5093 = CARTESIAN_POINT('',(-0.,0.));
#5094 = VECTOR('',#5095,1.);
#5095 = DIRECTION('',(-1.,0.));
#5096 = ( GEOMETRIC_REPRESENTATION_CONTEXT(2) 
PARAMETRIC_REPRESENTATION_CONTEXT() REPRESENTATION_CONTEXT('2D SPACE',''
  ) );
#5097 = ADVANCED_FACE('',(#5098),#5086,.T.);
#5098 = FACE_BOUND('',#5099,.F.);
#5099 = EDGE_LOOP('',(#5100,#5123,#5150,#5151));
#5100 = ORIENTED_EDGE('',*,*,#5101,.T.);
#5101 = EDGE_CURVE('',#5070,#5102,#5104,.T.);
#5102 = VERTEX_POINT('',#5103);
#5103 = CARTESIAN_POINT('',(37.,-5.,26.79));
#5104 = SEAM_CURVE('',#5105,(#5109,#5116),.PCURVE_S1.);
#5105 = LINE('',#5106,#5107);
#5106 = CARTESIAN_POINT('',(37.,-5.,20.79));
#5107 = VECTOR('',#5108,1.);
#5108 = DIRECTION('',(0.,0.,1.));
#5109 = PCURVE('',#5086,#5110);
#5110 = DEFINITIONAL_REPRESENTATION('',(#5111),#5115);
#5111 = LINE('',#5112,#5113);
#5112 = CARTESIAN_POINT('',(-0.,0.));
#5113 = VECTOR('',#5114,1.);
#5114 = DIRECTION('',(-0.,-1.));
#5115 = ( GEOMETRIC_REPRESENTATION_CONTEXT(2) 
PARAMETRIC_REPRESENTATION_CONTEXT() REPRESENTATION_CONTEXT('2D SPACE',''
  ) );
#5116 = PCURVE('',#5086,#5117);
#5117 = DEFINITIONAL_REPRESENTATION('',(#5118),#5122);
#5118 = LINE('',#5119,#5120);
#5119 = CARTESIAN_POINT('',(-6.28318530718,0.));
#5120 = VECTOR('',#5121,1.);
#5121 = DIRECTION('',(-0.,-1.));
#5122 = ( GEOMETRIC_REPRESENTATION_CONTEXT(2) 
PARAMETRIC_REPRESENTATION_CONTEXT() REPRESENTATION_CONTEXT('2D SPACE',''
  ) );
#5123 = ORIENTED_EDGE('',*,*,#5124,.T.);
#5124 = EDGE_CURVE('',#5102,#5102,#5125,.T.);
#5125 = SURFACE_CURVE('',#5126,(#5131,#5138),.PCURVE_S1.);
#5126 = CIRCLE('',#5127,1.);
#5127 = AXIS2_PLACEMENT_3D('',#5128,#5129,#5130);
#5128 = CARTESIAN_POINT('',(36.,-5.,26.79));
#5129 = DIRECTION('',(0.,0.,1.));
#5130 = DIRECTION('',(1.,0.,0.));
#5131 = PCURVE('',#5086,#5132);
#5132 = DEFINITIONAL_REPRESENTATION('',(#5133),#5137);
#5133 = LINE('',#5134,#5135);
#5134 = CARTESIAN_POINT('',(-0.,-6.));
#5135 = VECTOR('',#5136,1.);
#5136 = DIRECTION('',(-1.,0.));
#5137 = ( GEOMETRIC_REPRESENTATION_CONTEXT(2) 
PARAMETRIC_REPRESENTATION_CONTEXT() REPRESENTATION_CONTEXT('2D SPACE',''
  ) );
#5138 = PCURVE('',#5139,#5144);
#5139 = PLANE('',#5140);
#5140 = AXIS2_PLACEMENT_3D('',#5141,#5142,#5143);
#5141 = CARTESIAN_POINT('',(36.,-5.,26.79));
#5142 = DIRECTION('',(0.,0.,1.));
#5143 = DIRECTION('',(1.,0.,-0.));
#5144 = DEFINITIONAL_REPRESENTATION('',(#5145),#5149);
#5145 = CIRCLE('',#5146,1.);
#5146 = AXIS2_PLACEMENT_2D('',#5147,#5148);
#5147 = CARTESIAN_POINT('',(0.,0.));
#5148 = DIRECTION('',(1.,0.));
#5149 = ( GEOMETRIC_REPRESENTATION_CONTEXT(2) 
PARAMETRIC_REPRESENTATION_CONTEXT() REPRESENTATION_CONTEXT('2D SPACE',''
  ) );
#5150 = ORIENTED_EDGE('',*,*,#5101,.F.);
#5151 = ORIENTED_EDGE('',*,*,#5069,.F.);
#5152 = ADVANCED_FACE('',(#5153),#5139,.T.);
#5153 = FACE_BOUND('',#5154,.T.);
#5154 = EDGE_LOOP('',(#5155));
#5155 = ORIENTED_EDGE('',*,*,#5124,.T.);
#5156 = ( GEOMETRIC_REPRESENTATION_CONTEXT(3) 
GLOBAL_UNCERTAINTY_ASSIGNED_CONTEXT((#5160)) 
GLOBAL_UNIT_ASSIGNED_CONTEXT((#5157,#5158,#5159)) REPRESENTATION_CONTEXT
('Context #1','3D Context with UNIT and UNCERTAINTY') );
#5157 = ( LENGTH_UNIT() NAMED_UNIT(*) SI_UNIT(.MILLI.,.METRE.) );
#5158 = ( NAMED_UNIT(*) PLANE_ANGLE_UNIT() SI_UNIT($,.RADIAN.) );
#5159 = ( NAMED_UNIT(*) SI_UNIT($,.STERADIAN.) SOLID_ANGLE_UNIT() );
#5160 = UNCERTAINTY_MEASURE_WITH_UNIT(LENGTH_MEASURE(1.E-07),#5157,
  'distance_accuracy_value','confusion accuracy');
#5161 = CONTEXT_DEPENDENT_SHAPE_REPRESENTATION(#5162,#5164);
#5162 = ( REPRESENTATION_RELATIONSHIP('','',#4967,#10) 
REPRESENTATION_RELATIONSHIP_WITH_TRANSFORMATION(#5163) 
SHAPE_REPRESENTATION_RELATIONSHIP() );
#5163 = ITEM_DEFINED_TRANSFORMATION('','',#11,#75);
#5164 = PRODUCT_DEFINITION_SHAPE('Placement','Placement of an item',
  #5165);
#5165 = NEXT_ASSEMBLY_USAGE_OCCURRENCE('16','carrier_screw_2','',#5,
  #4962,$);
#5166 = PRODUCT_RELATED_PRODUCT_CATEGORY('part',$,(#4964));
#5167 = SHAPE_DEFINITION_REPRESENTATION(#5168,#5174);
#5168 = PRODUCT_DEFINITION_SHAPE('','',#5169);
#5169 = PRODUCT_DEFINITION('design','',#5170,#5173);
#5170 = PRODUCT_DEFINITION_FORMATION('','',#5171);
#5171 = PRODUCT('carrier_screw_3','carrier_screw_3','',(#5172));
#5172 = PRODUCT_CONTEXT('',#2,'mechanical');
#5173 = PRODUCT_DEFINITION_CONTEXT('part definition',#2,'design');
#5174 = ADVANCED_BREP_SHAPE_REPRESENTATION('',(#11,#5175),#5363);
#5175 = MANIFOLD_SOLID_BREP('',#5176);
#5176 = CLOSED_SHELL('',(#5177,#5265,#5269,#5304,#5359));
#5177 = ADVANCED_FACE('',(#5178),#5192,.T.);
#5178 = FACE_BOUND('',#5179,.F.);
#5179 = EDGE_LOOP('',(#5180,#5210,#5237,#5238));
#5180 = ORIENTED_EDGE('',*,*,#5181,.T.);
#5181 = EDGE_CURVE('',#5182,#5184,#5186,.T.);
#5182 = VERTEX_POINT('',#5183);
#5183 = CARTESIAN_POINT('',(1.9,-44.,18.79));
#5184 = VERTEX_POINT('',#5185);
#5185 = CARTESIAN_POINT('',(1.9,-44.,20.79));
#5186 = SEAM_CURVE('',#5187,(#5191,#5203),.PCURVE_S1.);
#5187 = LINE('',#5188,#5189);
#5188 = CARTESIAN_POINT('',(1.9,-44.,18.79));
#5189 = VECTOR('',#5190,1.);
#5190 = DIRECTION('',(0.,0.,1.));
#5191 = PCURVE('',#5192,#5197);
#5192 = CYLINDRICAL_SURFACE('',#5193,1.9);
#5193 = AXIS2_PLACEMENT_3D('',#5194,#5195,#5196);
#5194 = CARTESIAN_POINT('',(0.,-44.,18.79));
#5195 = DIRECTION('',(-0.,-0.,-1.));
#5196 = DIRECTION('',(1.,0.,0.));
#5197 = DEFINITIONAL_REPRESENTATION('',(#5198),#5202);
#5198 = LINE('',#5199,#5200);
#5199 = CARTESIAN_POINT('',(-0.,0.));
#5200 = VECTOR('',#5201,1.);
#5201 = DIRECTION('',(-0.,-1.));
#5202 = ( GEOMETRIC_REPRESENTATION_CONTEXT(2) 
PARAMETRIC_REPRESENTATION_CONTEXT() REPRESENTATION_CONTEXT('2D SPACE',''
  ) );
#5203 = PCURVE('',#5192,#5204);
#5204 = DEFINITIONAL_REPRESENTATION('',(#5205),#5209);
#5205 = LINE('',#5206,#5207);
#5206 = CARTESIAN_POINT('',(-6.28318530718,0.));
#5207 = VECTOR('',#5208,1.);
#5208 = DIRECTION('',(-0.,-1.));
#5209 = ( GEOMETRIC_REPRESENTATION_CONTEXT(2) 
PARAMETRIC_REPRESENTATION_CONTEXT() REPRESENTATION_CONTEXT('2D SPACE',''
  ) );
#5210 = ORIENTED_EDGE('',*,*,#5211,.T.);
#5211 = EDGE_CURVE('',#5184,#5184,#5212,.T.);
#5212 = SURFACE_CURVE('',#5213,(#5218,#5225),.PCURVE_S1.);
#5213 = CIRCLE('',#5214,1.9);
#5214 = AXIS2_PLACEMENT_3D('',#5215,#5216,#5217);
#5215 = CARTESIAN_POINT('',(0.,-44.,20.79));
#5216 = DIRECTION('',(0.,0.,1.));
#5217 = DIRECTION('',(1.,0.,0.));
#5218 = PCURVE('',#5192,#5219);
#5219 = DEFINITIONAL_REPRESENTATION('',(#5220),#5224);
#5220 = LINE('',#5221,#5222);
#5221 = CARTESIAN_POINT('',(-0.,-2.));
#5222 = VECTOR('',#5223,1.);
#5223 = DIRECTION('',(-1.,0.));
#5224 = ( GEOMETRIC_REPRESENTATION_CONTEXT(2) 
PARAMETRIC_REPRESENTATION_CONTEXT() REPRESENTATION_CONTEXT('2D SPACE',''
  ) );
#5225 = PCURVE('',#5226,#5231);
#5226 = PLANE('',#5227);
#5227 = AXIS2_PLACEMENT_3D('',#5228,#5229,#5230);
#5228 = CARTESIAN_POINT('',(-2.249079165361E-16,-44.,20.79));
#5229 = DIRECTION('',(0.,0.,1.));
#5230 = DIRECTION('',(1.,0.,-0.));
#5231 = DEFINITIONAL_REPRESENTATION('',(#5232),#5236);
#5232 = CIRCLE('',#5233,1.9);
#5233 = AXIS2_PLACEMENT_2D('',#5234,#5235);
#5234 = CARTESIAN_POINT('',(2.249079165361E-16,0.));
#5235 = DIRECTION('',(1.,0.));
#5236 = ( GEOMETRIC_REPRESENTATION_CONTEXT(2) 
PARAMETRIC_REPRESENTATION_CONTEXT() REPRESENTATION_CONTEXT('2D SPACE',''
  ) );
#5237 = ORIENTED_EDGE('',*,*,#5181,.F.);
#5238 = ORIENTED_EDGE('',*,*,#5239,.F.);
#5239 = EDGE_CURVE('',#5182,#5182,#5240,.T.);
#5240 = SURFACE_CURVE('',#5241,(#5246,#5253),.PCURVE_S1.);
#5241 = CIRCLE('',#5242,1.9);
#5242 = AXIS2_PLACEMENT_3D('',#5243,#5244,#5245);
#5243 = CARTESIAN_POINT('',(0.,-44.,18.79));
#5244 = DIRECTION('',(0.,0.,1.));
#5245 = DIRECTION('',(1.,0.,0.));
#5246 = PCURVE('',#5192,#5247);
#5247 = DEFINITIONAL_REPRESENTATION('',(#5248),#5252);
#5248 = LINE('',#5249,#5250);
#5249 = CARTESIAN_POINT('',(-0.,0.));
#5250 = VECTOR('',#5251,1.);
#5251 = DIRECTION('',(-1.,0.));
#5252 = ( GEOMETRIC_REPRESENTATION_CONTEXT(2) 
PARAMETRIC_REPRESENTATION_CONTEXT() REPRESENTATION_CONTEXT('2D SPACE',''
  ) );
#5253 = PCURVE('',#5254,#5259);
#5254 = PLANE('',#5255);
#5255 = AXIS2_PLACEMENT_3D('',#5256,#5257,#5258);
#5256 = CARTESIAN_POINT('',(-2.249079165361E-16,-44.,18.79));
#5257 = DIRECTION('',(0.,0.,1.));
#5258 = DIRECTION('',(1.,0.,-0.));
#5259 = DEFINITIONAL_REPRESENTATION('',(#5260),#5264);
#5260 = CIRCLE('',#5261,1.9);
#5261 = AXIS2_PLACEMENT_2D('',#5262,#5263);
#5262 = CARTESIAN_POINT('',(2.249079165361E-16,0.));
#5263 = DIRECTION('',(1.,0.));
#5264 = ( GEOMETRIC_REPRESENTATION_CONTEXT(2) 
PARAMETRIC_REPRESENTATION_CONTEXT() REPRESENTATION_CONTEXT('2D SPACE',''
  ) );
#5265 = ADVANCED_FACE('',(#5266),#5254,.F.);
#5266 = FACE_BOUND('',#5267,.F.);
#5267 = EDGE_LOOP('',(#5268));
#5268 = ORIENTED_EDGE('',*,*,#5239,.T.);
#5269 = ADVANCED_FACE('',(#5270,#5273),#5226,.T.);
#5270 = FACE_BOUND('',#5271,.T.);
#5271 = EDGE_LOOP('',(#5272));
#5272 = ORIENTED_EDGE('',*,*,#5211,.T.);
#5273 = FACE_BOUND('',#5274,.T.);
#5274 = EDGE_LOOP('',(#5275));
#5275 = ORIENTED_EDGE('',*,*,#5276,.F.);
#5276 = EDGE_CURVE('',#5277,#5277,#5279,.T.);
#5277 = VERTEX_POINT('',#5278);
#5278 = CARTESIAN_POINT('',(1.,-44.,20.79));
#5279 = SURFACE_CURVE('',#5280,(#5285,#5292),.PCURVE_S1.);
#5280 = CIRCLE('',#5281,1.);
#5281 = AXIS2_PLACEMENT_3D('',#5282,#5283,#5284);
#5282 = CARTESIAN_POINT('',(0.,-44.,20.79));
#5283 = DIRECTION('',(0.,0.,1.));
#5284 = DIRECTION('',(1.,0.,0.));
#5285 = PCURVE('',#5226,#5286);
#5286 = DEFINITIONAL_REPRESENTATION('',(#5287),#5291);
#5287 = CIRCLE('',#5288,1.);
#5288 = AXIS2_PLACEMENT_2D('',#5289,#5290);
#5289 = CARTESIAN_POINT('',(2.249079165361E-16,0.));
#5290 = DIRECTION('',(1.,0.));
#5291 = ( GEOMETRIC_REPRESENTATION_CONTEXT(2) 
PARAMETRIC_REPRESENTATION_CONTEXT() REPRESENTATION_CONTEXT('2D SPACE',''
  ) );
#5292 = PCURVE('',#5293,#5298);
#5293 = CYLINDRICAL_SURFACE('',#5294,1.);
#5294 = AXIS2_PLACEMENT_3D('',#5295,#5296,#5297);
#5295 = CARTESIAN_POINT('',(0.,-44.,20.79));
#5296 = DIRECTION('',(-0.,-0.,-1.));
#5297 = DIRECTION('',(1.,0.,0.));
#5298 = DEFINITIONAL_REPRESENTATION('',(#5299),#5303);
#5299 = LINE('',#5300,#5301);
#5300 = CARTESIAN_POINT('',(-0.,0.));
#5301 = VECTOR('',#5302,1.);
#5302 = DIRECTION('',(-1.,0.));
#5303 = ( GEOMETRIC_REPRESENTATION_CONTEXT(2) 
PARAMETRIC_REPRESENTATION_CONTEXT() REPRESENTATION_CONTEXT('2D SPACE',''
  ) );
#5304 = ADVANCED_FACE('',(#5305),#5293,.T.);
#5305 = FACE_BOUND('',#5306,.F.);
#5306 = EDGE_LOOP('',(#5307,#5330,#5357,#5358));
#5307 = ORIENTED_EDGE('',*,*,#5308,.T.);
#5308 = EDGE_CURVE('',#5277,#5309,#5311,.T.);
#5309 = VERTEX_POINT('',#5310);
#5310 = CARTESIAN_POINT('',(1.,-44.,26.79));
#5311 = SEAM_CURVE('',#5312,(#5316,#5323),.PCURVE_S1.);
#5312 = LINE('',#5313,#5314);
#5313 = CARTESIAN_POINT('',(1.,-44.,20.79));
#5314 = VECTOR('',#5315,1.);
#5315 = DIRECTION('',(0.,0.,1.));
#5316 = PCURVE('',#5293,#5317);
#5317 = DEFINITIONAL_REPRESENTATION('',(#5318),#5322);
#5318 = LINE('',#5319,#5320);
#5319 = CARTESIAN_POINT('',(-0.,0.));
#5320 = VECTOR('',#5321,1.);
#5321 = DIRECTION('',(-0.,-1.));
#5322 = ( GEOMETRIC_REPRESENTATION_CONTEXT(2) 
PARAMETRIC_REPRESENTATION_CONTEXT() REPRESENTATION_CONTEXT('2D SPACE',''
  ) );
#5323 = PCURVE('',#5293,#5324);
#5324 = DEFINITIONAL_REPRESENTATION('',(#5325),#5329);
#5325 = LINE('',#5326,#5327);
#5326 = CARTESIAN_POINT('',(-6.28318530718,0.));
#5327 = VECTOR('',#5328,1.);
#5328 = DIRECTION('',(-0.,-1.));
#5329 = ( GEOMETRIC_REPRESENTATION_CONTEXT(2) 
PARAMETRIC_REPRESENTATION_CONTEXT() REPRESENTATION_CONTEXT('2D SPACE',''
  ) );
#5330 = ORIENTED_EDGE('',*,*,#5331,.T.);
#5331 = EDGE_CURVE('',#5309,#5309,#5332,.T.);
#5332 = SURFACE_CURVE('',#5333,(#5338,#5345),.PCURVE_S1.);
#5333 = CIRCLE('',#5334,1.);
#5334 = AXIS2_PLACEMENT_3D('',#5335,#5336,#5337);
#5335 = CARTESIAN_POINT('',(0.,-44.,26.79));
#5336 = DIRECTION('',(0.,0.,1.));
#5337 = DIRECTION('',(1.,0.,0.));
#5338 = PCURVE('',#5293,#5339);
#5339 = DEFINITIONAL_REPRESENTATION('',(#5340),#5344);
#5340 = LINE('',#5341,#5342);
#5341 = CARTESIAN_POINT('',(-0.,-6.));
#5342 = VECTOR('',#5343,1.);
#5343 = DIRECTION('',(-1.,0.));
#5344 = ( GEOMETRIC_REPRESENTATION_CONTEXT(2) 
PARAMETRIC_REPRESENTATION_CONTEXT() REPRESENTATION_CONTEXT('2D SPACE',''
  ) );
#5345 = PCURVE('',#5346,#5351);
#5346 = PLANE('',#5347);
#5347 = AXIS2_PLACEMENT_3D('',#5348,#5349,#5350);
#5348 = CARTESIAN_POINT('',(-6.409875621279E-17,-44.,26.79));
#5349 = DIRECTION('',(0.,0.,1.));
#5350 = DIRECTION('',(1.,0.,-0.));
#5351 = DEFINITIONAL_REPRESENTATION('',(#5352),#5356);
#5352 = CIRCLE('',#5353,1.);
#5353 = AXIS2_PLACEMENT_2D('',#5354,#5355);
#5354 = CARTESIAN_POINT('',(6.409875621279E-17,0.));
#5355 = DIRECTION('',(1.,0.));
#5356 = ( GEOMETRIC_REPRESENTATION_CONTEXT(2) 
PARAMETRIC_REPRESENTATION_CONTEXT() REPRESENTATION_CONTEXT('2D SPACE',''
  ) );
#5357 = ORIENTED_EDGE('',*,*,#5308,.F.);
#5358 = ORIENTED_EDGE('',*,*,#5276,.F.);
#5359 = ADVANCED_FACE('',(#5360),#5346,.T.);
#5360 = FACE_BOUND('',#5361,.T.);
#5361 = EDGE_LOOP('',(#5362));
#5362 = ORIENTED_EDGE('',*,*,#5331,.T.);
#5363 = ( GEOMETRIC_REPRESENTATION_CONTEXT(3) 
GLOBAL_UNCERTAINTY_ASSIGNED_CONTEXT((#5367)) 
GLOBAL_UNIT_ASSIGNED_CONTEXT((#5364,#5365,#5366)) REPRESENTATION_CONTEXT
('Context #1','3D Context with UNIT and UNCERTAINTY') );
#5364 = ( LENGTH_UNIT() NAMED_UNIT(*) SI_UNIT(.MILLI.,.METRE.) );
#5365 = ( NAMED_UNIT(*) PLANE_ANGLE_UNIT() SI_UNIT($,.RADIAN.) );
#5366 = ( NAMED_UNIT(*) SI_UNIT($,.STERADIAN.) SOLID_ANGLE_UNIT() );
#5367 = UNCERTAINTY_MEASURE_WITH_UNIT(LENGTH_MEASURE(1.E-07),#5364,
  'distance_accuracy_value','confusion accuracy');
#5368 = CONTEXT_DEPENDENT_SHAPE_REPRESENTATION(#5369,#5371);
#5369 = ( REPRESENTATION_RELATIONSHIP('','',#5174,#10) 
REPRESENTATION_RELATIONSHIP_WITH_TRANSFORMATION(#5370) 
SHAPE_REPRESENTATION_RELATIONSHIP() );
#5370 = ITEM_DEFINED_TRANSFORMATION('','',#11,#79);
#5371 = PRODUCT_DEFINITION_SHAPE('Placement','Placement of an item',
  #5372);
#5372 = NEXT_ASSEMBLY_USAGE_OCCURRENCE('17','carrier_screw_3','',#5,
  #5169,$);
#5373 = PRODUCT_RELATED_PRODUCT_CATEGORY('part',$,(#5171));
#5374 = SHAPE_DEFINITION_REPRESENTATION(#5375,#5381);
#5375 = PRODUCT_DEFINITION_SHAPE('','',#5376);
#5376 = PRODUCT_DEFINITION('design','',#5377,#5380);
#5377 = PRODUCT_DEFINITION_FORMATION('','',#5378);
#5378 = PRODUCT('battery_carrier','battery_carrier','',(#5379));
#5379 = PRODUCT_CONTEXT('',#2,'mechanical');
#5380 = PRODUCT_DEFINITION_CONTEXT('part definition',#2,'design');
#5381 = ADVANCED_BREP_SHAPE_REPRESENTATION('',(#11,#5382),#10074);
#5382 = MANIFOLD_SOLID_BREP('',#5383);
#5383 = CLOSED_SHELL('',(#5384,#5504,#5578,#5652,#5732,#5806,#5882,#5958
    ,#6123,#6199,#6344,#6420,#6585,#6661,#6777,#6804,#6831,#6858,#6934,
    #7008,#7088,#7162,#7238,#7314,#7388,#7462,#7538,#7613,#7744,#7875,
    #7946,#7995,#8044,#8071,#8128,#8204,#8369,#8440,#8489,#8538,#8587,
    #8634,#8661,#8688,#8715,#8742,#8876,#8930,#8984,#9038,#9068,#9450,
    #9526,#9597,#9624,#9651,#9658,#9734,#9805,#9832,#9859,#9866,#9942,
    #10013,#10040,#10067));
#5384 = ADVANCED_FACE('',(#5385),#5399,.F.);
#5385 = FACE_BOUND('',#5386,.F.);
#5386 = EDGE_LOOP('',(#5387,#5422,#5450,#5478));
#5387 = ORIENTED_EDGE('',*,*,#5388,.F.);
#5388 = EDGE_CURVE('',#5389,#5391,#5393,.T.);
#5389 = VERTEX_POINT('',#5390);
#5390 = CARTESIAN_POINT('',(-28.775,-38.405,21.79));
#5391 = VERTEX_POINT('',#5392);
#5392 = CARTESIAN_POINT('',(-28.775,-28.9,21.79));
#5393 = SURFACE_CURVE('',#5394,(#5398,#5410),.PCURVE_S1.);
#5394 = LINE('',#5395,#5396);
#5395 = CARTESIAN_POINT('',(-28.775,-38.405,21.79));
#5396 = VECTOR('',#5397,1.);
#5397 = DIRECTION('',(0.,1.,0.));
#5398 = PCURVE('',#5399,#5404);
#5399 = PLANE('',#5400);
#5400 = AXIS2_PLACEMENT_3D('',#5401,#5402,#5403);
#5401 = CARTESIAN_POINT('',(-28.775,-38.405,20.79));
#5402 = DIRECTION('',(1.,0.,0.));
#5403 = DIRECTION('',(0.,0.,1.));
#5404 = DEFINITIONAL_REPRESENTATION('',(#5405),#5409);
#5405 = LINE('',#5406,#5407);
#5406 = CARTESIAN_POINT('',(1.,0.));
#5407 = VECTOR('',#5408,1.);
#5408 = DIRECTION('',(0.,-1.));
#5409 = ( GEOMETRIC_REPRESENTATION_CONTEXT(2) 
PARAMETRIC_REPRESENTATION_CONTEXT() REPRESENTATION_CONTEXT('2D SPACE',''
  ) );
#5410 = PCURVE('',#5411,#5416);
#5411 = PLANE('',#5412);
#5412 = AXIS2_PLACEMENT_3D('',#5413,#5414,#5415);
#5413 = CARTESIAN_POINT('',(-28.775,-38.405,21.79));
#5414 = DIRECTION('',(0.,0.,1.));
#5415 = DIRECTION('',(1.,0.,0.));
#5416 = DEFINITIONAL_REPRESENTATION('',(#5417),#5421);
#5417 = LINE('',#5418,#5419);
#5418 = CARTESIAN_POINT('',(0.,0.));
#5419 = VECTOR('',#5420,1.);
#5420 = DIRECTION('',(0.,1.));
#5421 = ( GEOMETRIC_REPRESENTATION_CONTEXT(2) 
PARAMETRIC_REPRESENTATION_CONTEXT() REPRESENTATION_CONTEXT('2D SPACE',''
  ) );
#5422 = ORIENTED_EDGE('',*,*,#5423,.F.);
#5423 = EDGE_CURVE('',#5424,#5389,#5426,.T.);
#5424 = VERTEX_POINT('',#5425);
#5425 = CARTESIAN_POINT('',(-28.775,-38.405,20.79));
#5426 = SURFACE_CURVE('',#5427,(#5431,#5438),.PCURVE_S1.);
#5427 = LINE('',#5428,#5429);
#5428 = CARTESIAN_POINT('',(-28.775,-38.405,20.79));
#5429 = VECTOR('',#5430,1.);
#5430 = DIRECTION('',(0.,0.,1.));
#5431 = PCURVE('',#5399,#5432);
#5432 = DEFINITIONAL_REPRESENTATION('',(#5433),#5437);
#5433 = LINE('',#5434,#5435);
#5434 = CARTESIAN_POINT('',(0.,0.));
#5435 = VECTOR('',#5436,1.);
#5436 = DIRECTION('',(1.,0.));
#5437 = ( GEOMETRIC_REPRESENTATION_CONTEXT(2) 
PARAMETRIC_REPRESENTATION_CONTEXT() REPRESENTATION_CONTEXT('2D SPACE',''
  ) );
#5438 = PCURVE('',#5439,#5444);
#5439 = PLANE('',#5440);
#5440 = AXIS2_PLACEMENT_3D('',#5441,#5442,#5443);
#5441 = CARTESIAN_POINT('',(-28.775,-38.405,20.79));
#5442 = DIRECTION('',(0.,1.,0.));
#5443 = DIRECTION('',(0.,0.,1.));
#5444 = DEFINITIONAL_REPRESENTATION('',(#5445),#5449);
#5445 = LINE('',#5446,#5447);
#5446 = CARTESIAN_POINT('',(0.,0.));
#5447 = VECTOR('',#5448,1.);
#5448 = DIRECTION('',(1.,0.));
#5449 = ( GEOMETRIC_REPRESENTATION_CONTEXT(2) 
PARAMETRIC_REPRESENTATION_CONTEXT() REPRESENTATION_CONTEXT('2D SPACE',''
  ) );
#5450 = ORIENTED_EDGE('',*,*,#5451,.T.);
#5451 = EDGE_CURVE('',#5424,#5452,#5454,.T.);
#5452 = VERTEX_POINT('',#5453);
#5453 = CARTESIAN_POINT('',(-28.775,-28.9,20.79));
#5454 = SURFACE_CURVE('',#5455,(#5459,#5466),.PCURVE_S1.);
#5455 = LINE('',#5456,#5457);
#5456 = CARTESIAN_POINT('',(-28.775,-38.405,20.79));
#5457 = VECTOR('',#5458,1.);
#5458 = DIRECTION('',(0.,1.,0.));
#5459 = PCURVE('',#5399,#5460);
#5460 = DEFINITIONAL_REPRESENTATION('',(#5461),#5465);
#5461 = LINE('',#5462,#5463);
#5462 = CARTESIAN_POINT('',(0.,0.));
#5463 = VECTOR('',#5464,1.);
#5464 = DIRECTION('',(0.,-1.));
#5465 = ( GEOMETRIC_REPRESENTATION_CONTEXT(2) 
PARAMETRIC_REPRESENTATION_CONTEXT() REPRESENTATION_CONTEXT('2D SPACE',''
  ) );
#5466 = PCURVE('',#5467,#5472);
#5467 = PLANE('',#5468);
#5468 = AXIS2_PLACEMENT_3D('',#5469,#5470,#5471);
#5469 = CARTESIAN_POINT('',(-28.775,-38.405,20.79));
#5470 = DIRECTION('',(0.,0.,1.));
#5471 = DIRECTION('',(1.,0.,0.));
#5472 = DEFINITIONAL_REPRESENTATION('',(#5473),#5477);
#5473 = LINE('',#5474,#5475);
#5474 = CARTESIAN_POINT('',(0.,0.));
#5475 = VECTOR('',#5476,1.);
#5476 = DIRECTION('',(0.,1.));
#5477 = ( GEOMETRIC_REPRESENTATION_CONTEXT(2) 
PARAMETRIC_REPRESENTATION_CONTEXT() REPRESENTATION_CONTEXT('2D SPACE',''
  ) );
#5478 = ORIENTED_EDGE('',*,*,#5479,.T.);
#5479 = EDGE_CURVE('',#5452,#5391,#5480,.T.);
#5480 = SURFACE_CURVE('',#5481,(#5485,#5492),.PCURVE_S1.);
#5481 = LINE('',#5482,#5483);
#5482 = CARTESIAN_POINT('',(-28.775,-28.9,3.4));
#5483 = VECTOR('',#5484,1.);
#5484 = DIRECTION('',(0.,0.,1.));
#5485 = PCURVE('',#5399,#5486);
#5486 = DEFINITIONAL_REPRESENTATION('',(#5487),#5491);
#5487 = LINE('',#5488,#5489);
#5488 = CARTESIAN_POINT('',(-17.39,-9.505));
#5489 = VECTOR('',#5490,1.);
#5490 = DIRECTION('',(1.,0.));
#5491 = ( GEOMETRIC_REPRESENTATION_CONTEXT(2) 
PARAMETRIC_REPRESENTATION_CONTEXT() REPRESENTATION_CONTEXT('2D SPACE',''
  ) );
#5492 = PCURVE('',#5493,#5498);
#5493 = PLANE('',#5494);
#5494 = AXIS2_PLACEMENT_3D('',#5495,#5496,#5497);
#5495 = CARTESIAN_POINT('',(-29.975,-28.9,3.4));
#5496 = DIRECTION('',(0.,1.,0.));
#5497 = DIRECTION('',(0.,0.,1.));
#5498 = DEFINITIONAL_REPRESENTATION('',(#5499),#5503);
#5499 = LINE('',#5500,#5501);
#5500 = CARTESIAN_POINT('',(0.,1.2));
#5501 = VECTOR('',#5502,1.);
#5502 = DIRECTION('',(1.,0.));
#5503 = ( GEOMETRIC_REPRESENTATION_CONTEXT(2) 
PARAMETRIC_REPRESENTATION_CONTEXT() REPRESENTATION_CONTEXT('2D SPACE',''
  ) );
#5504 = ADVANCED_FACE('',(#5505),#5439,.F.);
#5505 = FACE_BOUND('',#5506,.F.);
#5506 = EDGE_LOOP('',(#5507,#5530,#5531,#5554));
#5507 = ORIENTED_EDGE('',*,*,#5508,.F.);
#5508 = EDGE_CURVE('',#5424,#5509,#5511,.T.);
#5509 = VERTEX_POINT('',#5510);
#5510 = CARTESIAN_POINT('',(-2.5,-38.405,20.79));
#5511 = SURFACE_CURVE('',#5512,(#5516,#5523),.PCURVE_S1.);
#5512 = LINE('',#5513,#5514);
#5513 = CARTESIAN_POINT('',(-28.775,-38.405,20.79));
#5514 = VECTOR('',#5515,1.);
#5515 = DIRECTION('',(1.,0.,0.));
#5516 = PCURVE('',#5439,#5517);
#5517 = DEFINITIONAL_REPRESENTATION('',(#5518),#5522);
#5518 = LINE('',#5519,#5520);
#5519 = CARTESIAN_POINT('',(0.,0.));
#5520 = VECTOR('',#5521,1.);
#5521 = DIRECTION('',(0.,1.));
#5522 = ( GEOMETRIC_REPRESENTATION_CONTEXT(2) 
PARAMETRIC_REPRESENTATION_CONTEXT() REPRESENTATION_CONTEXT('2D SPACE',''
  ) );
#5523 = PCURVE('',#5467,#5524);
#5524 = DEFINITIONAL_REPRESENTATION('',(#5525),#5529);
#5525 = LINE('',#5526,#5527);
#5526 = CARTESIAN_POINT('',(0.,0.));
#5527 = VECTOR('',#5528,1.);
#5528 = DIRECTION('',(1.,0.));
#5529 = ( GEOMETRIC_REPRESENTATION_CONTEXT(2) 
PARAMETRIC_REPRESENTATION_CONTEXT() REPRESENTATION_CONTEXT('2D SPACE',''
  ) );
#5530 = ORIENTED_EDGE('',*,*,#5423,.T.);
#5531 = ORIENTED_EDGE('',*,*,#5532,.T.);
#5532 = EDGE_CURVE('',#5389,#5533,#5535,.T.);
#5533 = VERTEX_POINT('',#5534);
#5534 = CARTESIAN_POINT('',(-2.5,-38.405,21.79));
#5535 = SURFACE_CURVE('',#5536,(#5540,#5547),.PCURVE_S1.);
#5536 = LINE('',#5537,#5538);
#5537 = CARTESIAN_POINT('',(-28.775,-38.405,21.79));
#5538 = VECTOR('',#5539,1.);
#5539 = DIRECTION('',(1.,0.,0.));
#5540 = PCURVE('',#5439,#5541);
#5541 = DEFINITIONAL_REPRESENTATION('',(#5542),#5546);
#5542 = LINE('',#5543,#5544);
#5543 = CARTESIAN_POINT('',(1.,0.));
#5544 = VECTOR('',#5545,1.);
#5545 = DIRECTION('',(0.,1.));
#5546 = ( GEOMETRIC_REPRESENTATION_CONTEXT(2) 
PARAMETRIC_REPRESENTATION_CONTEXT() REPRESENTATION_CONTEXT('2D SPACE',''
  ) );
#5547 = PCURVE('',#5411,#5548);
#5548 = DEFINITIONAL_REPRESENTATION('',(#5549),#5553);
#5549 = LINE('',#5550,#5551);
#5550 = CARTESIAN_POINT('',(0.,0.));
#5551 = VECTOR('',#5552,1.);
#5552 = DIRECTION('',(1.,0.));
#5553 = ( GEOMETRIC_REPRESENTATION_CONTEXT(2) 
PARAMETRIC_REPRESENTATION_CONTEXT() REPRESENTATION_CONTEXT('2D SPACE',''
  ) );
#5554 = ORIENTED_EDGE('',*,*,#5555,.T.);
#5555 = EDGE_CURVE('',#5533,#5509,#5556,.T.);
#5556 = SURFACE_CURVE('',#5557,(#5561,#5567),.PCURVE_S1.);
#5557 = LINE('',#5558,#5559);
#5558 = CARTESIAN_POINT('',(-2.5,-38.405,20.79));
#5559 = VECTOR('',#5560,1.);
#5560 = DIRECTION('',(0.,0.,-1.));
#5561 = PCURVE('',#5439,#5562);
#5562 = DEFINITIONAL_REPRESENTATION('',(#5563),#5566);
#5563 = B_SPLINE_CURVE_WITH_KNOTS('',1,(#5564,#5565),.UNSPECIFIED.,.F.,
  .F.,(2,2),(-1.,0.),.PIECEWISE_BEZIER_KNOTS.);
#5564 = CARTESIAN_POINT('',(1.,26.275));
#5565 = CARTESIAN_POINT('',(0.,26.275));
#5566 = ( GEOMETRIC_REPRESENTATION_CONTEXT(2) 
PARAMETRIC_REPRESENTATION_CONTEXT() REPRESENTATION_CONTEXT('2D SPACE',''
  ) );
#5567 = PCURVE('',#5568,#5573);
#5568 = PLANE('',#5569);
#5569 = AXIS2_PLACEMENT_3D('',#5570,#5571,#5572);
#5570 = CARTESIAN_POINT('',(-2.5,-44.,20.79));
#5571 = DIRECTION('',(1.,0.,0.));
#5572 = DIRECTION('',(0.,0.,1.));
#5573 = DEFINITIONAL_REPRESENTATION('',(#5574),#5577);
#5574 = B_SPLINE_CURVE_WITH_KNOTS('',1,(#5575,#5576),.UNSPECIFIED.,.F.,
  .F.,(2,2),(-1.,0.),.PIECEWISE_BEZIER_KNOTS.);
#5575 = CARTESIAN_POINT('',(1.,-5.595));
#5576 = CARTESIAN_POINT('',(0.,-5.595));
#5577 = ( GEOMETRIC_REPRESENTATION_CONTEXT(2) 
PARAMETRIC_REPRESENTATION_CONTEXT() REPRESENTATION_CONTEXT('2D SPACE',''
  ) );
#5578 = ADVANCED_FACE('',(#5579),#5568,.F.);
#5579 = FACE_BOUND('',#5580,.F.);
#5580 = EDGE_LOOP('',(#5581,#5604,#5630,#5651));
#5581 = ORIENTED_EDGE('',*,*,#5582,.F.);
#5582 = EDGE_CURVE('',#5583,#5533,#5585,.T.);
#5583 = VERTEX_POINT('',#5584);
#5584 = CARTESIAN_POINT('',(-2.5,-42.34168760482,21.79));
#5585 = SURFACE_CURVE('',#5586,(#5590,#5597),.PCURVE_S1.);
#5586 = LINE('',#5587,#5588);
#5587 = CARTESIAN_POINT('',(-2.5,-44.,21.79));
#5588 = VECTOR('',#5589,1.);
#5589 = DIRECTION('',(0.,1.,0.));
#5590 = PCURVE('',#5568,#5591);
#5591 = DEFINITIONAL_REPRESENTATION('',(#5592),#5596);
#5592 = LINE('',#5593,#5594);
#5593 = CARTESIAN_POINT('',(1.,0.));
#5594 = VECTOR('',#5595,1.);
#5595 = DIRECTION('',(0.,-1.));
#5596 = ( GEOMETRIC_REPRESENTATION_CONTEXT(2) 
PARAMETRIC_REPRESENTATION_CONTEXT() REPRESENTATION_CONTEXT('2D SPACE',''
  ) );
#5597 = PCURVE('',#5411,#5598);
#5598 = DEFINITIONAL_REPRESENTATION('',(#5599),#5603);
#5599 = LINE('',#5600,#5601);
#5600 = CARTESIAN_POINT('',(26.275,-5.595));
#5601 = VECTOR('',#5602,1.);
#5602 = DIRECTION('',(0.,1.));
#5603 = ( GEOMETRIC_REPRESENTATION_CONTEXT(2) 
PARAMETRIC_REPRESENTATION_CONTEXT() REPRESENTATION_CONTEXT('2D SPACE',''
  ) );
#5604 = ORIENTED_EDGE('',*,*,#5605,.T.);
#5605 = EDGE_CURVE('',#5583,#5606,#5608,.T.);
#5606 = VERTEX_POINT('',#5607);
#5607 = CARTESIAN_POINT('',(-2.5,-42.34168760482,20.79));
#5608 = SURFACE_CURVE('',#5609,(#5613,#5619),.PCURVE_S1.);
#5609 = LINE('',#5610,#5611);
#5610 = CARTESIAN_POINT('',(-2.5,-42.34168760482,20.79));
#5611 = VECTOR('',#5612,1.);
#5612 = DIRECTION('',(-0.,-0.,-1.));
#5613 = PCURVE('',#5568,#5614);
#5614 = DEFINITIONAL_REPRESENTATION('',(#5615),#5618);
#5615 = B_SPLINE_CURVE_WITH_KNOTS('',1,(#5616,#5617),.UNSPECIFIED.,.F.,
  .F.,(2,2),(-1.0000006,5.999999999062E-07),.PIECEWISE_BEZIER_KNOTS.);
#5616 = CARTESIAN_POINT('',(1.0000006,-1.658312395178));
#5617 = CARTESIAN_POINT('',(-5.999999999062E-07,-1.658312395178));
#5618 = ( GEOMETRIC_REPRESENTATION_CONTEXT(2) 
PARAMETRIC_REPRESENTATION_CONTEXT() REPRESENTATION_CONTEXT('2D SPACE',''
  ) );
#5619 = PCURVE('',#5620,#5625);
#5620 = CYLINDRICAL_SURFACE('',#5621,3.);
#5621 = AXIS2_PLACEMENT_3D('',#5622,#5623,#5624);
#5622 = CARTESIAN_POINT('',(0.,-44.,20.79));
#5623 = DIRECTION('',(-0.,-0.,-1.));
#5624 = DIRECTION('',(1.,0.,0.));
#5625 = DEFINITIONAL_REPRESENTATION('',(#5626),#5629);
#5626 = B_SPLINE_CURVE_WITH_KNOTS('',1,(#5627,#5628),.UNSPECIFIED.,.F.,
  .F.,(2,2),(-1.,0.),.PIECEWISE_BEZIER_KNOTS.);
#5627 = CARTESIAN_POINT('',(-2.555907110133,-1.));
#5628 = CARTESIAN_POINT('',(-2.555907110133,0.));
#5629 = ( GEOMETRIC_REPRESENTATION_CONTEXT(2) 
PARAMETRIC_REPRESENTATION_CONTEXT() REPRESENTATION_CONTEXT('2D SPACE',''
  ) );
#5630 = ORIENTED_EDGE('',*,*,#5631,.T.);
#5631 = EDGE_CURVE('',#5606,#5509,#5632,.T.);
#5632 = SURFACE_CURVE('',#5633,(#5637,#5644),.PCURVE_S1.);
#5633 = LINE('',#5634,#5635);
#5634 = CARTESIAN_POINT('',(-2.5,-44.,20.79));
#5635 = VECTOR('',#5636,1.);
#5636 = DIRECTION('',(0.,1.,0.));
#5637 = PCURVE('',#5568,#5638);
#5638 = DEFINITIONAL_REPRESENTATION('',(#5639),#5643);
#5639 = LINE('',#5640,#5641);
#5640 = CARTESIAN_POINT('',(0.,0.));
#5641 = VECTOR('',#5642,1.);
#5642 = DIRECTION('',(0.,-1.));
#5643 = ( GEOMETRIC_REPRESENTATION_CONTEXT(2) 
PARAMETRIC_REPRESENTATION_CONTEXT() REPRESENTATION_CONTEXT('2D SPACE',''
  ) );
#5644 = PCURVE('',#5467,#5645);
#5645 = DEFINITIONAL_REPRESENTATION('',(#5646),#5650);
#5646 = LINE('',#5647,#5648);
#5647 = CARTESIAN_POINT('',(26.275,-5.595));
#5648 = VECTOR('',#5649,1.);
#5649 = DIRECTION('',(0.,1.));
#5650 = ( GEOMETRIC_REPRESENTATION_CONTEXT(2) 
PARAMETRIC_REPRESENTATION_CONTEXT() REPRESENTATION_CONTEXT('2D SPACE',''
  ) );
#5651 = ORIENTED_EDGE('',*,*,#5555,.F.);
#5652 = ADVANCED_FACE('',(#5653),#5620,.T.);
#5653 = FACE_BOUND('',#5654,.F.);
#5654 = EDGE_LOOP('',(#5655,#5679,#5680,#5708));
#5655 = ORIENTED_EDGE('',*,*,#5656,.F.);
#5656 = EDGE_CURVE('',#5606,#5657,#5659,.T.);
#5657 = VERTEX_POINT('',#5658);
#5658 = CARTESIAN_POINT('',(2.5,-42.34168760482,20.79));
#5659 = SURFACE_CURVE('',#5660,(#5665,#5672),.PCURVE_S1.);
#5660 = CIRCLE('',#5661,3.);
#5661 = AXIS2_PLACEMENT_3D('',#5662,#5663,#5664);
#5662 = CARTESIAN_POINT('',(0.,-44.,20.79));
#5663 = DIRECTION('',(0.,0.,1.));
#5664 = DIRECTION('',(-0.833333333333,0.552770798393,0.));
#5665 = PCURVE('',#5620,#5666);
#5666 = DEFINITIONAL_REPRESENTATION('',(#5667),#5671);
#5667 = LINE('',#5668,#5669);
#5668 = CARTESIAN_POINT('',(-2.555907110133,0.));
#5669 = VECTOR('',#5670,1.);
#5670 = DIRECTION('',(-1.,0.));
#5671 = ( GEOMETRIC_REPRESENTATION_CONTEXT(2) 
PARAMETRIC_REPRESENTATION_CONTEXT() REPRESENTATION_CONTEXT('2D SPACE',''
  ) );
#5672 = PCURVE('',#5467,#5673);
#5673 = DEFINITIONAL_REPRESENTATION('',(#5674),#5678);
#5674 = CIRCLE('',#5675,3.);
#5675 = AXIS2_PLACEMENT_2D('',#5676,#5677);
#5676 = CARTESIAN_POINT('',(28.775,-5.595));
#5677 = DIRECTION('',(-0.833333333333,0.552770798393));
#5678 = ( GEOMETRIC_REPRESENTATION_CONTEXT(2) 
PARAMETRIC_REPRESENTATION_CONTEXT() REPRESENTATION_CONTEXT('2D SPACE',''
  ) );
#5679 = ORIENTED_EDGE('',*,*,#5605,.F.);
#5680 = ORIENTED_EDGE('',*,*,#5681,.F.);
#5681 = EDGE_CURVE('',#5682,#5583,#5684,.T.);
#5682 = VERTEX_POINT('',#5683);
#5683 = CARTESIAN_POINT('',(2.5,-42.34168760482,21.79));
#5684 = SURFACE_CURVE('',#5685,(#5690,#5697),.PCURVE_S1.);
#5685 = CIRCLE('',#5686,3.);
#5686 = AXIS2_PLACEMENT_3D('',#5687,#5688,#5689);
#5687 = CARTESIAN_POINT('',(0.,-44.,21.79));
#5688 = DIRECTION('',(0.,0.,-1.));
#5689 = DIRECTION('',(0.833333333333,0.552770798393,0.));
#5690 = PCURVE('',#5620,#5691);
#5691 = DEFINITIONAL_REPRESENTATION('',(#5692),#5696);
#5692 = LINE('',#5693,#5694);
#5693 = CARTESIAN_POINT('',(-6.868870850637,-1.));
#5694 = VECTOR('',#5695,1.);
#5695 = DIRECTION('',(1.,-0.));
#5696 = ( GEOMETRIC_REPRESENTATION_CONTEXT(2) 
PARAMETRIC_REPRESENTATION_CONTEXT() REPRESENTATION_CONTEXT('2D SPACE',''
  ) );
#5697 = PCURVE('',#5411,#5698);
#5698 = DEFINITIONAL_REPRESENTATION('',(#5699),#5707);
#5699 = ( BOUNDED_CURVE() B_SPLINE_CURVE(2,(#5700,#5701,#5702,#5703,
#5704,#5705,#5706),.UNSPECIFIED.,.T.,.F.) B_SPLINE_CURVE_WITH_KNOTS((1,2
    ,2,2,2,1),(-2.094395102393,0.,2.094395102393,4.188790204786,
6.28318530718,8.377580409573),.UNSPECIFIED.) CURVE() 
GEOMETRIC_REPRESENTATION_ITEM() RATIONAL_B_SPLINE_CURVE((1.,0.5,1.,0.5,
1.,0.5,1.)) REPRESENTATION_ITEM('') );
#5700 = CARTESIAN_POINT('',(31.275,-3.936687604822));
#5701 = CARTESIAN_POINT('',(34.147281323269,-8.266814623745));
#5702 = CARTESIAN_POINT('',(28.961140661634,-8.58921970705));
#5703 = CARTESIAN_POINT('',(23.775,-8.911624790355));
#5704 = CARTESIAN_POINT('',(26.088859338366,-4.259092688128));
#5705 = CARTESIAN_POINT('',(28.402718676731,0.3934394141));
#5706 = CARTESIAN_POINT('',(31.275,-3.936687604822));
#5707 = ( GEOMETRIC_REPRESENTATION_CONTEXT(2) 
PARAMETRIC_REPRESENTATION_CONTEXT() REPRESENTATION_CONTEXT('2D SPACE',''
  ) );
#5708 = ORIENTED_EDGE('',*,*,#5709,.T.);
#5709 = EDGE_CURVE('',#5682,#5657,#5710,.T.);
#5710 = SURFACE_CURVE('',#5711,(#5715,#5721),.PCURVE_S1.);
#5711 = LINE('',#5712,#5713);
#5712 = CARTESIAN_POINT('',(2.5,-42.34168760482,20.79));
#5713 = VECTOR('',#5714,1.);
#5714 = DIRECTION('',(-0.,-0.,-1.));
#5715 = PCURVE('',#5620,#5716);
#5716 = DEFINITIONAL_REPRESENTATION('',(#5717),#5720);
#5717 = B_SPLINE_CURVE_WITH_KNOTS('',1,(#5718,#5719),.UNSPECIFIED.,.F.,
  .F.,(2,2),(-1.,0.),.PIECEWISE_BEZIER_KNOTS.);
#5718 = CARTESIAN_POINT('',(-6.868870850637,-1.));
#5719 = CARTESIAN_POINT('',(-6.868870850637,0.));
#5720 = ( GEOMETRIC_REPRESENTATION_CONTEXT(2) 
PARAMETRIC_REPRESENTATION_CONTEXT() REPRESENTATION_CONTEXT('2D SPACE',''
  ) );
#5721 = PCURVE('',#5722,#5727);
#5722 = PLANE('',#5723);
#5723 = AXIS2_PLACEMENT_3D('',#5724,#5725,#5726);
#5724 = CARTESIAN_POINT('',(2.5,-44.,20.79));
#5725 = DIRECTION('',(1.,0.,0.));
#5726 = DIRECTION('',(0.,0.,1.));
#5727 = DEFINITIONAL_REPRESENTATION('',(#5728),#5731);
#5728 = B_SPLINE_CURVE_WITH_KNOTS('',1,(#5729,#5730),.UNSPECIFIED.,.F.,
  .F.,(2,2),(-1.0000006,5.999999999062E-07),.PIECEWISE_BEZIER_KNOTS.);
#5729 = CARTESIAN_POINT('',(1.0000006,-1.658312395178));
#5730 = CARTESIAN_POINT('',(-5.999999999062E-07,-1.658312395178));
#5731 = ( GEOMETRIC_REPRESENTATION_CONTEXT(2) 
PARAMETRIC_REPRESENTATION_CONTEXT() REPRESENTATION_CONTEXT('2D SPACE',''
  ) );
#5732 = ADVANCED_FACE('',(#5733),#5722,.T.);
#5733 = FACE_BOUND('',#5734,.T.);
#5734 = EDGE_LOOP('',(#5735,#5758,#5759,#5782));
#5735 = ORIENTED_EDGE('',*,*,#5736,.F.);
#5736 = EDGE_CURVE('',#5682,#5737,#5739,.T.);
#5737 = VERTEX_POINT('',#5738);
#5738 = CARTESIAN_POINT('',(2.5,-38.405,21.79));
#5739 = SURFACE_CURVE('',#5740,(#5744,#5751),.PCURVE_S1.);
#5740 = LINE('',#5741,#5742);
#5741 = CARTESIAN_POINT('',(2.5,-44.,21.79));
#5742 = VECTOR('',#5743,1.);
#5743 = DIRECTION('',(0.,1.,0.));
#5744 = PCURVE('',#5722,#5745);
#5745 = DEFINITIONAL_REPRESENTATION('',(#5746),#5750);
#5746 = LINE('',#5747,#5748);
#5747 = CARTESIAN_POINT('',(1.,0.));
#5748 = VECTOR('',#5749,1.);
#5749 = DIRECTION('',(0.,-1.));
#5750 = ( GEOMETRIC_REPRESENTATION_CONTEXT(2) 
PARAMETRIC_REPRESENTATION_CONTEXT() REPRESENTATION_CONTEXT('2D SPACE',''
  ) );
#5751 = PCURVE('',#5411,#5752);
#5752 = DEFINITIONAL_REPRESENTATION('',(#5753),#5757);
#5753 = LINE('',#5754,#5755);
#5754 = CARTESIAN_POINT('',(31.275,-5.595));
#5755 = VECTOR('',#5756,1.);
#5756 = DIRECTION('',(0.,1.));
#5757 = ( GEOMETRIC_REPRESENTATION_CONTEXT(2) 
PARAMETRIC_REPRESENTATION_CONTEXT() REPRESENTATION_CONTEXT('2D SPACE',''
  ) );
#5758 = ORIENTED_EDGE('',*,*,#5709,.T.);
#5759 = ORIENTED_EDGE('',*,*,#5760,.T.);
#5760 = EDGE_CURVE('',#5657,#5761,#5763,.T.);
#5761 = VERTEX_POINT('',#5762);
#5762 = CARTESIAN_POINT('',(2.5,-38.405,20.79));
#5763 = SURFACE_CURVE('',#5764,(#5768,#5775),.PCURVE_S1.);
#5764 = LINE('',#5765,#5766);
#5765 = CARTESIAN_POINT('',(2.5,-44.,20.79));
#5766 = VECTOR('',#5767,1.);
#5767 = DIRECTION('',(0.,1.,0.));
#5768 = PCURVE('',#5722,#5769);
#5769 = DEFINITIONAL_REPRESENTATION('',(#5770),#5774);
#5770 = LINE('',#5771,#5772);
#5771 = CARTESIAN_POINT('',(0.,0.));
#5772 = VECTOR('',#5773,1.);
#5773 = DIRECTION('',(0.,-1.));
#5774 = ( GEOMETRIC_REPRESENTATION_CONTEXT(2) 
PARAMETRIC_REPRESENTATION_CONTEXT() REPRESENTATION_CONTEXT('2D SPACE',''
  ) );
#5775 = PCURVE('',#5467,#5776);
#5776 = DEFINITIONAL_REPRESENTATION('',(#5777),#5781);
#5777 = LINE('',#5778,#5779);
#5778 = CARTESIAN_POINT('',(31.275,-5.595));
#5779 = VECTOR('',#5780,1.);
#5780 = DIRECTION('',(0.,1.));
#5781 = ( GEOMETRIC_REPRESENTATION_CONTEXT(2) 
PARAMETRIC_REPRESENTATION_CONTEXT() REPRESENTATION_CONTEXT('2D SPACE',''
  ) );
#5782 = ORIENTED_EDGE('',*,*,#5783,.F.);
#5783 = EDGE_CURVE('',#5737,#5761,#5784,.T.);
#5784 = SURFACE_CURVE('',#5785,(#5789,#5795),.PCURVE_S1.);
#5785 = LINE('',#5786,#5787);
#5786 = CARTESIAN_POINT('',(2.5,-38.405,20.79));
#5787 = VECTOR('',#5788,1.);
#5788 = DIRECTION('',(0.,0.,-1.));
#5789 = PCURVE('',#5722,#5790);
#5790 = DEFINITIONAL_REPRESENTATION('',(#5791),#5794);
#5791 = B_SPLINE_CURVE_WITH_KNOTS('',1,(#5792,#5793),.UNSPECIFIED.,.F.,
  .F.,(2,2),(-1.,0.),.PIECEWISE_BEZIER_KNOTS.);
#5792 = CARTESIAN_POINT('',(1.,-5.595));
#5793 = CARTESIAN_POINT('',(0.,-5.595));
#5794 = ( GEOMETRIC_REPRESENTATION_CONTEXT(2) 
PARAMETRIC_REPRESENTATION_CONTEXT() REPRESENTATION_CONTEXT('2D SPACE',''
  ) );
#5795 = PCURVE('',#5796,#5801);
#5796 = PLANE('',#5797);
#5797 = AXIS2_PLACEMENT_3D('',#5798,#5799,#5800);
#5798 = CARTESIAN_POINT('',(-28.775,-38.405,20.79));
#5799 = DIRECTION('',(0.,1.,0.));
#5800 = DIRECTION('',(0.,0.,1.));
#5801 = DEFINITIONAL_REPRESENTATION('',(#5802),#5805);
#5802 = B_SPLINE_CURVE_WITH_KNOTS('',1,(#5803,#5804),.UNSPECIFIED.,.F.,
  .F.,(2,2),(-1.,0.),.PIECEWISE_BEZIER_KNOTS.);
#5803 = CARTESIAN_POINT('',(1.,31.275));
#5804 = CARTESIAN_POINT('',(0.,31.275));
#5805 = ( GEOMETRIC_REPRESENTATION_CONTEXT(2) 
PARAMETRIC_REPRESENTATION_CONTEXT() REPRESENTATION_CONTEXT('2D SPACE',''
  ) );
#5806 = ADVANCED_FACE('',(#5807),#5796,.F.);
#5807 = FACE_BOUND('',#5808,.F.);
#5808 = EDGE_LOOP('',(#5809,#5832,#5833,#5856));
#5809 = ORIENTED_EDGE('',*,*,#5810,.F.);
#5810 = EDGE_CURVE('',#5761,#5811,#5813,.T.);
#5811 = VERTEX_POINT('',#5812);
#5812 = CARTESIAN_POINT('',(28.775,-38.405,20.79));
#5813 = SURFACE_CURVE('',#5814,(#5818,#5825),.PCURVE_S1.);
#5814 = LINE('',#5815,#5816);
#5815 = CARTESIAN_POINT('',(-28.775,-38.405,20.79));
#5816 = VECTOR('',#5817,1.);
#5817 = DIRECTION('',(1.,0.,0.));
#5818 = PCURVE('',#5796,#5819);
#5819 = DEFINITIONAL_REPRESENTATION('',(#5820),#5824);
#5820 = LINE('',#5821,#5822);
#5821 = CARTESIAN_POINT('',(0.,0.));
#5822 = VECTOR('',#5823,1.);
#5823 = DIRECTION('',(0.,1.));
#5824 = ( GEOMETRIC_REPRESENTATION_CONTEXT(2) 
PARAMETRIC_REPRESENTATION_CONTEXT() REPRESENTATION_CONTEXT('2D SPACE',''
  ) );
#5825 = PCURVE('',#5467,#5826);
#5826 = DEFINITIONAL_REPRESENTATION('',(#5827),#5831);
#5827 = LINE('',#5828,#5829);
#5828 = CARTESIAN_POINT('',(0.,0.));
#5829 = VECTOR('',#5830,1.);
#5830 = DIRECTION('',(1.,0.));
#5831 = ( GEOMETRIC_REPRESENTATION_CONTEXT(2) 
PARAMETRIC_REPRESENTATION_CONTEXT() REPRESENTATION_CONTEXT('2D SPACE',''
  ) );
#5832 = ORIENTED_EDGE('',*,*,#5783,.F.);
#5833 = ORIENTED_EDGE('',*,*,#5834,.T.);
#5834 = EDGE_CURVE('',#5737,#5835,#5837,.T.);
#5835 = VERTEX_POINT('',#5836);
#5836 = CARTESIAN_POINT('',(28.775,-38.405,21.79));
#5837 = SURFACE_CURVE('',#5838,(#5842,#5849),.PCURVE_S1.);
#5838 = LINE('',#5839,#5840);
#5839 = CARTESIAN_POINT('',(-28.775,-38.405,21.79));
#5840 = VECTOR('',#5841,1.);
#5841 = DIRECTION('',(1.,0.,0.));
#5842 = PCURVE('',#5796,#5843);
#5843 = DEFINITIONAL_REPRESENTATION('',(#5844),#5848);
#5844 = LINE('',#5845,#5846);
#5845 = CARTESIAN_POINT('',(1.,0.));
#5846 = VECTOR('',#5847,1.);
#5847 = DIRECTION('',(0.,1.));
#5848 = ( GEOMETRIC_REPRESENTATION_CONTEXT(2) 
PARAMETRIC_REPRESENTATION_CONTEXT() REPRESENTATION_CONTEXT('2D SPACE',''
  ) );
#5849 = PCURVE('',#5411,#5850);
#5850 = DEFINITIONAL_REPRESENTATION('',(#5851),#5855);
#5851 = LINE('',#5852,#5853);
#5852 = CARTESIAN_POINT('',(0.,0.));
#5853 = VECTOR('',#5854,1.);
#5854 = DIRECTION('',(1.,0.));
#5855 = ( GEOMETRIC_REPRESENTATION_CONTEXT(2) 
PARAMETRIC_REPRESENTATION_CONTEXT() REPRESENTATION_CONTEXT('2D SPACE',''
  ) );
#5856 = ORIENTED_EDGE('',*,*,#5857,.F.);
#5857 = EDGE_CURVE('',#5811,#5835,#5858,.T.);
#5858 = SURFACE_CURVE('',#5859,(#5863,#5870),.PCURVE_S1.);
#5859 = LINE('',#5860,#5861);
#5860 = CARTESIAN_POINT('',(28.775,-38.405,20.79));
#5861 = VECTOR('',#5862,1.);
#5862 = DIRECTION('',(0.,0.,1.));
#5863 = PCURVE('',#5796,#5864);
#5864 = DEFINITIONAL_REPRESENTATION('',(#5865),#5869);
#5865 = LINE('',#5866,#5867);
#5866 = CARTESIAN_POINT('',(0.,57.55));
#5867 = VECTOR('',#5868,1.);
#5868 = DIRECTION('',(1.,0.));
#5869 = ( GEOMETRIC_REPRESENTATION_CONTEXT(2) 
PARAMETRIC_REPRESENTATION_CONTEXT() REPRESENTATION_CONTEXT('2D SPACE',''
  ) );
#5870 = PCURVE('',#5871,#5876);
#5871 = PLANE('',#5872);
#5872 = AXIS2_PLACEMENT_3D('',#5873,#5874,#5875);
#5873 = CARTESIAN_POINT('',(28.775,-38.405,20.79));
#5874 = DIRECTION('',(1.,0.,0.));
#5875 = DIRECTION('',(0.,0.,1.));
#5876 = DEFINITIONAL_REPRESENTATION('',(#5877),#5881);
#5877 = LINE('',#5878,#5879);
#5878 = CARTESIAN_POINT('',(0.,0.));
#5879 = VECTOR('',#5880,1.);
#5880 = DIRECTION('',(1.,0.));
#5881 = ( GEOMETRIC_REPRESENTATION_CONTEXT(2) 
PARAMETRIC_REPRESENTATION_CONTEXT() REPRESENTATION_CONTEXT('2D SPACE',''
  ) );
#5882 = ADVANCED_FACE('',(#5883),#5871,.T.);
#5883 = FACE_BOUND('',#5884,.T.);
#5884 = EDGE_LOOP('',(#5885,#5908,#5909,#5932));
#5885 = ORIENTED_EDGE('',*,*,#5886,.F.);
#5886 = EDGE_CURVE('',#5835,#5887,#5889,.T.);
#5887 = VERTEX_POINT('',#5888);
#5888 = CARTESIAN_POINT('',(28.775,-28.9,21.79));
#5889 = SURFACE_CURVE('',#5890,(#5894,#5901),.PCURVE_S1.);
#5890 = LINE('',#5891,#5892);
#5891 = CARTESIAN_POINT('',(28.775,-38.405,21.79));
#5892 = VECTOR('',#5893,1.);
#5893 = DIRECTION('',(0.,1.,0.));
#5894 = PCURVE('',#5871,#5895);
#5895 = DEFINITIONAL_REPRESENTATION('',(#5896),#5900);
#5896 = LINE('',#5897,#5898);
#5897 = CARTESIAN_POINT('',(1.,0.));
#5898 = VECTOR('',#5899,1.);
#5899 = DIRECTION('',(0.,-1.));
#5900 = ( GEOMETRIC_REPRESENTATION_CONTEXT(2) 
PARAMETRIC_REPRESENTATION_CONTEXT() REPRESENTATION_CONTEXT('2D SPACE',''
  ) );
#5901 = PCURVE('',#5411,#5902);
#5902 = DEFINITIONAL_REPRESENTATION('',(#5903),#5907);
#5903 = LINE('',#5904,#5905);
#5904 = CARTESIAN_POINT('',(57.55,0.));
#5905 = VECTOR('',#5906,1.);
#5906 = DIRECTION('',(0.,1.));
#5907 = ( GEOMETRIC_REPRESENTATION_CONTEXT(2) 
PARAMETRIC_REPRESENTATION_CONTEXT() REPRESENTATION_CONTEXT('2D SPACE',''
  ) );
#5908 = ORIENTED_EDGE('',*,*,#5857,.F.);
#5909 = ORIENTED_EDGE('',*,*,#5910,.T.);
#5910 = EDGE_CURVE('',#5811,#5911,#5913,.T.);
#5911 = VERTEX_POINT('',#5912);
#5912 = CARTESIAN_POINT('',(28.775,-28.9,20.79));
#5913 = SURFACE_CURVE('',#5914,(#5918,#5925),.PCURVE_S1.);
#5914 = LINE('',#5915,#5916);
#5915 = CARTESIAN_POINT('',(28.775,-38.405,20.79));
#5916 = VECTOR('',#5917,1.);
#5917 = DIRECTION('',(0.,1.,0.));
#5918 = PCURVE('',#5871,#5919);
#5919 = DEFINITIONAL_REPRESENTATION('',(#5920),#5924);
#5920 = LINE('',#5921,#5922);
#5921 = CARTESIAN_POINT('',(0.,0.));
#5922 = VECTOR('',#5923,1.);
#5923 = DIRECTION('',(0.,-1.));
#5924 = ( GEOMETRIC_REPRESENTATION_CONTEXT(2) 
PARAMETRIC_REPRESENTATION_CONTEXT() REPRESENTATION_CONTEXT('2D SPACE',''
  ) );
#5925 = PCURVE('',#5467,#5926);
#5926 = DEFINITIONAL_REPRESENTATION('',(#5927),#5931);
#5927 = LINE('',#5928,#5929);
#5928 = CARTESIAN_POINT('',(57.55,0.));
#5929 = VECTOR('',#5930,1.);
#5930 = DIRECTION('',(0.,1.));
#5931 = ( GEOMETRIC_REPRESENTATION_CONTEXT(2) 
PARAMETRIC_REPRESENTATION_CONTEXT() REPRESENTATION_CONTEXT('2D SPACE',''
  ) );
#5932 = ORIENTED_EDGE('',*,*,#5933,.T.);
#5933 = EDGE_CURVE('',#5911,#5887,#5934,.T.);
#5934 = SURFACE_CURVE('',#5935,(#5939,#5946),.PCURVE_S1.);
#5935 = LINE('',#5936,#5937);
#5936 = CARTESIAN_POINT('',(28.775,-28.9,3.4));
#5937 = VECTOR('',#5938,1.);
#5938 = DIRECTION('',(0.,0.,1.));
#5939 = PCURVE('',#5871,#5940);
#5940 = DEFINITIONAL_REPRESENTATION('',(#5941),#5945);
#5941 = LINE('',#5942,#5943);
#5942 = CARTESIAN_POINT('',(-17.39,-9.505));
#5943 = VECTOR('',#5944,1.);
#5944 = DIRECTION('',(1.,0.));
#5945 = ( GEOMETRIC_REPRESENTATION_CONTEXT(2) 
PARAMETRIC_REPRESENTATION_CONTEXT() REPRESENTATION_CONTEXT('2D SPACE',''
  ) );
#5946 = PCURVE('',#5947,#5952);
#5947 = PLANE('',#5948);
#5948 = AXIS2_PLACEMENT_3D('',#5949,#5950,#5951);
#5949 = CARTESIAN_POINT('',(28.775,-28.9,3.4));
#5950 = DIRECTION('',(0.,1.,0.));
#5951 = DIRECTION('',(0.,0.,1.));
#5952 = DEFINITIONAL_REPRESENTATION('',(#5953),#5957);
#5953 = LINE('',#5954,#5955);
#5954 = CARTESIAN_POINT('',(0.,0.));
#5955 = VECTOR('',#5956,1.);
#5956 = DIRECTION('',(1.,0.));
#5957 = ( GEOMETRIC_REPRESENTATION_CONTEXT(2) 
PARAMETRIC_REPRESENTATION_CONTEXT() REPRESENTATION_CONTEXT('2D SPACE',''
  ) );
#5958 = ADVANCED_FACE('',(#5959),#5947,.F.);
#5959 = FACE_BOUND('',#5960,.F.);
#5960 = EDGE_LOOP('',(#5961,#5991,#6019,#6047,#6075,#6101,#6102));
#5961 = ORIENTED_EDGE('',*,*,#5962,.F.);
#5962 = EDGE_CURVE('',#5963,#5965,#5967,.T.);
#5963 = VERTEX_POINT('',#5964);
#5964 = CARTESIAN_POINT('',(29.975,-28.9,3.1));
#5965 = VERTEX_POINT('',#5966);
#5966 = CARTESIAN_POINT('',(29.975,-28.9,21.79));
#5967 = SURFACE_CURVE('',#5968,(#5972,#5979),.PCURVE_S1.);
#5968 = LINE('',#5969,#5970);
#5969 = CARTESIAN_POINT('',(29.975,-28.9,3.1));
#5970 = VECTOR('',#5971,1.);
#5971 = DIRECTION('',(1.900863391547E-16,0.,1.));
#5972 = PCURVE('',#5947,#5973);
#5973 = DEFINITIONAL_REPRESENTATION('',(#5974),#5978);
#5974 = LINE('',#5975,#5976);
#5975 = CARTESIAN_POINT('',(-0.3,1.2));
#5976 = VECTOR('',#5977,1.);
#5977 = DIRECTION('',(1.,1.900863391547E-16));
#5978 = ( GEOMETRIC_REPRESENTATION_CONTEXT(2) 
PARAMETRIC_REPRESENTATION_CONTEXT() REPRESENTATION_CONTEXT('2D SPACE',''
  ) );
#5979 = PCURVE('',#5980,#5985);
#5980 = PLANE('',#5981);
#5981 = AXIS2_PLACEMENT_3D('',#5982,#5983,#5984);
#5982 = CARTESIAN_POINT('',(29.975,-28.9,3.4));
#5983 = DIRECTION('',(1.,0.,0.));
#5984 = DIRECTION('',(0.,0.,1.));
#5985 = DEFINITIONAL_REPRESENTATION('',(#5986),#5990);
#5986 = LINE('',#5987,#5988);
#5987 = CARTESIAN_POINT('',(-0.3,0.));
#5988 = VECTOR('',#5989,1.);
#5989 = DIRECTION('',(1.,0.));
#5990 = ( GEOMETRIC_REPRESENTATION_CONTEXT(2) 
PARAMETRIC_REPRESENTATION_CONTEXT() REPRESENTATION_CONTEXT('2D SPACE',''
  ) );
#5991 = ORIENTED_EDGE('',*,*,#5992,.F.);
#5992 = EDGE_CURVE('',#5993,#5963,#5995,.T.);
#5993 = VERTEX_POINT('',#5994);
#5994 = CARTESIAN_POINT('',(27.675,-28.9,3.1));
#5995 = SURFACE_CURVE('',#5996,(#6000,#6007),.PCURVE_S1.);
#5996 = LINE('',#5997,#5998);
#5997 = CARTESIAN_POINT('',(27.675,-28.9,3.1));
#5998 = VECTOR('',#5999,1.);
#5999 = DIRECTION('',(1.,0.,0.));
#6000 = PCURVE('',#5947,#6001);
#6001 = DEFINITIONAL_REPRESENTATION('',(#6002),#6006);
#6002 = LINE('',#6003,#6004);
#6003 = CARTESIAN_POINT('',(-0.3,-1.1));
#6004 = VECTOR('',#6005,1.);
#6005 = DIRECTION('',(0.,1.));
#6006 = ( GEOMETRIC_REPRESENTATION_CONTEXT(2) 
PARAMETRIC_REPRESENTATION_CONTEXT() REPRESENTATION_CONTEXT('2D SPACE',''
  ) );
#6007 = PCURVE('',#6008,#6013);
#6008 = PLANE('',#6009);
#6009 = AXIS2_PLACEMENT_3D('',#6010,#6011,#6012);
#6010 = CARTESIAN_POINT('',(27.675,-28.9,3.1));
#6011 = DIRECTION('',(0.,0.,1.));
#6012 = DIRECTION('',(1.,0.,0.));
#6013 = DEFINITIONAL_REPRESENTATION('',(#6014),#6018);
#6014 = LINE('',#6015,#6016);
#6015 = CARTESIAN_POINT('',(0.,0.));
#6016 = VECTOR('',#6017,1.);
#6017 = DIRECTION('',(1.,0.));
#6018 = ( GEOMETRIC_REPRESENTATION_CONTEXT(2) 
PARAMETRIC_REPRESENTATION_CONTEXT() REPRESENTATION_CONTEXT('2D SPACE',''
  ) );
#6019 = ORIENTED_EDGE('',*,*,#6020,.T.);
#6020 = EDGE_CURVE('',#5993,#6021,#6023,.T.);
#6021 = VERTEX_POINT('',#6022);
#6022 = CARTESIAN_POINT('',(27.675,-28.9,3.4));
#6023 = SURFACE_CURVE('',#6024,(#6028,#6035),.PCURVE_S1.);
#6024 = LINE('',#6025,#6026);
#6025 = CARTESIAN_POINT('',(27.675,-28.9,3.1));
#6026 = VECTOR('',#6027,1.);
#6027 = DIRECTION('',(0.,0.,1.));
#6028 = PCURVE('',#5947,#6029);
#6029 = DEFINITIONAL_REPRESENTATION('',(#6030),#6034);
#6030 = LINE('',#6031,#6032);
#6031 = CARTESIAN_POINT('',(-0.3,-1.1));
#6032 = VECTOR('',#6033,1.);
#6033 = DIRECTION('',(1.,0.));
#6034 = ( GEOMETRIC_REPRESENTATION_CONTEXT(2) 
PARAMETRIC_REPRESENTATION_CONTEXT() REPRESENTATION_CONTEXT('2D SPACE',''
  ) );
#6035 = PCURVE('',#6036,#6041);
#6036 = PLANE('',#6037);
#6037 = AXIS2_PLACEMENT_3D('',#6038,#6039,#6040);
#6038 = CARTESIAN_POINT('',(27.675,-28.9,3.1));
#6039 = DIRECTION('',(1.,0.,0.));
#6040 = DIRECTION('',(0.,0.,1.));
#6041 = DEFINITIONAL_REPRESENTATION('',(#6042),#6046);
#6042 = LINE('',#6043,#6044);
#6043 = CARTESIAN_POINT('',(0.,0.));
#6044 = VECTOR('',#6045,1.);
#6045 = DIRECTION('',(1.,0.));
#6046 = ( GEOMETRIC_REPRESENTATION_CONTEXT(2) 
PARAMETRIC_REPRESENTATION_CONTEXT() REPRESENTATION_CONTEXT('2D SPACE',''
  ) );
#6047 = ORIENTED_EDGE('',*,*,#6048,.T.);
#6048 = EDGE_CURVE('',#6021,#6049,#6051,.T.);
#6049 = VERTEX_POINT('',#6050);
#6050 = CARTESIAN_POINT('',(28.775,-28.9,3.4));
#6051 = SURFACE_CURVE('',#6052,(#6056,#6063),.PCURVE_S1.);
#6052 = LINE('',#6053,#6054);
#6053 = CARTESIAN_POINT('',(27.675,-28.9,3.4));
#6054 = VECTOR('',#6055,1.);
#6055 = DIRECTION('',(1.,0.,0.));
#6056 = PCURVE('',#5947,#6057);
#6057 = DEFINITIONAL_REPRESENTATION('',(#6058),#6062);
#6058 = LINE('',#6059,#6060);
#6059 = CARTESIAN_POINT('',(1.33226762955E-15,-1.1));
#6060 = VECTOR('',#6061,1.);
#6061 = DIRECTION('',(0.,1.));
#6062 = ( GEOMETRIC_REPRESENTATION_CONTEXT(2) 
PARAMETRIC_REPRESENTATION_CONTEXT() REPRESENTATION_CONTEXT('2D SPACE',''
  ) );
#6063 = PCURVE('',#6064,#6069);
#6064 = PLANE('',#6065);
#6065 = AXIS2_PLACEMENT_3D('',#6066,#6067,#6068);
#6066 = CARTESIAN_POINT('',(27.675,-28.9,3.4));
#6067 = DIRECTION('',(0.,0.,1.));
#6068 = DIRECTION('',(1.,0.,0.));
#6069 = DEFINITIONAL_REPRESENTATION('',(#6070),#6074);
#6070 = LINE('',#6071,#6072);
#6071 = CARTESIAN_POINT('',(0.,0.));
#6072 = VECTOR('',#6073,1.);
#6073 = DIRECTION('',(1.,0.));
#6074 = ( GEOMETRIC_REPRESENTATION_CONTEXT(2) 
PARAMETRIC_REPRESENTATION_CONTEXT() REPRESENTATION_CONTEXT('2D SPACE',''
  ) );
#6075 = ORIENTED_EDGE('',*,*,#6076,.T.);
#6076 = EDGE_CURVE('',#6049,#5911,#6077,.T.);
#6077 = SURFACE_CURVE('',#6078,(#6082,#6089),.PCURVE_S1.);
#6078 = LINE('',#6079,#6080);
#6079 = CARTESIAN_POINT('',(28.775,-28.9,3.4));
#6080 = VECTOR('',#6081,1.);
#6081 = DIRECTION('',(0.,0.,1.));
#6082 = PCURVE('',#5947,#6083);
#6083 = DEFINITIONAL_REPRESENTATION('',(#6084),#6088);
#6084 = LINE('',#6085,#6086);
#6085 = CARTESIAN_POINT('',(0.,0.));
#6086 = VECTOR('',#6087,1.);
#6087 = DIRECTION('',(1.,0.));
#6088 = ( GEOMETRIC_REPRESENTATION_CONTEXT(2) 
PARAMETRIC_REPRESENTATION_CONTEXT() REPRESENTATION_CONTEXT('2D SPACE',''
  ) );
#6089 = PCURVE('',#6090,#6095);
#6090 = PLANE('',#6091);
#6091 = AXIS2_PLACEMENT_3D('',#6092,#6093,#6094);
#6092 = CARTESIAN_POINT('',(28.775,-28.9,3.4));
#6093 = DIRECTION('',(1.,0.,0.));
#6094 = DIRECTION('',(0.,0.,1.));
#6095 = DEFINITIONAL_REPRESENTATION('',(#6096),#6100);
#6096 = LINE('',#6097,#6098);
#6097 = CARTESIAN_POINT('',(0.,0.));
#6098 = VECTOR('',#6099,1.);
#6099 = DIRECTION('',(1.,0.));
#6100 = ( GEOMETRIC_REPRESENTATION_CONTEXT(2) 
PARAMETRIC_REPRESENTATION_CONTEXT() REPRESENTATION_CONTEXT('2D SPACE',''
  ) );
#6101 = ORIENTED_EDGE('',*,*,#5933,.T.);
#6102 = ORIENTED_EDGE('',*,*,#6103,.T.);
#6103 = EDGE_CURVE('',#5887,#5965,#6104,.T.);
#6104 = SURFACE_CURVE('',#6105,(#6109,#6116),.PCURVE_S1.);
#6105 = LINE('',#6106,#6107);
#6106 = CARTESIAN_POINT('',(28.775,-28.9,21.79));
#6107 = VECTOR('',#6108,1.);
#6108 = DIRECTION('',(1.,0.,0.));
#6109 = PCURVE('',#5947,#6110);
#6110 = DEFINITIONAL_REPRESENTATION('',(#6111),#6115);
#6111 = LINE('',#6112,#6113);
#6112 = CARTESIAN_POINT('',(18.39,0.));
#6113 = VECTOR('',#6114,1.);
#6114 = DIRECTION('',(0.,1.));
#6115 = ( GEOMETRIC_REPRESENTATION_CONTEXT(2) 
PARAMETRIC_REPRESENTATION_CONTEXT() REPRESENTATION_CONTEXT('2D SPACE',''
  ) );
#6116 = PCURVE('',#5411,#6117);
#6117 = DEFINITIONAL_REPRESENTATION('',(#6118),#6122);
#6118 = LINE('',#6119,#6120);
#6119 = CARTESIAN_POINT('',(57.55,9.505));
#6120 = VECTOR('',#6121,1.);
#6121 = DIRECTION('',(1.,0.));
#6122 = ( GEOMETRIC_REPRESENTATION_CONTEXT(2) 
PARAMETRIC_REPRESENTATION_CONTEXT() REPRESENTATION_CONTEXT('2D SPACE',''
  ) );
#6123 = ADVANCED_FACE('',(#6124),#6090,.F.);
#6124 = FACE_BOUND('',#6125,.F.);
#6125 = EDGE_LOOP('',(#6126,#6127,#6150,#6178));
#6126 = ORIENTED_EDGE('',*,*,#6076,.F.);
#6127 = ORIENTED_EDGE('',*,*,#6128,.T.);
#6128 = EDGE_CURVE('',#6049,#6129,#6131,.T.);
#6129 = VERTEX_POINT('',#6130);
#6130 = CARTESIAN_POINT('',(28.775,-24.9,3.4));
#6131 = SURFACE_CURVE('',#6132,(#6136,#6143),.PCURVE_S1.);
#6132 = LINE('',#6133,#6134);
#6133 = CARTESIAN_POINT('',(28.775,-28.9,3.4));
#6134 = VECTOR('',#6135,1.);
#6135 = DIRECTION('',(0.,1.,0.));
#6136 = PCURVE('',#6090,#6137);
#6137 = DEFINITIONAL_REPRESENTATION('',(#6138),#6142);
#6138 = LINE('',#6139,#6140);
#6139 = CARTESIAN_POINT('',(0.,0.));
#6140 = VECTOR('',#6141,1.);
#6141 = DIRECTION('',(0.,-1.));
#6142 = ( GEOMETRIC_REPRESENTATION_CONTEXT(2) 
PARAMETRIC_REPRESENTATION_CONTEXT() REPRESENTATION_CONTEXT('2D SPACE',''
  ) );
#6143 = PCURVE('',#6064,#6144);
#6144 = DEFINITIONAL_REPRESENTATION('',(#6145),#6149);
#6145 = LINE('',#6146,#6147);
#6146 = CARTESIAN_POINT('',(1.1,0.));
#6147 = VECTOR('',#6148,1.);
#6148 = DIRECTION('',(0.,1.));
#6149 = ( GEOMETRIC_REPRESENTATION_CONTEXT(2) 
PARAMETRIC_REPRESENTATION_CONTEXT() REPRESENTATION_CONTEXT('2D SPACE',''
  ) );
#6150 = ORIENTED_EDGE('',*,*,#6151,.T.);
#6151 = EDGE_CURVE('',#6129,#6152,#6154,.T.);
#6152 = VERTEX_POINT('',#6153);
#6153 = CARTESIAN_POINT('',(28.775,-24.9,20.79));
#6154 = SURFACE_CURVE('',#6155,(#6159,#6166),.PCURVE_S1.);
#6155 = LINE('',#6156,#6157);
#6156 = CARTESIAN_POINT('',(28.775,-24.9,3.4));
#6157 = VECTOR('',#6158,1.);
#6158 = DIRECTION('',(0.,0.,1.));
#6159 = PCURVE('',#6090,#6160);
#6160 = DEFINITIONAL_REPRESENTATION('',(#6161),#6165);
#6161 = LINE('',#6162,#6163);
#6162 = CARTESIAN_POINT('',(0.,-4.));
#6163 = VECTOR('',#6164,1.);
#6164 = DIRECTION('',(1.,0.));
#6165 = ( GEOMETRIC_REPRESENTATION_CONTEXT(2) 
PARAMETRIC_REPRESENTATION_CONTEXT() REPRESENTATION_CONTEXT('2D SPACE',''
  ) );
#6166 = PCURVE('',#6167,#6172);
#6167 = PLANE('',#6168);
#6168 = AXIS2_PLACEMENT_3D('',#6169,#6170,#6171);
#6169 = CARTESIAN_POINT('',(28.775,-24.9,3.4));
#6170 = DIRECTION('',(0.,1.,0.));
#6171 = DIRECTION('',(0.,0.,1.));
#6172 = DEFINITIONAL_REPRESENTATION('',(#6173),#6177);
#6173 = LINE('',#6174,#6175);
#6174 = CARTESIAN_POINT('',(0.,0.));
#6175 = VECTOR('',#6176,1.);
#6176 = DIRECTION('',(1.,0.));
#6177 = ( GEOMETRIC_REPRESENTATION_CONTEXT(2) 
PARAMETRIC_REPRESENTATION_CONTEXT() REPRESENTATION_CONTEXT('2D SPACE',''
  ) );
#6178 = ORIENTED_EDGE('',*,*,#6179,.F.);
#6179 = EDGE_CURVE('',#5911,#6152,#6180,.T.);
#6180 = SURFACE_CURVE('',#6181,(#6185,#6192),.PCURVE_S1.);
#6181 = LINE('',#6182,#6183);
#6182 = CARTESIAN_POINT('',(28.775,-38.405,20.79));
#6183 = VECTOR('',#6184,1.);
#6184 = DIRECTION('',(0.,1.,0.));
#6185 = PCURVE('',#6090,#6186);
#6186 = DEFINITIONAL_REPRESENTATION('',(#6187),#6191);
#6187 = LINE('',#6188,#6189);
#6188 = CARTESIAN_POINT('',(17.39,9.505));
#6189 = VECTOR('',#6190,1.);
#6190 = DIRECTION('',(0.,-1.));
#6191 = ( GEOMETRIC_REPRESENTATION_CONTEXT(2) 
PARAMETRIC_REPRESENTATION_CONTEXT() REPRESENTATION_CONTEXT('2D SPACE',''
  ) );
#6192 = PCURVE('',#5467,#6193);
#6193 = DEFINITIONAL_REPRESENTATION('',(#6194),#6198);
#6194 = LINE('',#6195,#6196);
#6195 = CARTESIAN_POINT('',(57.55,0.));
#6196 = VECTOR('',#6197,1.);
#6197 = DIRECTION('',(0.,1.));
#6198 = ( GEOMETRIC_REPRESENTATION_CONTEXT(2) 
PARAMETRIC_REPRESENTATION_CONTEXT() REPRESENTATION_CONTEXT('2D SPACE',''
  ) );
#6199 = ADVANCED_FACE('',(#6200),#6167,.T.);
#6200 = FACE_BOUND('',#6201,.T.);
#6201 = EDGE_LOOP('',(#6202,#6227,#6250,#6273,#6294,#6295,#6323));
#6202 = ORIENTED_EDGE('',*,*,#6203,.F.);
#6203 = EDGE_CURVE('',#6204,#6206,#6208,.T.);
#6204 = VERTEX_POINT('',#6205);
#6205 = CARTESIAN_POINT('',(29.975,-24.9,3.1));
#6206 = VERTEX_POINT('',#6207);
#6207 = CARTESIAN_POINT('',(29.975,-24.9,21.79));
#6208 = SURFACE_CURVE('',#6209,(#6213,#6220),.PCURVE_S1.);
#6209 = LINE('',#6210,#6211);
#6210 = CARTESIAN_POINT('',(29.975,-24.9,3.1));
#6211 = VECTOR('',#6212,1.);
#6212 = DIRECTION('',(1.900863391547E-16,0.,1.));
#6213 = PCURVE('',#6167,#6214);
#6214 = DEFINITIONAL_REPRESENTATION('',(#6215),#6219);
#6215 = LINE('',#6216,#6217);
#6216 = CARTESIAN_POINT('',(-0.3,1.2));
#6217 = VECTOR('',#6218,1.);
#6218 = DIRECTION('',(1.,1.900863391547E-16));
#6219 = ( GEOMETRIC_REPRESENTATION_CONTEXT(2) 
PARAMETRIC_REPRESENTATION_CONTEXT() REPRESENTATION_CONTEXT('2D SPACE',''
  ) );
#6220 = PCURVE('',#5980,#6221);
#6221 = DEFINITIONAL_REPRESENTATION('',(#6222),#6226);
#6222 = LINE('',#6223,#6224);
#6223 = CARTESIAN_POINT('',(-0.3,-4.));
#6224 = VECTOR('',#6225,1.);
#6225 = DIRECTION('',(1.,0.));
#6226 = ( GEOMETRIC_REPRESENTATION_CONTEXT(2) 
PARAMETRIC_REPRESENTATION_CONTEXT() REPRESENTATION_CONTEXT('2D SPACE',''
  ) );
#6227 = ORIENTED_EDGE('',*,*,#6228,.F.);
#6228 = EDGE_CURVE('',#6229,#6204,#6231,.T.);
#6229 = VERTEX_POINT('',#6230);
#6230 = CARTESIAN_POINT('',(27.675,-24.9,3.1));
#6231 = SURFACE_CURVE('',#6232,(#6236,#6243),.PCURVE_S1.);
#6232 = LINE('',#6233,#6234);
#6233 = CARTESIAN_POINT('',(27.675,-24.9,3.1));
#6234 = VECTOR('',#6235,1.);
#6235 = DIRECTION('',(1.,0.,0.));
#6236 = PCURVE('',#6167,#6237);
#6237 = DEFINITIONAL_REPRESENTATION('',(#6238),#6242);
#6238 = LINE('',#6239,#6240);
#6239 = CARTESIAN_POINT('',(-0.3,-1.1));
#6240 = VECTOR('',#6241,1.);
#6241 = DIRECTION('',(0.,1.));
#6242 = ( GEOMETRIC_REPRESENTATION_CONTEXT(2) 
PARAMETRIC_REPRESENTATION_CONTEXT() REPRESENTATION_CONTEXT('2D SPACE',''
  ) );
#6243 = PCURVE('',#6008,#6244);
#6244 = DEFINITIONAL_REPRESENTATION('',(#6245),#6249);
#6245 = LINE('',#6246,#6247);
#6246 = CARTESIAN_POINT('',(0.,4.));
#6247 = VECTOR('',#6248,1.);
#6248 = DIRECTION('',(1.,0.));
#6249 = ( GEOMETRIC_REPRESENTATION_CONTEXT(2) 
PARAMETRIC_REPRESENTATION_CONTEXT() REPRESENTATION_CONTEXT('2D SPACE',''
  ) );
#6250 = ORIENTED_EDGE('',*,*,#6251,.T.);
#6251 = EDGE_CURVE('',#6229,#6252,#6254,.T.);
#6252 = VERTEX_POINT('',#6253);
#6253 = CARTESIAN_POINT('',(27.675,-24.9,3.4));
#6254 = SURFACE_CURVE('',#6255,(#6259,#6266),.PCURVE_S1.);
#6255 = LINE('',#6256,#6257);
#6256 = CARTESIAN_POINT('',(27.675,-24.9,3.1));
#6257 = VECTOR('',#6258,1.);
#6258 = DIRECTION('',(0.,0.,1.));
#6259 = PCURVE('',#6167,#6260);
#6260 = DEFINITIONAL_REPRESENTATION('',(#6261),#6265);
#6261 = LINE('',#6262,#6263);
#6262 = CARTESIAN_POINT('',(-0.3,-1.1));
#6263 = VECTOR('',#6264,1.);
#6264 = DIRECTION('',(1.,0.));
#6265 = ( GEOMETRIC_REPRESENTATION_CONTEXT(2) 
PARAMETRIC_REPRESENTATION_CONTEXT() REPRESENTATION_CONTEXT('2D SPACE',''
  ) );
#6266 = PCURVE('',#6036,#6267);
#6267 = DEFINITIONAL_REPRESENTATION('',(#6268),#6272);
#6268 = LINE('',#6269,#6270);
#6269 = CARTESIAN_POINT('',(0.,-4.));
#6270 = VECTOR('',#6271,1.);
#6271 = DIRECTION('',(1.,0.));
#6272 = ( GEOMETRIC_REPRESENTATION_CONTEXT(2) 
PARAMETRIC_REPRESENTATION_CONTEXT() REPRESENTATION_CONTEXT('2D SPACE',''
  ) );
#6273 = ORIENTED_EDGE('',*,*,#6274,.T.);
#6274 = EDGE_CURVE('',#6252,#6129,#6275,.T.);
#6275 = SURFACE_CURVE('',#6276,(#6280,#6287),.PCURVE_S1.);
#6276 = LINE('',#6277,#6278);
#6277 = CARTESIAN_POINT('',(27.675,-24.9,3.4));
#6278 = VECTOR('',#6279,1.);
#6279 = DIRECTION('',(1.,0.,0.));
#6280 = PCURVE('',#6167,#6281);
#6281 = DEFINITIONAL_REPRESENTATION('',(#6282),#6286);
#6282 = LINE('',#6283,#6284);
#6283 = CARTESIAN_POINT('',(1.33226762955E-15,-1.1));
#6284 = VECTOR('',#6285,1.);
#6285 = DIRECTION('',(0.,1.));
#6286 = ( GEOMETRIC_REPRESENTATION_CONTEXT(2) 
PARAMETRIC_REPRESENTATION_CONTEXT() REPRESENTATION_CONTEXT('2D SPACE',''
  ) );
#6287 = PCURVE('',#6064,#6288);
#6288 = DEFINITIONAL_REPRESENTATION('',(#6289),#6293);
#6289 = LINE('',#6290,#6291);
#6290 = CARTESIAN_POINT('',(0.,4.));
#6291 = VECTOR('',#6292,1.);
#6292 = DIRECTION('',(1.,0.));
#6293 = ( GEOMETRIC_REPRESENTATION_CONTEXT(2) 
PARAMETRIC_REPRESENTATION_CONTEXT() REPRESENTATION_CONTEXT('2D SPACE',''
  ) );
#6294 = ORIENTED_EDGE('',*,*,#6151,.T.);
#6295 = ORIENTED_EDGE('',*,*,#6296,.T.);
#6296 = EDGE_CURVE('',#6152,#6297,#6299,.T.);
#6297 = VERTEX_POINT('',#6298);
#6298 = CARTESIAN_POINT('',(28.775,-24.9,21.79));
#6299 = SURFACE_CURVE('',#6300,(#6304,#6311),.PCURVE_S1.);
#6300 = LINE('',#6301,#6302);
#6301 = CARTESIAN_POINT('',(28.775,-24.9,3.4));
#6302 = VECTOR('',#6303,1.);
#6303 = DIRECTION('',(0.,0.,1.));
#6304 = PCURVE('',#6167,#6305);
#6305 = DEFINITIONAL_REPRESENTATION('',(#6306),#6310);
#6306 = LINE('',#6307,#6308);
#6307 = CARTESIAN_POINT('',(0.,0.));
#6308 = VECTOR('',#6309,1.);
#6309 = DIRECTION('',(1.,0.));
#6310 = ( GEOMETRIC_REPRESENTATION_CONTEXT(2) 
PARAMETRIC_REPRESENTATION_CONTEXT() REPRESENTATION_CONTEXT('2D SPACE',''
  ) );
#6311 = PCURVE('',#6312,#6317);
#6312 = PLANE('',#6313);
#6313 = AXIS2_PLACEMENT_3D('',#6314,#6315,#6316);
#6314 = CARTESIAN_POINT('',(28.775,-38.405,20.79));
#6315 = DIRECTION('',(1.,0.,0.));
#6316 = DIRECTION('',(0.,0.,1.));
#6317 = DEFINITIONAL_REPRESENTATION('',(#6318),#6322);
#6318 = LINE('',#6319,#6320);
#6319 = CARTESIAN_POINT('',(-17.39,-13.505));
#6320 = VECTOR('',#6321,1.);
#6321 = DIRECTION('',(1.,0.));
#6322 = ( GEOMETRIC_REPRESENTATION_CONTEXT(2) 
PARAMETRIC_REPRESENTATION_CONTEXT() REPRESENTATION_CONTEXT('2D SPACE',''
  ) );
#6323 = ORIENTED_EDGE('',*,*,#6324,.T.);
#6324 = EDGE_CURVE('',#6297,#6206,#6325,.T.);
#6325 = SURFACE_CURVE('',#6326,(#6330,#6337),.PCURVE_S1.);
#6326 = LINE('',#6327,#6328);
#6327 = CARTESIAN_POINT('',(28.775,-24.9,21.79));
#6328 = VECTOR('',#6329,1.);
#6329 = DIRECTION('',(1.,0.,0.));
#6330 = PCURVE('',#6167,#6331);
#6331 = DEFINITIONAL_REPRESENTATION('',(#6332),#6336);
#6332 = LINE('',#6333,#6334);
#6333 = CARTESIAN_POINT('',(18.39,0.));
#6334 = VECTOR('',#6335,1.);
#6335 = DIRECTION('',(0.,1.));
#6336 = ( GEOMETRIC_REPRESENTATION_CONTEXT(2) 
PARAMETRIC_REPRESENTATION_CONTEXT() REPRESENTATION_CONTEXT('2D SPACE',''
  ) );
#6337 = PCURVE('',#5411,#6338);
#6338 = DEFINITIONAL_REPRESENTATION('',(#6339),#6343);
#6339 = LINE('',#6340,#6341);
#6340 = CARTESIAN_POINT('',(57.55,13.505));
#6341 = VECTOR('',#6342,1.);
#6342 = DIRECTION('',(1.,0.));
#6343 = ( GEOMETRIC_REPRESENTATION_CONTEXT(2) 
PARAMETRIC_REPRESENTATION_CONTEXT() REPRESENTATION_CONTEXT('2D SPACE',''
  ) );
#6344 = ADVANCED_FACE('',(#6345),#6312,.T.);
#6345 = FACE_BOUND('',#6346,.T.);
#6346 = EDGE_LOOP('',(#6347,#6370,#6371,#6394));
#6347 = ORIENTED_EDGE('',*,*,#6348,.F.);
#6348 = EDGE_CURVE('',#6297,#6349,#6351,.T.);
#6349 = VERTEX_POINT('',#6350);
#6350 = CARTESIAN_POINT('',(28.775,-8.9,21.79));
#6351 = SURFACE_CURVE('',#6352,(#6356,#6363),.PCURVE_S1.);
#6352 = LINE('',#6353,#6354);
#6353 = CARTESIAN_POINT('',(28.775,-38.405,21.79));
#6354 = VECTOR('',#6355,1.);
#6355 = DIRECTION('',(0.,1.,0.));
#6356 = PCURVE('',#6312,#6357);
#6357 = DEFINITIONAL_REPRESENTATION('',(#6358),#6362);
#6358 = LINE('',#6359,#6360);
#6359 = CARTESIAN_POINT('',(1.,0.));
#6360 = VECTOR('',#6361,1.);
#6361 = DIRECTION('',(0.,-1.));
#6362 = ( GEOMETRIC_REPRESENTATION_CONTEXT(2) 
PARAMETRIC_REPRESENTATION_CONTEXT() REPRESENTATION_CONTEXT('2D SPACE',''
  ) );
#6363 = PCURVE('',#5411,#6364);
#6364 = DEFINITIONAL_REPRESENTATION('',(#6365),#6369);
#6365 = LINE('',#6366,#6367);
#6366 = CARTESIAN_POINT('',(57.55,0.));
#6367 = VECTOR('',#6368,1.);
#6368 = DIRECTION('',(0.,1.));
#6369 = ( GEOMETRIC_REPRESENTATION_CONTEXT(2) 
PARAMETRIC_REPRESENTATION_CONTEXT() REPRESENTATION_CONTEXT('2D SPACE',''
  ) );
#6370 = ORIENTED_EDGE('',*,*,#6296,.F.);
#6371 = ORIENTED_EDGE('',*,*,#6372,.T.);
#6372 = EDGE_CURVE('',#6152,#6373,#6375,.T.);
#6373 = VERTEX_POINT('',#6374);
#6374 = CARTESIAN_POINT('',(28.775,-8.9,20.79));
#6375 = SURFACE_CURVE('',#6376,(#6380,#6387),.PCURVE_S1.);
#6376 = LINE('',#6377,#6378);
#6377 = CARTESIAN_POINT('',(28.775,-38.405,20.79));
#6378 = VECTOR('',#6379,1.);
#6379 = DIRECTION('',(0.,1.,0.));
#6380 = PCURVE('',#6312,#6381);
#6381 = DEFINITIONAL_REPRESENTATION('',(#6382),#6386);
#6382 = LINE('',#6383,#6384);
#6383 = CARTESIAN_POINT('',(0.,0.));
#6384 = VECTOR('',#6385,1.);
#6385 = DIRECTION('',(0.,-1.));
#6386 = ( GEOMETRIC_REPRESENTATION_CONTEXT(2) 
PARAMETRIC_REPRESENTATION_CONTEXT() REPRESENTATION_CONTEXT('2D SPACE',''
  ) );
#6387 = PCURVE('',#5467,#6388);
#6388 = DEFINITIONAL_REPRESENTATION('',(#6389),#6393);
#6389 = LINE('',#6390,#6391);
#6390 = CARTESIAN_POINT('',(57.55,0.));
#6391 = VECTOR('',#6392,1.);
#6392 = DIRECTION('',(0.,1.));
#6393 = ( GEOMETRIC_REPRESENTATION_CONTEXT(2) 
PARAMETRIC_REPRESENTATION_CONTEXT() REPRESENTATION_CONTEXT('2D SPACE',''
  ) );
#6394 = ORIENTED_EDGE('',*,*,#6395,.T.);
#6395 = EDGE_CURVE('',#6373,#6349,#6396,.T.);
#6396 = SURFACE_CURVE('',#6397,(#6401,#6408),.PCURVE_S1.);
#6397 = LINE('',#6398,#6399);
#6398 = CARTESIAN_POINT('',(28.775,-8.9,3.4));
#6399 = VECTOR('',#6400,1.);
#6400 = DIRECTION('',(0.,0.,1.));
#6401 = PCURVE('',#6312,#6402);
#6402 = DEFINITIONAL_REPRESENTATION('',(#6403),#6407);
#6403 = LINE('',#6404,#6405);
#6404 = CARTESIAN_POINT('',(-17.39,-29.505));
#6405 = VECTOR('',#6406,1.);
#6406 = DIRECTION('',(1.,0.));
#6407 = ( GEOMETRIC_REPRESENTATION_CONTEXT(2) 
PARAMETRIC_REPRESENTATION_CONTEXT() REPRESENTATION_CONTEXT('2D SPACE',''
  ) );
#6408 = PCURVE('',#6409,#6414);
#6409 = PLANE('',#6410);
#6410 = AXIS2_PLACEMENT_3D('',#6411,#6412,#6413);
#6411 = CARTESIAN_POINT('',(28.775,-8.9,3.4));
#6412 = DIRECTION('',(0.,1.,0.));
#6413 = DIRECTION('',(0.,0.,1.));
#6414 = DEFINITIONAL_REPRESENTATION('',(#6415),#6419);
#6415 = LINE('',#6416,#6417);
#6416 = CARTESIAN_POINT('',(0.,0.));
#6417 = VECTOR('',#6418,1.);
#6418 = DIRECTION('',(1.,0.));
#6419 = ( GEOMETRIC_REPRESENTATION_CONTEXT(2) 
PARAMETRIC_REPRESENTATION_CONTEXT() REPRESENTATION_CONTEXT('2D SPACE',''
  ) );
#6420 = ADVANCED_FACE('',(#6421),#6409,.F.);
#6421 = FACE_BOUND('',#6422,.F.);
#6422 = EDGE_LOOP('',(#6423,#6453,#6481,#6509,#6537,#6563,#6564));
#6423 = ORIENTED_EDGE('',*,*,#6424,.F.);
#6424 = EDGE_CURVE('',#6425,#6427,#6429,.T.);
#6425 = VERTEX_POINT('',#6426);
#6426 = CARTESIAN_POINT('',(29.975,-8.9,3.1));
#6427 = VERTEX_POINT('',#6428);
#6428 = CARTESIAN_POINT('',(29.975,-8.9,21.79));
#6429 = SURFACE_CURVE('',#6430,(#6434,#6441),.PCURVE_S1.);
#6430 = LINE('',#6431,#6432);
#6431 = CARTESIAN_POINT('',(29.975,-8.9,3.1));
#6432 = VECTOR('',#6433,1.);
#6433 = DIRECTION('',(1.900863391547E-16,0.,1.));
#6434 = PCURVE('',#6409,#6435);
#6435 = DEFINITIONAL_REPRESENTATION('',(#6436),#6440);
#6436 = LINE('',#6437,#6438);
#6437 = CARTESIAN_POINT('',(-0.3,1.2));
#6438 = VECTOR('',#6439,1.);
#6439 = DIRECTION('',(1.,1.900863391547E-16));
#6440 = ( GEOMETRIC_REPRESENTATION_CONTEXT(2) 
PARAMETRIC_REPRESENTATION_CONTEXT() REPRESENTATION_CONTEXT('2D SPACE',''
  ) );
#6441 = PCURVE('',#6442,#6447);
#6442 = PLANE('',#6443);
#6443 = AXIS2_PLACEMENT_3D('',#6444,#6445,#6446);
#6444 = CARTESIAN_POINT('',(29.975,-8.9,3.4));
#6445 = DIRECTION('',(1.,0.,0.));
#6446 = DIRECTION('',(0.,0.,1.));
#6447 = DEFINITIONAL_REPRESENTATION('',(#6448),#6452);
#6448 = LINE('',#6449,#6450);
#6449 = CARTESIAN_POINT('',(-0.3,0.));
#6450 = VECTOR('',#6451,1.);
#6451 = DIRECTION('',(1.,0.));
#6452 = ( GEOMETRIC_REPRESENTATION_CONTEXT(2) 
PARAMETRIC_REPRESENTATION_CONTEXT() REPRESENTATION_CONTEXT('2D SPACE',''
  ) );
#6453 = ORIENTED_EDGE('',*,*,#6454,.F.);
#6454 = EDGE_CURVE('',#6455,#6425,#6457,.T.);
#6455 = VERTEX_POINT('',#6456);
#6456 = CARTESIAN_POINT('',(27.675,-8.9,3.1));
#6457 = SURFACE_CURVE('',#6458,(#6462,#6469),.PCURVE_S1.);
#6458 = LINE('',#6459,#6460);
#6459 = CARTESIAN_POINT('',(27.675,-8.9,3.1));
#6460 = VECTOR('',#6461,1.);
#6461 = DIRECTION('',(1.,0.,0.));
#6462 = PCURVE('',#6409,#6463);
#6463 = DEFINITIONAL_REPRESENTATION('',(#6464),#6468);
#6464 = LINE('',#6465,#6466);
#6465 = CARTESIAN_POINT('',(-0.3,-1.1));
#6466 = VECTOR('',#6467,1.);
#6467 = DIRECTION('',(0.,1.));
#6468 = ( GEOMETRIC_REPRESENTATION_CONTEXT(2) 
PARAMETRIC_REPRESENTATION_CONTEXT() REPRESENTATION_CONTEXT('2D SPACE',''
  ) );
#6469 = PCURVE('',#6470,#6475);
#6470 = PLANE('',#6471);
#6471 = AXIS2_PLACEMENT_3D('',#6472,#6473,#6474);
#6472 = CARTESIAN_POINT('',(27.675,-8.9,3.1));
#6473 = DIRECTION('',(0.,0.,1.));
#6474 = DIRECTION('',(1.,0.,0.));
#6475 = DEFINITIONAL_REPRESENTATION('',(#6476),#6480);
#6476 = LINE('',#6477,#6478);
#6477 = CARTESIAN_POINT('',(0.,0.));
#6478 = VECTOR('',#6479,1.);
#6479 = DIRECTION('',(1.,0.));
#6480 = ( GEOMETRIC_REPRESENTATION_CONTEXT(2) 
PARAMETRIC_REPRESENTATION_CONTEXT() REPRESENTATION_CONTEXT('2D SPACE',''
  ) );
#6481 = ORIENTED_EDGE('',*,*,#6482,.T.);
#6482 = EDGE_CURVE('',#6455,#6483,#6485,.T.);
#6483 = VERTEX_POINT('',#6484);
#6484 = CARTESIAN_POINT('',(27.675,-8.9,3.4));
#6485 = SURFACE_CURVE('',#6486,(#6490,#6497),.PCURVE_S1.);
#6486 = LINE('',#6487,#6488);
#6487 = CARTESIAN_POINT('',(27.675,-8.9,3.1));
#6488 = VECTOR('',#6489,1.);
#6489 = DIRECTION('',(0.,0.,1.));
#6490 = PCURVE('',#6409,#6491);
#6491 = DEFINITIONAL_REPRESENTATION('',(#6492),#6496);
#6492 = LINE('',#6493,#6494);
#6493 = CARTESIAN_POINT('',(-0.3,-1.1));
#6494 = VECTOR('',#6495,1.);
#6495 = DIRECTION('',(1.,0.));
#6496 = ( GEOMETRIC_REPRESENTATION_CONTEXT(2) 
PARAMETRIC_REPRESENTATION_CONTEXT() REPRESENTATION_CONTEXT('2D SPACE',''
  ) );
#6497 = PCURVE('',#6498,#6503);
#6498 = PLANE('',#6499);
#6499 = AXIS2_PLACEMENT_3D('',#6500,#6501,#6502);
#6500 = CARTESIAN_POINT('',(27.675,-8.9,3.1));
#6501 = DIRECTION('',(1.,0.,0.));
#6502 = DIRECTION('',(0.,0.,1.));
#6503 = DEFINITIONAL_REPRESENTATION('',(#6504),#6508);
#6504 = LINE('',#6505,#6506);
#6505 = CARTESIAN_POINT('',(0.,0.));
#6506 = VECTOR('',#6507,1.);
#6507 = DIRECTION('',(1.,0.));
#6508 = ( GEOMETRIC_REPRESENTATION_CONTEXT(2) 
PARAMETRIC_REPRESENTATION_CONTEXT() REPRESENTATION_CONTEXT('2D SPACE',''
  ) );
#6509 = ORIENTED_EDGE('',*,*,#6510,.T.);
#6510 = EDGE_CURVE('',#6483,#6511,#6513,.T.);
#6511 = VERTEX_POINT('',#6512);
#6512 = CARTESIAN_POINT('',(28.775,-8.9,3.4));
#6513 = SURFACE_CURVE('',#6514,(#6518,#6525),.PCURVE_S1.);
#6514 = LINE('',#6515,#6516);
#6515 = CARTESIAN_POINT('',(27.675,-8.9,3.4));
#6516 = VECTOR('',#6517,1.);
#6517 = DIRECTION('',(1.,0.,0.));
#6518 = PCURVE('',#6409,#6519);
#6519 = DEFINITIONAL_REPRESENTATION('',(#6520),#6524);
#6520 = LINE('',#6521,#6522);
#6521 = CARTESIAN_POINT('',(1.33226762955E-15,-1.1));
#6522 = VECTOR('',#6523,1.);
#6523 = DIRECTION('',(0.,1.));
#6524 = ( GEOMETRIC_REPRESENTATION_CONTEXT(2) 
PARAMETRIC_REPRESENTATION_CONTEXT() REPRESENTATION_CONTEXT('2D SPACE',''
  ) );
#6525 = PCURVE('',#6526,#6531);
#6526 = PLANE('',#6527);
#6527 = AXIS2_PLACEMENT_3D('',#6528,#6529,#6530);
#6528 = CARTESIAN_POINT('',(27.675,-8.9,3.4));
#6529 = DIRECTION('',(0.,0.,1.));
#6530 = DIRECTION('',(1.,0.,0.));
#6531 = DEFINITIONAL_REPRESENTATION('',(#6532),#6536);
#6532 = LINE('',#6533,#6534);
#6533 = CARTESIAN_POINT('',(0.,0.));
#6534 = VECTOR('',#6535,1.);
#6535 = DIRECTION('',(1.,0.));
#6536 = ( GEOMETRIC_REPRESENTATION_CONTEXT(2) 
PARAMETRIC_REPRESENTATION_CONTEXT() REPRESENTATION_CONTEXT('2D SPACE',''
  ) );
#6537 = ORIENTED_EDGE('',*,*,#6538,.T.);
#6538 = EDGE_CURVE('',#6511,#6373,#6539,.T.);
#6539 = SURFACE_CURVE('',#6540,(#6544,#6551),.PCURVE_S1.);
#6540 = LINE('',#6541,#6542);
#6541 = CARTESIAN_POINT('',(28.775,-8.9,3.4));
#6542 = VECTOR('',#6543,1.);
#6543 = DIRECTION('',(0.,0.,1.));
#6544 = PCURVE('',#6409,#6545);
#6545 = DEFINITIONAL_REPRESENTATION('',(#6546),#6550);
#6546 = LINE('',#6547,#6548);
#6547 = CARTESIAN_POINT('',(0.,0.));
#6548 = VECTOR('',#6549,1.);
#6549 = DIRECTION('',(1.,0.));
#6550 = ( GEOMETRIC_REPRESENTATION_CONTEXT(2) 
PARAMETRIC_REPRESENTATION_CONTEXT() REPRESENTATION_CONTEXT('2D SPACE',''
  ) );
#6551 = PCURVE('',#6552,#6557);
#6552 = PLANE('',#6553);
#6553 = AXIS2_PLACEMENT_3D('',#6554,#6555,#6556);
#6554 = CARTESIAN_POINT('',(28.775,-8.9,3.4));
#6555 = DIRECTION('',(1.,0.,0.));
#6556 = DIRECTION('',(0.,0.,1.));
#6557 = DEFINITIONAL_REPRESENTATION('',(#6558),#6562);
#6558 = LINE('',#6559,#6560);
#6559 = CARTESIAN_POINT('',(0.,0.));
#6560 = VECTOR('',#6561,1.);
#6561 = DIRECTION('',(1.,0.));
#6562 = ( GEOMETRIC_REPRESENTATION_CONTEXT(2) 
PARAMETRIC_REPRESENTATION_CONTEXT() REPRESENTATION_CONTEXT('2D SPACE',''
  ) );
#6563 = ORIENTED_EDGE('',*,*,#6395,.T.);
#6564 = ORIENTED_EDGE('',*,*,#6565,.T.);
#6565 = EDGE_CURVE('',#6349,#6427,#6566,.T.);
#6566 = SURFACE_CURVE('',#6567,(#6571,#6578),.PCURVE_S1.);
#6567 = LINE('',#6568,#6569);
#6568 = CARTESIAN_POINT('',(28.775,-8.9,21.79));
#6569 = VECTOR('',#6570,1.);
#6570 = DIRECTION('',(1.,0.,0.));
#6571 = PCURVE('',#6409,#6572);
#6572 = DEFINITIONAL_REPRESENTATION('',(#6573),#6577);
#6573 = LINE('',#6574,#6575);
#6574 = CARTESIAN_POINT('',(18.39,0.));
#6575 = VECTOR('',#6576,1.);
#6576 = DIRECTION('',(0.,1.));
#6577 = ( GEOMETRIC_REPRESENTATION_CONTEXT(2) 
PARAMETRIC_REPRESENTATION_CONTEXT() REPRESENTATION_CONTEXT('2D SPACE',''
  ) );
#6578 = PCURVE('',#5411,#6579);
#6579 = DEFINITIONAL_REPRESENTATION('',(#6580),#6584);
#6580 = LINE('',#6581,#6582);
#6581 = CARTESIAN_POINT('',(57.55,29.505));
#6582 = VECTOR('',#6583,1.);
#6583 = DIRECTION('',(1.,0.));
#6584 = ( GEOMETRIC_REPRESENTATION_CONTEXT(2) 
PARAMETRIC_REPRESENTATION_CONTEXT() REPRESENTATION_CONTEXT('2D SPACE',''
  ) );
#6585 = ADVANCED_FACE('',(#6586),#6552,.F.);
#6586 = FACE_BOUND('',#6587,.F.);
#6587 = EDGE_LOOP('',(#6588,#6589,#6612,#6640));
#6588 = ORIENTED_EDGE('',*,*,#6538,.F.);
#6589 = ORIENTED_EDGE('',*,*,#6590,.T.);
#6590 = EDGE_CURVE('',#6511,#6591,#6593,.T.);
#6591 = VERTEX_POINT('',#6592);
#6592 = CARTESIAN_POINT('',(28.775,-4.9,3.4));
#6593 = SURFACE_CURVE('',#6594,(#6598,#6605),.PCURVE_S1.);
#6594 = LINE('',#6595,#6596);
#6595 = CARTESIAN_POINT('',(28.775,-8.9,3.4));
#6596 = VECTOR('',#6597,1.);
#6597 = DIRECTION('',(0.,1.,0.));
#6598 = PCURVE('',#6552,#6599);
#6599 = DEFINITIONAL_REPRESENTATION('',(#6600),#6604);
#6600 = LINE('',#6601,#6602);
#6601 = CARTESIAN_POINT('',(0.,0.));
#6602 = VECTOR('',#6603,1.);
#6603 = DIRECTION('',(0.,-1.));
#6604 = ( GEOMETRIC_REPRESENTATION_CONTEXT(2) 
PARAMETRIC_REPRESENTATION_CONTEXT() REPRESENTATION_CONTEXT('2D SPACE',''
  ) );
#6605 = PCURVE('',#6526,#6606);
#6606 = DEFINITIONAL_REPRESENTATION('',(#6607),#6611);
#6607 = LINE('',#6608,#6609);
#6608 = CARTESIAN_POINT('',(1.1,0.));
#6609 = VECTOR('',#6610,1.);
#6610 = DIRECTION('',(0.,1.));
#6611 = ( GEOMETRIC_REPRESENTATION_CONTEXT(2) 
PARAMETRIC_REPRESENTATION_CONTEXT() REPRESENTATION_CONTEXT('2D SPACE',''
  ) );
#6612 = ORIENTED_EDGE('',*,*,#6613,.T.);
#6613 = EDGE_CURVE('',#6591,#6614,#6616,.T.);
#6614 = VERTEX_POINT('',#6615);
#6615 = CARTESIAN_POINT('',(28.775,-4.9,20.79));
#6616 = SURFACE_CURVE('',#6617,(#6621,#6628),.PCURVE_S1.);
#6617 = LINE('',#6618,#6619);
#6618 = CARTESIAN_POINT('',(28.775,-4.9,3.4));
#6619 = VECTOR('',#6620,1.);
#6620 = DIRECTION('',(0.,0.,1.));
#6621 = PCURVE('',#6552,#6622);
#6622 = DEFINITIONAL_REPRESENTATION('',(#6623),#6627);
#6623 = LINE('',#6624,#6625);
#6624 = CARTESIAN_POINT('',(0.,-4.));
#6625 = VECTOR('',#6626,1.);
#6626 = DIRECTION('',(1.,0.));
#6627 = ( GEOMETRIC_REPRESENTATION_CONTEXT(2) 
PARAMETRIC_REPRESENTATION_CONTEXT() REPRESENTATION_CONTEXT('2D SPACE',''
  ) );
#6628 = PCURVE('',#6629,#6634);
#6629 = PLANE('',#6630);
#6630 = AXIS2_PLACEMENT_3D('',#6631,#6632,#6633);
#6631 = CARTESIAN_POINT('',(28.775,-4.9,3.4));
#6632 = DIRECTION('',(0.,1.,0.));
#6633 = DIRECTION('',(0.,0.,1.));
#6634 = DEFINITIONAL_REPRESENTATION('',(#6635),#6639);
#6635 = LINE('',#6636,#6637);
#6636 = CARTESIAN_POINT('',(0.,0.));
#6637 = VECTOR('',#6638,1.);
#6638 = DIRECTION('',(1.,0.));
#6639 = ( GEOMETRIC_REPRESENTATION_CONTEXT(2) 
PARAMETRIC_REPRESENTATION_CONTEXT() REPRESENTATION_CONTEXT('2D SPACE',''
  ) );
#6640 = ORIENTED_EDGE('',*,*,#6641,.T.);
#6641 = EDGE_CURVE('',#6614,#6373,#6642,.T.);
#6642 = SURFACE_CURVE('',#6643,(#6647,#6654),.PCURVE_S1.);
#6643 = LINE('',#6644,#6645);
#6644 = CARTESIAN_POINT('',(28.775,-4.9,20.79));
#6645 = VECTOR('',#6646,1.);
#6646 = DIRECTION('',(0.,-1.,0.));
#6647 = PCURVE('',#6552,#6648);
#6648 = DEFINITIONAL_REPRESENTATION('',(#6649),#6653);
#6649 = LINE('',#6650,#6651);
#6650 = CARTESIAN_POINT('',(17.39,-4.));
#6651 = VECTOR('',#6652,1.);
#6652 = DIRECTION('',(0.,1.));
#6653 = ( GEOMETRIC_REPRESENTATION_CONTEXT(2) 
PARAMETRIC_REPRESENTATION_CONTEXT() REPRESENTATION_CONTEXT('2D SPACE',''
  ) );
#6654 = PCURVE('',#5467,#6655);
#6655 = DEFINITIONAL_REPRESENTATION('',(#6656),#6660);
#6656 = LINE('',#6657,#6658);
#6657 = CARTESIAN_POINT('',(57.55,33.505));
#6658 = VECTOR('',#6659,1.);
#6659 = DIRECTION('',(0.,-1.));
#6660 = ( GEOMETRIC_REPRESENTATION_CONTEXT(2) 
PARAMETRIC_REPRESENTATION_CONTEXT() REPRESENTATION_CONTEXT('2D SPACE',''
  ) );
#6661 = ADVANCED_FACE('',(#6662),#6629,.T.);
#6662 = FACE_BOUND('',#6663,.T.);
#6663 = EDGE_LOOP('',(#6664,#6689,#6712,#6735,#6756,#6757));
#6664 = ORIENTED_EDGE('',*,*,#6665,.F.);
#6665 = EDGE_CURVE('',#6666,#6668,#6670,.T.);
#6666 = VERTEX_POINT('',#6667);
#6667 = CARTESIAN_POINT('',(29.975,-4.9,3.1));
#6668 = VERTEX_POINT('',#6669);
#6669 = CARTESIAN_POINT('',(29.975,-4.9,20.79));
#6670 = SURFACE_CURVE('',#6671,(#6675,#6682),.PCURVE_S1.);
#6671 = LINE('',#6672,#6673);
#6672 = CARTESIAN_POINT('',(29.975,-4.9,3.1));
#6673 = VECTOR('',#6674,1.);
#6674 = DIRECTION('',(2.008317512041E-16,0.,1.));
#6675 = PCURVE('',#6629,#6676);
#6676 = DEFINITIONAL_REPRESENTATION('',(#6677),#6681);
#6677 = LINE('',#6678,#6679);
#6678 = CARTESIAN_POINT('',(-0.3,1.2));
#6679 = VECTOR('',#6680,1.);
#6680 = DIRECTION('',(1.,2.008317512041E-16));
#6681 = ( GEOMETRIC_REPRESENTATION_CONTEXT(2) 
PARAMETRIC_REPRESENTATION_CONTEXT() REPRESENTATION_CONTEXT('2D SPACE',''
  ) );
#6682 = PCURVE('',#6442,#6683);
#6683 = DEFINITIONAL_REPRESENTATION('',(#6684),#6688);
#6684 = LINE('',#6685,#6686);
#6685 = CARTESIAN_POINT('',(-0.3,-4.));
#6686 = VECTOR('',#6687,1.);
#6687 = DIRECTION('',(1.,0.));
#6688 = ( GEOMETRIC_REPRESENTATION_CONTEXT(2) 
PARAMETRIC_REPRESENTATION_CONTEXT() REPRESENTATION_CONTEXT('2D SPACE',''
  ) );
#6689 = ORIENTED_EDGE('',*,*,#6690,.F.);
#6690 = EDGE_CURVE('',#6691,#6666,#6693,.T.);
#6691 = VERTEX_POINT('',#6692);
#6692 = CARTESIAN_POINT('',(27.675,-4.9,3.1));
#6693 = SURFACE_CURVE('',#6694,(#6698,#6705),.PCURVE_S1.);
#6694 = LINE('',#6695,#6696);
#6695 = CARTESIAN_POINT('',(27.675,-4.9,3.1));
#6696 = VECTOR('',#6697,1.);
#6697 = DIRECTION('',(1.,0.,0.));
#6698 = PCURVE('',#6629,#6699);
#6699 = DEFINITIONAL_REPRESENTATION('',(#6700),#6704);
#6700 = LINE('',#6701,#6702);
#6701 = CARTESIAN_POINT('',(-0.3,-1.1));
#6702 = VECTOR('',#6703,1.);
#6703 = DIRECTION('',(0.,1.));
#6704 = ( GEOMETRIC_REPRESENTATION_CONTEXT(2) 
PARAMETRIC_REPRESENTATION_CONTEXT() REPRESENTATION_CONTEXT('2D SPACE',''
  ) );
#6705 = PCURVE('',#6470,#6706);
#6706 = DEFINITIONAL_REPRESENTATION('',(#6707),#6711);
#6707 = LINE('',#6708,#6709);
#6708 = CARTESIAN_POINT('',(0.,4.));
#6709 = VECTOR('',#6710,1.);
#6710 = DIRECTION('',(1.,0.));
#6711 = ( GEOMETRIC_REPRESENTATION_CONTEXT(2) 
PARAMETRIC_REPRESENTATION_CONTEXT() REPRESENTATION_CONTEXT('2D SPACE',''
  ) );
#6712 = ORIENTED_EDGE('',*,*,#6713,.T.);
#6713 = EDGE_CURVE('',#6691,#6714,#6716,.T.);
#6714 = VERTEX_POINT('',#6715);
#6715 = CARTESIAN_POINT('',(27.675,-4.9,3.4));
#6716 = SURFACE_CURVE('',#6717,(#6721,#6728),.PCURVE_S1.);
#6717 = LINE('',#6718,#6719);
#6718 = CARTESIAN_POINT('',(27.675,-4.9,3.1));
#6719 = VECTOR('',#6720,1.);
#6720 = DIRECTION('',(0.,0.,1.));
#6721 = PCURVE('',#6629,#6722);
#6722 = DEFINITIONAL_REPRESENTATION('',(#6723),#6727);
#6723 = LINE('',#6724,#6725);
#6724 = CARTESIAN_POINT('',(-0.3,-1.1));
#6725 = VECTOR('',#6726,1.);
#6726 = DIRECTION('',(1.,0.));
#6727 = ( GEOMETRIC_REPRESENTATION_CONTEXT(2) 
PARAMETRIC_REPRESENTATION_CONTEXT() REPRESENTATION_CONTEXT('2D SPACE',''
  ) );
#6728 = PCURVE('',#6498,#6729);
#6729 = DEFINITIONAL_REPRESENTATION('',(#6730),#6734);
#6730 = LINE('',#6731,#6732);
#6731 = CARTESIAN_POINT('',(0.,-4.));
#6732 = VECTOR('',#6733,1.);
#6733 = DIRECTION('',(1.,0.));
#6734 = ( GEOMETRIC_REPRESENTATION_CONTEXT(2) 
PARAMETRIC_REPRESENTATION_CONTEXT() REPRESENTATION_CONTEXT('2D SPACE',''
  ) );
#6735 = ORIENTED_EDGE('',*,*,#6736,.T.);
#6736 = EDGE_CURVE('',#6714,#6591,#6737,.T.);
#6737 = SURFACE_CURVE('',#6738,(#6742,#6749),.PCURVE_S1.);
#6738 = LINE('',#6739,#6740);
#6739 = CARTESIAN_POINT('',(27.675,-4.9,3.4));
#6740 = VECTOR('',#6741,1.);
#6741 = DIRECTION('',(1.,0.,0.));
#6742 = PCURVE('',#6629,#6743);
#6743 = DEFINITIONAL_REPRESENTATION('',(#6744),#6748);
#6744 = LINE('',#6745,#6746);
#6745 = CARTESIAN_POINT('',(1.33226762955E-15,-1.1));
#6746 = VECTOR('',#6747,1.);
#6747 = DIRECTION('',(0.,1.));
#6748 = ( GEOMETRIC_REPRESENTATION_CONTEXT(2) 
PARAMETRIC_REPRESENTATION_CONTEXT() REPRESENTATION_CONTEXT('2D SPACE',''
  ) );
#6749 = PCURVE('',#6526,#6750);
#6750 = DEFINITIONAL_REPRESENTATION('',(#6751),#6755);
#6751 = LINE('',#6752,#6753);
#6752 = CARTESIAN_POINT('',(0.,4.));
#6753 = VECTOR('',#6754,1.);
#6754 = DIRECTION('',(1.,0.));
#6755 = ( GEOMETRIC_REPRESENTATION_CONTEXT(2) 
PARAMETRIC_REPRESENTATION_CONTEXT() REPRESENTATION_CONTEXT('2D SPACE',''
  ) );
#6756 = ORIENTED_EDGE('',*,*,#6613,.T.);
#6757 = ORIENTED_EDGE('',*,*,#6758,.F.);
#6758 = EDGE_CURVE('',#6668,#6614,#6759,.T.);
#6759 = SURFACE_CURVE('',#6760,(#6764,#6771),.PCURVE_S1.);
#6760 = LINE('',#6761,#6762);
#6761 = CARTESIAN_POINT('',(0.,-4.9,20.79));
#6762 = VECTOR('',#6763,1.);
#6763 = DIRECTION('',(-1.,0.,0.));
#6764 = PCURVE('',#6629,#6765);
#6765 = DEFINITIONAL_REPRESENTATION('',(#6766),#6770);
#6766 = LINE('',#6767,#6768);
#6767 = CARTESIAN_POINT('',(17.39,-28.775));
#6768 = VECTOR('',#6769,1.);
#6769 = DIRECTION('',(0.,-1.));
#6770 = ( GEOMETRIC_REPRESENTATION_CONTEXT(2) 
PARAMETRIC_REPRESENTATION_CONTEXT() REPRESENTATION_CONTEXT('2D SPACE',''
  ) );
#6771 = PCURVE('',#5467,#6772);
#6772 = DEFINITIONAL_REPRESENTATION('',(#6773),#6776);
#6773 = B_SPLINE_CURVE_WITH_KNOTS('',1,(#6774,#6775),.UNSPECIFIED.,.F.,
  .F.,(2,2),(-29.975,-28.775),.PIECEWISE_BEZIER_KNOTS.);
#6774 = CARTESIAN_POINT('',(58.75,33.505));
#6775 = CARTESIAN_POINT('',(57.55,33.505));
#6776 = ( GEOMETRIC_REPRESENTATION_CONTEXT(2) 
PARAMETRIC_REPRESENTATION_CONTEXT() REPRESENTATION_CONTEXT('2D SPACE',''
  ) );
#6777 = ADVANCED_FACE('',(#6778),#6526,.T.);
#6778 = FACE_BOUND('',#6779,.T.);
#6779 = EDGE_LOOP('',(#6780,#6781,#6802,#6803));
#6780 = ORIENTED_EDGE('',*,*,#6736,.F.);
#6781 = ORIENTED_EDGE('',*,*,#6782,.F.);
#6782 = EDGE_CURVE('',#6483,#6714,#6783,.T.);
#6783 = SURFACE_CURVE('',#6784,(#6788,#6795),.PCURVE_S1.);
#6784 = LINE('',#6785,#6786);
#6785 = CARTESIAN_POINT('',(27.675,-8.9,3.4));
#6786 = VECTOR('',#6787,1.);
#6787 = DIRECTION('',(0.,1.,0.));
#6788 = PCURVE('',#6526,#6789);
#6789 = DEFINITIONAL_REPRESENTATION('',(#6790),#6794);
#6790 = LINE('',#6791,#6792);
#6791 = CARTESIAN_POINT('',(0.,0.));
#6792 = VECTOR('',#6793,1.);
#6793 = DIRECTION('',(0.,1.));
#6794 = ( GEOMETRIC_REPRESENTATION_CONTEXT(2) 
PARAMETRIC_REPRESENTATION_CONTEXT() REPRESENTATION_CONTEXT('2D SPACE',''
  ) );
#6795 = PCURVE('',#6498,#6796);
#6796 = DEFINITIONAL_REPRESENTATION('',(#6797),#6801);
#6797 = LINE('',#6798,#6799);
#6798 = CARTESIAN_POINT('',(0.3,0.));
#6799 = VECTOR('',#6800,1.);
#6800 = DIRECTION('',(0.,-1.));
#6801 = ( GEOMETRIC_REPRESENTATION_CONTEXT(2) 
PARAMETRIC_REPRESENTATION_CONTEXT() REPRESENTATION_CONTEXT('2D SPACE',''
  ) );
#6802 = ORIENTED_EDGE('',*,*,#6510,.T.);
#6803 = ORIENTED_EDGE('',*,*,#6590,.T.);
#6804 = ADVANCED_FACE('',(#6805),#6498,.F.);
#6805 = FACE_BOUND('',#6806,.F.);
#6806 = EDGE_LOOP('',(#6807,#6808,#6829,#6830));
#6807 = ORIENTED_EDGE('',*,*,#6482,.F.);
#6808 = ORIENTED_EDGE('',*,*,#6809,.T.);
#6809 = EDGE_CURVE('',#6455,#6691,#6810,.T.);
#6810 = SURFACE_CURVE('',#6811,(#6815,#6822),.PCURVE_S1.);
#6811 = LINE('',#6812,#6813);
#6812 = CARTESIAN_POINT('',(27.675,-8.9,3.1));
#6813 = VECTOR('',#6814,1.);
#6814 = DIRECTION('',(0.,1.,0.));
#6815 = PCURVE('',#6498,#6816);
#6816 = DEFINITIONAL_REPRESENTATION('',(#6817),#6821);
#6817 = LINE('',#6818,#6819);
#6818 = CARTESIAN_POINT('',(0.,0.));
#6819 = VECTOR('',#6820,1.);
#6820 = DIRECTION('',(0.,-1.));
#6821 = ( GEOMETRIC_REPRESENTATION_CONTEXT(2) 
PARAMETRIC_REPRESENTATION_CONTEXT() REPRESENTATION_CONTEXT('2D SPACE',''
  ) );
#6822 = PCURVE('',#6470,#6823);
#6823 = DEFINITIONAL_REPRESENTATION('',(#6824),#6828);
#6824 = LINE('',#6825,#6826);
#6825 = CARTESIAN_POINT('',(0.,0.));
#6826 = VECTOR('',#6827,1.);
#6827 = DIRECTION('',(0.,1.));
#6828 = ( GEOMETRIC_REPRESENTATION_CONTEXT(2) 
PARAMETRIC_REPRESENTATION_CONTEXT() REPRESENTATION_CONTEXT('2D SPACE',''
  ) );
#6829 = ORIENTED_EDGE('',*,*,#6713,.T.);
#6830 = ORIENTED_EDGE('',*,*,#6782,.F.);
#6831 = ADVANCED_FACE('',(#6832),#6470,.F.);
#6832 = FACE_BOUND('',#6833,.F.);
#6833 = EDGE_LOOP('',(#6834,#6835,#6836,#6857));
#6834 = ORIENTED_EDGE('',*,*,#6809,.F.);
#6835 = ORIENTED_EDGE('',*,*,#6454,.T.);
#6836 = ORIENTED_EDGE('',*,*,#6837,.T.);
#6837 = EDGE_CURVE('',#6425,#6666,#6838,.T.);
#6838 = SURFACE_CURVE('',#6839,(#6843,#6850),.PCURVE_S1.);
#6839 = LINE('',#6840,#6841);
#6840 = CARTESIAN_POINT('',(29.975,-8.9,3.1));
#6841 = VECTOR('',#6842,1.);
#6842 = DIRECTION('',(0.,1.,0.));
#6843 = PCURVE('',#6470,#6844);
#6844 = DEFINITIONAL_REPRESENTATION('',(#6845),#6849);
#6845 = LINE('',#6846,#6847);
#6846 = CARTESIAN_POINT('',(2.3,0.));
#6847 = VECTOR('',#6848,1.);
#6848 = DIRECTION('',(0.,1.));
#6849 = ( GEOMETRIC_REPRESENTATION_CONTEXT(2) 
PARAMETRIC_REPRESENTATION_CONTEXT() REPRESENTATION_CONTEXT('2D SPACE',''
  ) );
#6850 = PCURVE('',#6442,#6851);
#6851 = DEFINITIONAL_REPRESENTATION('',(#6852),#6856);
#6852 = LINE('',#6853,#6854);
#6853 = CARTESIAN_POINT('',(-0.3,0.));
#6854 = VECTOR('',#6855,1.);
#6855 = DIRECTION('',(0.,-1.));
#6856 = ( GEOMETRIC_REPRESENTATION_CONTEXT(2) 
PARAMETRIC_REPRESENTATION_CONTEXT() REPRESENTATION_CONTEXT('2D SPACE',''
  ) );
#6857 = ORIENTED_EDGE('',*,*,#6690,.F.);
#6858 = ADVANCED_FACE('',(#6859),#6442,.T.);
#6859 = FACE_BOUND('',#6860,.T.);
#6860 = EDGE_LOOP('',(#6861,#6884,#6885,#6886,#6887,#6909));
#6861 = ORIENTED_EDGE('',*,*,#6862,.F.);
#6862 = EDGE_CURVE('',#6427,#6863,#6865,.T.);
#6863 = VERTEX_POINT('',#6864);
#6864 = CARTESIAN_POINT('',(29.975,-7.5,21.79));
#6865 = SURFACE_CURVE('',#6866,(#6870,#6877),.PCURVE_S1.);
#6866 = LINE('',#6867,#6868);
#6867 = CARTESIAN_POINT('',(29.975,-8.9,21.79));
#6868 = VECTOR('',#6869,1.);
#6869 = DIRECTION('',(0.,1.,0.));
#6870 = PCURVE('',#6442,#6871);
#6871 = DEFINITIONAL_REPRESENTATION('',(#6872),#6876);
#6872 = LINE('',#6873,#6874);
#6873 = CARTESIAN_POINT('',(18.39,0.));
#6874 = VECTOR('',#6875,1.);
#6875 = DIRECTION('',(0.,-1.));
#6876 = ( GEOMETRIC_REPRESENTATION_CONTEXT(2) 
PARAMETRIC_REPRESENTATION_CONTEXT() REPRESENTATION_CONTEXT('2D SPACE',''
  ) );
#6877 = PCURVE('',#5411,#6878);
#6878 = DEFINITIONAL_REPRESENTATION('',(#6879),#6883);
#6879 = LINE('',#6880,#6881);
#6880 = CARTESIAN_POINT('',(58.75,29.505));
#6881 = VECTOR('',#6882,1.);
#6882 = DIRECTION('',(0.,1.));
#6883 = ( GEOMETRIC_REPRESENTATION_CONTEXT(2) 
PARAMETRIC_REPRESENTATION_CONTEXT() REPRESENTATION_CONTEXT('2D SPACE',''
  ) );
#6884 = ORIENTED_EDGE('',*,*,#6424,.F.);
#6885 = ORIENTED_EDGE('',*,*,#6837,.T.);
#6886 = ORIENTED_EDGE('',*,*,#6665,.T.);
#6887 = ORIENTED_EDGE('',*,*,#6888,.F.);
#6888 = EDGE_CURVE('',#6889,#6668,#6891,.T.);
#6889 = VERTEX_POINT('',#6890);
#6890 = CARTESIAN_POINT('',(29.975,-7.5,20.79));
#6891 = SURFACE_CURVE('',#6892,(#6896,#6903),.PCURVE_S1.);
#6892 = LINE('',#6893,#6894);
#6893 = CARTESIAN_POINT('',(29.975,-23.6525,20.79));
#6894 = VECTOR('',#6895,1.);
#6895 = DIRECTION('',(0.,1.,0.));
#6896 = PCURVE('',#6442,#6897);
#6897 = DEFINITIONAL_REPRESENTATION('',(#6898),#6902);
#6898 = LINE('',#6899,#6900);
#6899 = CARTESIAN_POINT('',(17.39,14.7525));
#6900 = VECTOR('',#6901,1.);
#6901 = DIRECTION('',(0.,-1.));
#6902 = ( GEOMETRIC_REPRESENTATION_CONTEXT(2) 
PARAMETRIC_REPRESENTATION_CONTEXT() REPRESENTATION_CONTEXT('2D SPACE',''
  ) );
#6903 = PCURVE('',#5467,#6904);
#6904 = DEFINITIONAL_REPRESENTATION('',(#6905),#6908);
#6905 = B_SPLINE_CURVE_WITH_KNOTS('',1,(#6906,#6907),.UNSPECIFIED.,.F.,
  .F.,(2,2),(14.7525,18.7525),.PIECEWISE_BEZIER_KNOTS.);
#6906 = CARTESIAN_POINT('',(58.75,29.505));
#6907 = CARTESIAN_POINT('',(58.75,33.505));
#6908 = ( GEOMETRIC_REPRESENTATION_CONTEXT(2) 
PARAMETRIC_REPRESENTATION_CONTEXT() REPRESENTATION_CONTEXT('2D SPACE',''
  ) );
#6909 = ORIENTED_EDGE('',*,*,#6910,.F.);
#6910 = EDGE_CURVE('',#6863,#6889,#6911,.T.);
#6911 = SURFACE_CURVE('',#6912,(#6916,#6923),.PCURVE_S1.);
#6912 = LINE('',#6913,#6914);
#6913 = CARTESIAN_POINT('',(29.975,-7.5,12.095));
#6914 = VECTOR('',#6915,1.);
#6915 = DIRECTION('',(0.,0.,-1.));
#6916 = PCURVE('',#6442,#6917);
#6917 = DEFINITIONAL_REPRESENTATION('',(#6918),#6922);
#6918 = LINE('',#6919,#6920);
#6919 = CARTESIAN_POINT('',(8.695,-1.4));
#6920 = VECTOR('',#6921,1.);
#6921 = DIRECTION('',(-1.,0.));
#6922 = ( GEOMETRIC_REPRESENTATION_CONTEXT(2) 
PARAMETRIC_REPRESENTATION_CONTEXT() REPRESENTATION_CONTEXT('2D SPACE',''
  ) );
#6923 = PCURVE('',#6924,#6929);
#6924 = PLANE('',#6925);
#6925 = AXIS2_PLACEMENT_3D('',#6926,#6927,#6928);
#6926 = CARTESIAN_POINT('',(28.575,-7.5,20.79));
#6927 = DIRECTION('',(0.,1.,0.));
#6928 = DIRECTION('',(0.,0.,1.));
#6929 = DEFINITIONAL_REPRESENTATION('',(#6930),#6933);
#6930 = B_SPLINE_CURVE_WITH_KNOTS('',1,(#6931,#6932),.UNSPECIFIED.,.F.,
  .F.,(2,2),(-9.695,-8.695),.PIECEWISE_BEZIER_KNOTS.);
#6931 = CARTESIAN_POINT('',(1.,1.4));
#6932 = CARTESIAN_POINT('',(0.,1.4));
#6933 = ( GEOMETRIC_REPRESENTATION_CONTEXT(2) 
PARAMETRIC_REPRESENTATION_CONTEXT() REPRESENTATION_CONTEXT('2D SPACE',''
  ) );
#6934 = ADVANCED_FACE('',(#6935),#6924,.F.);
#6935 = FACE_BOUND('',#6936,.F.);
#6936 = EDGE_LOOP('',(#6937,#6960,#6961,#6984));
#6937 = ORIENTED_EDGE('',*,*,#6938,.F.);
#6938 = EDGE_CURVE('',#6889,#6939,#6941,.T.);
#6939 = VERTEX_POINT('',#6940);
#6940 = CARTESIAN_POINT('',(34.341687604822,-7.5,20.79));
#6941 = SURFACE_CURVE('',#6942,(#6946,#6953),.PCURVE_S1.);
#6942 = LINE('',#6943,#6944);
#6943 = CARTESIAN_POINT('',(28.575,-7.5,20.79));
#6944 = VECTOR('',#6945,1.);
#6945 = DIRECTION('',(1.,0.,0.));
#6946 = PCURVE('',#6924,#6947);
#6947 = DEFINITIONAL_REPRESENTATION('',(#6948),#6952);
#6948 = LINE('',#6949,#6950);
#6949 = CARTESIAN_POINT('',(0.,0.));
#6950 = VECTOR('',#6951,1.);
#6951 = DIRECTION('',(0.,1.));
#6952 = ( GEOMETRIC_REPRESENTATION_CONTEXT(2) 
PARAMETRIC_REPRESENTATION_CONTEXT() REPRESENTATION_CONTEXT('2D SPACE',''
  ) );
#6953 = PCURVE('',#5467,#6954);
#6954 = DEFINITIONAL_REPRESENTATION('',(#6955),#6959);
#6955 = LINE('',#6956,#6957);
#6956 = CARTESIAN_POINT('',(57.35,30.905));
#6957 = VECTOR('',#6958,1.);
#6958 = DIRECTION('',(1.,0.));
#6959 = ( GEOMETRIC_REPRESENTATION_CONTEXT(2) 
PARAMETRIC_REPRESENTATION_CONTEXT() REPRESENTATION_CONTEXT('2D SPACE',''
  ) );
#6960 = ORIENTED_EDGE('',*,*,#6910,.F.);
#6961 = ORIENTED_EDGE('',*,*,#6962,.T.);
#6962 = EDGE_CURVE('',#6863,#6963,#6965,.T.);
#6963 = VERTEX_POINT('',#6964);
#6964 = CARTESIAN_POINT('',(34.341687604822,-7.5,21.79));
#6965 = SURFACE_CURVE('',#6966,(#6970,#6977),.PCURVE_S1.);
#6966 = LINE('',#6967,#6968);
#6967 = CARTESIAN_POINT('',(28.575,-7.5,21.79));
#6968 = VECTOR('',#6969,1.);
#6969 = DIRECTION('',(1.,0.,0.));
#6970 = PCURVE('',#6924,#6971);
#6971 = DEFINITIONAL_REPRESENTATION('',(#6972),#6976);
#6972 = LINE('',#6973,#6974);
#6973 = CARTESIAN_POINT('',(1.,0.));
#6974 = VECTOR('',#6975,1.);
#6975 = DIRECTION('',(0.,1.));
#6976 = ( GEOMETRIC_REPRESENTATION_CONTEXT(2) 
PARAMETRIC_REPRESENTATION_CONTEXT() REPRESENTATION_CONTEXT('2D SPACE',''
  ) );
#6977 = PCURVE('',#5411,#6978);
#6978 = DEFINITIONAL_REPRESENTATION('',(#6979),#6983);
#6979 = LINE('',#6980,#6981);
#6980 = CARTESIAN_POINT('',(57.35,30.905));
#6981 = VECTOR('',#6982,1.);
#6982 = DIRECTION('',(1.,0.));
#6983 = ( GEOMETRIC_REPRESENTATION_CONTEXT(2) 
PARAMETRIC_REPRESENTATION_CONTEXT() REPRESENTATION_CONTEXT('2D SPACE',''
  ) );
#6984 = ORIENTED_EDGE('',*,*,#6985,.T.);
#6985 = EDGE_CURVE('',#6963,#6939,#6986,.T.);
#6986 = SURFACE_CURVE('',#6987,(#6991,#6997),.PCURVE_S1.);
#6987 = LINE('',#6988,#6989);
#6988 = CARTESIAN_POINT('',(34.341687604822,-7.5,20.79));
#6989 = VECTOR('',#6990,1.);
#6990 = DIRECTION('',(-0.,-0.,-1.));
#6991 = PCURVE('',#6924,#6992);
#6992 = DEFINITIONAL_REPRESENTATION('',(#6993),#6996);
#6993 = B_SPLINE_CURVE_WITH_KNOTS('',1,(#6994,#6995),.UNSPECIFIED.,.F.,
  .F.,(2,2),(-1.0000006,5.999999999062E-07),.PIECEWISE_BEZIER_KNOTS.);
#6994 = CARTESIAN_POINT('',(1.0000006,5.766687604822));
#6995 = CARTESIAN_POINT('',(-5.999999999062E-07,5.766687604822));
#6996 = ( GEOMETRIC_REPRESENTATION_CONTEXT(2) 
PARAMETRIC_REPRESENTATION_CONTEXT() REPRESENTATION_CONTEXT('2D SPACE',''
  ) );
#6997 = PCURVE('',#6998,#7003);
#6998 = CYLINDRICAL_SURFACE('',#6999,3.);
#6999 = AXIS2_PLACEMENT_3D('',#7000,#7001,#7002);
#7000 = CARTESIAN_POINT('',(36.,-5.,20.79));
#7001 = DIRECTION('',(-0.,-0.,-1.));
#7002 = DIRECTION('',(1.,0.,0.));
#7003 = DEFINITIONAL_REPRESENTATION('',(#7004),#7007);
#7004 = B_SPLINE_CURVE_WITH_KNOTS('',1,(#7005,#7006),.UNSPECIFIED.,.F.,
  .F.,(2,2),(-1.,0.),.PIECEWISE_BEZIER_KNOTS.);
#7005 = CARTESIAN_POINT('',(-4.126703436928,-1.));
#7006 = CARTESIAN_POINT('',(-4.126703436928,0.));
#7007 = ( GEOMETRIC_REPRESENTATION_CONTEXT(2) 
PARAMETRIC_REPRESENTATION_CONTEXT() REPRESENTATION_CONTEXT('2D SPACE',''
  ) );
#7008 = ADVANCED_FACE('',(#7009),#6998,.T.);
#7009 = FACE_BOUND('',#7010,.F.);
#7010 = EDGE_LOOP('',(#7011,#7035,#7036,#7064));
#7011 = ORIENTED_EDGE('',*,*,#7012,.F.);
#7012 = EDGE_CURVE('',#6939,#7013,#7015,.T.);
#7013 = VERTEX_POINT('',#7014);
#7014 = CARTESIAN_POINT('',(34.341687604822,-2.5,20.79));
#7015 = SURFACE_CURVE('',#7016,(#7021,#7028),.PCURVE_S1.);
#7016 = CIRCLE('',#7017,3.);
#7017 = AXIS2_PLACEMENT_3D('',#7018,#7019,#7020);
#7018 = CARTESIAN_POINT('',(36.,-5.,20.79));
#7019 = DIRECTION('',(0.,0.,1.));
#7020 = DIRECTION('',(-0.552770798393,-0.833333333333,0.));
#7021 = PCURVE('',#6998,#7022);
#7022 = DEFINITIONAL_REPRESENTATION('',(#7023),#7027);
#7023 = LINE('',#7024,#7025);
#7024 = CARTESIAN_POINT('',(-4.126703436928,0.));
#7025 = VECTOR('',#7026,1.);
#7026 = DIRECTION('',(-1.,0.));
#7027 = ( GEOMETRIC_REPRESENTATION_CONTEXT(2) 
PARAMETRIC_REPRESENTATION_CONTEXT() REPRESENTATION_CONTEXT('2D SPACE',''
  ) );
#7028 = PCURVE('',#5467,#7029);
#7029 = DEFINITIONAL_REPRESENTATION('',(#7030),#7034);
#7030 = CIRCLE('',#7031,3.);
#7031 = AXIS2_PLACEMENT_2D('',#7032,#7033);
#7032 = CARTESIAN_POINT('',(64.775,33.405));
#7033 = DIRECTION('',(-0.552770798393,-0.833333333333));
#7034 = ( GEOMETRIC_REPRESENTATION_CONTEXT(2) 
PARAMETRIC_REPRESENTATION_CONTEXT() REPRESENTATION_CONTEXT('2D SPACE',''
  ) );
#7035 = ORIENTED_EDGE('',*,*,#6985,.F.);
#7036 = ORIENTED_EDGE('',*,*,#7037,.F.);
#7037 = EDGE_CURVE('',#7038,#6963,#7040,.T.);
#7038 = VERTEX_POINT('',#7039);
#7039 = CARTESIAN_POINT('',(34.341687604822,-2.5,21.79));
#7040 = SURFACE_CURVE('',#7041,(#7046,#7053),.PCURVE_S1.);
#7041 = CIRCLE('',#7042,3.);
#7042 = AXIS2_PLACEMENT_3D('',#7043,#7044,#7045);
#7043 = CARTESIAN_POINT('',(36.,-5.,21.79));
#7044 = DIRECTION('',(0.,0.,-1.));
#7045 = DIRECTION('',(-0.552770798393,0.833333333333,0.));
#7046 = PCURVE('',#6998,#7047);
#7047 = DEFINITIONAL_REPRESENTATION('',(#7048),#7052);
#7048 = LINE('',#7049,#7050);
#7049 = CARTESIAN_POINT('',(-8.439667177432,-1.));
#7050 = VECTOR('',#7051,1.);
#7051 = DIRECTION('',(1.,-0.));
#7052 = ( GEOMETRIC_REPRESENTATION_CONTEXT(2) 
PARAMETRIC_REPRESENTATION_CONTEXT() REPRESENTATION_CONTEXT('2D SPACE',''
  ) );
#7053 = PCURVE('',#5411,#7054);
#7054 = DEFINITIONAL_REPRESENTATION('',(#7055),#7063);
#7055 = ( BOUNDED_CURVE() B_SPLINE_CURVE(2,(#7056,#7057,#7058,#7059,
#7060,#7061,#7062),.UNSPECIFIED.,.T.,.F.) B_SPLINE_CURVE_WITH_KNOTS((1,2
    ,2,2,2,1),(-2.094395102393,0.,2.094395102393,4.188790204786,
6.28318530718,8.377580409573),.UNSPECIFIED.) CURVE() 
GEOMETRIC_REPRESENTATION_ITEM() RATIONAL_B_SPLINE_CURVE((1.,0.5,1.,0.5,
1.,0.5,1.)) REPRESENTATION_ITEM('') );
#7056 = CARTESIAN_POINT('',(63.116687604822,35.905));
#7057 = CARTESIAN_POINT('',(67.446814623745,38.777281323269));
#7058 = CARTESIAN_POINT('',(67.76921970705,33.591140661634));
#7059 = CARTESIAN_POINT('',(68.091624790355,28.405));
#7060 = CARTESIAN_POINT('',(63.439092688128,30.718859338366));
#7061 = CARTESIAN_POINT('',(58.7865605859,33.032718676731));
#7062 = CARTESIAN_POINT('',(63.116687604822,35.905));
#7063 = ( GEOMETRIC_REPRESENTATION_CONTEXT(2) 
PARAMETRIC_REPRESENTATION_CONTEXT() REPRESENTATION_CONTEXT('2D SPACE',''
  ) );
#7064 = ORIENTED_EDGE('',*,*,#7065,.T.);
#7065 = EDGE_CURVE('',#7038,#7013,#7066,.T.);
#7066 = SURFACE_CURVE('',#7067,(#7071,#7077),.PCURVE_S1.);
#7067 = LINE('',#7068,#7069);
#7068 = CARTESIAN_POINT('',(34.341687604822,-2.5,20.79));
#7069 = VECTOR('',#7070,1.);
#7070 = DIRECTION('',(-0.,-0.,-1.));
#7071 = PCURVE('',#6998,#7072);
#7072 = DEFINITIONAL_REPRESENTATION('',(#7073),#7076);
#7073 = B_SPLINE_CURVE_WITH_KNOTS('',1,(#7074,#7075),.UNSPECIFIED.,.F.,
  .F.,(2,2),(-1.,-0.),.PIECEWISE_BEZIER_KNOTS.);
#7074 = CARTESIAN_POINT('',(-8.439667177432,-1.));
#7075 = CARTESIAN_POINT('',(-8.439667177432,0.));
#7076 = ( GEOMETRIC_REPRESENTATION_CONTEXT(2) 
PARAMETRIC_REPRESENTATION_CONTEXT() REPRESENTATION_CONTEXT('2D SPACE',''
  ) );
#7077 = PCURVE('',#7078,#7083);
#7078 = PLANE('',#7079);
#7079 = AXIS2_PLACEMENT_3D('',#7080,#7081,#7082);
#7080 = CARTESIAN_POINT('',(28.575,-2.5,20.79));
#7081 = DIRECTION('',(0.,1.,0.));
#7082 = DIRECTION('',(0.,0.,1.));
#7083 = DEFINITIONAL_REPRESENTATION('',(#7084),#7087);
#7084 = B_SPLINE_CURVE_WITH_KNOTS('',1,(#7085,#7086),.UNSPECIFIED.,.F.,
  .F.,(2,2),(-1.0000006,5.999999999062E-07),.PIECEWISE_BEZIER_KNOTS.);
#7085 = CARTESIAN_POINT('',(1.0000006,5.766687604822));
#7086 = CARTESIAN_POINT('',(-5.999999999062E-07,5.766687604822));
#7087 = ( GEOMETRIC_REPRESENTATION_CONTEXT(2) 
PARAMETRIC_REPRESENTATION_CONTEXT() REPRESENTATION_CONTEXT('2D SPACE',''
  ) );
#7088 = ADVANCED_FACE('',(#7089),#7078,.T.);
#7089 = FACE_BOUND('',#7090,.T.);
#7090 = EDGE_LOOP('',(#7091,#7114,#7140,#7161));
#7091 = ORIENTED_EDGE('',*,*,#7092,.F.);
#7092 = EDGE_CURVE('',#7093,#7013,#7095,.T.);
#7093 = VERTEX_POINT('',#7094);
#7094 = CARTESIAN_POINT('',(28.775,-2.5,20.79));
#7095 = SURFACE_CURVE('',#7096,(#7100,#7107),.PCURVE_S1.);
#7096 = LINE('',#7097,#7098);
#7097 = CARTESIAN_POINT('',(28.575,-2.5,20.79));
#7098 = VECTOR('',#7099,1.);
#7099 = DIRECTION('',(1.,0.,0.));
#7100 = PCURVE('',#7078,#7101);
#7101 = DEFINITIONAL_REPRESENTATION('',(#7102),#7106);
#7102 = LINE('',#7103,#7104);
#7103 = CARTESIAN_POINT('',(0.,0.));
#7104 = VECTOR('',#7105,1.);
#7105 = DIRECTION('',(0.,1.));
#7106 = ( GEOMETRIC_REPRESENTATION_CONTEXT(2) 
PARAMETRIC_REPRESENTATION_CONTEXT() REPRESENTATION_CONTEXT('2D SPACE',''
  ) );
#7107 = PCURVE('',#5467,#7108);
#7108 = DEFINITIONAL_REPRESENTATION('',(#7109),#7113);
#7109 = LINE('',#7110,#7111);
#7110 = CARTESIAN_POINT('',(57.35,35.905));
#7111 = VECTOR('',#7112,1.);
#7112 = DIRECTION('',(1.,0.));
#7113 = ( GEOMETRIC_REPRESENTATION_CONTEXT(2) 
PARAMETRIC_REPRESENTATION_CONTEXT() REPRESENTATION_CONTEXT('2D SPACE',''
  ) );
#7114 = ORIENTED_EDGE('',*,*,#7115,.T.);
#7115 = EDGE_CURVE('',#7093,#7116,#7118,.T.);
#7116 = VERTEX_POINT('',#7117);
#7117 = CARTESIAN_POINT('',(28.775,-2.5,21.79));
#7118 = SURFACE_CURVE('',#7119,(#7123,#7129),.PCURVE_S1.);
#7119 = LINE('',#7120,#7121);
#7120 = CARTESIAN_POINT('',(28.775,-2.5,20.79));
#7121 = VECTOR('',#7122,1.);
#7122 = DIRECTION('',(0.,0.,1.));
#7123 = PCURVE('',#7078,#7124);
#7124 = DEFINITIONAL_REPRESENTATION('',(#7125),#7128);
#7125 = B_SPLINE_CURVE_WITH_KNOTS('',1,(#7126,#7127),.UNSPECIFIED.,.F.,
  .F.,(2,2),(0.,1.),.PIECEWISE_BEZIER_KNOTS.);
#7126 = CARTESIAN_POINT('',(0.,0.2));
#7127 = CARTESIAN_POINT('',(1.,0.2));
#7128 = ( GEOMETRIC_REPRESENTATION_CONTEXT(2) 
PARAMETRIC_REPRESENTATION_CONTEXT() REPRESENTATION_CONTEXT('2D SPACE',''
  ) );
#7129 = PCURVE('',#7130,#7135);
#7130 = PLANE('',#7131);
#7131 = AXIS2_PLACEMENT_3D('',#7132,#7133,#7134);
#7132 = CARTESIAN_POINT('',(28.775,-38.405,20.79));
#7133 = DIRECTION('',(1.,0.,0.));
#7134 = DIRECTION('',(0.,0.,1.));
#7135 = DEFINITIONAL_REPRESENTATION('',(#7136),#7139);
#7136 = B_SPLINE_CURVE_WITH_KNOTS('',1,(#7137,#7138),.UNSPECIFIED.,.F.,
  .F.,(2,2),(0.,1.),.PIECEWISE_BEZIER_KNOTS.);
#7137 = CARTESIAN_POINT('',(0.,-35.905));
#7138 = CARTESIAN_POINT('',(1.,-35.905));
#7139 = ( GEOMETRIC_REPRESENTATION_CONTEXT(2) 
PARAMETRIC_REPRESENTATION_CONTEXT() REPRESENTATION_CONTEXT('2D SPACE',''
  ) );
#7140 = ORIENTED_EDGE('',*,*,#7141,.T.);
#7141 = EDGE_CURVE('',#7116,#7038,#7142,.T.);
#7142 = SURFACE_CURVE('',#7143,(#7147,#7154),.PCURVE_S1.);
#7143 = LINE('',#7144,#7145);
#7144 = CARTESIAN_POINT('',(28.575,-2.5,21.79));
#7145 = VECTOR('',#7146,1.);
#7146 = DIRECTION('',(1.,0.,0.));
#7147 = PCURVE('',#7078,#7148);
#7148 = DEFINITIONAL_REPRESENTATION('',(#7149),#7153);
#7149 = LINE('',#7150,#7151);
#7150 = CARTESIAN_POINT('',(1.,0.));
#7151 = VECTOR('',#7152,1.);
#7152 = DIRECTION('',(0.,1.));
#7153 = ( GEOMETRIC_REPRESENTATION_CONTEXT(2) 
PARAMETRIC_REPRESENTATION_CONTEXT() REPRESENTATION_CONTEXT('2D SPACE',''
  ) );
#7154 = PCURVE('',#5411,#7155);
#7155 = DEFINITIONAL_REPRESENTATION('',(#7156),#7160);
#7156 = LINE('',#7157,#7158);
#7157 = CARTESIAN_POINT('',(57.35,35.905));
#7158 = VECTOR('',#7159,1.);
#7159 = DIRECTION('',(1.,0.));
#7160 = ( GEOMETRIC_REPRESENTATION_CONTEXT(2) 
PARAMETRIC_REPRESENTATION_CONTEXT() REPRESENTATION_CONTEXT('2D SPACE',''
  ) );
#7161 = ORIENTED_EDGE('',*,*,#7065,.T.);
#7162 = ADVANCED_FACE('',(#7163),#7130,.T.);
#7163 = FACE_BOUND('',#7164,.T.);
#7164 = EDGE_LOOP('',(#7165,#7188,#7189,#7212));
#7165 = ORIENTED_EDGE('',*,*,#7166,.F.);
#7166 = EDGE_CURVE('',#7116,#7167,#7169,.T.);
#7167 = VERTEX_POINT('',#7168);
#7168 = CARTESIAN_POINT('',(28.775,8.605,21.79));
#7169 = SURFACE_CURVE('',#7170,(#7174,#7181),.PCURVE_S1.);
#7170 = LINE('',#7171,#7172);
#7171 = CARTESIAN_POINT('',(28.775,-38.405,21.79));
#7172 = VECTOR('',#7173,1.);
#7173 = DIRECTION('',(0.,1.,0.));
#7174 = PCURVE('',#7130,#7175);
#7175 = DEFINITIONAL_REPRESENTATION('',(#7176),#7180);
#7176 = LINE('',#7177,#7178);
#7177 = CARTESIAN_POINT('',(1.,0.));
#7178 = VECTOR('',#7179,1.);
#7179 = DIRECTION('',(0.,-1.));
#7180 = ( GEOMETRIC_REPRESENTATION_CONTEXT(2) 
PARAMETRIC_REPRESENTATION_CONTEXT() REPRESENTATION_CONTEXT('2D SPACE',''
  ) );
#7181 = PCURVE('',#5411,#7182);
#7182 = DEFINITIONAL_REPRESENTATION('',(#7183),#7187);
#7183 = LINE('',#7184,#7185);
#7184 = CARTESIAN_POINT('',(57.55,0.));
#7185 = VECTOR('',#7186,1.);
#7186 = DIRECTION('',(0.,1.));
#7187 = ( GEOMETRIC_REPRESENTATION_CONTEXT(2) 
PARAMETRIC_REPRESENTATION_CONTEXT() REPRESENTATION_CONTEXT('2D SPACE',''
  ) );
#7188 = ORIENTED_EDGE('',*,*,#7115,.F.);
#7189 = ORIENTED_EDGE('',*,*,#7190,.T.);
#7190 = EDGE_CURVE('',#7093,#7191,#7193,.T.);
#7191 = VERTEX_POINT('',#7192);
#7192 = CARTESIAN_POINT('',(28.775,8.605,20.79));
#7193 = SURFACE_CURVE('',#7194,(#7198,#7205),.PCURVE_S1.);
#7194 = LINE('',#7195,#7196);
#7195 = CARTESIAN_POINT('',(28.775,-38.405,20.79));
#7196 = VECTOR('',#7197,1.);
#7197 = DIRECTION('',(0.,1.,0.));
#7198 = PCURVE('',#7130,#7199);
#7199 = DEFINITIONAL_REPRESENTATION('',(#7200),#7204);
#7200 = LINE('',#7201,#7202);
#7201 = CARTESIAN_POINT('',(0.,0.));
#7202 = VECTOR('',#7203,1.);
#7203 = DIRECTION('',(0.,-1.));
#7204 = ( GEOMETRIC_REPRESENTATION_CONTEXT(2) 
PARAMETRIC_REPRESENTATION_CONTEXT() REPRESENTATION_CONTEXT('2D SPACE',''
  ) );
#7205 = PCURVE('',#5467,#7206);
#7206 = DEFINITIONAL_REPRESENTATION('',(#7207),#7211);
#7207 = LINE('',#7208,#7209);
#7208 = CARTESIAN_POINT('',(57.55,0.));
#7209 = VECTOR('',#7210,1.);
#7210 = DIRECTION('',(0.,1.));
#7211 = ( GEOMETRIC_REPRESENTATION_CONTEXT(2) 
PARAMETRIC_REPRESENTATION_CONTEXT() REPRESENTATION_CONTEXT('2D SPACE',''
  ) );
#7212 = ORIENTED_EDGE('',*,*,#7213,.T.);
#7213 = EDGE_CURVE('',#7191,#7167,#7214,.T.);
#7214 = SURFACE_CURVE('',#7215,(#7219,#7226),.PCURVE_S1.);
#7215 = LINE('',#7216,#7217);
#7216 = CARTESIAN_POINT('',(28.775,8.605,20.79));
#7217 = VECTOR('',#7218,1.);
#7218 = DIRECTION('',(0.,0.,1.));
#7219 = PCURVE('',#7130,#7220);
#7220 = DEFINITIONAL_REPRESENTATION('',(#7221),#7225);
#7221 = LINE('',#7222,#7223);
#7222 = CARTESIAN_POINT('',(0.,-47.01));
#7223 = VECTOR('',#7224,1.);
#7224 = DIRECTION('',(1.,0.));
#7225 = ( GEOMETRIC_REPRESENTATION_CONTEXT(2) 
PARAMETRIC_REPRESENTATION_CONTEXT() REPRESENTATION_CONTEXT('2D SPACE',''
  ) );
#7226 = PCURVE('',#7227,#7232);
#7227 = PLANE('',#7228);
#7228 = AXIS2_PLACEMENT_3D('',#7229,#7230,#7231);
#7229 = CARTESIAN_POINT('',(-28.775,8.605,20.79));
#7230 = DIRECTION('',(0.,1.,0.));
#7231 = DIRECTION('',(0.,0.,1.));
#7232 = DEFINITIONAL_REPRESENTATION('',(#7233),#7237);
#7233 = LINE('',#7234,#7235);
#7234 = CARTESIAN_POINT('',(0.,57.55));
#7235 = VECTOR('',#7236,1.);
#7236 = DIRECTION('',(1.,0.));
#7237 = ( GEOMETRIC_REPRESENTATION_CONTEXT(2) 
PARAMETRIC_REPRESENTATION_CONTEXT() REPRESENTATION_CONTEXT('2D SPACE',''
  ) );
#7238 = ADVANCED_FACE('',(#7239),#7227,.T.);
#7239 = FACE_BOUND('',#7240,.T.);
#7240 = EDGE_LOOP('',(#7241,#7264,#7292,#7313));
#7241 = ORIENTED_EDGE('',*,*,#7242,.F.);
#7242 = EDGE_CURVE('',#7243,#7191,#7245,.T.);
#7243 = VERTEX_POINT('',#7244);
#7244 = CARTESIAN_POINT('',(-28.775,8.605,20.79));
#7245 = SURFACE_CURVE('',#7246,(#7250,#7257),.PCURVE_S1.);
#7246 = LINE('',#7247,#7248);
#7247 = CARTESIAN_POINT('',(-28.775,8.605,20.79));
#7248 = VECTOR('',#7249,1.);
#7249 = DIRECTION('',(1.,0.,0.));
#7250 = PCURVE('',#7227,#7251);
#7251 = DEFINITIONAL_REPRESENTATION('',(#7252),#7256);
#7252 = LINE('',#7253,#7254);
#7253 = CARTESIAN_POINT('',(0.,0.));
#7254 = VECTOR('',#7255,1.);
#7255 = DIRECTION('',(0.,1.));
#7256 = ( GEOMETRIC_REPRESENTATION_CONTEXT(2) 
PARAMETRIC_REPRESENTATION_CONTEXT() REPRESENTATION_CONTEXT('2D SPACE',''
  ) );
#7257 = PCURVE('',#5467,#7258);
#7258 = DEFINITIONAL_REPRESENTATION('',(#7259),#7263);
#7259 = LINE('',#7260,#7261);
#7260 = CARTESIAN_POINT('',(0.,47.01));
#7261 = VECTOR('',#7262,1.);
#7262 = DIRECTION('',(1.,0.));
#7263 = ( GEOMETRIC_REPRESENTATION_CONTEXT(2) 
PARAMETRIC_REPRESENTATION_CONTEXT() REPRESENTATION_CONTEXT('2D SPACE',''
  ) );
#7264 = ORIENTED_EDGE('',*,*,#7265,.T.);
#7265 = EDGE_CURVE('',#7243,#7266,#7268,.T.);
#7266 = VERTEX_POINT('',#7267);
#7267 = CARTESIAN_POINT('',(-28.775,8.605,21.79));
#7268 = SURFACE_CURVE('',#7269,(#7273,#7280),.PCURVE_S1.);
#7269 = LINE('',#7270,#7271);
#7270 = CARTESIAN_POINT('',(-28.775,8.605,20.79));
#7271 = VECTOR('',#7272,1.);
#7272 = DIRECTION('',(0.,0.,1.));
#7273 = PCURVE('',#7227,#7274);
#7274 = DEFINITIONAL_REPRESENTATION('',(#7275),#7279);
#7275 = LINE('',#7276,#7277);
#7276 = CARTESIAN_POINT('',(0.,0.));
#7277 = VECTOR('',#7278,1.);
#7278 = DIRECTION('',(1.,0.));
#7279 = ( GEOMETRIC_REPRESENTATION_CONTEXT(2) 
PARAMETRIC_REPRESENTATION_CONTEXT() REPRESENTATION_CONTEXT('2D SPACE',''
  ) );
#7280 = PCURVE('',#7281,#7286);
#7281 = PLANE('',#7282);
#7282 = AXIS2_PLACEMENT_3D('',#7283,#7284,#7285);
#7283 = CARTESIAN_POINT('',(-28.775,-38.405,20.79));
#7284 = DIRECTION('',(1.,0.,0.));
#7285 = DIRECTION('',(0.,0.,1.));
#7286 = DEFINITIONAL_REPRESENTATION('',(#7287),#7291);
#7287 = LINE('',#7288,#7289);
#7288 = CARTESIAN_POINT('',(0.,-47.01));
#7289 = VECTOR('',#7290,1.);
#7290 = DIRECTION('',(1.,0.));
#7291 = ( GEOMETRIC_REPRESENTATION_CONTEXT(2) 
PARAMETRIC_REPRESENTATION_CONTEXT() REPRESENTATION_CONTEXT('2D SPACE',''
  ) );
#7292 = ORIENTED_EDGE('',*,*,#7293,.T.);
#7293 = EDGE_CURVE('',#7266,#7167,#7294,.T.);
#7294 = SURFACE_CURVE('',#7295,(#7299,#7306),.PCURVE_S1.);
#7295 = LINE('',#7296,#7297);
#7296 = CARTESIAN_POINT('',(-28.775,8.605,21.79));
#7297 = VECTOR('',#7298,1.);
#7298 = DIRECTION('',(1.,0.,0.));
#7299 = PCURVE('',#7227,#7300);
#7300 = DEFINITIONAL_REPRESENTATION('',(#7301),#7305);
#7301 = LINE('',#7302,#7303);
#7302 = CARTESIAN_POINT('',(1.,0.));
#7303 = VECTOR('',#7304,1.);
#7304 = DIRECTION('',(0.,1.));
#7305 = ( GEOMETRIC_REPRESENTATION_CONTEXT(2) 
PARAMETRIC_REPRESENTATION_CONTEXT() REPRESENTATION_CONTEXT('2D SPACE',''
  ) );
#7306 = PCURVE('',#5411,#7307);
#7307 = DEFINITIONAL_REPRESENTATION('',(#7308),#7312);
#7308 = LINE('',#7309,#7310);
#7309 = CARTESIAN_POINT('',(0.,47.01));
#7310 = VECTOR('',#7311,1.);
#7311 = DIRECTION('',(1.,0.));
#7312 = ( GEOMETRIC_REPRESENTATION_CONTEXT(2) 
PARAMETRIC_REPRESENTATION_CONTEXT() REPRESENTATION_CONTEXT('2D SPACE',''
  ) );
#7313 = ORIENTED_EDGE('',*,*,#7213,.F.);
#7314 = ADVANCED_FACE('',(#7315),#7281,.F.);
#7315 = FACE_BOUND('',#7316,.F.);
#7316 = EDGE_LOOP('',(#7317,#7340,#7366,#7387));
#7317 = ORIENTED_EDGE('',*,*,#7318,.F.);
#7318 = EDGE_CURVE('',#7319,#7266,#7321,.T.);
#7319 = VERTEX_POINT('',#7320);
#7320 = CARTESIAN_POINT('',(-28.775,-2.5,21.79));
#7321 = SURFACE_CURVE('',#7322,(#7326,#7333),.PCURVE_S1.);
#7322 = LINE('',#7323,#7324);
#7323 = CARTESIAN_POINT('',(-28.775,-38.405,21.79));
#7324 = VECTOR('',#7325,1.);
#7325 = DIRECTION('',(0.,1.,0.));
#7326 = PCURVE('',#7281,#7327);
#7327 = DEFINITIONAL_REPRESENTATION('',(#7328),#7332);
#7328 = LINE('',#7329,#7330);
#7329 = CARTESIAN_POINT('',(1.,0.));
#7330 = VECTOR('',#7331,1.);
#7331 = DIRECTION('',(0.,-1.));
#7332 = ( GEOMETRIC_REPRESENTATION_CONTEXT(2) 
PARAMETRIC_REPRESENTATION_CONTEXT() REPRESENTATION_CONTEXT('2D SPACE',''
  ) );
#7333 = PCURVE('',#5411,#7334);
#7334 = DEFINITIONAL_REPRESENTATION('',(#7335),#7339);
#7335 = LINE('',#7336,#7337);
#7336 = CARTESIAN_POINT('',(0.,0.));
#7337 = VECTOR('',#7338,1.);
#7338 = DIRECTION('',(0.,1.));
#7339 = ( GEOMETRIC_REPRESENTATION_CONTEXT(2) 
PARAMETRIC_REPRESENTATION_CONTEXT() REPRESENTATION_CONTEXT('2D SPACE',''
  ) );
#7340 = ORIENTED_EDGE('',*,*,#7341,.F.);
#7341 = EDGE_CURVE('',#7342,#7319,#7344,.T.);
#7342 = VERTEX_POINT('',#7343);
#7343 = CARTESIAN_POINT('',(-28.775,-2.5,20.79));
#7344 = SURFACE_CURVE('',#7345,(#7349,#7355),.PCURVE_S1.);
#7345 = LINE('',#7346,#7347);
#7346 = CARTESIAN_POINT('',(-28.775,-2.5,20.79));
#7347 = VECTOR('',#7348,1.);
#7348 = DIRECTION('',(0.,0.,1.));
#7349 = PCURVE('',#7281,#7350);
#7350 = DEFINITIONAL_REPRESENTATION('',(#7351),#7354);
#7351 = B_SPLINE_CURVE_WITH_KNOTS('',1,(#7352,#7353),.UNSPECIFIED.,.F.,
  .F.,(2,2),(0.,1.),.PIECEWISE_BEZIER_KNOTS.);
#7352 = CARTESIAN_POINT('',(0.,-35.905));
#7353 = CARTESIAN_POINT('',(1.,-35.905));
#7354 = ( GEOMETRIC_REPRESENTATION_CONTEXT(2) 
PARAMETRIC_REPRESENTATION_CONTEXT() REPRESENTATION_CONTEXT('2D SPACE',''
  ) );
#7355 = PCURVE('',#7356,#7361);
#7356 = PLANE('',#7357);
#7357 = AXIS2_PLACEMENT_3D('',#7358,#7359,#7360);
#7358 = CARTESIAN_POINT('',(-36.,-2.5,20.79));
#7359 = DIRECTION('',(0.,1.,0.));
#7360 = DIRECTION('',(0.,0.,1.));
#7361 = DEFINITIONAL_REPRESENTATION('',(#7362),#7365);
#7362 = B_SPLINE_CURVE_WITH_KNOTS('',1,(#7363,#7364),.UNSPECIFIED.,.F.,
  .F.,(2,2),(0.,1.),.PIECEWISE_BEZIER_KNOTS.);
#7363 = CARTESIAN_POINT('',(0.,7.225));
#7364 = CARTESIAN_POINT('',(1.,7.225));
#7365 = ( GEOMETRIC_REPRESENTATION_CONTEXT(2) 
PARAMETRIC_REPRESENTATION_CONTEXT() REPRESENTATION_CONTEXT('2D SPACE',''
  ) );
#7366 = ORIENTED_EDGE('',*,*,#7367,.T.);
#7367 = EDGE_CURVE('',#7342,#7243,#7368,.T.);
#7368 = SURFACE_CURVE('',#7369,(#7373,#7380),.PCURVE_S1.);
#7369 = LINE('',#7370,#7371);
#7370 = CARTESIAN_POINT('',(-28.775,-38.405,20.79));
#7371 = VECTOR('',#7372,1.);
#7372 = DIRECTION('',(0.,1.,0.));
#7373 = PCURVE('',#7281,#7374);
#7374 = DEFINITIONAL_REPRESENTATION('',(#7375),#7379);
#7375 = LINE('',#7376,#7377);
#7376 = CARTESIAN_POINT('',(0.,0.));
#7377 = VECTOR('',#7378,1.);
#7378 = DIRECTION('',(0.,-1.));
#7379 = ( GEOMETRIC_REPRESENTATION_CONTEXT(2) 
PARAMETRIC_REPRESENTATION_CONTEXT() REPRESENTATION_CONTEXT('2D SPACE',''
  ) );
#7380 = PCURVE('',#5467,#7381);
#7381 = DEFINITIONAL_REPRESENTATION('',(#7382),#7386);
#7382 = LINE('',#7383,#7384);
#7383 = CARTESIAN_POINT('',(0.,0.));
#7384 = VECTOR('',#7385,1.);
#7385 = DIRECTION('',(0.,1.));
#7386 = ( GEOMETRIC_REPRESENTATION_CONTEXT(2) 
PARAMETRIC_REPRESENTATION_CONTEXT() REPRESENTATION_CONTEXT('2D SPACE',''
  ) );
#7387 = ORIENTED_EDGE('',*,*,#7265,.T.);
#7388 = ADVANCED_FACE('',(#7389),#7356,.T.);
#7389 = FACE_BOUND('',#7390,.T.);
#7390 = EDGE_LOOP('',(#7391,#7414,#7440,#7461));
#7391 = ORIENTED_EDGE('',*,*,#7392,.F.);
#7392 = EDGE_CURVE('',#7393,#7342,#7395,.T.);
#7393 = VERTEX_POINT('',#7394);
#7394 = CARTESIAN_POINT('',(-34.34168760482,-2.5,20.79));
#7395 = SURFACE_CURVE('',#7396,(#7400,#7407),.PCURVE_S1.);
#7396 = LINE('',#7397,#7398);
#7397 = CARTESIAN_POINT('',(-36.,-2.5,20.79));
#7398 = VECTOR('',#7399,1.);
#7399 = DIRECTION('',(1.,0.,0.));
#7400 = PCURVE('',#7356,#7401);
#7401 = DEFINITIONAL_REPRESENTATION('',(#7402),#7406);
#7402 = LINE('',#7403,#7404);
#7403 = CARTESIAN_POINT('',(0.,0.));
#7404 = VECTOR('',#7405,1.);
#7405 = DIRECTION('',(0.,1.));
#7406 = ( GEOMETRIC_REPRESENTATION_CONTEXT(2) 
PARAMETRIC_REPRESENTATION_CONTEXT() REPRESENTATION_CONTEXT('2D SPACE',''
  ) );
#7407 = PCURVE('',#5467,#7408);
#7408 = DEFINITIONAL_REPRESENTATION('',(#7409),#7413);
#7409 = LINE('',#7410,#7411);
#7410 = CARTESIAN_POINT('',(-7.225,35.905));
#7411 = VECTOR('',#7412,1.);
#7412 = DIRECTION('',(1.,0.));
#7413 = ( GEOMETRIC_REPRESENTATION_CONTEXT(2) 
PARAMETRIC_REPRESENTATION_CONTEXT() REPRESENTATION_CONTEXT('2D SPACE',''
  ) );
#7414 = ORIENTED_EDGE('',*,*,#7415,.F.);
#7415 = EDGE_CURVE('',#7416,#7393,#7418,.T.);
#7416 = VERTEX_POINT('',#7417);
#7417 = CARTESIAN_POINT('',(-34.34168760482,-2.5,21.79));
#7418 = SURFACE_CURVE('',#7419,(#7423,#7429),.PCURVE_S1.);
#7419 = LINE('',#7420,#7421);
#7420 = CARTESIAN_POINT('',(-34.34168760482,-2.5,20.79));
#7421 = VECTOR('',#7422,1.);
#7422 = DIRECTION('',(-0.,-0.,-1.));
#7423 = PCURVE('',#7356,#7424);
#7424 = DEFINITIONAL_REPRESENTATION('',(#7425),#7428);
#7425 = B_SPLINE_CURVE_WITH_KNOTS('',1,(#7426,#7427),.UNSPECIFIED.,.F.,
  .F.,(2,2),(-1.0000006,5.999999999062E-07),.PIECEWISE_BEZIER_KNOTS.);
#7426 = CARTESIAN_POINT('',(1.0000006,1.658312395178));
#7427 = CARTESIAN_POINT('',(-5.999999999062E-07,1.658312395178));
#7428 = ( GEOMETRIC_REPRESENTATION_CONTEXT(2) 
PARAMETRIC_REPRESENTATION_CONTEXT() REPRESENTATION_CONTEXT('2D SPACE',''
  ) );
#7429 = PCURVE('',#7430,#7435);
#7430 = CYLINDRICAL_SURFACE('',#7431,3.);
#7431 = AXIS2_PLACEMENT_3D('',#7432,#7433,#7434);
#7432 = CARTESIAN_POINT('',(-36.,-5.,20.79));
#7433 = DIRECTION('',(-0.,-0.,-1.));
#7434 = DIRECTION('',(1.,0.,0.));
#7435 = DEFINITIONAL_REPRESENTATION('',(#7436),#7439);
#7436 = B_SPLINE_CURVE_WITH_KNOTS('',1,(#7437,#7438),.UNSPECIFIED.,.F.,
  .F.,(2,2),(-1.0000006,5.999999999062E-07),.PIECEWISE_BEZIER_KNOTS.);
#7437 = CARTESIAN_POINT('',(-0.985110783338,-1.0000006));
#7438 = CARTESIAN_POINT('',(-0.985110783338,5.999999999062E-07));
#7439 = ( GEOMETRIC_REPRESENTATION_CONTEXT(2) 
PARAMETRIC_REPRESENTATION_CONTEXT() REPRESENTATION_CONTEXT('2D SPACE',''
  ) );
#7440 = ORIENTED_EDGE('',*,*,#7441,.T.);
#7441 = EDGE_CURVE('',#7416,#7319,#7442,.T.);
#7442 = SURFACE_CURVE('',#7443,(#7447,#7454),.PCURVE_S1.);
#7443 = LINE('',#7444,#7445);
#7444 = CARTESIAN_POINT('',(-36.,-2.5,21.79));
#7445 = VECTOR('',#7446,1.);
#7446 = DIRECTION('',(1.,0.,0.));
#7447 = PCURVE('',#7356,#7448);
#7448 = DEFINITIONAL_REPRESENTATION('',(#7449),#7453);
#7449 = LINE('',#7450,#7451);
#7450 = CARTESIAN_POINT('',(1.,0.));
#7451 = VECTOR('',#7452,1.);
#7452 = DIRECTION('',(0.,1.));
#7453 = ( GEOMETRIC_REPRESENTATION_CONTEXT(2) 
PARAMETRIC_REPRESENTATION_CONTEXT() REPRESENTATION_CONTEXT('2D SPACE',''
  ) );
#7454 = PCURVE('',#5411,#7455);
#7455 = DEFINITIONAL_REPRESENTATION('',(#7456),#7460);
#7456 = LINE('',#7457,#7458);
#7457 = CARTESIAN_POINT('',(-7.225,35.905));
#7458 = VECTOR('',#7459,1.);
#7459 = DIRECTION('',(1.,0.));
#7460 = ( GEOMETRIC_REPRESENTATION_CONTEXT(2) 
PARAMETRIC_REPRESENTATION_CONTEXT() REPRESENTATION_CONTEXT('2D SPACE',''
  ) );
#7461 = ORIENTED_EDGE('',*,*,#7341,.F.);
#7462 = ADVANCED_FACE('',(#7463),#7430,.T.);
#7463 = FACE_BOUND('',#7464,.F.);
#7464 = EDGE_LOOP('',(#7465,#7489,#7490,#7514));
#7465 = ORIENTED_EDGE('',*,*,#7466,.F.);
#7466 = EDGE_CURVE('',#7393,#7467,#7469,.T.);
#7467 = VERTEX_POINT('',#7468);
#7468 = CARTESIAN_POINT('',(-34.34168760482,-7.5,20.79));
#7469 = SURFACE_CURVE('',#7470,(#7475,#7482),.PCURVE_S1.);
#7470 = CIRCLE('',#7471,3.);
#7471 = AXIS2_PLACEMENT_3D('',#7472,#7473,#7474);
#7472 = CARTESIAN_POINT('',(-36.,-5.,20.79));
#7473 = DIRECTION('',(0.,0.,1.));
#7474 = DIRECTION('',(1.,0.,0.));
#7475 = PCURVE('',#7430,#7476);
#7476 = DEFINITIONAL_REPRESENTATION('',(#7477),#7481);
#7477 = LINE('',#7478,#7479);
#7478 = CARTESIAN_POINT('',(-0.,0.));
#7479 = VECTOR('',#7480,1.);
#7480 = DIRECTION('',(-1.,0.));
#7481 = ( GEOMETRIC_REPRESENTATION_CONTEXT(2) 
PARAMETRIC_REPRESENTATION_CONTEXT() REPRESENTATION_CONTEXT('2D SPACE',''
  ) );
#7482 = PCURVE('',#5467,#7483);
#7483 = DEFINITIONAL_REPRESENTATION('',(#7484),#7488);
#7484 = CIRCLE('',#7485,3.);
#7485 = AXIS2_PLACEMENT_2D('',#7486,#7487);
#7486 = CARTESIAN_POINT('',(-7.225,33.405));
#7487 = DIRECTION('',(1.,0.));
#7488 = ( GEOMETRIC_REPRESENTATION_CONTEXT(2) 
PARAMETRIC_REPRESENTATION_CONTEXT() REPRESENTATION_CONTEXT('2D SPACE',''
  ) );
#7489 = ORIENTED_EDGE('',*,*,#7415,.F.);
#7490 = ORIENTED_EDGE('',*,*,#7491,.T.);
#7491 = EDGE_CURVE('',#7416,#7492,#7494,.T.);
#7492 = VERTEX_POINT('',#7493);
#7493 = CARTESIAN_POINT('',(-34.34168760482,-7.5,21.79));
#7494 = SURFACE_CURVE('',#7495,(#7500,#7507),.PCURVE_S1.);
#7495 = CIRCLE('',#7496,3.);
#7496 = AXIS2_PLACEMENT_3D('',#7497,#7498,#7499);
#7497 = CARTESIAN_POINT('',(-36.,-5.,21.79));
#7498 = DIRECTION('',(0.,0.,1.));
#7499 = DIRECTION('',(1.,0.,0.));
#7500 = PCURVE('',#7430,#7501);
#7501 = DEFINITIONAL_REPRESENTATION('',(#7502),#7506);
#7502 = LINE('',#7503,#7504);
#7503 = CARTESIAN_POINT('',(-0.,-1.));
#7504 = VECTOR('',#7505,1.);
#7505 = DIRECTION('',(-1.,0.));
#7506 = ( GEOMETRIC_REPRESENTATION_CONTEXT(2) 
PARAMETRIC_REPRESENTATION_CONTEXT() REPRESENTATION_CONTEXT('2D SPACE',''
  ) );
#7507 = PCURVE('',#5411,#7508);
#7508 = DEFINITIONAL_REPRESENTATION('',(#7509),#7513);
#7509 = CIRCLE('',#7510,3.);
#7510 = AXIS2_PLACEMENT_2D('',#7511,#7512);
#7511 = CARTESIAN_POINT('',(-7.225,33.405));
#7512 = DIRECTION('',(1.,0.));
#7513 = ( GEOMETRIC_REPRESENTATION_CONTEXT(2) 
PARAMETRIC_REPRESENTATION_CONTEXT() REPRESENTATION_CONTEXT('2D SPACE',''
  ) );
#7514 = ORIENTED_EDGE('',*,*,#7515,.T.);
#7515 = EDGE_CURVE('',#7492,#7467,#7516,.T.);
#7516 = SURFACE_CURVE('',#7517,(#7521,#7527),.PCURVE_S1.);
#7517 = LINE('',#7518,#7519);
#7518 = CARTESIAN_POINT('',(-34.34168760482,-7.5,20.79));
#7519 = VECTOR('',#7520,1.);
#7520 = DIRECTION('',(-0.,-0.,-1.));
#7521 = PCURVE('',#7430,#7522);
#7522 = DEFINITIONAL_REPRESENTATION('',(#7523),#7526);
#7523 = B_SPLINE_CURVE_WITH_KNOTS('',1,(#7524,#7525),.UNSPECIFIED.,.F.,
  .F.,(2,2),(-1.0000006,5.999999999062E-07),.PIECEWISE_BEZIER_KNOTS.);
#7524 = CARTESIAN_POINT('',(-5.298074523842,-1.0000006));
#7525 = CARTESIAN_POINT('',(-5.298074523842,5.999999999062E-07));
#7526 = ( GEOMETRIC_REPRESENTATION_CONTEXT(2) 
PARAMETRIC_REPRESENTATION_CONTEXT() REPRESENTATION_CONTEXT('2D SPACE',''
  ) );
#7527 = PCURVE('',#7528,#7533);
#7528 = PLANE('',#7529);
#7529 = AXIS2_PLACEMENT_3D('',#7530,#7531,#7532);
#7530 = CARTESIAN_POINT('',(-36.,-7.5,20.79));
#7531 = DIRECTION('',(0.,1.,0.));
#7532 = DIRECTION('',(0.,0.,1.));
#7533 = DEFINITIONAL_REPRESENTATION('',(#7534),#7537);
#7534 = B_SPLINE_CURVE_WITH_KNOTS('',1,(#7535,#7536),.UNSPECIFIED.,.F.,
  .F.,(2,2),(-1.0000006,5.999999999062E-07),.PIECEWISE_BEZIER_KNOTS.);
#7535 = CARTESIAN_POINT('',(1.0000006,1.658312395178));
#7536 = CARTESIAN_POINT('',(-5.999999999062E-07,1.658312395178));
#7537 = ( GEOMETRIC_REPRESENTATION_CONTEXT(2) 
PARAMETRIC_REPRESENTATION_CONTEXT() REPRESENTATION_CONTEXT('2D SPACE',''
  ) );
#7538 = ADVANCED_FACE('',(#7539),#7528,.F.);
#7539 = FACE_BOUND('',#7540,.F.);
#7540 = EDGE_LOOP('',(#7541,#7564,#7565,#7588));
#7541 = ORIENTED_EDGE('',*,*,#7542,.F.);
#7542 = EDGE_CURVE('',#7467,#7543,#7545,.T.);
#7543 = VERTEX_POINT('',#7544);
#7544 = CARTESIAN_POINT('',(-29.975,-7.5,20.79));
#7545 = SURFACE_CURVE('',#7546,(#7550,#7557),.PCURVE_S1.);
#7546 = LINE('',#7547,#7548);
#7547 = CARTESIAN_POINT('',(-36.,-7.5,20.79));
#7548 = VECTOR('',#7549,1.);
#7549 = DIRECTION('',(1.,0.,0.));
#7550 = PCURVE('',#7528,#7551);
#7551 = DEFINITIONAL_REPRESENTATION('',(#7552),#7556);
#7552 = LINE('',#7553,#7554);
#7553 = CARTESIAN_POINT('',(0.,0.));
#7554 = VECTOR('',#7555,1.);
#7555 = DIRECTION('',(0.,1.));
#7556 = ( GEOMETRIC_REPRESENTATION_CONTEXT(2) 
PARAMETRIC_REPRESENTATION_CONTEXT() REPRESENTATION_CONTEXT('2D SPACE',''
  ) );
#7557 = PCURVE('',#5467,#7558);
#7558 = DEFINITIONAL_REPRESENTATION('',(#7559),#7563);
#7559 = LINE('',#7560,#7561);
#7560 = CARTESIAN_POINT('',(-7.225,30.905));
#7561 = VECTOR('',#7562,1.);
#7562 = DIRECTION('',(1.,0.));
#7563 = ( GEOMETRIC_REPRESENTATION_CONTEXT(2) 
PARAMETRIC_REPRESENTATION_CONTEXT() REPRESENTATION_CONTEXT('2D SPACE',''
  ) );
#7564 = ORIENTED_EDGE('',*,*,#7515,.F.);
#7565 = ORIENTED_EDGE('',*,*,#7566,.T.);
#7566 = EDGE_CURVE('',#7492,#7567,#7569,.T.);
#7567 = VERTEX_POINT('',#7568);
#7568 = CARTESIAN_POINT('',(-29.975,-7.5,21.79));
#7569 = SURFACE_CURVE('',#7570,(#7574,#7581),.PCURVE_S1.);
#7570 = LINE('',#7571,#7572);
#7571 = CARTESIAN_POINT('',(-36.,-7.5,21.79));
#7572 = VECTOR('',#7573,1.);
#7573 = DIRECTION('',(1.,0.,0.));
#7574 = PCURVE('',#7528,#7575);
#7575 = DEFINITIONAL_REPRESENTATION('',(#7576),#7580);
#7576 = LINE('',#7577,#7578);
#7577 = CARTESIAN_POINT('',(1.,0.));
#7578 = VECTOR('',#7579,1.);
#7579 = DIRECTION('',(0.,1.));
#7580 = ( GEOMETRIC_REPRESENTATION_CONTEXT(2) 
PARAMETRIC_REPRESENTATION_CONTEXT() REPRESENTATION_CONTEXT('2D SPACE',''
  ) );
#7581 = PCURVE('',#5411,#7582);
#7582 = DEFINITIONAL_REPRESENTATION('',(#7583),#7587);
#7583 = LINE('',#7584,#7585);
#7584 = CARTESIAN_POINT('',(-7.225,30.905));
#7585 = VECTOR('',#7586,1.);
#7586 = DIRECTION('',(1.,0.));
#7587 = ( GEOMETRIC_REPRESENTATION_CONTEXT(2) 
PARAMETRIC_REPRESENTATION_CONTEXT() REPRESENTATION_CONTEXT('2D SPACE',''
  ) );
#7588 = ORIENTED_EDGE('',*,*,#7589,.T.);
#7589 = EDGE_CURVE('',#7567,#7543,#7590,.T.);
#7590 = SURFACE_CURVE('',#7591,(#7595,#7601),.PCURVE_S1.);
#7591 = LINE('',#7592,#7593);
#7592 = CARTESIAN_POINT('',(-29.975,-7.5,12.095));
#7593 = VECTOR('',#7594,1.);
#7594 = DIRECTION('',(0.,0.,-1.));
#7595 = PCURVE('',#7528,#7596);
#7596 = DEFINITIONAL_REPRESENTATION('',(#7597),#7600);
#7597 = B_SPLINE_CURVE_WITH_KNOTS('',1,(#7598,#7599),.UNSPECIFIED.,.F.,
  .F.,(2,2),(-9.695,-8.695),.PIECEWISE_BEZIER_KNOTS.);
#7598 = CARTESIAN_POINT('',(1.,6.025));
#7599 = CARTESIAN_POINT('',(0.,6.025));
#7600 = ( GEOMETRIC_REPRESENTATION_CONTEXT(2) 
PARAMETRIC_REPRESENTATION_CONTEXT() REPRESENTATION_CONTEXT('2D SPACE',''
  ) );
#7601 = PCURVE('',#7602,#7607);
#7602 = PLANE('',#7603);
#7603 = AXIS2_PLACEMENT_3D('',#7604,#7605,#7606);
#7604 = CARTESIAN_POINT('',(-29.975,-8.9,3.4));
#7605 = DIRECTION('',(1.,0.,0.));
#7606 = DIRECTION('',(0.,0.,1.));
#7607 = DEFINITIONAL_REPRESENTATION('',(#7608),#7612);
#7608 = LINE('',#7609,#7610);
#7609 = CARTESIAN_POINT('',(8.695,-1.4));
#7610 = VECTOR('',#7611,1.);
#7611 = DIRECTION('',(-1.,0.));
#7612 = ( GEOMETRIC_REPRESENTATION_CONTEXT(2) 
PARAMETRIC_REPRESENTATION_CONTEXT() REPRESENTATION_CONTEXT('2D SPACE',''
  ) );
#7613 = ADVANCED_FACE('',(#7614),#7602,.F.);
#7614 = FACE_BOUND('',#7615,.F.);
#7615 = EDGE_LOOP('',(#7616,#7639,#7667,#7695,#7723,#7743));
#7616 = ORIENTED_EDGE('',*,*,#7617,.F.);
#7617 = EDGE_CURVE('',#7618,#7567,#7620,.T.);
#7618 = VERTEX_POINT('',#7619);
#7619 = CARTESIAN_POINT('',(-29.975,-8.9,21.79));
#7620 = SURFACE_CURVE('',#7621,(#7625,#7632),.PCURVE_S1.);
#7621 = LINE('',#7622,#7623);
#7622 = CARTESIAN_POINT('',(-29.975,-8.9,21.79));
#7623 = VECTOR('',#7624,1.);
#7624 = DIRECTION('',(0.,1.,0.));
#7625 = PCURVE('',#7602,#7626);
#7626 = DEFINITIONAL_REPRESENTATION('',(#7627),#7631);
#7627 = LINE('',#7628,#7629);
#7628 = CARTESIAN_POINT('',(18.39,0.));
#7629 = VECTOR('',#7630,1.);
#7630 = DIRECTION('',(0.,-1.));
#7631 = ( GEOMETRIC_REPRESENTATION_CONTEXT(2) 
PARAMETRIC_REPRESENTATION_CONTEXT() REPRESENTATION_CONTEXT('2D SPACE',''
  ) );
#7632 = PCURVE('',#5411,#7633);
#7633 = DEFINITIONAL_REPRESENTATION('',(#7634),#7638);
#7634 = LINE('',#7635,#7636);
#7635 = CARTESIAN_POINT('',(-1.2,29.505));
#7636 = VECTOR('',#7637,1.);
#7637 = DIRECTION('',(0.,1.));
#7638 = ( GEOMETRIC_REPRESENTATION_CONTEXT(2) 
PARAMETRIC_REPRESENTATION_CONTEXT() REPRESENTATION_CONTEXT('2D SPACE',''
  ) );
#7639 = ORIENTED_EDGE('',*,*,#7640,.F.);
#7640 = EDGE_CURVE('',#7641,#7618,#7643,.T.);
#7641 = VERTEX_POINT('',#7642);
#7642 = CARTESIAN_POINT('',(-29.975,-8.9,3.1));
#7643 = SURFACE_CURVE('',#7644,(#7648,#7655),.PCURVE_S1.);
#7644 = LINE('',#7645,#7646);
#7645 = CARTESIAN_POINT('',(-29.975,-8.9,3.1));
#7646 = VECTOR('',#7647,1.);
#7647 = DIRECTION('',(-1.900863391547E-16,0.,1.));
#7648 = PCURVE('',#7602,#7649);
#7649 = DEFINITIONAL_REPRESENTATION('',(#7650),#7654);
#7650 = LINE('',#7651,#7652);
#7651 = CARTESIAN_POINT('',(-0.3,0.));
#7652 = VECTOR('',#7653,1.);
#7653 = DIRECTION('',(1.,0.));
#7654 = ( GEOMETRIC_REPRESENTATION_CONTEXT(2) 
PARAMETRIC_REPRESENTATION_CONTEXT() REPRESENTATION_CONTEXT('2D SPACE',''
  ) );
#7655 = PCURVE('',#7656,#7661);
#7656 = PLANE('',#7657);
#7657 = AXIS2_PLACEMENT_3D('',#7658,#7659,#7660);
#7658 = CARTESIAN_POINT('',(-29.975,-8.9,3.4));
#7659 = DIRECTION('',(0.,1.,0.));
#7660 = DIRECTION('',(0.,0.,1.));
#7661 = DEFINITIONAL_REPRESENTATION('',(#7662),#7666);
#7662 = LINE('',#7663,#7664);
#7663 = CARTESIAN_POINT('',(-0.3,3.552713678801E-15));
#7664 = VECTOR('',#7665,1.);
#7665 = DIRECTION('',(1.,-1.900863391547E-16));
#7666 = ( GEOMETRIC_REPRESENTATION_CONTEXT(2) 
PARAMETRIC_REPRESENTATION_CONTEXT() REPRESENTATION_CONTEXT('2D SPACE',''
  ) );
#7667 = ORIENTED_EDGE('',*,*,#7668,.T.);
#7668 = EDGE_CURVE('',#7641,#7669,#7671,.T.);
#7669 = VERTEX_POINT('',#7670);
#7670 = CARTESIAN_POINT('',(-29.975,-4.9,3.1));
#7671 = SURFACE_CURVE('',#7672,(#7676,#7683),.PCURVE_S1.);
#7672 = LINE('',#7673,#7674);
#7673 = CARTESIAN_POINT('',(-29.975,-8.9,3.1));
#7674 = VECTOR('',#7675,1.);
#7675 = DIRECTION('',(0.,1.,0.));
#7676 = PCURVE('',#7602,#7677);
#7677 = DEFINITIONAL_REPRESENTATION('',(#7678),#7682);
#7678 = LINE('',#7679,#7680);
#7679 = CARTESIAN_POINT('',(-0.3,0.));
#7680 = VECTOR('',#7681,1.);
#7681 = DIRECTION('',(0.,-1.));
#7682 = ( GEOMETRIC_REPRESENTATION_CONTEXT(2) 
PARAMETRIC_REPRESENTATION_CONTEXT() REPRESENTATION_CONTEXT('2D SPACE',''
  ) );
#7683 = PCURVE('',#7684,#7689);
#7684 = PLANE('',#7685);
#7685 = AXIS2_PLACEMENT_3D('',#7686,#7687,#7688);
#7686 = CARTESIAN_POINT('',(-29.975,-8.9,3.1));
#7687 = DIRECTION('',(0.,0.,1.));
#7688 = DIRECTION('',(1.,0.,0.));
#7689 = DEFINITIONAL_REPRESENTATION('',(#7690),#7694);
#7690 = LINE('',#7691,#7692);
#7691 = CARTESIAN_POINT('',(0.,0.));
#7692 = VECTOR('',#7693,1.);
#7693 = DIRECTION('',(0.,1.));
#7694 = ( GEOMETRIC_REPRESENTATION_CONTEXT(2) 
PARAMETRIC_REPRESENTATION_CONTEXT() REPRESENTATION_CONTEXT('2D SPACE',''
  ) );
#7695 = ORIENTED_EDGE('',*,*,#7696,.F.);
#7696 = EDGE_CURVE('',#7697,#7669,#7699,.T.);
#7697 = VERTEX_POINT('',#7698);
#7698 = CARTESIAN_POINT('',(-29.975,-4.9,20.79));
#7699 = SURFACE_CURVE('',#7700,(#7704,#7711),.PCURVE_S1.);
#7700 = LINE('',#7701,#7702);
#7701 = CARTESIAN_POINT('',(-29.975,-4.9,20.79));
#7702 = VECTOR('',#7703,1.);
#7703 = DIRECTION('',(2.008317512041E-16,0.,-1.));
#7704 = PCURVE('',#7602,#7705);
#7705 = DEFINITIONAL_REPRESENTATION('',(#7706),#7710);
#7706 = LINE('',#7707,#7708);
#7707 = CARTESIAN_POINT('',(17.39,-4.));
#7708 = VECTOR('',#7709,1.);
#7709 = DIRECTION('',(-1.,0.));
#7710 = ( GEOMETRIC_REPRESENTATION_CONTEXT(2) 
PARAMETRIC_REPRESENTATION_CONTEXT() REPRESENTATION_CONTEXT('2D SPACE',''
  ) );
#7711 = PCURVE('',#7712,#7717);
#7712 = PLANE('',#7713);
#7713 = AXIS2_PLACEMENT_3D('',#7714,#7715,#7716);
#7714 = CARTESIAN_POINT('',(-29.975,-4.9,3.4));
#7715 = DIRECTION('',(0.,1.,0.));
#7716 = DIRECTION('',(0.,0.,1.));
#7717 = DEFINITIONAL_REPRESENTATION('',(#7718),#7722);
#7718 = LINE('',#7719,#7720);
#7719 = CARTESIAN_POINT('',(17.39,0.));
#7720 = VECTOR('',#7721,1.);
#7721 = DIRECTION('',(-1.,2.008317512041E-16));
#7722 = ( GEOMETRIC_REPRESENTATION_CONTEXT(2) 
PARAMETRIC_REPRESENTATION_CONTEXT() REPRESENTATION_CONTEXT('2D SPACE',''
  ) );
#7723 = ORIENTED_EDGE('',*,*,#7724,.F.);
#7724 = EDGE_CURVE('',#7543,#7697,#7725,.T.);
#7725 = SURFACE_CURVE('',#7726,(#7730,#7737),.PCURVE_S1.);
#7726 = LINE('',#7727,#7728);
#7727 = CARTESIAN_POINT('',(-29.975,-23.6525,20.79));
#7728 = VECTOR('',#7729,1.);
#7729 = DIRECTION('',(0.,1.,0.));
#7730 = PCURVE('',#7602,#7731);
#7731 = DEFINITIONAL_REPRESENTATION('',(#7732),#7736);
#7732 = LINE('',#7733,#7734);
#7733 = CARTESIAN_POINT('',(17.39,14.7525));
#7734 = VECTOR('',#7735,1.);
#7735 = DIRECTION('',(0.,-1.));
#7736 = ( GEOMETRIC_REPRESENTATION_CONTEXT(2) 
PARAMETRIC_REPRESENTATION_CONTEXT() REPRESENTATION_CONTEXT('2D SPACE',''
  ) );
#7737 = PCURVE('',#5467,#7738);
#7738 = DEFINITIONAL_REPRESENTATION('',(#7739),#7742);
#7739 = B_SPLINE_CURVE_WITH_KNOTS('',1,(#7740,#7741),.UNSPECIFIED.,.F.,
  .F.,(2,2),(14.7525,18.7525),.PIECEWISE_BEZIER_KNOTS.);
#7740 = CARTESIAN_POINT('',(-1.2,29.505));
#7741 = CARTESIAN_POINT('',(-1.2,33.505));
#7742 = ( GEOMETRIC_REPRESENTATION_CONTEXT(2) 
PARAMETRIC_REPRESENTATION_CONTEXT() REPRESENTATION_CONTEXT('2D SPACE',''
  ) );
#7743 = ORIENTED_EDGE('',*,*,#7589,.F.);
#7744 = ADVANCED_FACE('',(#7745),#7712,.T.);
#7745 = FACE_BOUND('',#7746,.T.);
#7746 = EDGE_LOOP('',(#7747,#7777,#7805,#7833,#7854,#7855));
#7747 = ORIENTED_EDGE('',*,*,#7748,.F.);
#7748 = EDGE_CURVE('',#7749,#7751,#7753,.T.);
#7749 = VERTEX_POINT('',#7750);
#7750 = CARTESIAN_POINT('',(-28.775,-4.9,3.4));
#7751 = VERTEX_POINT('',#7752);
#7752 = CARTESIAN_POINT('',(-28.775,-4.9,20.79));
#7753 = SURFACE_CURVE('',#7754,(#7758,#7765),.PCURVE_S1.);
#7754 = LINE('',#7755,#7756);
#7755 = CARTESIAN_POINT('',(-28.775,-4.9,3.4));
#7756 = VECTOR('',#7757,1.);
#7757 = DIRECTION('',(0.,0.,1.));
#7758 = PCURVE('',#7712,#7759);
#7759 = DEFINITIONAL_REPRESENTATION('',(#7760),#7764);
#7760 = LINE('',#7761,#7762);
#7761 = CARTESIAN_POINT('',(0.,1.2));
#7762 = VECTOR('',#7763,1.);
#7763 = DIRECTION('',(1.,0.));
#7764 = ( GEOMETRIC_REPRESENTATION_CONTEXT(2) 
PARAMETRIC_REPRESENTATION_CONTEXT() REPRESENTATION_CONTEXT('2D SPACE',''
  ) );
#7765 = PCURVE('',#7766,#7771);
#7766 = PLANE('',#7767);
#7767 = AXIS2_PLACEMENT_3D('',#7768,#7769,#7770);
#7768 = CARTESIAN_POINT('',(-28.775,-8.9,3.4));
#7769 = DIRECTION('',(1.,0.,0.));
#7770 = DIRECTION('',(0.,0.,1.));
#7771 = DEFINITIONAL_REPRESENTATION('',(#7772),#7776);
#7772 = LINE('',#7773,#7774);
#7773 = CARTESIAN_POINT('',(0.,-4.));
#7774 = VECTOR('',#7775,1.);
#7775 = DIRECTION('',(1.,0.));
#7776 = ( GEOMETRIC_REPRESENTATION_CONTEXT(2) 
PARAMETRIC_REPRESENTATION_CONTEXT() REPRESENTATION_CONTEXT('2D SPACE',''
  ) );
#7777 = ORIENTED_EDGE('',*,*,#7778,.T.);
#7778 = EDGE_CURVE('',#7749,#7779,#7781,.T.);
#7779 = VERTEX_POINT('',#7780);
#7780 = CARTESIAN_POINT('',(-27.675,-4.9,3.4));
#7781 = SURFACE_CURVE('',#7782,(#7786,#7793),.PCURVE_S1.);
#7782 = LINE('',#7783,#7784);
#7783 = CARTESIAN_POINT('',(-29.975,-4.9,3.4));
#7784 = VECTOR('',#7785,1.);
#7785 = DIRECTION('',(1.,0.,0.));
#7786 = PCURVE('',#7712,#7787);
#7787 = DEFINITIONAL_REPRESENTATION('',(#7788),#7792);
#7788 = LINE('',#7789,#7790);
#7789 = CARTESIAN_POINT('',(1.33226762955E-15,3.552713678801E-15));
#7790 = VECTOR('',#7791,1.);
#7791 = DIRECTION('',(0.,1.));
#7792 = ( GEOMETRIC_REPRESENTATION_CONTEXT(2) 
PARAMETRIC_REPRESENTATION_CONTEXT() REPRESENTATION_CONTEXT('2D SPACE',''
  ) );
#7793 = PCURVE('',#7794,#7799);
#7794 = PLANE('',#7795);
#7795 = AXIS2_PLACEMENT_3D('',#7796,#7797,#7798);
#7796 = CARTESIAN_POINT('',(-29.975,-8.9,3.4));
#7797 = DIRECTION('',(0.,0.,1.));
#7798 = DIRECTION('',(1.,0.,0.));
#7799 = DEFINITIONAL_REPRESENTATION('',(#7800),#7804);
#7800 = LINE('',#7801,#7802);
#7801 = CARTESIAN_POINT('',(0.,4.));
#7802 = VECTOR('',#7803,1.);
#7803 = DIRECTION('',(1.,0.));
#7804 = ( GEOMETRIC_REPRESENTATION_CONTEXT(2) 
PARAMETRIC_REPRESENTATION_CONTEXT() REPRESENTATION_CONTEXT('2D SPACE',''
  ) );
#7805 = ORIENTED_EDGE('',*,*,#7806,.F.);
#7806 = EDGE_CURVE('',#7807,#7779,#7809,.T.);
#7807 = VERTEX_POINT('',#7808);
#7808 = CARTESIAN_POINT('',(-27.675,-4.9,3.1));
#7809 = SURFACE_CURVE('',#7810,(#7814,#7821),.PCURVE_S1.);
#7810 = LINE('',#7811,#7812);
#7811 = CARTESIAN_POINT('',(-27.675,-4.9,3.1));
#7812 = VECTOR('',#7813,1.);
#7813 = DIRECTION('',(0.,0.,1.));
#7814 = PCURVE('',#7712,#7815);
#7815 = DEFINITIONAL_REPRESENTATION('',(#7816),#7820);
#7816 = LINE('',#7817,#7818);
#7817 = CARTESIAN_POINT('',(-0.3,2.3));
#7818 = VECTOR('',#7819,1.);
#7819 = DIRECTION('',(1.,0.));
#7820 = ( GEOMETRIC_REPRESENTATION_CONTEXT(2) 
PARAMETRIC_REPRESENTATION_CONTEXT() REPRESENTATION_CONTEXT('2D SPACE',''
  ) );
#7821 = PCURVE('',#7822,#7827);
#7822 = PLANE('',#7823);
#7823 = AXIS2_PLACEMENT_3D('',#7824,#7825,#7826);
#7824 = CARTESIAN_POINT('',(-27.675,-8.9,3.1));
#7825 = DIRECTION('',(1.,0.,0.));
#7826 = DIRECTION('',(0.,0.,1.));
#7827 = DEFINITIONAL_REPRESENTATION('',(#7828),#7832);
#7828 = LINE('',#7829,#7830);
#7829 = CARTESIAN_POINT('',(0.,-4.));
#7830 = VECTOR('',#7831,1.);
#7831 = DIRECTION('',(1.,0.));
#7832 = ( GEOMETRIC_REPRESENTATION_CONTEXT(2) 
PARAMETRIC_REPRESENTATION_CONTEXT() REPRESENTATION_CONTEXT('2D SPACE',''
  ) );
#7833 = ORIENTED_EDGE('',*,*,#7834,.F.);
#7834 = EDGE_CURVE('',#7669,#7807,#7835,.T.);
#7835 = SURFACE_CURVE('',#7836,(#7840,#7847),.PCURVE_S1.);
#7836 = LINE('',#7837,#7838);
#7837 = CARTESIAN_POINT('',(-29.975,-4.9,3.1));
#7838 = VECTOR('',#7839,1.);
#7839 = DIRECTION('',(1.,0.,0.));
#7840 = PCURVE('',#7712,#7841);
#7841 = DEFINITIONAL_REPRESENTATION('',(#7842),#7846);
#7842 = LINE('',#7843,#7844);
#7843 = CARTESIAN_POINT('',(-0.3,3.552713678801E-15));
#7844 = VECTOR('',#7845,1.);
#7845 = DIRECTION('',(0.,1.));
#7846 = ( GEOMETRIC_REPRESENTATION_CONTEXT(2) 
PARAMETRIC_REPRESENTATION_CONTEXT() REPRESENTATION_CONTEXT('2D SPACE',''
  ) );
#7847 = PCURVE('',#7684,#7848);
#7848 = DEFINITIONAL_REPRESENTATION('',(#7849),#7853);
#7849 = LINE('',#7850,#7851);
#7850 = CARTESIAN_POINT('',(0.,4.));
#7851 = VECTOR('',#7852,1.);
#7852 = DIRECTION('',(1.,0.));
#7853 = ( GEOMETRIC_REPRESENTATION_CONTEXT(2) 
PARAMETRIC_REPRESENTATION_CONTEXT() REPRESENTATION_CONTEXT('2D SPACE',''
  ) );
#7854 = ORIENTED_EDGE('',*,*,#7696,.F.);
#7855 = ORIENTED_EDGE('',*,*,#7856,.F.);
#7856 = EDGE_CURVE('',#7751,#7697,#7857,.T.);
#7857 = SURFACE_CURVE('',#7858,(#7862,#7869),.PCURVE_S1.);
#7858 = LINE('',#7859,#7860);
#7859 = CARTESIAN_POINT('',(-29.375,-4.9,20.79));
#7860 = VECTOR('',#7861,1.);
#7861 = DIRECTION('',(-1.,0.,0.));
#7862 = PCURVE('',#7712,#7863);
#7863 = DEFINITIONAL_REPRESENTATION('',(#7864),#7868);
#7864 = LINE('',#7865,#7866);
#7865 = CARTESIAN_POINT('',(17.39,0.6));
#7866 = VECTOR('',#7867,1.);
#7867 = DIRECTION('',(0.,-1.));
#7868 = ( GEOMETRIC_REPRESENTATION_CONTEXT(2) 
PARAMETRIC_REPRESENTATION_CONTEXT() REPRESENTATION_CONTEXT('2D SPACE',''
  ) );
#7869 = PCURVE('',#5467,#7870);
#7870 = DEFINITIONAL_REPRESENTATION('',(#7871),#7874);
#7871 = B_SPLINE_CURVE_WITH_KNOTS('',1,(#7872,#7873),.UNSPECIFIED.,.F.,
  .F.,(2,2),(-0.6,0.6),.PIECEWISE_BEZIER_KNOTS.);
#7872 = CARTESIAN_POINT('',(0.,33.505));
#7873 = CARTESIAN_POINT('',(-1.2,33.505));
#7874 = ( GEOMETRIC_REPRESENTATION_CONTEXT(2) 
PARAMETRIC_REPRESENTATION_CONTEXT() REPRESENTATION_CONTEXT('2D SPACE',''
  ) );
#7875 = ADVANCED_FACE('',(#7876),#7822,.T.);
#7876 = FACE_BOUND('',#7877,.T.);
#7877 = EDGE_LOOP('',(#7878,#7903,#7924,#7925));
#7878 = ORIENTED_EDGE('',*,*,#7879,.F.);
#7879 = EDGE_CURVE('',#7880,#7882,#7884,.T.);
#7880 = VERTEX_POINT('',#7881);
#7881 = CARTESIAN_POINT('',(-27.675,-8.9,3.1));
#7882 = VERTEX_POINT('',#7883);
#7883 = CARTESIAN_POINT('',(-27.675,-8.9,3.4));
#7884 = SURFACE_CURVE('',#7885,(#7889,#7896),.PCURVE_S1.);
#7885 = LINE('',#7886,#7887);
#7886 = CARTESIAN_POINT('',(-27.675,-8.9,3.1));
#7887 = VECTOR('',#7888,1.);
#7888 = DIRECTION('',(0.,0.,1.));
#7889 = PCURVE('',#7822,#7890);
#7890 = DEFINITIONAL_REPRESENTATION('',(#7891),#7895);
#7891 = LINE('',#7892,#7893);
#7892 = CARTESIAN_POINT('',(0.,0.));
#7893 = VECTOR('',#7894,1.);
#7894 = DIRECTION('',(1.,0.));
#7895 = ( GEOMETRIC_REPRESENTATION_CONTEXT(2) 
PARAMETRIC_REPRESENTATION_CONTEXT() REPRESENTATION_CONTEXT('2D SPACE',''
  ) );
#7896 = PCURVE('',#7656,#7897);
#7897 = DEFINITIONAL_REPRESENTATION('',(#7898),#7902);
#7898 = LINE('',#7899,#7900);
#7899 = CARTESIAN_POINT('',(-0.3,2.3));
#7900 = VECTOR('',#7901,1.);
#7901 = DIRECTION('',(1.,0.));
#7902 = ( GEOMETRIC_REPRESENTATION_CONTEXT(2) 
PARAMETRIC_REPRESENTATION_CONTEXT() REPRESENTATION_CONTEXT('2D SPACE',''
  ) );
#7903 = ORIENTED_EDGE('',*,*,#7904,.T.);
#7904 = EDGE_CURVE('',#7880,#7807,#7905,.T.);
#7905 = SURFACE_CURVE('',#7906,(#7910,#7917),.PCURVE_S1.);
#7906 = LINE('',#7907,#7908);
#7907 = CARTESIAN_POINT('',(-27.675,-8.9,3.1));
#7908 = VECTOR('',#7909,1.);
#7909 = DIRECTION('',(0.,1.,0.));
#7910 = PCURVE('',#7822,#7911);
#7911 = DEFINITIONAL_REPRESENTATION('',(#7912),#7916);
#7912 = LINE('',#7913,#7914);
#7913 = CARTESIAN_POINT('',(0.,0.));
#7914 = VECTOR('',#7915,1.);
#7915 = DIRECTION('',(0.,-1.));
#7916 = ( GEOMETRIC_REPRESENTATION_CONTEXT(2) 
PARAMETRIC_REPRESENTATION_CONTEXT() REPRESENTATION_CONTEXT('2D SPACE',''
  ) );
#7917 = PCURVE('',#7684,#7918);
#7918 = DEFINITIONAL_REPRESENTATION('',(#7919),#7923);
#7919 = LINE('',#7920,#7921);
#7920 = CARTESIAN_POINT('',(2.3,0.));
#7921 = VECTOR('',#7922,1.);
#7922 = DIRECTION('',(0.,1.));
#7923 = ( GEOMETRIC_REPRESENTATION_CONTEXT(2) 
PARAMETRIC_REPRESENTATION_CONTEXT() REPRESENTATION_CONTEXT('2D SPACE',''
  ) );
#7924 = ORIENTED_EDGE('',*,*,#7806,.T.);
#7925 = ORIENTED_EDGE('',*,*,#7926,.F.);
#7926 = EDGE_CURVE('',#7882,#7779,#7927,.T.);
#7927 = SURFACE_CURVE('',#7928,(#7932,#7939),.PCURVE_S1.);
#7928 = LINE('',#7929,#7930);
#7929 = CARTESIAN_POINT('',(-27.675,-8.9,3.4));
#7930 = VECTOR('',#7931,1.);
#7931 = DIRECTION('',(0.,1.,0.));
#7932 = PCURVE('',#7822,#7933);
#7933 = DEFINITIONAL_REPRESENTATION('',(#7934),#7938);
#7934 = LINE('',#7935,#7936);
#7935 = CARTESIAN_POINT('',(0.3,0.));
#7936 = VECTOR('',#7937,1.);
#7937 = DIRECTION('',(0.,-1.));
#7938 = ( GEOMETRIC_REPRESENTATION_CONTEXT(2) 
PARAMETRIC_REPRESENTATION_CONTEXT() REPRESENTATION_CONTEXT('2D SPACE',''
  ) );
#7939 = PCURVE('',#7794,#7940);
#7940 = DEFINITIONAL_REPRESENTATION('',(#7941),#7945);
#7941 = LINE('',#7942,#7943);
#7942 = CARTESIAN_POINT('',(2.3,0.));
#7943 = VECTOR('',#7944,1.);
#7944 = DIRECTION('',(0.,1.));
#7945 = ( GEOMETRIC_REPRESENTATION_CONTEXT(2) 
PARAMETRIC_REPRESENTATION_CONTEXT() REPRESENTATION_CONTEXT('2D SPACE',''
  ) );
#7946 = ADVANCED_FACE('',(#7947),#7794,.T.);
#7947 = FACE_BOUND('',#7948,.T.);
#7948 = EDGE_LOOP('',(#7949,#7972,#7993,#7994));
#7949 = ORIENTED_EDGE('',*,*,#7950,.F.);
#7950 = EDGE_CURVE('',#7951,#7749,#7953,.T.);
#7951 = VERTEX_POINT('',#7952);
#7952 = CARTESIAN_POINT('',(-28.775,-8.9,3.4));
#7953 = SURFACE_CURVE('',#7954,(#7958,#7965),.PCURVE_S1.);
#7954 = LINE('',#7955,#7956);
#7955 = CARTESIAN_POINT('',(-28.775,-8.9,3.4));
#7956 = VECTOR('',#7957,1.);
#7957 = DIRECTION('',(0.,1.,0.));
#7958 = PCURVE('',#7794,#7959);
#7959 = DEFINITIONAL_REPRESENTATION('',(#7960),#7964);
#7960 = LINE('',#7961,#7962);
#7961 = CARTESIAN_POINT('',(1.2,0.));
#7962 = VECTOR('',#7963,1.);
#7963 = DIRECTION('',(0.,1.));
#7964 = ( GEOMETRIC_REPRESENTATION_CONTEXT(2) 
PARAMETRIC_REPRESENTATION_CONTEXT() REPRESENTATION_CONTEXT('2D SPACE',''
  ) );
#7965 = PCURVE('',#7766,#7966);
#7966 = DEFINITIONAL_REPRESENTATION('',(#7967),#7971);
#7967 = LINE('',#7968,#7969);
#7968 = CARTESIAN_POINT('',(0.,0.));
#7969 = VECTOR('',#7970,1.);
#7970 = DIRECTION('',(0.,-1.));
#7971 = ( GEOMETRIC_REPRESENTATION_CONTEXT(2) 
PARAMETRIC_REPRESENTATION_CONTEXT() REPRESENTATION_CONTEXT('2D SPACE',''
  ) );
#7972 = ORIENTED_EDGE('',*,*,#7973,.T.);
#7973 = EDGE_CURVE('',#7951,#7882,#7974,.T.);
#7974 = SURFACE_CURVE('',#7975,(#7979,#7986),.PCURVE_S1.);
#7975 = LINE('',#7976,#7977);
#7976 = CARTESIAN_POINT('',(-29.975,-8.9,3.4));
#7977 = VECTOR('',#7978,1.);
#7978 = DIRECTION('',(1.,0.,0.));
#7979 = PCURVE('',#7794,#7980);
#7980 = DEFINITIONAL_REPRESENTATION('',(#7981),#7985);
#7981 = LINE('',#7982,#7983);
#7982 = CARTESIAN_POINT('',(0.,0.));
#7983 = VECTOR('',#7984,1.);
#7984 = DIRECTION('',(1.,0.));
#7985 = ( GEOMETRIC_REPRESENTATION_CONTEXT(2) 
PARAMETRIC_REPRESENTATION_CONTEXT() REPRESENTATION_CONTEXT('2D SPACE',''
  ) );
#7986 = PCURVE('',#7656,#7987);
#7987 = DEFINITIONAL_REPRESENTATION('',(#7988),#7992);
#7988 = LINE('',#7989,#7990);
#7989 = CARTESIAN_POINT('',(1.33226762955E-15,3.552713678801E-15));
#7990 = VECTOR('',#7991,1.);
#7991 = DIRECTION('',(0.,1.));
#7992 = ( GEOMETRIC_REPRESENTATION_CONTEXT(2) 
PARAMETRIC_REPRESENTATION_CONTEXT() REPRESENTATION_CONTEXT('2D SPACE',''
  ) );
#7993 = ORIENTED_EDGE('',*,*,#7926,.T.);
#7994 = ORIENTED_EDGE('',*,*,#7778,.F.);
#7995 = ADVANCED_FACE('',(#7996),#7766,.T.);
#7996 = FACE_BOUND('',#7997,.T.);
#7997 = EDGE_LOOP('',(#7998,#8021,#8022,#8023));
#7998 = ORIENTED_EDGE('',*,*,#7999,.F.);
#7999 = EDGE_CURVE('',#7951,#8000,#8002,.T.);
#8000 = VERTEX_POINT('',#8001);
#8001 = CARTESIAN_POINT('',(-28.775,-8.9,20.79));
#8002 = SURFACE_CURVE('',#8003,(#8007,#8014),.PCURVE_S1.);
#8003 = LINE('',#8004,#8005);
#8004 = CARTESIAN_POINT('',(-28.775,-8.9,3.4));
#8005 = VECTOR('',#8006,1.);
#8006 = DIRECTION('',(0.,0.,1.));
#8007 = PCURVE('',#7766,#8008);
#8008 = DEFINITIONAL_REPRESENTATION('',(#8009),#8013);
#8009 = LINE('',#8010,#8011);
#8010 = CARTESIAN_POINT('',(0.,0.));
#8011 = VECTOR('',#8012,1.);
#8012 = DIRECTION('',(1.,0.));
#8013 = ( GEOMETRIC_REPRESENTATION_CONTEXT(2) 
PARAMETRIC_REPRESENTATION_CONTEXT() REPRESENTATION_CONTEXT('2D SPACE',''
  ) );
#8014 = PCURVE('',#7656,#8015);
#8015 = DEFINITIONAL_REPRESENTATION('',(#8016),#8020);
#8016 = LINE('',#8017,#8018);
#8017 = CARTESIAN_POINT('',(0.,1.2));
#8018 = VECTOR('',#8019,1.);
#8019 = DIRECTION('',(1.,0.));
#8020 = ( GEOMETRIC_REPRESENTATION_CONTEXT(2) 
PARAMETRIC_REPRESENTATION_CONTEXT() REPRESENTATION_CONTEXT('2D SPACE',''
  ) );
#8021 = ORIENTED_EDGE('',*,*,#7950,.T.);
#8022 = ORIENTED_EDGE('',*,*,#7748,.T.);
#8023 = ORIENTED_EDGE('',*,*,#8024,.F.);
#8024 = EDGE_CURVE('',#8000,#7751,#8025,.T.);
#8025 = SURFACE_CURVE('',#8026,(#8030,#8037),.PCURVE_S1.);
#8026 = LINE('',#8027,#8028);
#8027 = CARTESIAN_POINT('',(-28.775,-8.9,20.79));
#8028 = VECTOR('',#8029,1.);
#8029 = DIRECTION('',(0.,1.,0.));
#8030 = PCURVE('',#7766,#8031);
#8031 = DEFINITIONAL_REPRESENTATION('',(#8032),#8036);
#8032 = LINE('',#8033,#8034);
#8033 = CARTESIAN_POINT('',(17.39,-1.7763568394E-15));
#8034 = VECTOR('',#8035,1.);
#8035 = DIRECTION('',(0.,-1.));
#8036 = ( GEOMETRIC_REPRESENTATION_CONTEXT(2) 
PARAMETRIC_REPRESENTATION_CONTEXT() REPRESENTATION_CONTEXT('2D SPACE',''
  ) );
#8037 = PCURVE('',#5467,#8038);
#8038 = DEFINITIONAL_REPRESENTATION('',(#8039),#8043);
#8039 = LINE('',#8040,#8041);
#8040 = CARTESIAN_POINT('',(0.,29.505));
#8041 = VECTOR('',#8042,1.);
#8042 = DIRECTION('',(0.,1.));
#8043 = ( GEOMETRIC_REPRESENTATION_CONTEXT(2) 
PARAMETRIC_REPRESENTATION_CONTEXT() REPRESENTATION_CONTEXT('2D SPACE',''
  ) );
#8044 = ADVANCED_FACE('',(#8045),#7684,.F.);
#8045 = FACE_BOUND('',#8046,.F.);
#8046 = EDGE_LOOP('',(#8047,#8048,#8069,#8070));
#8047 = ORIENTED_EDGE('',*,*,#7668,.F.);
#8048 = ORIENTED_EDGE('',*,*,#8049,.T.);
#8049 = EDGE_CURVE('',#7641,#7880,#8050,.T.);
#8050 = SURFACE_CURVE('',#8051,(#8055,#8062),.PCURVE_S1.);
#8051 = LINE('',#8052,#8053);
#8052 = CARTESIAN_POINT('',(-29.975,-8.9,3.1));
#8053 = VECTOR('',#8054,1.);
#8054 = DIRECTION('',(1.,0.,0.));
#8055 = PCURVE('',#7684,#8056);
#8056 = DEFINITIONAL_REPRESENTATION('',(#8057),#8061);
#8057 = LINE('',#8058,#8059);
#8058 = CARTESIAN_POINT('',(0.,0.));
#8059 = VECTOR('',#8060,1.);
#8060 = DIRECTION('',(1.,0.));
#8061 = ( GEOMETRIC_REPRESENTATION_CONTEXT(2) 
PARAMETRIC_REPRESENTATION_CONTEXT() REPRESENTATION_CONTEXT('2D SPACE',''
  ) );
#8062 = PCURVE('',#7656,#8063);
#8063 = DEFINITIONAL_REPRESENTATION('',(#8064),#8068);
#8064 = LINE('',#8065,#8066);
#8065 = CARTESIAN_POINT('',(-0.3,3.552713678801E-15));
#8066 = VECTOR('',#8067,1.);
#8067 = DIRECTION('',(0.,1.));
#8068 = ( GEOMETRIC_REPRESENTATION_CONTEXT(2) 
PARAMETRIC_REPRESENTATION_CONTEXT() REPRESENTATION_CONTEXT('2D SPACE',''
  ) );
#8069 = ORIENTED_EDGE('',*,*,#7904,.T.);
#8070 = ORIENTED_EDGE('',*,*,#7834,.F.);
#8071 = ADVANCED_FACE('',(#8072),#7656,.F.);
#8072 = FACE_BOUND('',#8073,.F.);
#8073 = EDGE_LOOP('',(#8074,#8075,#8076,#8077,#8078,#8079,#8102));
#8074 = ORIENTED_EDGE('',*,*,#7999,.F.);
#8075 = ORIENTED_EDGE('',*,*,#7973,.T.);
#8076 = ORIENTED_EDGE('',*,*,#7879,.F.);
#8077 = ORIENTED_EDGE('',*,*,#8049,.F.);
#8078 = ORIENTED_EDGE('',*,*,#7640,.T.);
#8079 = ORIENTED_EDGE('',*,*,#8080,.T.);
#8080 = EDGE_CURVE('',#7618,#8081,#8083,.T.);
#8081 = VERTEX_POINT('',#8082);
#8082 = CARTESIAN_POINT('',(-28.775,-8.9,21.79));
#8083 = SURFACE_CURVE('',#8084,(#8088,#8095),.PCURVE_S1.);
#8084 = LINE('',#8085,#8086);
#8085 = CARTESIAN_POINT('',(-29.975,-8.9,21.79));
#8086 = VECTOR('',#8087,1.);
#8087 = DIRECTION('',(1.,0.,0.));
#8088 = PCURVE('',#7656,#8089);
#8089 = DEFINITIONAL_REPRESENTATION('',(#8090),#8094);
#8090 = LINE('',#8091,#8092);
#8091 = CARTESIAN_POINT('',(18.39,0.));
#8092 = VECTOR('',#8093,1.);
#8093 = DIRECTION('',(0.,1.));
#8094 = ( GEOMETRIC_REPRESENTATION_CONTEXT(2) 
PARAMETRIC_REPRESENTATION_CONTEXT() REPRESENTATION_CONTEXT('2D SPACE',''
  ) );
#8095 = PCURVE('',#5411,#8096);
#8096 = DEFINITIONAL_REPRESENTATION('',(#8097),#8101);
#8097 = LINE('',#8098,#8099);
#8098 = CARTESIAN_POINT('',(-1.2,29.505));
#8099 = VECTOR('',#8100,1.);
#8100 = DIRECTION('',(1.,0.));
#8101 = ( GEOMETRIC_REPRESENTATION_CONTEXT(2) 
PARAMETRIC_REPRESENTATION_CONTEXT() REPRESENTATION_CONTEXT('2D SPACE',''
  ) );
#8102 = ORIENTED_EDGE('',*,*,#8103,.F.);
#8103 = EDGE_CURVE('',#8000,#8081,#8104,.T.);
#8104 = SURFACE_CURVE('',#8105,(#8109,#8116),.PCURVE_S1.);
#8105 = LINE('',#8106,#8107);
#8106 = CARTESIAN_POINT('',(-28.775,-8.9,3.4));
#8107 = VECTOR('',#8108,1.);
#8108 = DIRECTION('',(0.,0.,1.));
#8109 = PCURVE('',#7656,#8110);
#8110 = DEFINITIONAL_REPRESENTATION('',(#8111),#8115);
#8111 = LINE('',#8112,#8113);
#8112 = CARTESIAN_POINT('',(0.,1.2));
#8113 = VECTOR('',#8114,1.);
#8114 = DIRECTION('',(1.,0.));
#8115 = ( GEOMETRIC_REPRESENTATION_CONTEXT(2) 
PARAMETRIC_REPRESENTATION_CONTEXT() REPRESENTATION_CONTEXT('2D SPACE',''
  ) );
#8116 = PCURVE('',#8117,#8122);
#8117 = PLANE('',#8118);
#8118 = AXIS2_PLACEMENT_3D('',#8119,#8120,#8121);
#8119 = CARTESIAN_POINT('',(-28.775,-38.405,20.79));
#8120 = DIRECTION('',(1.,0.,0.));
#8121 = DIRECTION('',(0.,0.,1.));
#8122 = DEFINITIONAL_REPRESENTATION('',(#8123),#8127);
#8123 = LINE('',#8124,#8125);
#8124 = CARTESIAN_POINT('',(-17.39,-29.505));
#8125 = VECTOR('',#8126,1.);
#8126 = DIRECTION('',(1.,0.));
#8127 = ( GEOMETRIC_REPRESENTATION_CONTEXT(2) 
PARAMETRIC_REPRESENTATION_CONTEXT() REPRESENTATION_CONTEXT('2D SPACE',''
  ) );
#8128 = ADVANCED_FACE('',(#8129),#8117,.F.);
#8129 = FACE_BOUND('',#8130,.F.);
#8130 = EDGE_LOOP('',(#8131,#8154,#8182,#8203));
#8131 = ORIENTED_EDGE('',*,*,#8132,.F.);
#8132 = EDGE_CURVE('',#8133,#8081,#8135,.T.);
#8133 = VERTEX_POINT('',#8134);
#8134 = CARTESIAN_POINT('',(-28.775,-24.9,21.79));
#8135 = SURFACE_CURVE('',#8136,(#8140,#8147),.PCURVE_S1.);
#8136 = LINE('',#8137,#8138);
#8137 = CARTESIAN_POINT('',(-28.775,-38.405,21.79));
#8138 = VECTOR('',#8139,1.);
#8139 = DIRECTION('',(0.,1.,0.));
#8140 = PCURVE('',#8117,#8141);
#8141 = DEFINITIONAL_REPRESENTATION('',(#8142),#8146);
#8142 = LINE('',#8143,#8144);
#8143 = CARTESIAN_POINT('',(1.,0.));
#8144 = VECTOR('',#8145,1.);
#8145 = DIRECTION('',(0.,-1.));
#8146 = ( GEOMETRIC_REPRESENTATION_CONTEXT(2) 
PARAMETRIC_REPRESENTATION_CONTEXT() REPRESENTATION_CONTEXT('2D SPACE',''
  ) );
#8147 = PCURVE('',#5411,#8148);
#8148 = DEFINITIONAL_REPRESENTATION('',(#8149),#8153);
#8149 = LINE('',#8150,#8151);
#8150 = CARTESIAN_POINT('',(0.,0.));
#8151 = VECTOR('',#8152,1.);
#8152 = DIRECTION('',(0.,1.));
#8153 = ( GEOMETRIC_REPRESENTATION_CONTEXT(2) 
PARAMETRIC_REPRESENTATION_CONTEXT() REPRESENTATION_CONTEXT('2D SPACE',''
  ) );
#8154 = ORIENTED_EDGE('',*,*,#8155,.F.);
#8155 = EDGE_CURVE('',#8156,#8133,#8158,.T.);
#8156 = VERTEX_POINT('',#8157);
#8157 = CARTESIAN_POINT('',(-28.775,-24.9,20.79));
#8158 = SURFACE_CURVE('',#8159,(#8163,#8170),.PCURVE_S1.);
#8159 = LINE('',#8160,#8161);
#8160 = CARTESIAN_POINT('',(-28.775,-24.9,3.4));
#8161 = VECTOR('',#8162,1.);
#8162 = DIRECTION('',(0.,0.,1.));
#8163 = PCURVE('',#8117,#8164);
#8164 = DEFINITIONAL_REPRESENTATION('',(#8165),#8169);
#8165 = LINE('',#8166,#8167);
#8166 = CARTESIAN_POINT('',(-17.39,-13.505));
#8167 = VECTOR('',#8168,1.);
#8168 = DIRECTION('',(1.,0.));
#8169 = ( GEOMETRIC_REPRESENTATION_CONTEXT(2) 
PARAMETRIC_REPRESENTATION_CONTEXT() REPRESENTATION_CONTEXT('2D SPACE',''
  ) );
#8170 = PCURVE('',#8171,#8176);
#8171 = PLANE('',#8172);
#8172 = AXIS2_PLACEMENT_3D('',#8173,#8174,#8175);
#8173 = CARTESIAN_POINT('',(-29.975,-24.9,3.4));
#8174 = DIRECTION('',(0.,1.,0.));
#8175 = DIRECTION('',(0.,0.,1.));
#8176 = DEFINITIONAL_REPRESENTATION('',(#8177),#8181);
#8177 = LINE('',#8178,#8179);
#8178 = CARTESIAN_POINT('',(0.,1.2));
#8179 = VECTOR('',#8180,1.);
#8180 = DIRECTION('',(1.,0.));
#8181 = ( GEOMETRIC_REPRESENTATION_CONTEXT(2) 
PARAMETRIC_REPRESENTATION_CONTEXT() REPRESENTATION_CONTEXT('2D SPACE',''
  ) );
#8182 = ORIENTED_EDGE('',*,*,#8183,.T.);
#8183 = EDGE_CURVE('',#8156,#8000,#8184,.T.);
#8184 = SURFACE_CURVE('',#8185,(#8189,#8196),.PCURVE_S1.);
#8185 = LINE('',#8186,#8187);
#8186 = CARTESIAN_POINT('',(-28.775,-38.405,20.79));
#8187 = VECTOR('',#8188,1.);
#8188 = DIRECTION('',(0.,1.,0.));
#8189 = PCURVE('',#8117,#8190);
#8190 = DEFINITIONAL_REPRESENTATION('',(#8191),#8195);
#8191 = LINE('',#8192,#8193);
#8192 = CARTESIAN_POINT('',(0.,0.));
#8193 = VECTOR('',#8194,1.);
#8194 = DIRECTION('',(0.,-1.));
#8195 = ( GEOMETRIC_REPRESENTATION_CONTEXT(2) 
PARAMETRIC_REPRESENTATION_CONTEXT() REPRESENTATION_CONTEXT('2D SPACE',''
  ) );
#8196 = PCURVE('',#5467,#8197);
#8197 = DEFINITIONAL_REPRESENTATION('',(#8198),#8202);
#8198 = LINE('',#8199,#8200);
#8199 = CARTESIAN_POINT('',(0.,0.));
#8200 = VECTOR('',#8201,1.);
#8201 = DIRECTION('',(0.,1.));
#8202 = ( GEOMETRIC_REPRESENTATION_CONTEXT(2) 
PARAMETRIC_REPRESENTATION_CONTEXT() REPRESENTATION_CONTEXT('2D SPACE',''
  ) );
#8203 = ORIENTED_EDGE('',*,*,#8103,.T.);
#8204 = ADVANCED_FACE('',(#8205),#8171,.T.);
#8205 = FACE_BOUND('',#8206,.T.);
#8206 = EDGE_LOOP('',(#8207,#8235,#8263,#8291,#8319,#8347,#8368));
#8207 = ORIENTED_EDGE('',*,*,#8208,.F.);
#8208 = EDGE_CURVE('',#8209,#8156,#8211,.T.);
#8209 = VERTEX_POINT('',#8210);
#8210 = CARTESIAN_POINT('',(-28.775,-24.9,3.4));
#8211 = SURFACE_CURVE('',#8212,(#8216,#8223),.PCURVE_S1.);
#8212 = LINE('',#8213,#8214);
#8213 = CARTESIAN_POINT('',(-28.775,-24.9,3.4));
#8214 = VECTOR('',#8215,1.);
#8215 = DIRECTION('',(0.,0.,1.));
#8216 = PCURVE('',#8171,#8217);
#8217 = DEFINITIONAL_REPRESENTATION('',(#8218),#8222);
#8218 = LINE('',#8219,#8220);
#8219 = CARTESIAN_POINT('',(0.,1.2));
#8220 = VECTOR('',#8221,1.);
#8221 = DIRECTION('',(1.,0.));
#8222 = ( GEOMETRIC_REPRESENTATION_CONTEXT(2) 
PARAMETRIC_REPRESENTATION_CONTEXT() REPRESENTATION_CONTEXT('2D SPACE',''
  ) );
#8223 = PCURVE('',#8224,#8229);
#8224 = PLANE('',#8225);
#8225 = AXIS2_PLACEMENT_3D('',#8226,#8227,#8228);
#8226 = CARTESIAN_POINT('',(-28.775,-28.9,3.4));
#8227 = DIRECTION('',(1.,0.,0.));
#8228 = DIRECTION('',(0.,0.,1.));
#8229 = DEFINITIONAL_REPRESENTATION('',(#8230),#8234);
#8230 = LINE('',#8231,#8232);
#8231 = CARTESIAN_POINT('',(0.,-4.));
#8232 = VECTOR('',#8233,1.);
#8233 = DIRECTION('',(1.,0.));
#8234 = ( GEOMETRIC_REPRESENTATION_CONTEXT(2) 
PARAMETRIC_REPRESENTATION_CONTEXT() REPRESENTATION_CONTEXT('2D SPACE',''
  ) );
#8235 = ORIENTED_EDGE('',*,*,#8236,.T.);
#8236 = EDGE_CURVE('',#8209,#8237,#8239,.T.);
#8237 = VERTEX_POINT('',#8238);
#8238 = CARTESIAN_POINT('',(-27.675,-24.9,3.4));
#8239 = SURFACE_CURVE('',#8240,(#8244,#8251),.PCURVE_S1.);
#8240 = LINE('',#8241,#8242);
#8241 = CARTESIAN_POINT('',(-29.975,-24.9,3.4));
#8242 = VECTOR('',#8243,1.);
#8243 = DIRECTION('',(1.,0.,0.));
#8244 = PCURVE('',#8171,#8245);
#8245 = DEFINITIONAL_REPRESENTATION('',(#8246),#8250);
#8246 = LINE('',#8247,#8248);
#8247 = CARTESIAN_POINT('',(1.33226762955E-15,3.552713678801E-15));
#8248 = VECTOR('',#8249,1.);
#8249 = DIRECTION('',(0.,1.));
#8250 = ( GEOMETRIC_REPRESENTATION_CONTEXT(2) 
PARAMETRIC_REPRESENTATION_CONTEXT() REPRESENTATION_CONTEXT('2D SPACE',''
  ) );
#8251 = PCURVE('',#8252,#8257);
#8252 = PLANE('',#8253);
#8253 = AXIS2_PLACEMENT_3D('',#8254,#8255,#8256);
#8254 = CARTESIAN_POINT('',(-29.975,-28.9,3.4));
#8255 = DIRECTION('',(0.,0.,1.));
#8256 = DIRECTION('',(1.,0.,0.));
#8257 = DEFINITIONAL_REPRESENTATION('',(#8258),#8262);
#8258 = LINE('',#8259,#8260);
#8259 = CARTESIAN_POINT('',(0.,4.));
#8260 = VECTOR('',#8261,1.);
#8261 = DIRECTION('',(1.,0.));
#8262 = ( GEOMETRIC_REPRESENTATION_CONTEXT(2) 
PARAMETRIC_REPRESENTATION_CONTEXT() REPRESENTATION_CONTEXT('2D SPACE',''
  ) );
#8263 = ORIENTED_EDGE('',*,*,#8264,.F.);
#8264 = EDGE_CURVE('',#8265,#8237,#8267,.T.);
#8265 = VERTEX_POINT('',#8266);
#8266 = CARTESIAN_POINT('',(-27.675,-24.9,3.1));
#8267 = SURFACE_CURVE('',#8268,(#8272,#8279),.PCURVE_S1.);
#8268 = LINE('',#8269,#8270);
#8269 = CARTESIAN_POINT('',(-27.675,-24.9,3.1));
#8270 = VECTOR('',#8271,1.);
#8271 = DIRECTION('',(0.,0.,1.));
#8272 = PCURVE('',#8171,#8273);
#8273 = DEFINITIONAL_REPRESENTATION('',(#8274),#8278);
#8274 = LINE('',#8275,#8276);
#8275 = CARTESIAN_POINT('',(-0.3,2.3));
#8276 = VECTOR('',#8277,1.);
#8277 = DIRECTION('',(1.,0.));
#8278 = ( GEOMETRIC_REPRESENTATION_CONTEXT(2) 
PARAMETRIC_REPRESENTATION_CONTEXT() REPRESENTATION_CONTEXT('2D SPACE',''
  ) );
#8279 = PCURVE('',#8280,#8285);
#8280 = PLANE('',#8281);
#8281 = AXIS2_PLACEMENT_3D('',#8282,#8283,#8284);
#8282 = CARTESIAN_POINT('',(-27.675,-28.9,3.1));
#8283 = DIRECTION('',(1.,0.,0.));
#8284 = DIRECTION('',(0.,0.,1.));
#8285 = DEFINITIONAL_REPRESENTATION('',(#8286),#8290);
#8286 = LINE('',#8287,#8288);
#8287 = CARTESIAN_POINT('',(0.,-4.));
#8288 = VECTOR('',#8289,1.);
#8289 = DIRECTION('',(1.,0.));
#8290 = ( GEOMETRIC_REPRESENTATION_CONTEXT(2) 
PARAMETRIC_REPRESENTATION_CONTEXT() REPRESENTATION_CONTEXT('2D SPACE',''
  ) );
#8291 = ORIENTED_EDGE('',*,*,#8292,.F.);
#8292 = EDGE_CURVE('',#8293,#8265,#8295,.T.);
#8293 = VERTEX_POINT('',#8294);
#8294 = CARTESIAN_POINT('',(-29.975,-24.9,3.1));
#8295 = SURFACE_CURVE('',#8296,(#8300,#8307),.PCURVE_S1.);
#8296 = LINE('',#8297,#8298);
#8297 = CARTESIAN_POINT('',(-29.975,-24.9,3.1));
#8298 = VECTOR('',#8299,1.);
#8299 = DIRECTION('',(1.,0.,0.));
#8300 = PCURVE('',#8171,#8301);
#8301 = DEFINITIONAL_REPRESENTATION('',(#8302),#8306);
#8302 = LINE('',#8303,#8304);
#8303 = CARTESIAN_POINT('',(-0.3,3.552713678801E-15));
#8304 = VECTOR('',#8305,1.);
#8305 = DIRECTION('',(0.,1.));
#8306 = ( GEOMETRIC_REPRESENTATION_CONTEXT(2) 
PARAMETRIC_REPRESENTATION_CONTEXT() REPRESENTATION_CONTEXT('2D SPACE',''
  ) );
#8307 = PCURVE('',#8308,#8313);
#8308 = PLANE('',#8309);
#8309 = AXIS2_PLACEMENT_3D('',#8310,#8311,#8312);
#8310 = CARTESIAN_POINT('',(-29.975,-28.9,3.1));
#8311 = DIRECTION('',(0.,0.,1.));
#8312 = DIRECTION('',(1.,0.,0.));
#8313 = DEFINITIONAL_REPRESENTATION('',(#8314),#8318);
#8314 = LINE('',#8315,#8316);
#8315 = CARTESIAN_POINT('',(0.,4.));
#8316 = VECTOR('',#8317,1.);
#8317 = DIRECTION('',(1.,0.));
#8318 = ( GEOMETRIC_REPRESENTATION_CONTEXT(2) 
PARAMETRIC_REPRESENTATION_CONTEXT() REPRESENTATION_CONTEXT('2D SPACE',''
  ) );
#8319 = ORIENTED_EDGE('',*,*,#8320,.T.);
#8320 = EDGE_CURVE('',#8293,#8321,#8323,.T.);
#8321 = VERTEX_POINT('',#8322);
#8322 = CARTESIAN_POINT('',(-29.975,-24.9,21.79));
#8323 = SURFACE_CURVE('',#8324,(#8328,#8335),.PCURVE_S1.);
#8324 = LINE('',#8325,#8326);
#8325 = CARTESIAN_POINT('',(-29.975,-24.9,3.1));
#8326 = VECTOR('',#8327,1.);
#8327 = DIRECTION('',(-1.900863391547E-16,0.,1.));
#8328 = PCURVE('',#8171,#8329);
#8329 = DEFINITIONAL_REPRESENTATION('',(#8330),#8334);
#8330 = LINE('',#8331,#8332);
#8331 = CARTESIAN_POINT('',(-0.3,3.552713678801E-15));
#8332 = VECTOR('',#8333,1.);
#8333 = DIRECTION('',(1.,-1.900863391547E-16));
#8334 = ( GEOMETRIC_REPRESENTATION_CONTEXT(2) 
PARAMETRIC_REPRESENTATION_CONTEXT() REPRESENTATION_CONTEXT('2D SPACE',''
  ) );
#8335 = PCURVE('',#8336,#8341);
#8336 = PLANE('',#8337);
#8337 = AXIS2_PLACEMENT_3D('',#8338,#8339,#8340);
#8338 = CARTESIAN_POINT('',(-29.975,-28.9,3.4));
#8339 = DIRECTION('',(1.,0.,0.));
#8340 = DIRECTION('',(0.,0.,1.));
#8341 = DEFINITIONAL_REPRESENTATION('',(#8342),#8346);
#8342 = LINE('',#8343,#8344);
#8343 = CARTESIAN_POINT('',(-0.3,-4.));
#8344 = VECTOR('',#8345,1.);
#8345 = DIRECTION('',(1.,0.));
#8346 = ( GEOMETRIC_REPRESENTATION_CONTEXT(2) 
PARAMETRIC_REPRESENTATION_CONTEXT() REPRESENTATION_CONTEXT('2D SPACE',''
  ) );
#8347 = ORIENTED_EDGE('',*,*,#8348,.T.);
#8348 = EDGE_CURVE('',#8321,#8133,#8349,.T.);
#8349 = SURFACE_CURVE('',#8350,(#8354,#8361),.PCURVE_S1.);
#8350 = LINE('',#8351,#8352);
#8351 = CARTESIAN_POINT('',(-29.975,-24.9,21.79));
#8352 = VECTOR('',#8353,1.);
#8353 = DIRECTION('',(1.,0.,0.));
#8354 = PCURVE('',#8171,#8355);
#8355 = DEFINITIONAL_REPRESENTATION('',(#8356),#8360);
#8356 = LINE('',#8357,#8358);
#8357 = CARTESIAN_POINT('',(18.39,0.));
#8358 = VECTOR('',#8359,1.);
#8359 = DIRECTION('',(0.,1.));
#8360 = ( GEOMETRIC_REPRESENTATION_CONTEXT(2) 
PARAMETRIC_REPRESENTATION_CONTEXT() REPRESENTATION_CONTEXT('2D SPACE',''
  ) );
#8361 = PCURVE('',#5411,#8362);
#8362 = DEFINITIONAL_REPRESENTATION('',(#8363),#8367);
#8363 = LINE('',#8364,#8365);
#8364 = CARTESIAN_POINT('',(-1.2,13.505));
#8365 = VECTOR('',#8366,1.);
#8366 = DIRECTION('',(1.,0.));
#8367 = ( GEOMETRIC_REPRESENTATION_CONTEXT(2) 
PARAMETRIC_REPRESENTATION_CONTEXT() REPRESENTATION_CONTEXT('2D SPACE',''
  ) );
#8368 = ORIENTED_EDGE('',*,*,#8155,.F.);
#8369 = ADVANCED_FACE('',(#8370),#8336,.F.);
#8370 = FACE_BOUND('',#8371,.F.);
#8371 = EDGE_LOOP('',(#8372,#8397,#8418,#8419));
#8372 = ORIENTED_EDGE('',*,*,#8373,.T.);
#8373 = EDGE_CURVE('',#8374,#8376,#8378,.T.);
#8374 = VERTEX_POINT('',#8375);
#8375 = CARTESIAN_POINT('',(-29.975,-28.9,21.79));
#8376 = VERTEX_POINT('',#8377);
#8377 = CARTESIAN_POINT('',(-29.975,-28.9,3.1));
#8378 = SURFACE_CURVE('',#8379,(#8383,#8390),.PCURVE_S1.);
#8379 = LINE('',#8380,#8381);
#8380 = CARTESIAN_POINT('',(-29.975,-28.9,21.79));
#8381 = VECTOR('',#8382,1.);
#8382 = DIRECTION('',(1.900863391547E-16,0.,-1.));
#8383 = PCURVE('',#8336,#8384);
#8384 = DEFINITIONAL_REPRESENTATION('',(#8385),#8389);
#8385 = LINE('',#8386,#8387);
#8386 = CARTESIAN_POINT('',(18.39,0.));
#8387 = VECTOR('',#8388,1.);
#8388 = DIRECTION('',(-1.,0.));
#8389 = ( GEOMETRIC_REPRESENTATION_CONTEXT(2) 
PARAMETRIC_REPRESENTATION_CONTEXT() REPRESENTATION_CONTEXT('2D SPACE',''
  ) );
#8390 = PCURVE('',#5493,#8391);
#8391 = DEFINITIONAL_REPRESENTATION('',(#8392),#8396);
#8392 = LINE('',#8393,#8394);
#8393 = CARTESIAN_POINT('',(18.39,0.));
#8394 = VECTOR('',#8395,1.);
#8395 = DIRECTION('',(-1.,1.900863391547E-16));
#8396 = ( GEOMETRIC_REPRESENTATION_CONTEXT(2) 
PARAMETRIC_REPRESENTATION_CONTEXT() REPRESENTATION_CONTEXT('2D SPACE',''
  ) );
#8397 = ORIENTED_EDGE('',*,*,#8398,.T.);
#8398 = EDGE_CURVE('',#8376,#8293,#8399,.T.);
#8399 = SURFACE_CURVE('',#8400,(#8404,#8411),.PCURVE_S1.);
#8400 = LINE('',#8401,#8402);
#8401 = CARTESIAN_POINT('',(-29.975,-28.9,3.1));
#8402 = VECTOR('',#8403,1.);
#8403 = DIRECTION('',(0.,1.,0.));
#8404 = PCURVE('',#8336,#8405);
#8405 = DEFINITIONAL_REPRESENTATION('',(#8406),#8410);
#8406 = LINE('',#8407,#8408);
#8407 = CARTESIAN_POINT('',(-0.3,0.));
#8408 = VECTOR('',#8409,1.);
#8409 = DIRECTION('',(0.,-1.));
#8410 = ( GEOMETRIC_REPRESENTATION_CONTEXT(2) 
PARAMETRIC_REPRESENTATION_CONTEXT() REPRESENTATION_CONTEXT('2D SPACE',''
  ) );
#8411 = PCURVE('',#8308,#8412);
#8412 = DEFINITIONAL_REPRESENTATION('',(#8413),#8417);
#8413 = LINE('',#8414,#8415);
#8414 = CARTESIAN_POINT('',(0.,0.));
#8415 = VECTOR('',#8416,1.);
#8416 = DIRECTION('',(0.,1.));
#8417 = ( GEOMETRIC_REPRESENTATION_CONTEXT(2) 
PARAMETRIC_REPRESENTATION_CONTEXT() REPRESENTATION_CONTEXT('2D SPACE',''
  ) );
#8418 = ORIENTED_EDGE('',*,*,#8320,.T.);
#8419 = ORIENTED_EDGE('',*,*,#8420,.F.);
#8420 = EDGE_CURVE('',#8374,#8321,#8421,.T.);
#8421 = SURFACE_CURVE('',#8422,(#8426,#8433),.PCURVE_S1.);
#8422 = LINE('',#8423,#8424);
#8423 = CARTESIAN_POINT('',(-29.975,-28.9,21.79));
#8424 = VECTOR('',#8425,1.);
#8425 = DIRECTION('',(0.,1.,0.));
#8426 = PCURVE('',#8336,#8427);
#8427 = DEFINITIONAL_REPRESENTATION('',(#8428),#8432);
#8428 = LINE('',#8429,#8430);
#8429 = CARTESIAN_POINT('',(18.39,0.));
#8430 = VECTOR('',#8431,1.);
#8431 = DIRECTION('',(0.,-1.));
#8432 = ( GEOMETRIC_REPRESENTATION_CONTEXT(2) 
PARAMETRIC_REPRESENTATION_CONTEXT() REPRESENTATION_CONTEXT('2D SPACE',''
  ) );
#8433 = PCURVE('',#5411,#8434);
#8434 = DEFINITIONAL_REPRESENTATION('',(#8435),#8439);
#8435 = LINE('',#8436,#8437);
#8436 = CARTESIAN_POINT('',(-1.2,9.505));
#8437 = VECTOR('',#8438,1.);
#8438 = DIRECTION('',(0.,1.));
#8439 = ( GEOMETRIC_REPRESENTATION_CONTEXT(2) 
PARAMETRIC_REPRESENTATION_CONTEXT() REPRESENTATION_CONTEXT('2D SPACE',''
  ) );
#8440 = ADVANCED_FACE('',(#8441),#8308,.F.);
#8441 = FACE_BOUND('',#8442,.F.);
#8442 = EDGE_LOOP('',(#8443,#8444,#8467,#8488));
#8443 = ORIENTED_EDGE('',*,*,#8398,.F.);
#8444 = ORIENTED_EDGE('',*,*,#8445,.T.);
#8445 = EDGE_CURVE('',#8376,#8446,#8448,.T.);
#8446 = VERTEX_POINT('',#8447);
#8447 = CARTESIAN_POINT('',(-27.675,-28.9,3.1));
#8448 = SURFACE_CURVE('',#8449,(#8453,#8460),.PCURVE_S1.);
#8449 = LINE('',#8450,#8451);
#8450 = CARTESIAN_POINT('',(-29.975,-28.9,3.1));
#8451 = VECTOR('',#8452,1.);
#8452 = DIRECTION('',(1.,0.,0.));
#8453 = PCURVE('',#8308,#8454);
#8454 = DEFINITIONAL_REPRESENTATION('',(#8455),#8459);
#8455 = LINE('',#8456,#8457);
#8456 = CARTESIAN_POINT('',(0.,0.));
#8457 = VECTOR('',#8458,1.);
#8458 = DIRECTION('',(1.,0.));
#8459 = ( GEOMETRIC_REPRESENTATION_CONTEXT(2) 
PARAMETRIC_REPRESENTATION_CONTEXT() REPRESENTATION_CONTEXT('2D SPACE',''
  ) );
#8460 = PCURVE('',#5493,#8461);
#8461 = DEFINITIONAL_REPRESENTATION('',(#8462),#8466);
#8462 = LINE('',#8463,#8464);
#8463 = CARTESIAN_POINT('',(-0.3,3.552713678801E-15));
#8464 = VECTOR('',#8465,1.);
#8465 = DIRECTION('',(0.,1.));
#8466 = ( GEOMETRIC_REPRESENTATION_CONTEXT(2) 
PARAMETRIC_REPRESENTATION_CONTEXT() REPRESENTATION_CONTEXT('2D SPACE',''
  ) );
#8467 = ORIENTED_EDGE('',*,*,#8468,.T.);
#8468 = EDGE_CURVE('',#8446,#8265,#8469,.T.);
#8469 = SURFACE_CURVE('',#8470,(#8474,#8481),.PCURVE_S1.);
#8470 = LINE('',#8471,#8472);
#8471 = CARTESIAN_POINT('',(-27.675,-28.9,3.1));
#8472 = VECTOR('',#8473,1.);
#8473 = DIRECTION('',(0.,1.,0.));
#8474 = PCURVE('',#8308,#8475);
#8475 = DEFINITIONAL_REPRESENTATION('',(#8476),#8480);
#8476 = LINE('',#8477,#8478);
#8477 = CARTESIAN_POINT('',(2.3,0.));
#8478 = VECTOR('',#8479,1.);
#8479 = DIRECTION('',(0.,1.));
#8480 = ( GEOMETRIC_REPRESENTATION_CONTEXT(2) 
PARAMETRIC_REPRESENTATION_CONTEXT() REPRESENTATION_CONTEXT('2D SPACE',''
  ) );
#8481 = PCURVE('',#8280,#8482);
#8482 = DEFINITIONAL_REPRESENTATION('',(#8483),#8487);
#8483 = LINE('',#8484,#8485);
#8484 = CARTESIAN_POINT('',(0.,0.));
#8485 = VECTOR('',#8486,1.);
#8486 = DIRECTION('',(0.,-1.));
#8487 = ( GEOMETRIC_REPRESENTATION_CONTEXT(2) 
PARAMETRIC_REPRESENTATION_CONTEXT() REPRESENTATION_CONTEXT('2D SPACE',''
  ) );
#8488 = ORIENTED_EDGE('',*,*,#8292,.F.);
#8489 = ADVANCED_FACE('',(#8490),#8280,.T.);
#8490 = FACE_BOUND('',#8491,.T.);
#8491 = EDGE_LOOP('',(#8492,#8515,#8516,#8517));
#8492 = ORIENTED_EDGE('',*,*,#8493,.F.);
#8493 = EDGE_CURVE('',#8446,#8494,#8496,.T.);
#8494 = VERTEX_POINT('',#8495);
#8495 = CARTESIAN_POINT('',(-27.675,-28.9,3.4));
#8496 = SURFACE_CURVE('',#8497,(#8501,#8508),.PCURVE_S1.);
#8497 = LINE('',#8498,#8499);
#8498 = CARTESIAN_POINT('',(-27.675,-28.9,3.1));
#8499 = VECTOR('',#8500,1.);
#8500 = DIRECTION('',(0.,0.,1.));
#8501 = PCURVE('',#8280,#8502);
#8502 = DEFINITIONAL_REPRESENTATION('',(#8503),#8507);
#8503 = LINE('',#8504,#8505);
#8504 = CARTESIAN_POINT('',(0.,0.));
#8505 = VECTOR('',#8506,1.);
#8506 = DIRECTION('',(1.,0.));
#8507 = ( GEOMETRIC_REPRESENTATION_CONTEXT(2) 
PARAMETRIC_REPRESENTATION_CONTEXT() REPRESENTATION_CONTEXT('2D SPACE',''
  ) );
#8508 = PCURVE('',#5493,#8509);
#8509 = DEFINITIONAL_REPRESENTATION('',(#8510),#8514);
#8510 = LINE('',#8511,#8512);
#8511 = CARTESIAN_POINT('',(-0.3,2.3));
#8512 = VECTOR('',#8513,1.);
#8513 = DIRECTION('',(1.,0.));
#8514 = ( GEOMETRIC_REPRESENTATION_CONTEXT(2) 
PARAMETRIC_REPRESENTATION_CONTEXT() REPRESENTATION_CONTEXT('2D SPACE',''
  ) );
#8515 = ORIENTED_EDGE('',*,*,#8468,.T.);
#8516 = ORIENTED_EDGE('',*,*,#8264,.T.);
#8517 = ORIENTED_EDGE('',*,*,#8518,.F.);
#8518 = EDGE_CURVE('',#8494,#8237,#8519,.T.);
#8519 = SURFACE_CURVE('',#8520,(#8524,#8531),.PCURVE_S1.);
#8520 = LINE('',#8521,#8522);
#8521 = CARTESIAN_POINT('',(-27.675,-28.9,3.4));
#8522 = VECTOR('',#8523,1.);
#8523 = DIRECTION('',(0.,1.,0.));
#8524 = PCURVE('',#8280,#8525);
#8525 = DEFINITIONAL_REPRESENTATION('',(#8526),#8530);
#8526 = LINE('',#8527,#8528);
#8527 = CARTESIAN_POINT('',(0.3,0.));
#8528 = VECTOR('',#8529,1.);
#8529 = DIRECTION('',(0.,-1.));
#8530 = ( GEOMETRIC_REPRESENTATION_CONTEXT(2) 
PARAMETRIC_REPRESENTATION_CONTEXT() REPRESENTATION_CONTEXT('2D SPACE',''
  ) );
#8531 = PCURVE('',#8252,#8532);
#8532 = DEFINITIONAL_REPRESENTATION('',(#8533),#8537);
#8533 = LINE('',#8534,#8535);
#8534 = CARTESIAN_POINT('',(2.3,0.));
#8535 = VECTOR('',#8536,1.);
#8536 = DIRECTION('',(0.,1.));
#8537 = ( GEOMETRIC_REPRESENTATION_CONTEXT(2) 
PARAMETRIC_REPRESENTATION_CONTEXT() REPRESENTATION_CONTEXT('2D SPACE',''
  ) );
#8538 = ADVANCED_FACE('',(#8539),#8252,.T.);
#8539 = FACE_BOUND('',#8540,.T.);
#8540 = EDGE_LOOP('',(#8541,#8564,#8585,#8586));
#8541 = ORIENTED_EDGE('',*,*,#8542,.F.);
#8542 = EDGE_CURVE('',#8543,#8209,#8545,.T.);
#8543 = VERTEX_POINT('',#8544);
#8544 = CARTESIAN_POINT('',(-28.775,-28.9,3.4));
#8545 = SURFACE_CURVE('',#8546,(#8550,#8557),.PCURVE_S1.);
#8546 = LINE('',#8547,#8548);
#8547 = CARTESIAN_POINT('',(-28.775,-28.9,3.4));
#8548 = VECTOR('',#8549,1.);
#8549 = DIRECTION('',(0.,1.,0.));
#8550 = PCURVE('',#8252,#8551);
#8551 = DEFINITIONAL_REPRESENTATION('',(#8552),#8556);
#8552 = LINE('',#8553,#8554);
#8553 = CARTESIAN_POINT('',(1.2,0.));
#8554 = VECTOR('',#8555,1.);
#8555 = DIRECTION('',(0.,1.));
#8556 = ( GEOMETRIC_REPRESENTATION_CONTEXT(2) 
PARAMETRIC_REPRESENTATION_CONTEXT() REPRESENTATION_CONTEXT('2D SPACE',''
  ) );
#8557 = PCURVE('',#8224,#8558);
#8558 = DEFINITIONAL_REPRESENTATION('',(#8559),#8563);
#8559 = LINE('',#8560,#8561);
#8560 = CARTESIAN_POINT('',(0.,0.));
#8561 = VECTOR('',#8562,1.);
#8562 = DIRECTION('',(0.,-1.));
#8563 = ( GEOMETRIC_REPRESENTATION_CONTEXT(2) 
PARAMETRIC_REPRESENTATION_CONTEXT() REPRESENTATION_CONTEXT('2D SPACE',''
  ) );
#8564 = ORIENTED_EDGE('',*,*,#8565,.T.);
#8565 = EDGE_CURVE('',#8543,#8494,#8566,.T.);
#8566 = SURFACE_CURVE('',#8567,(#8571,#8578),.PCURVE_S1.);
#8567 = LINE('',#8568,#8569);
#8568 = CARTESIAN_POINT('',(-29.975,-28.9,3.4));
#8569 = VECTOR('',#8570,1.);
#8570 = DIRECTION('',(1.,0.,0.));
#8571 = PCURVE('',#8252,#8572);
#8572 = DEFINITIONAL_REPRESENTATION('',(#8573),#8577);
#8573 = LINE('',#8574,#8575);
#8574 = CARTESIAN_POINT('',(0.,0.));
#8575 = VECTOR('',#8576,1.);
#8576 = DIRECTION('',(1.,0.));
#8577 = ( GEOMETRIC_REPRESENTATION_CONTEXT(2) 
PARAMETRIC_REPRESENTATION_CONTEXT() REPRESENTATION_CONTEXT('2D SPACE',''
  ) );
#8578 = PCURVE('',#5493,#8579);
#8579 = DEFINITIONAL_REPRESENTATION('',(#8580),#8584);
#8580 = LINE('',#8581,#8582);
#8581 = CARTESIAN_POINT('',(1.33226762955E-15,3.552713678801E-15));
#8582 = VECTOR('',#8583,1.);
#8583 = DIRECTION('',(0.,1.));
#8584 = ( GEOMETRIC_REPRESENTATION_CONTEXT(2) 
PARAMETRIC_REPRESENTATION_CONTEXT() REPRESENTATION_CONTEXT('2D SPACE',''
  ) );
#8585 = ORIENTED_EDGE('',*,*,#8518,.T.);
#8586 = ORIENTED_EDGE('',*,*,#8236,.F.);
#8587 = ADVANCED_FACE('',(#8588),#8224,.T.);
#8588 = FACE_BOUND('',#8589,.T.);
#8589 = EDGE_LOOP('',(#8590,#8611,#8612,#8613));
#8590 = ORIENTED_EDGE('',*,*,#8591,.F.);
#8591 = EDGE_CURVE('',#8543,#5452,#8592,.T.);
#8592 = SURFACE_CURVE('',#8593,(#8597,#8604),.PCURVE_S1.);
#8593 = LINE('',#8594,#8595);
#8594 = CARTESIAN_POINT('',(-28.775,-28.9,3.4));
#8595 = VECTOR('',#8596,1.);
#8596 = DIRECTION('',(0.,0.,1.));
#8597 = PCURVE('',#8224,#8598);
#8598 = DEFINITIONAL_REPRESENTATION('',(#8599),#8603);
#8599 = LINE('',#8600,#8601);
#8600 = CARTESIAN_POINT('',(0.,0.));
#8601 = VECTOR('',#8602,1.);
#8602 = DIRECTION('',(1.,0.));
#8603 = ( GEOMETRIC_REPRESENTATION_CONTEXT(2) 
PARAMETRIC_REPRESENTATION_CONTEXT() REPRESENTATION_CONTEXT('2D SPACE',''
  ) );
#8604 = PCURVE('',#5493,#8605);
#8605 = DEFINITIONAL_REPRESENTATION('',(#8606),#8610);
#8606 = LINE('',#8607,#8608);
#8607 = CARTESIAN_POINT('',(0.,1.2));
#8608 = VECTOR('',#8609,1.);
#8609 = DIRECTION('',(1.,0.));
#8610 = ( GEOMETRIC_REPRESENTATION_CONTEXT(2) 
PARAMETRIC_REPRESENTATION_CONTEXT() REPRESENTATION_CONTEXT('2D SPACE',''
  ) );
#8611 = ORIENTED_EDGE('',*,*,#8542,.T.);
#8612 = ORIENTED_EDGE('',*,*,#8208,.T.);
#8613 = ORIENTED_EDGE('',*,*,#8614,.F.);
#8614 = EDGE_CURVE('',#5452,#8156,#8615,.T.);
#8615 = SURFACE_CURVE('',#8616,(#8620,#8627),.PCURVE_S1.);
#8616 = LINE('',#8617,#8618);
#8617 = CARTESIAN_POINT('',(-28.775,-38.405,20.79));
#8618 = VECTOR('',#8619,1.);
#8619 = DIRECTION('',(0.,1.,0.));
#8620 = PCURVE('',#8224,#8621);
#8621 = DEFINITIONAL_REPRESENTATION('',(#8622),#8626);
#8622 = LINE('',#8623,#8624);
#8623 = CARTESIAN_POINT('',(17.39,9.505));
#8624 = VECTOR('',#8625,1.);
#8625 = DIRECTION('',(0.,-1.));
#8626 = ( GEOMETRIC_REPRESENTATION_CONTEXT(2) 
PARAMETRIC_REPRESENTATION_CONTEXT() REPRESENTATION_CONTEXT('2D SPACE',''
  ) );
#8627 = PCURVE('',#5467,#8628);
#8628 = DEFINITIONAL_REPRESENTATION('',(#8629),#8633);
#8629 = LINE('',#8630,#8631);
#8630 = CARTESIAN_POINT('',(0.,0.));
#8631 = VECTOR('',#8632,1.);
#8632 = DIRECTION('',(0.,1.));
#8633 = ( GEOMETRIC_REPRESENTATION_CONTEXT(2) 
PARAMETRIC_REPRESENTATION_CONTEXT() REPRESENTATION_CONTEXT('2D SPACE',''
  ) );
#8634 = ADVANCED_FACE('',(#8635),#6064,.T.);
#8635 = FACE_BOUND('',#8636,.T.);
#8636 = EDGE_LOOP('',(#8637,#8638,#8659,#8660));
#8637 = ORIENTED_EDGE('',*,*,#6274,.F.);
#8638 = ORIENTED_EDGE('',*,*,#8639,.F.);
#8639 = EDGE_CURVE('',#6021,#6252,#8640,.T.);
#8640 = SURFACE_CURVE('',#8641,(#8645,#8652),.PCURVE_S1.);
#8641 = LINE('',#8642,#8643);
#8642 = CARTESIAN_POINT('',(27.675,-28.9,3.4));
#8643 = VECTOR('',#8644,1.);
#8644 = DIRECTION('',(0.,1.,0.));
#8645 = PCURVE('',#6064,#8646);
#8646 = DEFINITIONAL_REPRESENTATION('',(#8647),#8651);
#8647 = LINE('',#8648,#8649);
#8648 = CARTESIAN_POINT('',(0.,0.));
#8649 = VECTOR('',#8650,1.);
#8650 = DIRECTION('',(0.,1.));
#8651 = ( GEOMETRIC_REPRESENTATION_CONTEXT(2) 
PARAMETRIC_REPRESENTATION_CONTEXT() REPRESENTATION_CONTEXT('2D SPACE',''
  ) );
#8652 = PCURVE('',#6036,#8653);
#8653 = DEFINITIONAL_REPRESENTATION('',(#8654),#8658);
#8654 = LINE('',#8655,#8656);
#8655 = CARTESIAN_POINT('',(0.3,0.));
#8656 = VECTOR('',#8657,1.);
#8657 = DIRECTION('',(0.,-1.));
#8658 = ( GEOMETRIC_REPRESENTATION_CONTEXT(2) 
PARAMETRIC_REPRESENTATION_CONTEXT() REPRESENTATION_CONTEXT('2D SPACE',''
  ) );
#8659 = ORIENTED_EDGE('',*,*,#6048,.T.);
#8660 = ORIENTED_EDGE('',*,*,#6128,.T.);
#8661 = ADVANCED_FACE('',(#8662),#6036,.F.);
#8662 = FACE_BOUND('',#8663,.F.);
#8663 = EDGE_LOOP('',(#8664,#8665,#8686,#8687));
#8664 = ORIENTED_EDGE('',*,*,#6020,.F.);
#8665 = ORIENTED_EDGE('',*,*,#8666,.T.);
#8666 = EDGE_CURVE('',#5993,#6229,#8667,.T.);
#8667 = SURFACE_CURVE('',#8668,(#8672,#8679),.PCURVE_S1.);
#8668 = LINE('',#8669,#8670);
#8669 = CARTESIAN_POINT('',(27.675,-28.9,3.1));
#8670 = VECTOR('',#8671,1.);
#8671 = DIRECTION('',(0.,1.,0.));
#8672 = PCURVE('',#6036,#8673);
#8673 = DEFINITIONAL_REPRESENTATION('',(#8674),#8678);
#8674 = LINE('',#8675,#8676);
#8675 = CARTESIAN_POINT('',(0.,0.));
#8676 = VECTOR('',#8677,1.);
#8677 = DIRECTION('',(0.,-1.));
#8678 = ( GEOMETRIC_REPRESENTATION_CONTEXT(2) 
PARAMETRIC_REPRESENTATION_CONTEXT() REPRESENTATION_CONTEXT('2D SPACE',''
  ) );
#8679 = PCURVE('',#6008,#8680);
#8680 = DEFINITIONAL_REPRESENTATION('',(#8681),#8685);
#8681 = LINE('',#8682,#8683);
#8682 = CARTESIAN_POINT('',(0.,0.));
#8683 = VECTOR('',#8684,1.);
#8684 = DIRECTION('',(0.,1.));
#8685 = ( GEOMETRIC_REPRESENTATION_CONTEXT(2) 
PARAMETRIC_REPRESENTATION_CONTEXT() REPRESENTATION_CONTEXT('2D SPACE',''
  ) );
#8686 = ORIENTED_EDGE('',*,*,#6251,.T.);
#8687 = ORIENTED_EDGE('',*,*,#8639,.F.);
#8688 = ADVANCED_FACE('',(#8689),#6008,.F.);
#8689 = FACE_BOUND('',#8690,.F.);
#8690 = EDGE_LOOP('',(#8691,#8692,#8693,#8714));
#8691 = ORIENTED_EDGE('',*,*,#8666,.F.);
#8692 = ORIENTED_EDGE('',*,*,#5992,.T.);
#8693 = ORIENTED_EDGE('',*,*,#8694,.T.);
#8694 = EDGE_CURVE('',#5963,#6204,#8695,.T.);
#8695 = SURFACE_CURVE('',#8696,(#8700,#8707),.PCURVE_S1.);
#8696 = LINE('',#8697,#8698);
#8697 = CARTESIAN_POINT('',(29.975,-28.9,3.1));
#8698 = VECTOR('',#8699,1.);
#8699 = DIRECTION('',(0.,1.,0.));
#8700 = PCURVE('',#6008,#8701);
#8701 = DEFINITIONAL_REPRESENTATION('',(#8702),#8706);
#8702 = LINE('',#8703,#8704);
#8703 = CARTESIAN_POINT('',(2.3,0.));
#8704 = VECTOR('',#8705,1.);
#8705 = DIRECTION('',(0.,1.));
#8706 = ( GEOMETRIC_REPRESENTATION_CONTEXT(2) 
PARAMETRIC_REPRESENTATION_CONTEXT() REPRESENTATION_CONTEXT('2D SPACE',''
  ) );
#8707 = PCURVE('',#5980,#8708);
#8708 = DEFINITIONAL_REPRESENTATION('',(#8709),#8713);
#8709 = LINE('',#8710,#8711);
#8710 = CARTESIAN_POINT('',(-0.3,0.));
#8711 = VECTOR('',#8712,1.);
#8712 = DIRECTION('',(0.,-1.));
#8713 = ( GEOMETRIC_REPRESENTATION_CONTEXT(2) 
PARAMETRIC_REPRESENTATION_CONTEXT() REPRESENTATION_CONTEXT('2D SPACE',''
  ) );
#8714 = ORIENTED_EDGE('',*,*,#6228,.F.);
#8715 = ADVANCED_FACE('',(#8716),#5980,.T.);
#8716 = FACE_BOUND('',#8717,.T.);
#8717 = EDGE_LOOP('',(#8718,#8719,#8720,#8721));
#8718 = ORIENTED_EDGE('',*,*,#5962,.F.);
#8719 = ORIENTED_EDGE('',*,*,#8694,.T.);
#8720 = ORIENTED_EDGE('',*,*,#6203,.T.);
#8721 = ORIENTED_EDGE('',*,*,#8722,.F.);
#8722 = EDGE_CURVE('',#5965,#6206,#8723,.T.);
#8723 = SURFACE_CURVE('',#8724,(#8728,#8735),.PCURVE_S1.);
#8724 = LINE('',#8725,#8726);
#8725 = CARTESIAN_POINT('',(29.975,-28.9,21.79));
#8726 = VECTOR('',#8727,1.);
#8727 = DIRECTION('',(0.,1.,0.));
#8728 = PCURVE('',#5980,#8729);
#8729 = DEFINITIONAL_REPRESENTATION('',(#8730),#8734);
#8730 = LINE('',#8731,#8732);
#8731 = CARTESIAN_POINT('',(18.39,0.));
#8732 = VECTOR('',#8733,1.);
#8733 = DIRECTION('',(0.,-1.));
#8734 = ( GEOMETRIC_REPRESENTATION_CONTEXT(2) 
PARAMETRIC_REPRESENTATION_CONTEXT() REPRESENTATION_CONTEXT('2D SPACE',''
  ) );
#8735 = PCURVE('',#5411,#8736);
#8736 = DEFINITIONAL_REPRESENTATION('',(#8737),#8741);
#8737 = LINE('',#8738,#8739);
#8738 = CARTESIAN_POINT('',(58.75,9.505));
#8739 = VECTOR('',#8740,1.);
#8740 = DIRECTION('',(0.,1.));
#8741 = ( GEOMETRIC_REPRESENTATION_CONTEXT(2) 
PARAMETRIC_REPRESENTATION_CONTEXT() REPRESENTATION_CONTEXT('2D SPACE',''
  ) );
#8742 = ADVANCED_FACE('',(#8743,#8771,#8806,#8841),#5467,.F.);
#8743 = FACE_BOUND('',#8744,.F.);
#8744 = EDGE_LOOP('',(#8745,#8746,#8747,#8748,#8749,#8750,#8751,#8752,
    #8753,#8754,#8755,#8756,#8757,#8758,#8759,#8760,#8761,#8762,#8763,
    #8764,#8765,#8766,#8767,#8768,#8769,#8770));
#8745 = ORIENTED_EDGE('',*,*,#5451,.F.);
#8746 = ORIENTED_EDGE('',*,*,#5508,.T.);
#8747 = ORIENTED_EDGE('',*,*,#5631,.F.);
#8748 = ORIENTED_EDGE('',*,*,#5656,.T.);
#8749 = ORIENTED_EDGE('',*,*,#5760,.T.);
#8750 = ORIENTED_EDGE('',*,*,#5810,.T.);
#8751 = ORIENTED_EDGE('',*,*,#5910,.T.);
#8752 = ORIENTED_EDGE('',*,*,#6179,.T.);
#8753 = ORIENTED_EDGE('',*,*,#6372,.T.);
#8754 = ORIENTED_EDGE('',*,*,#6641,.F.);
#8755 = ORIENTED_EDGE('',*,*,#6758,.F.);
#8756 = ORIENTED_EDGE('',*,*,#6888,.F.);
#8757 = ORIENTED_EDGE('',*,*,#6938,.T.);
#8758 = ORIENTED_EDGE('',*,*,#7012,.T.);
#8759 = ORIENTED_EDGE('',*,*,#7092,.F.);
#8760 = ORIENTED_EDGE('',*,*,#7190,.T.);
#8761 = ORIENTED_EDGE('',*,*,#7242,.F.);
#8762 = ORIENTED_EDGE('',*,*,#7367,.F.);
#8763 = ORIENTED_EDGE('',*,*,#7392,.F.);
#8764 = ORIENTED_EDGE('',*,*,#7466,.T.);
#8765 = ORIENTED_EDGE('',*,*,#7542,.T.);
#8766 = ORIENTED_EDGE('',*,*,#7724,.T.);
#8767 = ORIENTED_EDGE('',*,*,#7856,.F.);
#8768 = ORIENTED_EDGE('',*,*,#8024,.F.);
#8769 = ORIENTED_EDGE('',*,*,#8183,.F.);
#8770 = ORIENTED_EDGE('',*,*,#8614,.F.);
#8771 = FACE_BOUND('',#8772,.F.);
#8772 = EDGE_LOOP('',(#8773));
#8773 = ORIENTED_EDGE('',*,*,#8774,.T.);
#8774 = EDGE_CURVE('',#8775,#8775,#8777,.T.);
#8775 = VERTEX_POINT('',#8776);
#8776 = CARTESIAN_POINT('',(1.1,-44.,20.79));
#8777 = SURFACE_CURVE('',#8778,(#8783,#8794),.PCURVE_S1.);
#8778 = CIRCLE('',#8779,1.1);
#8779 = AXIS2_PLACEMENT_3D('',#8780,#8781,#8782);
#8780 = CARTESIAN_POINT('',(0.,-44.,20.79));
#8781 = DIRECTION('',(0.,0.,-1.));
#8782 = DIRECTION('',(1.,0.,0.));
#8783 = PCURVE('',#5467,#8784);
#8784 = DEFINITIONAL_REPRESENTATION('',(#8785),#8793);
#8785 = ( BOUNDED_CURVE() B_SPLINE_CURVE(2,(#8786,#8787,#8788,#8789,
#8790,#8791,#8792),.UNSPECIFIED.,.T.,.F.) B_SPLINE_CURVE_WITH_KNOTS((1,2
    ,2,2,2,1),(-2.094395102393,0.,2.094395102393,4.188790204786,
6.28318530718,8.377580409573),.UNSPECIFIED.) CURVE() 
GEOMETRIC_REPRESENTATION_ITEM() RATIONAL_B_SPLINE_CURVE((1.,0.5,1.,0.5,
1.,0.5,1.)) REPRESENTATION_ITEM('') );
#8786 = CARTESIAN_POINT('',(29.875,-5.595));
#8787 = CARTESIAN_POINT('',(29.875,-7.500255888326));
#8788 = CARTESIAN_POINT('',(28.225,-6.547627944163));
#8789 = CARTESIAN_POINT('',(26.575,-5.595));
#8790 = CARTESIAN_POINT('',(28.225,-4.642372055837));
#8791 = CARTESIAN_POINT('',(29.875,-3.689744111674));
#8792 = CARTESIAN_POINT('',(29.875,-5.595));
#8793 = ( GEOMETRIC_REPRESENTATION_CONTEXT(2) 
PARAMETRIC_REPRESENTATION_CONTEXT() REPRESENTATION_CONTEXT('2D SPACE',''
  ) );
#8794 = PCURVE('',#8795,#8800);
#8795 = CYLINDRICAL_SURFACE('',#8796,1.1);
#8796 = AXIS2_PLACEMENT_3D('',#8797,#8798,#8799);
#8797 = CARTESIAN_POINT('',(0.,-44.,20.78));
#8798 = DIRECTION('',(-0.,-0.,-1.));
#8799 = DIRECTION('',(1.,0.,0.));
#8800 = DEFINITIONAL_REPRESENTATION('',(#8801),#8805);
#8801 = LINE('',#8802,#8803);
#8802 = CARTESIAN_POINT('',(-6.28318530718,-1.E-02));
#8803 = VECTOR('',#8804,1.);
#8804 = DIRECTION('',(1.,-0.));
#8805 = ( GEOMETRIC_REPRESENTATION_CONTEXT(2) 
PARAMETRIC_REPRESENTATION_CONTEXT() REPRESENTATION_CONTEXT('2D SPACE',''
  ) );
#8806 = FACE_BOUND('',#8807,.F.);
#8807 = EDGE_LOOP('',(#8808));
#8808 = ORIENTED_EDGE('',*,*,#8809,.T.);
#8809 = EDGE_CURVE('',#8810,#8810,#8812,.T.);
#8810 = VERTEX_POINT('',#8811);
#8811 = CARTESIAN_POINT('',(-34.9,-5.,20.79));
#8812 = SURFACE_CURVE('',#8813,(#8818,#8829),.PCURVE_S1.);
#8813 = CIRCLE('',#8814,1.1);
#8814 = AXIS2_PLACEMENT_3D('',#8815,#8816,#8817);
#8815 = CARTESIAN_POINT('',(-36.,-5.,20.79));
#8816 = DIRECTION('',(0.,0.,-1.));
#8817 = DIRECTION('',(1.,0.,0.));
#8818 = PCURVE('',#5467,#8819);
#8819 = DEFINITIONAL_REPRESENTATION('',(#8820),#8828);
#8820 = ( BOUNDED_CURVE() B_SPLINE_CURVE(2,(#8821,#8822,#8823,#8824,
#8825,#8826,#8827),.UNSPECIFIED.,.T.,.F.) B_SPLINE_CURVE_WITH_KNOTS((1,2
    ,2,2,2,1),(-2.094395102393,0.,2.094395102393,4.188790204786,
6.28318530718,8.377580409573),.UNSPECIFIED.) CURVE() 
GEOMETRIC_REPRESENTATION_ITEM() RATIONAL_B_SPLINE_CURVE((1.,0.5,1.,0.5,
1.,0.5,1.)) REPRESENTATION_ITEM('') );
#8821 = CARTESIAN_POINT('',(-6.125,33.405));
#8822 = CARTESIAN_POINT('',(-6.125,31.499744111674));
#8823 = CARTESIAN_POINT('',(-7.775,32.452372055837));
#8824 = CARTESIAN_POINT('',(-9.425,33.405));
#8825 = CARTESIAN_POINT('',(-7.775,34.357627944163));
#8826 = CARTESIAN_POINT('',(-6.125,35.310255888326));
#8827 = CARTESIAN_POINT('',(-6.125,33.405));
#8828 = ( GEOMETRIC_REPRESENTATION_CONTEXT(2) 
PARAMETRIC_REPRESENTATION_CONTEXT() REPRESENTATION_CONTEXT('2D SPACE',''
  ) );
#8829 = PCURVE('',#8830,#8835);
#8830 = CYLINDRICAL_SURFACE('',#8831,1.1);
#8831 = AXIS2_PLACEMENT_3D('',#8832,#8833,#8834);
#8832 = CARTESIAN_POINT('',(-36.,-5.,20.78));
#8833 = DIRECTION('',(-0.,-0.,-1.));
#8834 = DIRECTION('',(1.,0.,0.));
#8835 = DEFINITIONAL_REPRESENTATION('',(#8836),#8840);
#8836 = LINE('',#8837,#8838);
#8837 = CARTESIAN_POINT('',(-6.28318530718,-1.E-02));
#8838 = VECTOR('',#8839,1.);
#8839 = DIRECTION('',(1.,-0.));
#8840 = ( GEOMETRIC_REPRESENTATION_CONTEXT(2) 
PARAMETRIC_REPRESENTATION_CONTEXT() REPRESENTATION_CONTEXT('2D SPACE',''
  ) );
#8841 = FACE_BOUND('',#8842,.F.);
#8842 = EDGE_LOOP('',(#8843));
#8843 = ORIENTED_EDGE('',*,*,#8844,.T.);
#8844 = EDGE_CURVE('',#8845,#8845,#8847,.T.);
#8845 = VERTEX_POINT('',#8846);
#8846 = CARTESIAN_POINT('',(37.1,-5.,20.79));
#8847 = SURFACE_CURVE('',#8848,(#8853,#8864),.PCURVE_S1.);
#8848 = CIRCLE('',#8849,1.1);
#8849 = AXIS2_PLACEMENT_3D('',#8850,#8851,#8852);
#8850 = CARTESIAN_POINT('',(36.,-5.,20.79));
#8851 = DIRECTION('',(0.,0.,-1.));
#8852 = DIRECTION('',(1.,0.,0.));
#8853 = PCURVE('',#5467,#8854);
#8854 = DEFINITIONAL_REPRESENTATION('',(#8855),#8863);
#8855 = ( BOUNDED_CURVE() B_SPLINE_CURVE(2,(#8856,#8857,#8858,#8859,
#8860,#8861,#8862),.UNSPECIFIED.,.T.,.F.) B_SPLINE_CURVE_WITH_KNOTS((1,2
    ,2,2,2,1),(-2.094395102393,0.,2.094395102393,4.188790204786,
6.28318530718,8.377580409573),.UNSPECIFIED.) CURVE() 
GEOMETRIC_REPRESENTATION_ITEM() RATIONAL_B_SPLINE_CURVE((1.,0.5,1.,0.5,
1.,0.5,1.)) REPRESENTATION_ITEM('') );
#8856 = CARTESIAN_POINT('',(65.875,33.405));
#8857 = CARTESIAN_POINT('',(65.875,31.499744111674));
#8858 = CARTESIAN_POINT('',(64.225,32.452372055837));
#8859 = CARTESIAN_POINT('',(62.575,33.405));
#8860 = CARTESIAN_POINT('',(64.225,34.357627944163));
#8861 = CARTESIAN_POINT('',(65.875,35.310255888326));
#8862 = CARTESIAN_POINT('',(65.875,33.405));
#8863 = ( GEOMETRIC_REPRESENTATION_CONTEXT(2) 
PARAMETRIC_REPRESENTATION_CONTEXT() REPRESENTATION_CONTEXT('2D SPACE',''
  ) );
#8864 = PCURVE('',#8865,#8870);
#8865 = CYLINDRICAL_SURFACE('',#8866,1.1);
#8866 = AXIS2_PLACEMENT_3D('',#8867,#8868,#8869);
#8867 = CARTESIAN_POINT('',(36.,-5.,20.78));
#8868 = DIRECTION('',(-0.,-0.,-1.));
#8869 = DIRECTION('',(1.,0.,0.));
#8870 = DEFINITIONAL_REPRESENTATION('',(#8871),#8875);
#8871 = LINE('',#8872,#8873);
#8872 = CARTESIAN_POINT('',(-6.28318530718,-1.E-02));
#8873 = VECTOR('',#8874,1.);
#8874 = DIRECTION('',(1.,-0.));
#8875 = ( GEOMETRIC_REPRESENTATION_CONTEXT(2) 
PARAMETRIC_REPRESENTATION_CONTEXT() REPRESENTATION_CONTEXT('2D SPACE',''
  ) );
#8876 = ADVANCED_FACE('',(#8877),#8865,.F.);
#8877 = FACE_BOUND('',#8878,.T.);
#8878 = EDGE_LOOP('',(#8879,#8880,#8903,#8929));
#8879 = ORIENTED_EDGE('',*,*,#8844,.T.);
#8880 = ORIENTED_EDGE('',*,*,#8881,.T.);
#8881 = EDGE_CURVE('',#8845,#8882,#8884,.T.);
#8882 = VERTEX_POINT('',#8883);
#8883 = CARTESIAN_POINT('',(37.1,-5.,21.79));
#8884 = SEAM_CURVE('',#8885,(#8889,#8896),.PCURVE_S1.);
#8885 = LINE('',#8886,#8887);
#8886 = CARTESIAN_POINT('',(37.1,-5.,20.78));
#8887 = VECTOR('',#8888,1.);
#8888 = DIRECTION('',(0.,0.,1.));
#8889 = PCURVE('',#8865,#8890);
#8890 = DEFINITIONAL_REPRESENTATION('',(#8891),#8895);
#8891 = LINE('',#8892,#8893);
#8892 = CARTESIAN_POINT('',(-6.28318530718,0.));
#8893 = VECTOR('',#8894,1.);
#8894 = DIRECTION('',(-0.,-1.));
#8895 = ( GEOMETRIC_REPRESENTATION_CONTEXT(2) 
PARAMETRIC_REPRESENTATION_CONTEXT() REPRESENTATION_CONTEXT('2D SPACE',''
  ) );
#8896 = PCURVE('',#8865,#8897);
#8897 = DEFINITIONAL_REPRESENTATION('',(#8898),#8902);
#8898 = LINE('',#8899,#8900);
#8899 = CARTESIAN_POINT('',(-0.,0.));
#8900 = VECTOR('',#8901,1.);
#8901 = DIRECTION('',(-0.,-1.));
#8902 = ( GEOMETRIC_REPRESENTATION_CONTEXT(2) 
PARAMETRIC_REPRESENTATION_CONTEXT() REPRESENTATION_CONTEXT('2D SPACE',''
  ) );
#8903 = ORIENTED_EDGE('',*,*,#8904,.F.);
#8904 = EDGE_CURVE('',#8882,#8882,#8905,.T.);
#8905 = SURFACE_CURVE('',#8906,(#8911,#8918),.PCURVE_S1.);
#8906 = CIRCLE('',#8907,1.1);
#8907 = AXIS2_PLACEMENT_3D('',#8908,#8909,#8910);
#8908 = CARTESIAN_POINT('',(36.,-5.,21.79));
#8909 = DIRECTION('',(0.,0.,-1.));
#8910 = DIRECTION('',(1.,0.,0.));
#8911 = PCURVE('',#8865,#8912);
#8912 = DEFINITIONAL_REPRESENTATION('',(#8913),#8917);
#8913 = LINE('',#8914,#8915);
#8914 = CARTESIAN_POINT('',(-6.28318530718,-1.01));
#8915 = VECTOR('',#8916,1.);
#8916 = DIRECTION('',(1.,-0.));
#8917 = ( GEOMETRIC_REPRESENTATION_CONTEXT(2) 
PARAMETRIC_REPRESENTATION_CONTEXT() REPRESENTATION_CONTEXT('2D SPACE',''
  ) );
#8918 = PCURVE('',#5411,#8919);
#8919 = DEFINITIONAL_REPRESENTATION('',(#8920),#8928);
#8920 = ( BOUNDED_CURVE() B_SPLINE_CURVE(2,(#8921,#8922,#8923,#8924,
#8925,#8926,#8927),.UNSPECIFIED.,.T.,.F.) B_SPLINE_CURVE_WITH_KNOTS((1,2
    ,2,2,2,1),(-2.094395102393,0.,2.094395102393,4.188790204786,
6.28318530718,8.377580409573),.UNSPECIFIED.) CURVE() 
GEOMETRIC_REPRESENTATION_ITEM() RATIONAL_B_SPLINE_CURVE((1.,0.5,1.,0.5,
1.,0.5,1.)) REPRESENTATION_ITEM('') );
#8921 = CARTESIAN_POINT('',(65.875,33.405));
#8922 = CARTESIAN_POINT('',(65.875,31.499744111674));
#8923 = CARTESIAN_POINT('',(64.225,32.452372055837));
#8924 = CARTESIAN_POINT('',(62.575,33.405));
#8925 = CARTESIAN_POINT('',(64.225,34.357627944163));
#8926 = CARTESIAN_POINT('',(65.875,35.310255888326));
#8927 = CARTESIAN_POINT('',(65.875,33.405));
#8928 = ( GEOMETRIC_REPRESENTATION_CONTEXT(2) 
PARAMETRIC_REPRESENTATION_CONTEXT() REPRESENTATION_CONTEXT('2D SPACE',''
  ) );
#8929 = ORIENTED_EDGE('',*,*,#8881,.F.);
#8930 = ADVANCED_FACE('',(#8931),#8830,.F.);
#8931 = FACE_BOUND('',#8932,.T.);
#8932 = EDGE_LOOP('',(#8933,#8934,#8957,#8983));
#8933 = ORIENTED_EDGE('',*,*,#8809,.T.);
#8934 = ORIENTED_EDGE('',*,*,#8935,.T.);
#8935 = EDGE_CURVE('',#8810,#8936,#8938,.T.);
#8936 = VERTEX_POINT('',#8937);
#8937 = CARTESIAN_POINT('',(-34.9,-5.,21.79));
#8938 = SEAM_CURVE('',#8939,(#8943,#8950),.PCURVE_S1.);
#8939 = LINE('',#8940,#8941);
#8940 = CARTESIAN_POINT('',(-34.9,-5.,20.78));
#8941 = VECTOR('',#8942,1.);
#8942 = DIRECTION('',(0.,0.,1.));
#8943 = PCURVE('',#8830,#8944);
#8944 = DEFINITIONAL_REPRESENTATION('',(#8945),#8949);
#8945 = LINE('',#8946,#8947);
#8946 = CARTESIAN_POINT('',(-6.28318530718,0.));
#8947 = VECTOR('',#8948,1.);
#8948 = DIRECTION('',(-0.,-1.));
#8949 = ( GEOMETRIC_REPRESENTATION_CONTEXT(2) 
PARAMETRIC_REPRESENTATION_CONTEXT() REPRESENTATION_CONTEXT('2D SPACE',''
  ) );
#8950 = PCURVE('',#8830,#8951);
#8951 = DEFINITIONAL_REPRESENTATION('',(#8952),#8956);
#8952 = LINE('',#8953,#8954);
#8953 = CARTESIAN_POINT('',(-0.,0.));
#8954 = VECTOR('',#8955,1.);
#8955 = DIRECTION('',(-0.,-1.));
#8956 = ( GEOMETRIC_REPRESENTATION_CONTEXT(2) 
PARAMETRIC_REPRESENTATION_CONTEXT() REPRESENTATION_CONTEXT('2D SPACE',''
  ) );
#8957 = ORIENTED_EDGE('',*,*,#8958,.F.);
#8958 = EDGE_CURVE('',#8936,#8936,#8959,.T.);
#8959 = SURFACE_CURVE('',#8960,(#8965,#8972),.PCURVE_S1.);
#8960 = CIRCLE('',#8961,1.1);
#8961 = AXIS2_PLACEMENT_3D('',#8962,#8963,#8964);
#8962 = CARTESIAN_POINT('',(-36.,-5.,21.79));
#8963 = DIRECTION('',(0.,0.,-1.));
#8964 = DIRECTION('',(1.,0.,0.));
#8965 = PCURVE('',#8830,#8966);
#8966 = DEFINITIONAL_REPRESENTATION('',(#8967),#8971);
#8967 = LINE('',#8968,#8969);
#8968 = CARTESIAN_POINT('',(-6.28318530718,-1.01));
#8969 = VECTOR('',#8970,1.);
#8970 = DIRECTION('',(1.,-0.));
#8971 = ( GEOMETRIC_REPRESENTATION_CONTEXT(2) 
PARAMETRIC_REPRESENTATION_CONTEXT() REPRESENTATION_CONTEXT('2D SPACE',''
  ) );
#8972 = PCURVE('',#5411,#8973);
#8973 = DEFINITIONAL_REPRESENTATION('',(#8974),#8982);
#8974 = ( BOUNDED_CURVE() B_SPLINE_CURVE(2,(#8975,#8976,#8977,#8978,
#8979,#8980,#8981),.UNSPECIFIED.,.T.,.F.) B_SPLINE_CURVE_WITH_KNOTS((1,2
    ,2,2,2,1),(-2.094395102393,0.,2.094395102393,4.188790204786,
6.28318530718,8.377580409573),.UNSPECIFIED.) CURVE() 
GEOMETRIC_REPRESENTATION_ITEM() RATIONAL_B_SPLINE_CURVE((1.,0.5,1.,0.5,
1.,0.5,1.)) REPRESENTATION_ITEM('') );
#8975 = CARTESIAN_POINT('',(-6.125,33.405));
#8976 = CARTESIAN_POINT('',(-6.125,31.499744111674));
#8977 = CARTESIAN_POINT('',(-7.775,32.452372055837));
#8978 = CARTESIAN_POINT('',(-9.425,33.405));
#8979 = CARTESIAN_POINT('',(-7.775,34.357627944163));
#8980 = CARTESIAN_POINT('',(-6.125,35.310255888326));
#8981 = CARTESIAN_POINT('',(-6.125,33.405));
#8982 = ( GEOMETRIC_REPRESENTATION_CONTEXT(2) 
PARAMETRIC_REPRESENTATION_CONTEXT() REPRESENTATION_CONTEXT('2D SPACE',''
  ) );
#8983 = ORIENTED_EDGE('',*,*,#8935,.F.);
#8984 = ADVANCED_FACE('',(#8985),#8795,.F.);
#8985 = FACE_BOUND('',#8986,.T.);
#8986 = EDGE_LOOP('',(#8987,#8988,#9011,#9037));
#8987 = ORIENTED_EDGE('',*,*,#8774,.T.);
#8988 = ORIENTED_EDGE('',*,*,#8989,.T.);
#8989 = EDGE_CURVE('',#8775,#8990,#8992,.T.);
#8990 = VERTEX_POINT('',#8991);
#8991 = CARTESIAN_POINT('',(1.1,-44.,21.79));
#8992 = SEAM_CURVE('',#8993,(#8997,#9004),.PCURVE_S1.);
#8993 = LINE('',#8994,#8995);
#8994 = CARTESIAN_POINT('',(1.1,-44.,20.78));
#8995 = VECTOR('',#8996,1.);
#8996 = DIRECTION('',(0.,0.,1.));
#8997 = PCURVE('',#8795,#8998);
#8998 = DEFINITIONAL_REPRESENTATION('',(#8999),#9003);
#8999 = LINE('',#9000,#9001);
#9000 = CARTESIAN_POINT('',(-6.28318530718,0.));
#9001 = VECTOR('',#9002,1.);
#9002 = DIRECTION('',(-0.,-1.));
#9003 = ( GEOMETRIC_REPRESENTATION_CONTEXT(2) 
PARAMETRIC_REPRESENTATION_CONTEXT() REPRESENTATION_CONTEXT('2D SPACE',''
  ) );
#9004 = PCURVE('',#8795,#9005);
#9005 = DEFINITIONAL_REPRESENTATION('',(#9006),#9010);
#9006 = LINE('',#9007,#9008);
#9007 = CARTESIAN_POINT('',(-0.,0.));
#9008 = VECTOR('',#9009,1.);
#9009 = DIRECTION('',(-0.,-1.));
#9010 = ( GEOMETRIC_REPRESENTATION_CONTEXT(2) 
PARAMETRIC_REPRESENTATION_CONTEXT() REPRESENTATION_CONTEXT('2D SPACE',''
  ) );
#9011 = ORIENTED_EDGE('',*,*,#9012,.F.);
#9012 = EDGE_CURVE('',#8990,#8990,#9013,.T.);
#9013 = SURFACE_CURVE('',#9014,(#9019,#9026),.PCURVE_S1.);
#9014 = CIRCLE('',#9015,1.1);
#9015 = AXIS2_PLACEMENT_3D('',#9016,#9017,#9018);
#9016 = CARTESIAN_POINT('',(0.,-44.,21.79));
#9017 = DIRECTION('',(0.,0.,-1.));
#9018 = DIRECTION('',(1.,0.,0.));
#9019 = PCURVE('',#8795,#9020);
#9020 = DEFINITIONAL_REPRESENTATION('',(#9021),#9025);
#9021 = LINE('',#9022,#9023);
#9022 = CARTESIAN_POINT('',(-6.28318530718,-1.01));
#9023 = VECTOR('',#9024,1.);
#9024 = DIRECTION('',(1.,-0.));
#9025 = ( GEOMETRIC_REPRESENTATION_CONTEXT(2) 
PARAMETRIC_REPRESENTATION_CONTEXT() REPRESENTATION_CONTEXT('2D SPACE',''
  ) );
#9026 = PCURVE('',#5411,#9027);
#9027 = DEFINITIONAL_REPRESENTATION('',(#9028),#9036);
#9028 = ( BOUNDED_CURVE() B_SPLINE_CURVE(2,(#9029,#9030,#9031,#9032,
#9033,#9034,#9035),.UNSPECIFIED.,.T.,.F.) B_SPLINE_CURVE_WITH_KNOTS((1,2
    ,2,2,2,1),(-2.094395102393,0.,2.094395102393,4.188790204786,
6.28318530718,8.377580409573),.UNSPECIFIED.) CURVE() 
GEOMETRIC_REPRESENTATION_ITEM() RATIONAL_B_SPLINE_CURVE((1.,0.5,1.,0.5,
1.,0.5,1.)) REPRESENTATION_ITEM('') );
#9029 = CARTESIAN_POINT('',(29.875,-5.595));
#9030 = CARTESIAN_POINT('',(29.875,-7.500255888326));
#9031 = CARTESIAN_POINT('',(28.225,-6.547627944163));
#9032 = CARTESIAN_POINT('',(26.575,-5.595));
#9033 = CARTESIAN_POINT('',(28.225,-4.642372055837));
#9034 = CARTESIAN_POINT('',(29.875,-3.689744111674));
#9035 = CARTESIAN_POINT('',(29.875,-5.595));
#9036 = ( GEOMETRIC_REPRESENTATION_CONTEXT(2) 
PARAMETRIC_REPRESENTATION_CONTEXT() REPRESENTATION_CONTEXT('2D SPACE',''
  ) );
#9037 = ORIENTED_EDGE('',*,*,#8989,.F.);
#9038 = ADVANCED_FACE('',(#9039),#5493,.F.);
#9039 = FACE_BOUND('',#9040,.F.);
#9040 = EDGE_LOOP('',(#9041,#9042,#9043,#9044,#9045,#9046,#9067));
#9041 = ORIENTED_EDGE('',*,*,#8591,.F.);
#9042 = ORIENTED_EDGE('',*,*,#8565,.T.);
#9043 = ORIENTED_EDGE('',*,*,#8493,.F.);
#9044 = ORIENTED_EDGE('',*,*,#8445,.F.);
#9045 = ORIENTED_EDGE('',*,*,#8373,.F.);
#9046 = ORIENTED_EDGE('',*,*,#9047,.T.);
#9047 = EDGE_CURVE('',#8374,#5391,#9048,.T.);
#9048 = SURFACE_CURVE('',#9049,(#9053,#9060),.PCURVE_S1.);
#9049 = LINE('',#9050,#9051);
#9050 = CARTESIAN_POINT('',(-29.975,-28.9,21.79));
#9051 = VECTOR('',#9052,1.);
#9052 = DIRECTION('',(1.,0.,0.));
#9053 = PCURVE('',#5493,#9054);
#9054 = DEFINITIONAL_REPRESENTATION('',(#9055),#9059);
#9055 = LINE('',#9056,#9057);
#9056 = CARTESIAN_POINT('',(18.39,0.));
#9057 = VECTOR('',#9058,1.);
#9058 = DIRECTION('',(0.,1.));
#9059 = ( GEOMETRIC_REPRESENTATION_CONTEXT(2) 
PARAMETRIC_REPRESENTATION_CONTEXT() REPRESENTATION_CONTEXT('2D SPACE',''
  ) );
#9060 = PCURVE('',#5411,#9061);
#9061 = DEFINITIONAL_REPRESENTATION('',(#9062),#9066);
#9062 = LINE('',#9063,#9064);
#9063 = CARTESIAN_POINT('',(-1.2,9.505));
#9064 = VECTOR('',#9065,1.);
#9065 = DIRECTION('',(1.,0.));
#9066 = ( GEOMETRIC_REPRESENTATION_CONTEXT(2) 
PARAMETRIC_REPRESENTATION_CONTEXT() REPRESENTATION_CONTEXT('2D SPACE',''
  ) );
#9067 = ORIENTED_EDGE('',*,*,#5479,.F.);
#9068 = ADVANCED_FACE('',(#9069,#9099,#9102,#9216,#9219,#9333,#9447),
  #5411,.T.);
#9069 = FACE_BOUND('',#9070,.T.);
#9070 = EDGE_LOOP('',(#9071,#9072,#9073,#9074,#9075,#9076,#9077,#9078,
    #9079,#9080,#9081,#9082,#9083,#9084,#9085,#9086,#9087,#9088,#9089,
    #9090,#9091,#9092,#9093,#9094,#9095,#9096,#9097,#9098));
#9071 = ORIENTED_EDGE('',*,*,#5388,.F.);
#9072 = ORIENTED_EDGE('',*,*,#5532,.T.);
#9073 = ORIENTED_EDGE('',*,*,#5582,.F.);
#9074 = ORIENTED_EDGE('',*,*,#5681,.F.);
#9075 = ORIENTED_EDGE('',*,*,#5736,.T.);
#9076 = ORIENTED_EDGE('',*,*,#5834,.T.);
#9077 = ORIENTED_EDGE('',*,*,#5886,.T.);
#9078 = ORIENTED_EDGE('',*,*,#6103,.T.);
#9079 = ORIENTED_EDGE('',*,*,#8722,.T.);
#9080 = ORIENTED_EDGE('',*,*,#6324,.F.);
#9081 = ORIENTED_EDGE('',*,*,#6348,.T.);
#9082 = ORIENTED_EDGE('',*,*,#6565,.T.);
#9083 = ORIENTED_EDGE('',*,*,#6862,.T.);
#9084 = ORIENTED_EDGE('',*,*,#6962,.T.);
#9085 = ORIENTED_EDGE('',*,*,#7037,.F.);
#9086 = ORIENTED_EDGE('',*,*,#7141,.F.);
#9087 = ORIENTED_EDGE('',*,*,#7166,.T.);
#9088 = ORIENTED_EDGE('',*,*,#7293,.F.);
#9089 = ORIENTED_EDGE('',*,*,#7318,.F.);
#9090 = ORIENTED_EDGE('',*,*,#7441,.F.);
#9091 = ORIENTED_EDGE('',*,*,#7491,.T.);
#9092 = ORIENTED_EDGE('',*,*,#7566,.T.);
#9093 = ORIENTED_EDGE('',*,*,#7617,.F.);
#9094 = ORIENTED_EDGE('',*,*,#8080,.T.);
#9095 = ORIENTED_EDGE('',*,*,#8132,.F.);
#9096 = ORIENTED_EDGE('',*,*,#8348,.F.);
#9097 = ORIENTED_EDGE('',*,*,#8420,.F.);
#9098 = ORIENTED_EDGE('',*,*,#9047,.T.);
#9099 = FACE_BOUND('',#9100,.T.);
#9100 = EDGE_LOOP('',(#9101));
#9101 = ORIENTED_EDGE('',*,*,#9012,.T.);
#9102 = FACE_BOUND('',#9103,.T.);
#9103 = EDGE_LOOP('',(#9104,#9134,#9162,#9190));
#9104 = ORIENTED_EDGE('',*,*,#9105,.T.);
#9105 = EDGE_CURVE('',#9106,#9108,#9110,.T.);
#9106 = VERTEX_POINT('',#9107);
#9107 = CARTESIAN_POINT('',(-16.7,-37.205,21.79));
#9108 = VERTEX_POINT('',#9109);
#9109 = CARTESIAN_POINT('',(-16.7,7.405,21.79));
#9110 = SURFACE_CURVE('',#9111,(#9115,#9122),.PCURVE_S1.);
#9111 = LINE('',#9112,#9113);
#9112 = CARTESIAN_POINT('',(-16.7,-37.205,21.79));
#9113 = VECTOR('',#9114,1.);
#9114 = DIRECTION('',(0.,1.,0.));
#9115 = PCURVE('',#5411,#9116);
#9116 = DEFINITIONAL_REPRESENTATION('',(#9117),#9121);
#9117 = LINE('',#9118,#9119);
#9118 = CARTESIAN_POINT('',(12.075,1.2));
#9119 = VECTOR('',#9120,1.);
#9120 = DIRECTION('',(0.,1.));
#9121 = ( GEOMETRIC_REPRESENTATION_CONTEXT(2) 
PARAMETRIC_REPRESENTATION_CONTEXT() REPRESENTATION_CONTEXT('2D SPACE',''
  ) );
#9122 = PCURVE('',#9123,#9128);
#9123 = PLANE('',#9124);
#9124 = AXIS2_PLACEMENT_3D('',#9125,#9126,#9127);
#9125 = CARTESIAN_POINT('',(-16.7,-37.205,21.79));
#9126 = DIRECTION('',(1.,0.,0.));
#9127 = DIRECTION('',(0.,0.,1.));
#9128 = DEFINITIONAL_REPRESENTATION('',(#9129),#9133);
#9129 = LINE('',#9130,#9131);
#9130 = CARTESIAN_POINT('',(0.,0.));
#9131 = VECTOR('',#9132,1.);
#9132 = DIRECTION('',(0.,-1.));
#9133 = ( GEOMETRIC_REPRESENTATION_CONTEXT(2) 
PARAMETRIC_REPRESENTATION_CONTEXT() REPRESENTATION_CONTEXT('2D SPACE',''
  ) );
#9134 = ORIENTED_EDGE('',*,*,#9135,.T.);
#9135 = EDGE_CURVE('',#9108,#9136,#9138,.T.);
#9136 = VERTEX_POINT('',#9137);
#9137 = CARTESIAN_POINT('',(-15.3,7.405,21.79));
#9138 = SURFACE_CURVE('',#9139,(#9143,#9150),.PCURVE_S1.);
#9139 = LINE('',#9140,#9141);
#9140 = CARTESIAN_POINT('',(-16.7,7.405,21.79));
#9141 = VECTOR('',#9142,1.);
#9142 = DIRECTION('',(1.,0.,0.));
#9143 = PCURVE('',#5411,#9144);
#9144 = DEFINITIONAL_REPRESENTATION('',(#9145),#9149);
#9145 = LINE('',#9146,#9147);
#9146 = CARTESIAN_POINT('',(12.075,45.81));
#9147 = VECTOR('',#9148,1.);
#9148 = DIRECTION('',(1.,0.));
#9149 = ( GEOMETRIC_REPRESENTATION_CONTEXT(2) 
PARAMETRIC_REPRESENTATION_CONTEXT() REPRESENTATION_CONTEXT('2D SPACE',''
  ) );
#9150 = PCURVE('',#9151,#9156);
#9151 = PLANE('',#9152);
#9152 = AXIS2_PLACEMENT_3D('',#9153,#9154,#9155);
#9153 = CARTESIAN_POINT('',(-16.7,7.405,21.79));
#9154 = DIRECTION('',(0.,1.,0.));
#9155 = DIRECTION('',(0.,0.,1.));
#9156 = DEFINITIONAL_REPRESENTATION('',(#9157),#9161);
#9157 = LINE('',#9158,#9159);
#9158 = CARTESIAN_POINT('',(0.,0.));
#9159 = VECTOR('',#9160,1.);
#9160 = DIRECTION('',(0.,1.));
#9161 = ( GEOMETRIC_REPRESENTATION_CONTEXT(2) 
PARAMETRIC_REPRESENTATION_CONTEXT() REPRESENTATION_CONTEXT('2D SPACE',''
  ) );
#9162 = ORIENTED_EDGE('',*,*,#9163,.F.);
#9163 = EDGE_CURVE('',#9164,#9136,#9166,.T.);
#9164 = VERTEX_POINT('',#9165);
#9165 = CARTESIAN_POINT('',(-15.3,-37.205,21.79));
#9166 = SURFACE_CURVE('',#9167,(#9171,#9178),.PCURVE_S1.);
#9167 = LINE('',#9168,#9169);
#9168 = CARTESIAN_POINT('',(-15.3,-37.205,21.79));
#9169 = VECTOR('',#9170,1.);
#9170 = DIRECTION('',(0.,1.,0.));
#9171 = PCURVE('',#5411,#9172);
#9172 = DEFINITIONAL_REPRESENTATION('',(#9173),#9177);
#9173 = LINE('',#9174,#9175);
#9174 = CARTESIAN_POINT('',(13.475,1.2));
#9175 = VECTOR('',#9176,1.);
#9176 = DIRECTION('',(0.,1.));
#9177 = ( GEOMETRIC_REPRESENTATION_CONTEXT(2) 
PARAMETRIC_REPRESENTATION_CONTEXT() REPRESENTATION_CONTEXT('2D SPACE',''
  ) );
#9178 = PCURVE('',#9179,#9184);
#9179 = PLANE('',#9180);
#9180 = AXIS2_PLACEMENT_3D('',#9181,#9182,#9183);
#9181 = CARTESIAN_POINT('',(-15.3,-37.205,21.79));
#9182 = DIRECTION('',(1.,0.,0.));
#9183 = DIRECTION('',(0.,0.,1.));
#9184 = DEFINITIONAL_REPRESENTATION('',(#9185),#9189);
#9185 = LINE('',#9186,#9187);
#9186 = CARTESIAN_POINT('',(0.,0.));
#9187 = VECTOR('',#9188,1.);
#9188 = DIRECTION('',(0.,-1.));
#9189 = ( GEOMETRIC_REPRESENTATION_CONTEXT(2) 
PARAMETRIC_REPRESENTATION_CONTEXT() REPRESENTATION_CONTEXT('2D SPACE',''
  ) );
#9190 = ORIENTED_EDGE('',*,*,#9191,.F.);
#9191 = EDGE_CURVE('',#9106,#9164,#9192,.T.);
#9192 = SURFACE_CURVE('',#9193,(#9197,#9204),.PCURVE_S1.);
#9193 = LINE('',#9194,#9195);
#9194 = CARTESIAN_POINT('',(-16.7,-37.205,21.79));
#9195 = VECTOR('',#9196,1.);
#9196 = DIRECTION('',(1.,0.,0.));
#9197 = PCURVE('',#5411,#9198);
#9198 = DEFINITIONAL_REPRESENTATION('',(#9199),#9203);
#9199 = LINE('',#9200,#9201);
#9200 = CARTESIAN_POINT('',(12.075,1.2));
#9201 = VECTOR('',#9202,1.);
#9202 = DIRECTION('',(1.,0.));
#9203 = ( GEOMETRIC_REPRESENTATION_CONTEXT(2) 
PARAMETRIC_REPRESENTATION_CONTEXT() REPRESENTATION_CONTEXT('2D SPACE',''
  ) );
#9204 = PCURVE('',#9205,#9210);
#9205 = PLANE('',#9206);
#9206 = AXIS2_PLACEMENT_3D('',#9207,#9208,#9209);
#9207 = CARTESIAN_POINT('',(-16.7,-37.205,21.79));
#9208 = DIRECTION('',(0.,1.,0.));
#9209 = DIRECTION('',(0.,0.,1.));
#9210 = DEFINITIONAL_REPRESENTATION('',(#9211),#9215);
#9211 = LINE('',#9212,#9213);
#9212 = CARTESIAN_POINT('',(0.,0.));
#9213 = VECTOR('',#9214,1.);
#9214 = DIRECTION('',(0.,1.));
#9215 = ( GEOMETRIC_REPRESENTATION_CONTEXT(2) 
PARAMETRIC_REPRESENTATION_CONTEXT() REPRESENTATION_CONTEXT('2D SPACE',''
  ) );
#9216 = FACE_BOUND('',#9217,.T.);
#9217 = EDGE_LOOP('',(#9218));
#9218 = ORIENTED_EDGE('',*,*,#8958,.T.);
#9219 = FACE_BOUND('',#9220,.T.);
#9220 = EDGE_LOOP('',(#9221,#9251,#9279,#9307));
#9221 = ORIENTED_EDGE('',*,*,#9222,.T.);
#9222 = EDGE_CURVE('',#9223,#9225,#9227,.T.);
#9223 = VERTEX_POINT('',#9224);
#9224 = CARTESIAN_POINT('',(-0.7,-37.205,21.79));
#9225 = VERTEX_POINT('',#9226);
#9226 = CARTESIAN_POINT('',(-0.7,7.405,21.79));
#9227 = SURFACE_CURVE('',#9228,(#9232,#9239),.PCURVE_S1.);
#9228 = LINE('',#9229,#9230);
#9229 = CARTESIAN_POINT('',(-0.7,-37.205,21.79));
#9230 = VECTOR('',#9231,1.);
#9231 = DIRECTION('',(0.,1.,0.));
#9232 = PCURVE('',#5411,#9233);
#9233 = DEFINITIONAL_REPRESENTATION('',(#9234),#9238);
#9234 = LINE('',#9235,#9236);
#9235 = CARTESIAN_POINT('',(28.075,1.2));
#9236 = VECTOR('',#9237,1.);
#9237 = DIRECTION('',(0.,1.));
#9238 = ( GEOMETRIC_REPRESENTATION_CONTEXT(2) 
PARAMETRIC_REPRESENTATION_CONTEXT() REPRESENTATION_CONTEXT('2D SPACE',''
  ) );
#9239 = PCURVE('',#9240,#9245);
#9240 = PLANE('',#9241);
#9241 = AXIS2_PLACEMENT_3D('',#9242,#9243,#9244);
#9242 = CARTESIAN_POINT('',(-0.7,-37.205,21.79));
#9243 = DIRECTION('',(1.,0.,0.));
#9244 = DIRECTION('',(0.,0.,1.));
#9245 = DEFINITIONAL_REPRESENTATION('',(#9246),#9250);
#9246 = LINE('',#9247,#9248);
#9247 = CARTESIAN_POINT('',(0.,0.));
#9248 = VECTOR('',#9249,1.);
#9249 = DIRECTION('',(0.,-1.));
#9250 = ( GEOMETRIC_REPRESENTATION_CONTEXT(2) 
PARAMETRIC_REPRESENTATION_CONTEXT() REPRESENTATION_CONTEXT('2D SPACE',''
  ) );
#9251 = ORIENTED_EDGE('',*,*,#9252,.T.);
#9252 = EDGE_CURVE('',#9225,#9253,#9255,.T.);
#9253 = VERTEX_POINT('',#9254);
#9254 = CARTESIAN_POINT('',(0.7,7.405,21.79));
#9255 = SURFACE_CURVE('',#9256,(#9260,#9267),.PCURVE_S1.);
#9256 = LINE('',#9257,#9258);
#9257 = CARTESIAN_POINT('',(-0.7,7.405,21.79));
#9258 = VECTOR('',#9259,1.);
#9259 = DIRECTION('',(1.,0.,0.));
#9260 = PCURVE('',#5411,#9261);
#9261 = DEFINITIONAL_REPRESENTATION('',(#9262),#9266);
#9262 = LINE('',#9263,#9264);
#9263 = CARTESIAN_POINT('',(28.075,45.81));
#9264 = VECTOR('',#9265,1.);
#9265 = DIRECTION('',(1.,0.));
#9266 = ( GEOMETRIC_REPRESENTATION_CONTEXT(2) 
PARAMETRIC_REPRESENTATION_CONTEXT() REPRESENTATION_CONTEXT('2D SPACE',''
  ) );
#9267 = PCURVE('',#9268,#9273);
#9268 = PLANE('',#9269);
#9269 = AXIS2_PLACEMENT_3D('',#9270,#9271,#9272);
#9270 = CARTESIAN_POINT('',(-0.7,7.405,21.79));
#9271 = DIRECTION('',(0.,1.,0.));
#9272 = DIRECTION('',(0.,0.,1.));
#9273 = DEFINITIONAL_REPRESENTATION('',(#9274),#9278);
#9274 = LINE('',#9275,#9276);
#9275 = CARTESIAN_POINT('',(0.,0.));
#9276 = VECTOR('',#9277,1.);
#9277 = DIRECTION('',(0.,1.));
#9278 = ( GEOMETRIC_REPRESENTATION_CONTEXT(2) 
PARAMETRIC_REPRESENTATION_CONTEXT() REPRESENTATION_CONTEXT('2D SPACE',''
  ) );
#9279 = ORIENTED_EDGE('',*,*,#9280,.F.);
#9280 = EDGE_CURVE('',#9281,#9253,#9283,.T.);
#9281 = VERTEX_POINT('',#9282);
#9282 = CARTESIAN_POINT('',(0.7,-37.205,21.79));
#9283 = SURFACE_CURVE('',#9284,(#9288,#9295),.PCURVE_S1.);
#9284 = LINE('',#9285,#9286);
#9285 = CARTESIAN_POINT('',(0.7,-37.205,21.79));
#9286 = VECTOR('',#9287,1.);
#9287 = DIRECTION('',(0.,1.,0.));
#9288 = PCURVE('',#5411,#9289);
#9289 = DEFINITIONAL_REPRESENTATION('',(#9290),#9294);
#9290 = LINE('',#9291,#9292);
#9291 = CARTESIAN_POINT('',(29.475,1.2));
#9292 = VECTOR('',#9293,1.);
#9293 = DIRECTION('',(0.,1.));
#9294 = ( GEOMETRIC_REPRESENTATION_CONTEXT(2) 
PARAMETRIC_REPRESENTATION_CONTEXT() REPRESENTATION_CONTEXT('2D SPACE',''
  ) );
#9295 = PCURVE('',#9296,#9301);
#9296 = PLANE('',#9297);
#9297 = AXIS2_PLACEMENT_3D('',#9298,#9299,#9300);
#9298 = CARTESIAN_POINT('',(0.7,-37.205,21.79));
#9299 = DIRECTION('',(1.,0.,0.));
#9300 = DIRECTION('',(0.,0.,1.));
#9301 = DEFINITIONAL_REPRESENTATION('',(#9302),#9306);
#9302 = LINE('',#9303,#9304);
#9303 = CARTESIAN_POINT('',(0.,0.));
#9304 = VECTOR('',#9305,1.);
#9305 = DIRECTION('',(0.,-1.));
#9306 = ( GEOMETRIC_REPRESENTATION_CONTEXT(2) 
PARAMETRIC_REPRESENTATION_CONTEXT() REPRESENTATION_CONTEXT('2D SPACE',''
  ) );
#9307 = ORIENTED_EDGE('',*,*,#9308,.F.);
#9308 = EDGE_CURVE('',#9223,#9281,#9309,.T.);
#9309 = SURFACE_CURVE('',#9310,(#9314,#9321),.PCURVE_S1.);
#9310 = LINE('',#9311,#9312);
#9311 = CARTESIAN_POINT('',(-0.7,-37.205,21.79));
#9312 = VECTOR('',#9313,1.);
#9313 = DIRECTION('',(1.,0.,0.));
#9314 = PCURVE('',#5411,#9315);
#9315 = DEFINITIONAL_REPRESENTATION('',(#9316),#9320);
#9316 = LINE('',#9317,#9318);
#9317 = CARTESIAN_POINT('',(28.075,1.2));
#9318 = VECTOR('',#9319,1.);
#9319 = DIRECTION('',(1.,0.));
#9320 = ( GEOMETRIC_REPRESENTATION_CONTEXT(2) 
PARAMETRIC_REPRESENTATION_CONTEXT() REPRESENTATION_CONTEXT('2D SPACE',''
  ) );
#9321 = PCURVE('',#9322,#9327);
#9322 = PLANE('',#9323);
#9323 = AXIS2_PLACEMENT_3D('',#9324,#9325,#9326);
#9324 = CARTESIAN_POINT('',(-0.7,-37.205,21.79));
#9325 = DIRECTION('',(0.,1.,0.));
#9326 = DIRECTION('',(0.,0.,1.));
#9327 = DEFINITIONAL_REPRESENTATION('',(#9328),#9332);
#9328 = LINE('',#9329,#9330);
#9329 = CARTESIAN_POINT('',(0.,0.));
#9330 = VECTOR('',#9331,1.);
#9331 = DIRECTION('',(0.,1.));
#9332 = ( GEOMETRIC_REPRESENTATION_CONTEXT(2) 
PARAMETRIC_REPRESENTATION_CONTEXT() REPRESENTATION_CONTEXT('2D SPACE',''
  ) );
#9333 = FACE_BOUND('',#9334,.T.);
#9334 = EDGE_LOOP('',(#9335,#9365,#9393,#9421));
#9335 = ORIENTED_EDGE('',*,*,#9336,.T.);
#9336 = EDGE_CURVE('',#9337,#9339,#9341,.T.);
#9337 = VERTEX_POINT('',#9338);
#9338 = CARTESIAN_POINT('',(15.3,-37.205,21.79));
#9339 = VERTEX_POINT('',#9340);
#9340 = CARTESIAN_POINT('',(15.3,7.405,21.79));
#9341 = SURFACE_CURVE('',#9342,(#9346,#9353),.PCURVE_S1.);
#9342 = LINE('',#9343,#9344);
#9343 = CARTESIAN_POINT('',(15.3,-37.205,21.79));
#9344 = VECTOR('',#9345,1.);
#9345 = DIRECTION('',(0.,1.,0.));
#9346 = PCURVE('',#5411,#9347);
#9347 = DEFINITIONAL_REPRESENTATION('',(#9348),#9352);
#9348 = LINE('',#9349,#9350);
#9349 = CARTESIAN_POINT('',(44.075,1.2));
#9350 = VECTOR('',#9351,1.);
#9351 = DIRECTION('',(0.,1.));
#9352 = ( GEOMETRIC_REPRESENTATION_CONTEXT(2) 
PARAMETRIC_REPRESENTATION_CONTEXT() REPRESENTATION_CONTEXT('2D SPACE',''
  ) );
#9353 = PCURVE('',#9354,#9359);
#9354 = PLANE('',#9355);
#9355 = AXIS2_PLACEMENT_3D('',#9356,#9357,#9358);
#9356 = CARTESIAN_POINT('',(15.3,-37.205,21.79));
#9357 = DIRECTION('',(1.,0.,0.));
#9358 = DIRECTION('',(0.,0.,1.));
#9359 = DEFINITIONAL_REPRESENTATION('',(#9360),#9364);
#9360 = LINE('',#9361,#9362);
#9361 = CARTESIAN_POINT('',(0.,0.));
#9362 = VECTOR('',#9363,1.);
#9363 = DIRECTION('',(0.,-1.));
#9364 = ( GEOMETRIC_REPRESENTATION_CONTEXT(2) 
PARAMETRIC_REPRESENTATION_CONTEXT() REPRESENTATION_CONTEXT('2D SPACE',''
  ) );
#9365 = ORIENTED_EDGE('',*,*,#9366,.T.);
#9366 = EDGE_CURVE('',#9339,#9367,#9369,.T.);
#9367 = VERTEX_POINT('',#9368);
#9368 = CARTESIAN_POINT('',(16.7,7.405,21.79));
#9369 = SURFACE_CURVE('',#9370,(#9374,#9381),.PCURVE_S1.);
#9370 = LINE('',#9371,#9372);
#9371 = CARTESIAN_POINT('',(15.3,7.405,21.79));
#9372 = VECTOR('',#9373,1.);
#9373 = DIRECTION('',(1.,0.,0.));
#9374 = PCURVE('',#5411,#9375);
#9375 = DEFINITIONAL_REPRESENTATION('',(#9376),#9380);
#9376 = LINE('',#9377,#9378);
#9377 = CARTESIAN_POINT('',(44.075,45.81));
#9378 = VECTOR('',#9379,1.);
#9379 = DIRECTION('',(1.,0.));
#9380 = ( GEOMETRIC_REPRESENTATION_CONTEXT(2) 
PARAMETRIC_REPRESENTATION_CONTEXT() REPRESENTATION_CONTEXT('2D SPACE',''
  ) );
#9381 = PCURVE('',#9382,#9387);
#9382 = PLANE('',#9383);
#9383 = AXIS2_PLACEMENT_3D('',#9384,#9385,#9386);
#9384 = CARTESIAN_POINT('',(15.3,7.405,21.79));
#9385 = DIRECTION('',(0.,1.,0.));
#9386 = DIRECTION('',(0.,0.,1.));
#9387 = DEFINITIONAL_REPRESENTATION('',(#9388),#9392);
#9388 = LINE('',#9389,#9390);
#9389 = CARTESIAN_POINT('',(0.,0.));
#9390 = VECTOR('',#9391,1.);
#9391 = DIRECTION('',(0.,1.));
#9392 = ( GEOMETRIC_REPRESENTATION_CONTEXT(2) 
PARAMETRIC_REPRESENTATION_CONTEXT() REPRESENTATION_CONTEXT('2D SPACE',''
  ) );
#9393 = ORIENTED_EDGE('',*,*,#9394,.F.);
#9394 = EDGE_CURVE('',#9395,#9367,#9397,.T.);
#9395 = VERTEX_POINT('',#9396);
#9396 = CARTESIAN_POINT('',(16.7,-37.205,21.79));
#9397 = SURFACE_CURVE('',#9398,(#9402,#9409),.PCURVE_S1.);
#9398 = LINE('',#9399,#9400);
#9399 = CARTESIAN_POINT('',(16.7,-37.205,21.79));
#9400 = VECTOR('',#9401,1.);
#9401 = DIRECTION('',(0.,1.,0.));
#9402 = PCURVE('',#5411,#9403);
#9403 = DEFINITIONAL_REPRESENTATION('',(#9404),#9408);
#9404 = LINE('',#9405,#9406);
#9405 = CARTESIAN_POINT('',(45.475,1.2));
#9406 = VECTOR('',#9407,1.);
#9407 = DIRECTION('',(0.,1.));
#9408 = ( GEOMETRIC_REPRESENTATION_CONTEXT(2) 
PARAMETRIC_REPRESENTATION_CONTEXT() REPRESENTATION_CONTEXT('2D SPACE',''
  ) );
#9409 = PCURVE('',#9410,#9415);
#9410 = PLANE('',#9411);
#9411 = AXIS2_PLACEMENT_3D('',#9412,#9413,#9414);
#9412 = CARTESIAN_POINT('',(16.7,-37.205,21.79));
#9413 = DIRECTION('',(1.,0.,0.));
#9414 = DIRECTION('',(0.,0.,1.));
#9415 = DEFINITIONAL_REPRESENTATION('',(#9416),#9420);
#9416 = LINE('',#9417,#9418);
#9417 = CARTESIAN_POINT('',(0.,0.));
#9418 = VECTOR('',#9419,1.);
#9419 = DIRECTION('',(0.,-1.));
#9420 = ( GEOMETRIC_REPRESENTATION_CONTEXT(2) 
PARAMETRIC_REPRESENTATION_CONTEXT() REPRESENTATION_CONTEXT('2D SPACE',''
  ) );
#9421 = ORIENTED_EDGE('',*,*,#9422,.F.);
#9422 = EDGE_CURVE('',#9337,#9395,#9423,.T.);
#9423 = SURFACE_CURVE('',#9424,(#9428,#9435),.PCURVE_S1.);
#9424 = LINE('',#9425,#9426);
#9425 = CARTESIAN_POINT('',(15.3,-37.205,21.79));
#9426 = VECTOR('',#9427,1.);
#9427 = DIRECTION('',(1.,0.,0.));
#9428 = PCURVE('',#5411,#9429);
#9429 = DEFINITIONAL_REPRESENTATION('',(#9430),#9434);
#9430 = LINE('',#9431,#9432);
#9431 = CARTESIAN_POINT('',(44.075,1.2));
#9432 = VECTOR('',#9433,1.);
#9433 = DIRECTION('',(1.,0.));
#9434 = ( GEOMETRIC_REPRESENTATION_CONTEXT(2) 
PARAMETRIC_REPRESENTATION_CONTEXT() REPRESENTATION_CONTEXT('2D SPACE',''
  ) );
#9435 = PCURVE('',#9436,#9441);
#9436 = PLANE('',#9437);
#9437 = AXIS2_PLACEMENT_3D('',#9438,#9439,#9440);
#9438 = CARTESIAN_POINT('',(15.3,-37.205,21.79));
#9439 = DIRECTION('',(0.,1.,0.));
#9440 = DIRECTION('',(0.,0.,1.));
#9441 = DEFINITIONAL_REPRESENTATION('',(#9442),#9446);
#9442 = LINE('',#9443,#9444);
#9443 = CARTESIAN_POINT('',(0.,0.));
#9444 = VECTOR('',#9445,1.);
#9445 = DIRECTION('',(0.,1.));
#9446 = ( GEOMETRIC_REPRESENTATION_CONTEXT(2) 
PARAMETRIC_REPRESENTATION_CONTEXT() REPRESENTATION_CONTEXT('2D SPACE',''
  ) );
#9447 = FACE_BOUND('',#9448,.T.);
#9448 = EDGE_LOOP('',(#9449));
#9449 = ORIENTED_EDGE('',*,*,#8904,.T.);
#9450 = ADVANCED_FACE('',(#9451),#9436,.F.);
#9451 = FACE_BOUND('',#9452,.F.);
#9452 = EDGE_LOOP('',(#9453,#9454,#9477,#9505));
#9453 = ORIENTED_EDGE('',*,*,#9422,.F.);
#9454 = ORIENTED_EDGE('',*,*,#9455,.T.);
#9455 = EDGE_CURVE('',#9337,#9456,#9458,.T.);
#9456 = VERTEX_POINT('',#9457);
#9457 = CARTESIAN_POINT('',(15.3,-37.205,22.79));
#9458 = SURFACE_CURVE('',#9459,(#9463,#9470),.PCURVE_S1.);
#9459 = LINE('',#9460,#9461);
#9460 = CARTESIAN_POINT('',(15.3,-37.205,21.79));
#9461 = VECTOR('',#9462,1.);
#9462 = DIRECTION('',(0.,0.,1.));
#9463 = PCURVE('',#9436,#9464);
#9464 = DEFINITIONAL_REPRESENTATION('',(#9465),#9469);
#9465 = LINE('',#9466,#9467);
#9466 = CARTESIAN_POINT('',(0.,0.));
#9467 = VECTOR('',#9468,1.);
#9468 = DIRECTION('',(1.,0.));
#9469 = ( GEOMETRIC_REPRESENTATION_CONTEXT(2) 
PARAMETRIC_REPRESENTATION_CONTEXT() REPRESENTATION_CONTEXT('2D SPACE',''
  ) );
#9470 = PCURVE('',#9354,#9471);
#9471 = DEFINITIONAL_REPRESENTATION('',(#9472),#9476);
#9472 = LINE('',#9473,#9474);
#9473 = CARTESIAN_POINT('',(0.,0.));
#9474 = VECTOR('',#9475,1.);
#9475 = DIRECTION('',(1.,0.));
#9476 = ( GEOMETRIC_REPRESENTATION_CONTEXT(2) 
PARAMETRIC_REPRESENTATION_CONTEXT() REPRESENTATION_CONTEXT('2D SPACE',''
  ) );
#9477 = ORIENTED_EDGE('',*,*,#9478,.T.);
#9478 = EDGE_CURVE('',#9456,#9479,#9481,.T.);
#9479 = VERTEX_POINT('',#9480);
#9480 = CARTESIAN_POINT('',(16.7,-37.205,22.79));
#9481 = SURFACE_CURVE('',#9482,(#9486,#9493),.PCURVE_S1.);
#9482 = LINE('',#9483,#9484);
#9483 = CARTESIAN_POINT('',(15.3,-37.205,22.79));
#9484 = VECTOR('',#9485,1.);
#9485 = DIRECTION('',(1.,0.,0.));
#9486 = PCURVE('',#9436,#9487);
#9487 = DEFINITIONAL_REPRESENTATION('',(#9488),#9492);
#9488 = LINE('',#9489,#9490);
#9489 = CARTESIAN_POINT('',(1.,0.));
#9490 = VECTOR('',#9491,1.);
#9491 = DIRECTION('',(0.,1.));
#9492 = ( GEOMETRIC_REPRESENTATION_CONTEXT(2) 
PARAMETRIC_REPRESENTATION_CONTEXT() REPRESENTATION_CONTEXT('2D SPACE',''
  ) );
#9493 = PCURVE('',#9494,#9499);
#9494 = PLANE('',#9495);
#9495 = AXIS2_PLACEMENT_3D('',#9496,#9497,#9498);
#9496 = CARTESIAN_POINT('',(15.3,-37.205,22.79));
#9497 = DIRECTION('',(0.,0.,1.));
#9498 = DIRECTION('',(1.,0.,0.));
#9499 = DEFINITIONAL_REPRESENTATION('',(#9500),#9504);
#9500 = LINE('',#9501,#9502);
#9501 = CARTESIAN_POINT('',(0.,0.));
#9502 = VECTOR('',#9503,1.);
#9503 = DIRECTION('',(1.,0.));
#9504 = ( GEOMETRIC_REPRESENTATION_CONTEXT(2) 
PARAMETRIC_REPRESENTATION_CONTEXT() REPRESENTATION_CONTEXT('2D SPACE',''
  ) );
#9505 = ORIENTED_EDGE('',*,*,#9506,.F.);
#9506 = EDGE_CURVE('',#9395,#9479,#9507,.T.);
#9507 = SURFACE_CURVE('',#9508,(#9512,#9519),.PCURVE_S1.);
#9508 = LINE('',#9509,#9510);
#9509 = CARTESIAN_POINT('',(16.7,-37.205,21.79));
#9510 = VECTOR('',#9511,1.);
#9511 = DIRECTION('',(0.,0.,1.));
#9512 = PCURVE('',#9436,#9513);
#9513 = DEFINITIONAL_REPRESENTATION('',(#9514),#9518);
#9514 = LINE('',#9515,#9516);
#9515 = CARTESIAN_POINT('',(0.,1.4));
#9516 = VECTOR('',#9517,1.);
#9517 = DIRECTION('',(1.,0.));
#9518 = ( GEOMETRIC_REPRESENTATION_CONTEXT(2) 
PARAMETRIC_REPRESENTATION_CONTEXT() REPRESENTATION_CONTEXT('2D SPACE',''
  ) );
#9519 = PCURVE('',#9410,#9520);
#9520 = DEFINITIONAL_REPRESENTATION('',(#9521),#9525);
#9521 = LINE('',#9522,#9523);
#9522 = CARTESIAN_POINT('',(0.,0.));
#9523 = VECTOR('',#9524,1.);
#9524 = DIRECTION('',(1.,0.));
#9525 = ( GEOMETRIC_REPRESENTATION_CONTEXT(2) 
PARAMETRIC_REPRESENTATION_CONTEXT() REPRESENTATION_CONTEXT('2D SPACE',''
  ) );
#9526 = ADVANCED_FACE('',(#9527),#9494,.T.);
#9527 = FACE_BOUND('',#9528,.T.);
#9528 = EDGE_LOOP('',(#9529,#9552,#9553,#9576));
#9529 = ORIENTED_EDGE('',*,*,#9530,.F.);
#9530 = EDGE_CURVE('',#9456,#9531,#9533,.T.);
#9531 = VERTEX_POINT('',#9532);
#9532 = CARTESIAN_POINT('',(15.3,7.405,22.79));
#9533 = SURFACE_CURVE('',#9534,(#9538,#9545),.PCURVE_S1.);
#9534 = LINE('',#9535,#9536);
#9535 = CARTESIAN_POINT('',(15.3,-37.205,22.79));
#9536 = VECTOR('',#9537,1.);
#9537 = DIRECTION('',(0.,1.,0.));
#9538 = PCURVE('',#9494,#9539);
#9539 = DEFINITIONAL_REPRESENTATION('',(#9540),#9544);
#9540 = LINE('',#9541,#9542);
#9541 = CARTESIAN_POINT('',(0.,0.));
#9542 = VECTOR('',#9543,1.);
#9543 = DIRECTION('',(0.,1.));
#9544 = ( GEOMETRIC_REPRESENTATION_CONTEXT(2) 
PARAMETRIC_REPRESENTATION_CONTEXT() REPRESENTATION_CONTEXT('2D SPACE',''
  ) );
#9545 = PCURVE('',#9354,#9546);
#9546 = DEFINITIONAL_REPRESENTATION('',(#9547),#9551);
#9547 = LINE('',#9548,#9549);
#9548 = CARTESIAN_POINT('',(1.,0.));
#9549 = VECTOR('',#9550,1.);
#9550 = DIRECTION('',(0.,-1.));
#9551 = ( GEOMETRIC_REPRESENTATION_CONTEXT(2) 
PARAMETRIC_REPRESENTATION_CONTEXT() REPRESENTATION_CONTEXT('2D SPACE',''
  ) );
#9552 = ORIENTED_EDGE('',*,*,#9478,.T.);
#9553 = ORIENTED_EDGE('',*,*,#9554,.T.);
#9554 = EDGE_CURVE('',#9479,#9555,#9557,.T.);
#9555 = VERTEX_POINT('',#9556);
#9556 = CARTESIAN_POINT('',(16.7,7.405,22.79));
#9557 = SURFACE_CURVE('',#9558,(#9562,#9569),.PCURVE_S1.);
#9558 = LINE('',#9559,#9560);
#9559 = CARTESIAN_POINT('',(16.7,-37.205,22.79));
#9560 = VECTOR('',#9561,1.);
#9561 = DIRECTION('',(0.,1.,0.));
#9562 = PCURVE('',#9494,#9563);
#9563 = DEFINITIONAL_REPRESENTATION('',(#9564),#9568);
#9564 = LINE('',#9565,#9566);
#9565 = CARTESIAN_POINT('',(1.4,0.));
#9566 = VECTOR('',#9567,1.);
#9567 = DIRECTION('',(0.,1.));
#9568 = ( GEOMETRIC_REPRESENTATION_CONTEXT(2) 
PARAMETRIC_REPRESENTATION_CONTEXT() REPRESENTATION_CONTEXT('2D SPACE',''
  ) );
#9569 = PCURVE('',#9410,#9570);
#9570 = DEFINITIONAL_REPRESENTATION('',(#9571),#9575);
#9571 = LINE('',#9572,#9573);
#9572 = CARTESIAN_POINT('',(1.,0.));
#9573 = VECTOR('',#9574,1.);
#9574 = DIRECTION('',(0.,-1.));
#9575 = ( GEOMETRIC_REPRESENTATION_CONTEXT(2) 
PARAMETRIC_REPRESENTATION_CONTEXT() REPRESENTATION_CONTEXT('2D SPACE',''
  ) );
#9576 = ORIENTED_EDGE('',*,*,#9577,.F.);
#9577 = EDGE_CURVE('',#9531,#9555,#9578,.T.);
#9578 = SURFACE_CURVE('',#9579,(#9583,#9590),.PCURVE_S1.);
#9579 = LINE('',#9580,#9581);
#9580 = CARTESIAN_POINT('',(15.3,7.405,22.79));
#9581 = VECTOR('',#9582,1.);
#9582 = DIRECTION('',(1.,0.,0.));
#9583 = PCURVE('',#9494,#9584);
#9584 = DEFINITIONAL_REPRESENTATION('',(#9585),#9589);
#9585 = LINE('',#9586,#9587);
#9586 = CARTESIAN_POINT('',(0.,44.61));
#9587 = VECTOR('',#9588,1.);
#9588 = DIRECTION('',(1.,0.));
#9589 = ( GEOMETRIC_REPRESENTATION_CONTEXT(2) 
PARAMETRIC_REPRESENTATION_CONTEXT() REPRESENTATION_CONTEXT('2D SPACE',''
  ) );
#9590 = PCURVE('',#9382,#9591);
#9591 = DEFINITIONAL_REPRESENTATION('',(#9592),#9596);
#9592 = LINE('',#9593,#9594);
#9593 = CARTESIAN_POINT('',(1.,0.));
#9594 = VECTOR('',#9595,1.);
#9595 = DIRECTION('',(0.,1.));
#9596 = ( GEOMETRIC_REPRESENTATION_CONTEXT(2) 
PARAMETRIC_REPRESENTATION_CONTEXT() REPRESENTATION_CONTEXT('2D SPACE',''
  ) );
#9597 = ADVANCED_FACE('',(#9598),#9410,.T.);
#9598 = FACE_BOUND('',#9599,.T.);
#9599 = EDGE_LOOP('',(#9600,#9601,#9602,#9623));
#9600 = ORIENTED_EDGE('',*,*,#9506,.F.);
#9601 = ORIENTED_EDGE('',*,*,#9394,.T.);
#9602 = ORIENTED_EDGE('',*,*,#9603,.T.);
#9603 = EDGE_CURVE('',#9367,#9555,#9604,.T.);
#9604 = SURFACE_CURVE('',#9605,(#9609,#9616),.PCURVE_S1.);
#9605 = LINE('',#9606,#9607);
#9606 = CARTESIAN_POINT('',(16.7,7.405,21.79));
#9607 = VECTOR('',#9608,1.);
#9608 = DIRECTION('',(0.,0.,1.));
#9609 = PCURVE('',#9410,#9610);
#9610 = DEFINITIONAL_REPRESENTATION('',(#9611),#9615);
#9611 = LINE('',#9612,#9613);
#9612 = CARTESIAN_POINT('',(0.,-44.61));
#9613 = VECTOR('',#9614,1.);
#9614 = DIRECTION('',(1.,0.));
#9615 = ( GEOMETRIC_REPRESENTATION_CONTEXT(2) 
PARAMETRIC_REPRESENTATION_CONTEXT() REPRESENTATION_CONTEXT('2D SPACE',''
  ) );
#9616 = PCURVE('',#9382,#9617);
#9617 = DEFINITIONAL_REPRESENTATION('',(#9618),#9622);
#9618 = LINE('',#9619,#9620);
#9619 = CARTESIAN_POINT('',(0.,1.4));
#9620 = VECTOR('',#9621,1.);
#9621 = DIRECTION('',(1.,0.));
#9622 = ( GEOMETRIC_REPRESENTATION_CONTEXT(2) 
PARAMETRIC_REPRESENTATION_CONTEXT() REPRESENTATION_CONTEXT('2D SPACE',''
  ) );
#9623 = ORIENTED_EDGE('',*,*,#9554,.F.);
#9624 = ADVANCED_FACE('',(#9625),#9382,.T.);
#9625 = FACE_BOUND('',#9626,.T.);
#9626 = EDGE_LOOP('',(#9627,#9628,#9649,#9650));
#9627 = ORIENTED_EDGE('',*,*,#9366,.F.);
#9628 = ORIENTED_EDGE('',*,*,#9629,.T.);
#9629 = EDGE_CURVE('',#9339,#9531,#9630,.T.);
#9630 = SURFACE_CURVE('',#9631,(#9635,#9642),.PCURVE_S1.);
#9631 = LINE('',#9632,#9633);
#9632 = CARTESIAN_POINT('',(15.3,7.405,21.79));
#9633 = VECTOR('',#9634,1.);
#9634 = DIRECTION('',(0.,0.,1.));
#9635 = PCURVE('',#9382,#9636);
#9636 = DEFINITIONAL_REPRESENTATION('',(#9637),#9641);
#9637 = LINE('',#9638,#9639);
#9638 = CARTESIAN_POINT('',(0.,0.));
#9639 = VECTOR('',#9640,1.);
#9640 = DIRECTION('',(1.,0.));
#9641 = ( GEOMETRIC_REPRESENTATION_CONTEXT(2) 
PARAMETRIC_REPRESENTATION_CONTEXT() REPRESENTATION_CONTEXT('2D SPACE',''
  ) );
#9642 = PCURVE('',#9354,#9643);
#9643 = DEFINITIONAL_REPRESENTATION('',(#9644),#9648);
#9644 = LINE('',#9645,#9646);
#9645 = CARTESIAN_POINT('',(0.,-44.61));
#9646 = VECTOR('',#9647,1.);
#9647 = DIRECTION('',(1.,0.));
#9648 = ( GEOMETRIC_REPRESENTATION_CONTEXT(2) 
PARAMETRIC_REPRESENTATION_CONTEXT() REPRESENTATION_CONTEXT('2D SPACE',''
  ) );
#9649 = ORIENTED_EDGE('',*,*,#9577,.T.);
#9650 = ORIENTED_EDGE('',*,*,#9603,.F.);
#9651 = ADVANCED_FACE('',(#9652),#9354,.F.);
#9652 = FACE_BOUND('',#9653,.F.);
#9653 = EDGE_LOOP('',(#9654,#9655,#9656,#9657));
#9654 = ORIENTED_EDGE('',*,*,#9455,.F.);
#9655 = ORIENTED_EDGE('',*,*,#9336,.T.);
#9656 = ORIENTED_EDGE('',*,*,#9629,.T.);
#9657 = ORIENTED_EDGE('',*,*,#9530,.F.);
#9658 = ADVANCED_FACE('',(#9659),#9322,.F.);
#9659 = FACE_BOUND('',#9660,.F.);
#9660 = EDGE_LOOP('',(#9661,#9662,#9685,#9713));
#9661 = ORIENTED_EDGE('',*,*,#9308,.F.);
#9662 = ORIENTED_EDGE('',*,*,#9663,.T.);
#9663 = EDGE_CURVE('',#9223,#9664,#9666,.T.);
#9664 = VERTEX_POINT('',#9665);
#9665 = CARTESIAN_POINT('',(-0.7,-37.205,22.79));
#9666 = SURFACE_CURVE('',#9667,(#9671,#9678),.PCURVE_S1.);
#9667 = LINE('',#9668,#9669);
#9668 = CARTESIAN_POINT('',(-0.7,-37.205,21.79));
#9669 = VECTOR('',#9670,1.);
#9670 = DIRECTION('',(0.,0.,1.));
#9671 = PCURVE('',#9322,#9672);
#9672 = DEFINITIONAL_REPRESENTATION('',(#9673),#9677);
#9673 = LINE('',#9674,#9675);
#9674 = CARTESIAN_POINT('',(0.,0.));
#9675 = VECTOR('',#9676,1.);
#9676 = DIRECTION('',(1.,0.));
#9677 = ( GEOMETRIC_REPRESENTATION_CONTEXT(2) 
PARAMETRIC_REPRESENTATION_CONTEXT() REPRESENTATION_CONTEXT('2D SPACE',''
  ) );
#9678 = PCURVE('',#9240,#9679);
#9679 = DEFINITIONAL_REPRESENTATION('',(#9680),#9684);
#9680 = LINE('',#9681,#9682);
#9681 = CARTESIAN_POINT('',(0.,0.));
#9682 = VECTOR('',#9683,1.);
#9683 = DIRECTION('',(1.,0.));
#9684 = ( GEOMETRIC_REPRESENTATION_CONTEXT(2) 
PARAMETRIC_REPRESENTATION_CONTEXT() REPRESENTATION_CONTEXT('2D SPACE',''
  ) );
#9685 = ORIENTED_EDGE('',*,*,#9686,.T.);
#9686 = EDGE_CURVE('',#9664,#9687,#9689,.T.);
#9687 = VERTEX_POINT('',#9688);
#9688 = CARTESIAN_POINT('',(0.7,-37.205,22.79));
#9689 = SURFACE_CURVE('',#9690,(#9694,#9701),.PCURVE_S1.);
#9690 = LINE('',#9691,#9692);
#9691 = CARTESIAN_POINT('',(-0.7,-37.205,22.79));
#9692 = VECTOR('',#9693,1.);
#9693 = DIRECTION('',(1.,0.,0.));
#9694 = PCURVE('',#9322,#9695);
#9695 = DEFINITIONAL_REPRESENTATION('',(#9696),#9700);
#9696 = LINE('',#9697,#9698);
#9697 = CARTESIAN_POINT('',(1.,0.));
#9698 = VECTOR('',#9699,1.);
#9699 = DIRECTION('',(0.,1.));
#9700 = ( GEOMETRIC_REPRESENTATION_CONTEXT(2) 
PARAMETRIC_REPRESENTATION_CONTEXT() REPRESENTATION_CONTEXT('2D SPACE',''
  ) );
#9701 = PCURVE('',#9702,#9707);
#9702 = PLANE('',#9703);
#9703 = AXIS2_PLACEMENT_3D('',#9704,#9705,#9706);
#9704 = CARTESIAN_POINT('',(-0.7,-37.205,22.79));
#9705 = DIRECTION('',(0.,0.,1.));
#9706 = DIRECTION('',(1.,0.,0.));
#9707 = DEFINITIONAL_REPRESENTATION('',(#9708),#9712);
#9708 = LINE('',#9709,#9710);
#9709 = CARTESIAN_POINT('',(0.,0.));
#9710 = VECTOR('',#9711,1.);
#9711 = DIRECTION('',(1.,0.));
#9712 = ( GEOMETRIC_REPRESENTATION_CONTEXT(2) 
PARAMETRIC_REPRESENTATION_CONTEXT() REPRESENTATION_CONTEXT('2D SPACE',''
  ) );
#9713 = ORIENTED_EDGE('',*,*,#9714,.F.);
#9714 = EDGE_CURVE('',#9281,#9687,#9715,.T.);
#9715 = SURFACE_CURVE('',#9716,(#9720,#9727),.PCURVE_S1.);
#9716 = LINE('',#9717,#9718);
#9717 = CARTESIAN_POINT('',(0.7,-37.205,21.79));
#9718 = VECTOR('',#9719,1.);
#9719 = DIRECTION('',(0.,0.,1.));
#9720 = PCURVE('',#9322,#9721);
#9721 = DEFINITIONAL_REPRESENTATION('',(#9722),#9726);
#9722 = LINE('',#9723,#9724);
#9723 = CARTESIAN_POINT('',(0.,1.4));
#9724 = VECTOR('',#9725,1.);
#9725 = DIRECTION('',(1.,0.));
#9726 = ( GEOMETRIC_REPRESENTATION_CONTEXT(2) 
PARAMETRIC_REPRESENTATION_CONTEXT() REPRESENTATION_CONTEXT('2D SPACE',''
  ) );
#9727 = PCURVE('',#9296,#9728);
#9728 = DEFINITIONAL_REPRESENTATION('',(#9729),#9733);
#9729 = LINE('',#9730,#9731);
#9730 = CARTESIAN_POINT('',(0.,0.));
#9731 = VECTOR('',#9732,1.);
#9732 = DIRECTION('',(1.,0.));
#9733 = ( GEOMETRIC_REPRESENTATION_CONTEXT(2) 
PARAMETRIC_REPRESENTATION_CONTEXT() REPRESENTATION_CONTEXT('2D SPACE',''
  ) );
#9734 = ADVANCED_FACE('',(#9735),#9702,.T.);
#9735 = FACE_BOUND('',#9736,.T.);
#9736 = EDGE_LOOP('',(#9737,#9760,#9761,#9784));
#9737 = ORIENTED_EDGE('',*,*,#9738,.F.);
#9738 = EDGE_CURVE('',#9664,#9739,#9741,.T.);
#9739 = VERTEX_POINT('',#9740);
#9740 = CARTESIAN_POINT('',(-0.7,7.405,22.79));
#9741 = SURFACE_CURVE('',#9742,(#9746,#9753),.PCURVE_S1.);
#9742 = LINE('',#9743,#9744);
#9743 = CARTESIAN_POINT('',(-0.7,-37.205,22.79));
#9744 = VECTOR('',#9745,1.);
#9745 = DIRECTION('',(0.,1.,0.));
#9746 = PCURVE('',#9702,#9747);
#9747 = DEFINITIONAL_REPRESENTATION('',(#9748),#9752);
#9748 = LINE('',#9749,#9750);
#9749 = CARTESIAN_POINT('',(0.,0.));
#9750 = VECTOR('',#9751,1.);
#9751 = DIRECTION('',(0.,1.));
#9752 = ( GEOMETRIC_REPRESENTATION_CONTEXT(2) 
PARAMETRIC_REPRESENTATION_CONTEXT() REPRESENTATION_CONTEXT('2D SPACE',''
  ) );
#9753 = PCURVE('',#9240,#9754);
#9754 = DEFINITIONAL_REPRESENTATION('',(#9755),#9759);
#9755 = LINE('',#9756,#9757);
#9756 = CARTESIAN_POINT('',(1.,0.));
#9757 = VECTOR('',#9758,1.);
#9758 = DIRECTION('',(0.,-1.));
#9759 = ( GEOMETRIC_REPRESENTATION_CONTEXT(2) 
PARAMETRIC_REPRESENTATION_CONTEXT() REPRESENTATION_CONTEXT('2D SPACE',''
  ) );
#9760 = ORIENTED_EDGE('',*,*,#9686,.T.);
#9761 = ORIENTED_EDGE('',*,*,#9762,.T.);
#9762 = EDGE_CURVE('',#9687,#9763,#9765,.T.);
#9763 = VERTEX_POINT('',#9764);
#9764 = CARTESIAN_POINT('',(0.7,7.405,22.79));
#9765 = SURFACE_CURVE('',#9766,(#9770,#9777),.PCURVE_S1.);
#9766 = LINE('',#9767,#9768);
#9767 = CARTESIAN_POINT('',(0.7,-37.205,22.79));
#9768 = VECTOR('',#9769,1.);
#9769 = DIRECTION('',(0.,1.,0.));
#9770 = PCURVE('',#9702,#9771);
#9771 = DEFINITIONAL_REPRESENTATION('',(#9772),#9776);
#9772 = LINE('',#9773,#9774);
#9773 = CARTESIAN_POINT('',(1.4,0.));
#9774 = VECTOR('',#9775,1.);
#9775 = DIRECTION('',(0.,1.));
#9776 = ( GEOMETRIC_REPRESENTATION_CONTEXT(2) 
PARAMETRIC_REPRESENTATION_CONTEXT() REPRESENTATION_CONTEXT('2D SPACE',''
  ) );
#9777 = PCURVE('',#9296,#9778);
#9778 = DEFINITIONAL_REPRESENTATION('',(#9779),#9783);
#9779 = LINE('',#9780,#9781);
#9780 = CARTESIAN_POINT('',(1.,0.));
#9781 = VECTOR('',#9782,1.);
#9782 = DIRECTION('',(0.,-1.));
#9783 = ( GEOMETRIC_REPRESENTATION_CONTEXT(2) 
PARAMETRIC_REPRESENTATION_CONTEXT() REPRESENTATION_CONTEXT('2D SPACE',''
  ) );
#9784 = ORIENTED_EDGE('',*,*,#9785,.F.);
#9785 = EDGE_CURVE('',#9739,#9763,#9786,.T.);
#9786 = SURFACE_CURVE('',#9787,(#9791,#9798),.PCURVE_S1.);
#9787 = LINE('',#9788,#9789);
#9788 = CARTESIAN_POINT('',(-0.7,7.405,22.79));
#9789 = VECTOR('',#9790,1.);
#9790 = DIRECTION('',(1.,0.,0.));
#9791 = PCURVE('',#9702,#9792);
#9792 = DEFINITIONAL_REPRESENTATION('',(#9793),#9797);
#9793 = LINE('',#9794,#9795);
#9794 = CARTESIAN_POINT('',(0.,44.61));
#9795 = VECTOR('',#9796,1.);
#9796 = DIRECTION('',(1.,0.));
#9797 = ( GEOMETRIC_REPRESENTATION_CONTEXT(2) 
PARAMETRIC_REPRESENTATION_CONTEXT() REPRESENTATION_CONTEXT('2D SPACE',''
  ) );
#9798 = PCURVE('',#9268,#9799);
#9799 = DEFINITIONAL_REPRESENTATION('',(#9800),#9804);
#9800 = LINE('',#9801,#9802);
#9801 = CARTESIAN_POINT('',(1.,0.));
#9802 = VECTOR('',#9803,1.);
#9803 = DIRECTION('',(0.,1.));
#9804 = ( GEOMETRIC_REPRESENTATION_CONTEXT(2) 
PARAMETRIC_REPRESENTATION_CONTEXT() REPRESENTATION_CONTEXT('2D SPACE',''
  ) );
#9805 = ADVANCED_FACE('',(#9806),#9296,.T.);
#9806 = FACE_BOUND('',#9807,.T.);
#9807 = EDGE_LOOP('',(#9808,#9809,#9810,#9831));
#9808 = ORIENTED_EDGE('',*,*,#9714,.F.);
#9809 = ORIENTED_EDGE('',*,*,#9280,.T.);
#9810 = ORIENTED_EDGE('',*,*,#9811,.T.);
#9811 = EDGE_CURVE('',#9253,#9763,#9812,.T.);
#9812 = SURFACE_CURVE('',#9813,(#9817,#9824),.PCURVE_S1.);
#9813 = LINE('',#9814,#9815);
#9814 = CARTESIAN_POINT('',(0.7,7.405,21.79));
#9815 = VECTOR('',#9816,1.);
#9816 = DIRECTION('',(0.,0.,1.));
#9817 = PCURVE('',#9296,#9818);
#9818 = DEFINITIONAL_REPRESENTATION('',(#9819),#9823);
#9819 = LINE('',#9820,#9821);
#9820 = CARTESIAN_POINT('',(0.,-44.61));
#9821 = VECTOR('',#9822,1.);
#9822 = DIRECTION('',(1.,0.));
#9823 = ( GEOMETRIC_REPRESENTATION_CONTEXT(2) 
PARAMETRIC_REPRESENTATION_CONTEXT() REPRESENTATION_CONTEXT('2D SPACE',''
  ) );
#9824 = PCURVE('',#9268,#9825);
#9825 = DEFINITIONAL_REPRESENTATION('',(#9826),#9830);
#9826 = LINE('',#9827,#9828);
#9827 = CARTESIAN_POINT('',(0.,1.4));
#9828 = VECTOR('',#9829,1.);
#9829 = DIRECTION('',(1.,0.));
#9830 = ( GEOMETRIC_REPRESENTATION_CONTEXT(2) 
PARAMETRIC_REPRESENTATION_CONTEXT() REPRESENTATION_CONTEXT('2D SPACE',''
  ) );
#9831 = ORIENTED_EDGE('',*,*,#9762,.F.);
#9832 = ADVANCED_FACE('',(#9833),#9268,.T.);
#9833 = FACE_BOUND('',#9834,.T.);
#9834 = EDGE_LOOP('',(#9835,#9836,#9857,#9858));
#9835 = ORIENTED_EDGE('',*,*,#9252,.F.);
#9836 = ORIENTED_EDGE('',*,*,#9837,.T.);
#9837 = EDGE_CURVE('',#9225,#9739,#9838,.T.);
#9838 = SURFACE_CURVE('',#9839,(#9843,#9850),.PCURVE_S1.);
#9839 = LINE('',#9840,#9841);
#9840 = CARTESIAN_POINT('',(-0.7,7.405,21.79));
#9841 = VECTOR('',#9842,1.);
#9842 = DIRECTION('',(0.,0.,1.));
#9843 = PCURVE('',#9268,#9844);
#9844 = DEFINITIONAL_REPRESENTATION('',(#9845),#9849);
#9845 = LINE('',#9846,#9847);
#9846 = CARTESIAN_POINT('',(0.,0.));
#9847 = VECTOR('',#9848,1.);
#9848 = DIRECTION('',(1.,0.));
#9849 = ( GEOMETRIC_REPRESENTATION_CONTEXT(2) 
PARAMETRIC_REPRESENTATION_CONTEXT() REPRESENTATION_CONTEXT('2D SPACE',''
  ) );
#9850 = PCURVE('',#9240,#9851);
#9851 = DEFINITIONAL_REPRESENTATION('',(#9852),#9856);
#9852 = LINE('',#9853,#9854);
#9853 = CARTESIAN_POINT('',(0.,-44.61));
#9854 = VECTOR('',#9855,1.);
#9855 = DIRECTION('',(1.,0.));
#9856 = ( GEOMETRIC_REPRESENTATION_CONTEXT(2) 
PARAMETRIC_REPRESENTATION_CONTEXT() REPRESENTATION_CONTEXT('2D SPACE',''
  ) );
#9857 = ORIENTED_EDGE('',*,*,#9785,.T.);
#9858 = ORIENTED_EDGE('',*,*,#9811,.F.);
#9859 = ADVANCED_FACE('',(#9860),#9240,.F.);
#9860 = FACE_BOUND('',#9861,.F.);
#9861 = EDGE_LOOP('',(#9862,#9863,#9864,#9865));
#9862 = ORIENTED_EDGE('',*,*,#9663,.F.);
#9863 = ORIENTED_EDGE('',*,*,#9222,.T.);
#9864 = ORIENTED_EDGE('',*,*,#9837,.T.);
#9865 = ORIENTED_EDGE('',*,*,#9738,.F.);
#9866 = ADVANCED_FACE('',(#9867),#9205,.F.);
#9867 = FACE_BOUND('',#9868,.F.);
#9868 = EDGE_LOOP('',(#9869,#9870,#9893,#9921));
#9869 = ORIENTED_EDGE('',*,*,#9191,.F.);
#9870 = ORIENTED_EDGE('',*,*,#9871,.T.);
#9871 = EDGE_CURVE('',#9106,#9872,#9874,.T.);
#9872 = VERTEX_POINT('',#9873);
#9873 = CARTESIAN_POINT('',(-16.7,-37.205,22.79));
#9874 = SURFACE_CURVE('',#9875,(#9879,#9886),.PCURVE_S1.);
#9875 = LINE('',#9876,#9877);
#9876 = CARTESIAN_POINT('',(-16.7,-37.205,21.79));
#9877 = VECTOR('',#9878,1.);
#9878 = DIRECTION('',(0.,0.,1.));
#9879 = PCURVE('',#9205,#9880);
#9880 = DEFINITIONAL_REPRESENTATION('',(#9881),#9885);
#9881 = LINE('',#9882,#9883);
#9882 = CARTESIAN_POINT('',(0.,0.));
#9883 = VECTOR('',#9884,1.);
#9884 = DIRECTION('',(1.,0.));
#9885 = ( GEOMETRIC_REPRESENTATION_CONTEXT(2) 
PARAMETRIC_REPRESENTATION_CONTEXT() REPRESENTATION_CONTEXT('2D SPACE',''
  ) );
#9886 = PCURVE('',#9123,#9887);
#9887 = DEFINITIONAL_REPRESENTATION('',(#9888),#9892);
#9888 = LINE('',#9889,#9890);
#9889 = CARTESIAN_POINT('',(0.,0.));
#9890 = VECTOR('',#9891,1.);
#9891 = DIRECTION('',(1.,0.));
#9892 = ( GEOMETRIC_REPRESENTATION_CONTEXT(2) 
PARAMETRIC_REPRESENTATION_CONTEXT() REPRESENTATION_CONTEXT('2D SPACE',''
  ) );
#9893 = ORIENTED_EDGE('',*,*,#9894,.T.);
#9894 = EDGE_CURVE('',#9872,#9895,#9897,.T.);
#9895 = VERTEX_POINT('',#9896);
#9896 = CARTESIAN_POINT('',(-15.3,-37.205,22.79));
#9897 = SURFACE_CURVE('',#9898,(#9902,#9909),.PCURVE_S1.);
#9898 = LINE('',#9899,#9900);
#9899 = CARTESIAN_POINT('',(-16.7,-37.205,22.79));
#9900 = VECTOR('',#9901,1.);
#9901 = DIRECTION('',(1.,0.,0.));
#9902 = PCURVE('',#9205,#9903);
#9903 = DEFINITIONAL_REPRESENTATION('',(#9904),#9908);
#9904 = LINE('',#9905,#9906);
#9905 = CARTESIAN_POINT('',(1.,0.));
#9906 = VECTOR('',#9907,1.);
#9907 = DIRECTION('',(0.,1.));
#9908 = ( GEOMETRIC_REPRESENTATION_CONTEXT(2) 
PARAMETRIC_REPRESENTATION_CONTEXT() REPRESENTATION_CONTEXT('2D SPACE',''
  ) );
#9909 = PCURVE('',#9910,#9915);
#9910 = PLANE('',#9911);
#9911 = AXIS2_PLACEMENT_3D('',#9912,#9913,#9914);
#9912 = CARTESIAN_POINT('',(-16.7,-37.205,22.79));
#9913 = DIRECTION('',(0.,0.,1.));
#9914 = DIRECTION('',(1.,0.,0.));
#9915 = DEFINITIONAL_REPRESENTATION('',(#9916),#9920);
#9916 = LINE('',#9917,#9918);
#9917 = CARTESIAN_POINT('',(0.,0.));
#9918 = VECTOR('',#9919,1.);
#9919 = DIRECTION('',(1.,0.));
#9920 = ( GEOMETRIC_REPRESENTATION_CONTEXT(2) 
PARAMETRIC_REPRESENTATION_CONTEXT() REPRESENTATION_CONTEXT('2D SPACE',''
  ) );
#9921 = ORIENTED_EDGE('',*,*,#9922,.F.);
#9922 = EDGE_CURVE('',#9164,#9895,#9923,.T.);
#9923 = SURFACE_CURVE('',#9924,(#9928,#9935),.PCURVE_S1.);
#9924 = LINE('',#9925,#9926);
#9925 = CARTESIAN_POINT('',(-15.3,-37.205,21.79));
#9926 = VECTOR('',#9927,1.);
#9927 = DIRECTION('',(0.,0.,1.));
#9928 = PCURVE('',#9205,#9929);
#9929 = DEFINITIONAL_REPRESENTATION('',(#9930),#9934);
#9930 = LINE('',#9931,#9932);
#9931 = CARTESIAN_POINT('',(0.,1.4));
#9932 = VECTOR('',#9933,1.);
#9933 = DIRECTION('',(1.,0.));
#9934 = ( GEOMETRIC_REPRESENTATION_CONTEXT(2) 
PARAMETRIC_REPRESENTATION_CONTEXT() REPRESENTATION_CONTEXT('2D SPACE',''
  ) );
#9935 = PCURVE('',#9179,#9936);
#9936 = DEFINITIONAL_REPRESENTATION('',(#9937),#9941);
#9937 = LINE('',#9938,#9939);
#9938 = CARTESIAN_POINT('',(0.,0.));
#9939 = VECTOR('',#9940,1.);
#9940 = DIRECTION('',(1.,0.));
#9941 = ( GEOMETRIC_REPRESENTATION_CONTEXT(2) 
PARAMETRIC_REPRESENTATION_CONTEXT() REPRESENTATION_CONTEXT('2D SPACE',''
  ) );
#9942 = ADVANCED_FACE('',(#9943),#9910,.T.);
#9943 = FACE_BOUND('',#9944,.T.);
#9944 = EDGE_LOOP('',(#9945,#9968,#9969,#9992));
#9945 = ORIENTED_EDGE('',*,*,#9946,.F.);
#9946 = EDGE_CURVE('',#9872,#9947,#9949,.T.);
#9947 = VERTEX_POINT('',#9948);
#9948 = CARTESIAN_POINT('',(-16.7,7.405,22.79));
#9949 = SURFACE_CURVE('',#9950,(#9954,#9961),.PCURVE_S1.);
#9950 = LINE('',#9951,#9952);
#9951 = CARTESIAN_POINT('',(-16.7,-37.205,22.79));
#9952 = VECTOR('',#9953,1.);
#9953 = DIRECTION('',(0.,1.,0.));
#9954 = PCURVE('',#9910,#9955);
#9955 = DEFINITIONAL_REPRESENTATION('',(#9956),#9960);
#9956 = LINE('',#9957,#9958);
#9957 = CARTESIAN_POINT('',(0.,0.));
#9958 = VECTOR('',#9959,1.);
#9959 = DIRECTION('',(0.,1.));
#9960 = ( GEOMETRIC_REPRESENTATION_CONTEXT(2) 
PARAMETRIC_REPRESENTATION_CONTEXT() REPRESENTATION_CONTEXT('2D SPACE',''
  ) );
#9961 = PCURVE('',#9123,#9962);
#9962 = DEFINITIONAL_REPRESENTATION('',(#9963),#9967);
#9963 = LINE('',#9964,#9965);
#9964 = CARTESIAN_POINT('',(1.,0.));
#9965 = VECTOR('',#9966,1.);
#9966 = DIRECTION('',(0.,-1.));
#9967 = ( GEOMETRIC_REPRESENTATION_CONTEXT(2) 
PARAMETRIC_REPRESENTATION_CONTEXT() REPRESENTATION_CONTEXT('2D SPACE',''
  ) );
#9968 = ORIENTED_EDGE('',*,*,#9894,.T.);
#9969 = ORIENTED_EDGE('',*,*,#9970,.T.);
#9970 = EDGE_CURVE('',#9895,#9971,#9973,.T.);
#9971 = VERTEX_POINT('',#9972);
#9972 = CARTESIAN_POINT('',(-15.3,7.405,22.79));
#9973 = SURFACE_CURVE('',#9974,(#9978,#9985),.PCURVE_S1.);
#9974 = LINE('',#9975,#9976);
#9975 = CARTESIAN_POINT('',(-15.3,-37.205,22.79));
#9976 = VECTOR('',#9977,1.);
#9977 = DIRECTION('',(0.,1.,0.));
#9978 = PCURVE('',#9910,#9979);
#9979 = DEFINITIONAL_REPRESENTATION('',(#9980),#9984);
#9980 = LINE('',#9981,#9982);
#9981 = CARTESIAN_POINT('',(1.4,0.));
#9982 = VECTOR('',#9983,1.);
#9983 = DIRECTION('',(0.,1.));
#9984 = ( GEOMETRIC_REPRESENTATION_CONTEXT(2) 
PARAMETRIC_REPRESENTATION_CONTEXT() REPRESENTATION_CONTEXT('2D SPACE',''
  ) );
#9985 = PCURVE('',#9179,#9986);
#9986 = DEFINITIONAL_REPRESENTATION('',(#9987),#9991);
#9987 = LINE('',#9988,#9989);
#9988 = CARTESIAN_POINT('',(1.,0.));
#9989 = VECTOR('',#9990,1.);
#9990 = DIRECTION('',(0.,-1.));
#9991 = ( GEOMETRIC_REPRESENTATION_CONTEXT(2) 
PARAMETRIC_REPRESENTATION_CONTEXT() REPRESENTATION_CONTEXT('2D SPACE',''
  ) );
#9992 = ORIENTED_EDGE('',*,*,#9993,.F.);
#9993 = EDGE_CURVE('',#9947,#9971,#9994,.T.);
#9994 = SURFACE_CURVE('',#9995,(#9999,#10006),.PCURVE_S1.);
#9995 = LINE('',#9996,#9997);
#9996 = CARTESIAN_POINT('',(-16.7,7.405,22.79));
#9997 = VECTOR('',#9998,1.);
#9998 = DIRECTION('',(1.,0.,0.));
#9999 = PCURVE('',#9910,#10000);
#10000 = DEFINITIONAL_REPRESENTATION('',(#10001),#10005);
#10001 = LINE('',#10002,#10003);
#10002 = CARTESIAN_POINT('',(0.,44.61));
#10003 = VECTOR('',#10004,1.);
#10004 = DIRECTION('',(1.,0.));
#10005 = ( GEOMETRIC_REPRESENTATION_CONTEXT(2) 
PARAMETRIC_REPRESENTATION_CONTEXT() REPRESENTATION_CONTEXT('2D SPACE',''
  ) );
#10006 = PCURVE('',#9151,#10007);
#10007 = DEFINITIONAL_REPRESENTATION('',(#10008),#10012);
#10008 = LINE('',#10009,#10010);
#10009 = CARTESIAN_POINT('',(1.,0.));
#10010 = VECTOR('',#10011,1.);
#10011 = DIRECTION('',(0.,1.));
#10012 = ( GEOMETRIC_REPRESENTATION_CONTEXT(2) 
PARAMETRIC_REPRESENTATION_CONTEXT() REPRESENTATION_CONTEXT('2D SPACE',''
  ) );
#10013 = ADVANCED_FACE('',(#10014),#9179,.T.);
#10014 = FACE_BOUND('',#10015,.T.);
#10015 = EDGE_LOOP('',(#10016,#10017,#10018,#10039));
#10016 = ORIENTED_EDGE('',*,*,#9922,.F.);
#10017 = ORIENTED_EDGE('',*,*,#9163,.T.);
#10018 = ORIENTED_EDGE('',*,*,#10019,.T.);
#10019 = EDGE_CURVE('',#9136,#9971,#10020,.T.);
#10020 = SURFACE_CURVE('',#10021,(#10025,#10032),.PCURVE_S1.);
#10021 = LINE('',#10022,#10023);
#10022 = CARTESIAN_POINT('',(-15.3,7.405,21.79));
#10023 = VECTOR('',#10024,1.);
#10024 = DIRECTION('',(0.,0.,1.));
#10025 = PCURVE('',#9179,#10026);
#10026 = DEFINITIONAL_REPRESENTATION('',(#10027),#10031);
#10027 = LINE('',#10028,#10029);
#10028 = CARTESIAN_POINT('',(0.,-44.61));
#10029 = VECTOR('',#10030,1.);
#10030 = DIRECTION('',(1.,0.));
#10031 = ( GEOMETRIC_REPRESENTATION_CONTEXT(2) 
PARAMETRIC_REPRESENTATION_CONTEXT() REPRESENTATION_CONTEXT('2D SPACE',''
  ) );
#10032 = PCURVE('',#9151,#10033);
#10033 = DEFINITIONAL_REPRESENTATION('',(#10034),#10038);
#10034 = LINE('',#10035,#10036);
#10035 = CARTESIAN_POINT('',(0.,1.4));
#10036 = VECTOR('',#10037,1.);
#10037 = DIRECTION('',(1.,0.));
#10038 = ( GEOMETRIC_REPRESENTATION_CONTEXT(2) 
PARAMETRIC_REPRESENTATION_CONTEXT() REPRESENTATION_CONTEXT('2D SPACE',''
  ) );
#10039 = ORIENTED_EDGE('',*,*,#9970,.F.);
#10040 = ADVANCED_FACE('',(#10041),#9151,.T.);
#10041 = FACE_BOUND('',#10042,.T.);
#10042 = EDGE_LOOP('',(#10043,#10044,#10065,#10066));
#10043 = ORIENTED_EDGE('',*,*,#9135,.F.);
#10044 = ORIENTED_EDGE('',*,*,#10045,.T.);
#10045 = EDGE_CURVE('',#9108,#9947,#10046,.T.);
#10046 = SURFACE_CURVE('',#10047,(#10051,#10058),.PCURVE_S1.);
#10047 = LINE('',#10048,#10049);
#10048 = CARTESIAN_POINT('',(-16.7,7.405,21.79));
#10049 = VECTOR('',#10050,1.);
#10050 = DIRECTION('',(0.,0.,1.));
#10051 = PCURVE('',#9151,#10052);
#10052 = DEFINITIONAL_REPRESENTATION('',(#10053),#10057);
#10053 = LINE('',#10054,#10055);
#10054 = CARTESIAN_POINT('',(0.,0.));
#10055 = VECTOR('',#10056,1.);
#10056 = DIRECTION('',(1.,0.));
#10057 = ( GEOMETRIC_REPRESENTATION_CONTEXT(2) 
PARAMETRIC_REPRESENTATION_CONTEXT() REPRESENTATION_CONTEXT('2D SPACE',''
  ) );
#10058 = PCURVE('',#9123,#10059);
#10059 = DEFINITIONAL_REPRESENTATION('',(#10060),#10064);
#10060 = LINE('',#10061,#10062);
#10061 = CARTESIAN_POINT('',(0.,-44.61));
#10062 = VECTOR('',#10063,1.);
#10063 = DIRECTION('',(1.,0.));
#10064 = ( GEOMETRIC_REPRESENTATION_CONTEXT(2) 
PARAMETRIC_REPRESENTATION_CONTEXT() REPRESENTATION_CONTEXT('2D SPACE',''
  ) );
#10065 = ORIENTED_EDGE('',*,*,#9993,.T.);
#10066 = ORIENTED_EDGE('',*,*,#10019,.F.);
#10067 = ADVANCED_FACE('',(#10068),#9123,.F.);
#10068 = FACE_BOUND('',#10069,.F.);
#10069 = EDGE_LOOP('',(#10070,#10071,#10072,#10073));
#10070 = ORIENTED_EDGE('',*,*,#9871,.F.);
#10071 = ORIENTED_EDGE('',*,*,#9105,.T.);
#10072 = ORIENTED_EDGE('',*,*,#10045,.T.);
#10073 = ORIENTED_EDGE('',*,*,#9946,.F.);
#10074 = ( GEOMETRIC_REPRESENTATION_CONTEXT(3) 
GLOBAL_UNCERTAINTY_ASSIGNED_CONTEXT((#10078)) 
GLOBAL_UNIT_ASSIGNED_CONTEXT((#10075,#10076,#10077)) 
REPRESENTATION_CONTEXT('Context #1',
  '3D Context with UNIT and UNCERTAINTY') );
#10075 = ( LENGTH_UNIT() NAMED_UNIT(*) SI_UNIT(.MILLI.,.METRE.) );
#10076 = ( NAMED_UNIT(*) PLANE_ANGLE_UNIT() SI_UNIT($,.RADIAN.) );
#10077 = ( NAMED_UNIT(*) SI_UNIT($,.STERADIAN.) SOLID_ANGLE_UNIT() );
#10078 = UNCERTAINTY_MEASURE_WITH_UNIT(LENGTH_MEASURE(1.E-07),#10075,
  'distance_accuracy_value','confusion accuracy');
#10079 = CONTEXT_DEPENDENT_SHAPE_REPRESENTATION(#10080,#10082);
#10080 = ( REPRESENTATION_RELATIONSHIP('','',#5381,#10) 
REPRESENTATION_RELATIONSHIP_WITH_TRANSFORMATION(#10081) 
SHAPE_REPRESENTATION_RELATIONSHIP() );
#10081 = ITEM_DEFINED_TRANSFORMATION('','',#11,#83);
#10082 = PRODUCT_DEFINITION_SHAPE('Placement','Placement of an item',
  #10083);
#10083 = NEXT_ASSEMBLY_USAGE_OCCURRENCE('18','battery_carrier','',#5,
  #5376,$);
#10084 = PRODUCT_RELATED_PRODUCT_CATEGORY('part',$,(#5378));
#10085 = SHAPE_DEFINITION_REPRESENTATION(#10086,#10092);
#10086 = PRODUCT_DEFINITION_SHAPE('','',#10087);
#10087 = PRODUCT_DEFINITION('design','',#10088,#10091);
#10088 = PRODUCT_DEFINITION_FORMATION('','',#10089);
#10089 = PRODUCT('mounting_cradle','mounting_cradle','',(#10090));
#10090 = PRODUCT_CONTEXT('',#2,'mechanical');
#10091 = PRODUCT_DEFINITION_CONTEXT('part definition',#2,'design');
#10092 = ADVANCED_BREP_SHAPE_REPRESENTATION('',(#11,#10093),#12635);
#10093 = MANIFOLD_SOLID_BREP('',#10094);
#10094 = CLOSED_SHELL('',(#10095,#10215,#10641,#10708,#10755,#10802,
    #10849,#10894,#10946,#10998,#11030,#11102,#11154,#11206,#11255,
    #11304,#11331,#11584,#11660,#11837,#11913,#11984,#12011,#12038,
    #12045,#12072,#12099,#12106,#12182,#12359,#12435,#12506,#12533,
    #12560,#12567,#12594,#12621,#12628));
#10095 = ADVANCED_FACE('',(#10096),#10110,.F.);
#10096 = FACE_BOUND('',#10097,.F.);
#10097 = EDGE_LOOP('',(#10098,#10133,#10161,#10189));
#10098 = ORIENTED_EDGE('',*,*,#10099,.F.);
#10099 = EDGE_CURVE('',#10100,#10102,#10104,.T.);
#10100 = VERTEX_POINT('',#10101);
#10101 = CARTESIAN_POINT('',(-38.,-26.,-7.5));
#10102 = VERTEX_POINT('',#10103);
#10103 = CARTESIAN_POINT('',(-38.,-26.,-3.5));
#10104 = SURFACE_CURVE('',#10105,(#10109,#10121),.PCURVE_S1.);
#10105 = LINE('',#10106,#10107);
#10106 = CARTESIAN_POINT('',(-38.,-26.,-7.5));
#10107 = VECTOR('',#10108,1.);
#10108 = DIRECTION('',(0.,0.,1.));
#10109 = PCURVE('',#10110,#10115);
#10110 = PLANE('',#10111);
#10111 = AXIS2_PLACEMENT_3D('',#10112,#10113,#10114);
#10112 = CARTESIAN_POINT('',(-38.,-26.,-7.5));
#10113 = DIRECTION('',(1.,0.,0.));
#10114 = DIRECTION('',(0.,0.,1.));
#10115 = DEFINITIONAL_REPRESENTATION('',(#10116),#10120);
#10116 = LINE('',#10117,#10118);
#10117 = CARTESIAN_POINT('',(0.,0.));
#10118 = VECTOR('',#10119,1.);
#10119 = DIRECTION('',(1.,0.));
#10120 = ( GEOMETRIC_REPRESENTATION_CONTEXT(2) 
PARAMETRIC_REPRESENTATION_CONTEXT() REPRESENTATION_CONTEXT('2D SPACE',''
  ) );
#10121 = PCURVE('',#10122,#10127);
#10122 = PLANE('',#10123);
#10123 = AXIS2_PLACEMENT_3D('',#10124,#10125,#10126);
#10124 = CARTESIAN_POINT('',(-38.,-26.,-7.5));
#10125 = DIRECTION('',(0.,1.,0.));
#10126 = DIRECTION('',(0.,0.,1.));
#10127 = DEFINITIONAL_REPRESENTATION('',(#10128),#10132);
#10128 = LINE('',#10129,#10130);
#10129 = CARTESIAN_POINT('',(0.,0.));
#10130 = VECTOR('',#10131,1.);
#10131 = DIRECTION('',(1.,0.));
#10132 = ( GEOMETRIC_REPRESENTATION_CONTEXT(2) 
PARAMETRIC_REPRESENTATION_CONTEXT() REPRESENTATION_CONTEXT('2D SPACE',''
  ) );
#10133 = ORIENTED_EDGE('',*,*,#10134,.T.);
#10134 = EDGE_CURVE('',#10100,#10135,#10137,.T.);
#10135 = VERTEX_POINT('',#10136);
#10136 = CARTESIAN_POINT('',(-38.,26.,-7.5));
#10137 = SURFACE_CURVE('',#10138,(#10142,#10149),.PCURVE_S1.);
#10138 = LINE('',#10139,#10140);
#10139 = CARTESIAN_POINT('',(-38.,-26.,-7.5));
#10140 = VECTOR('',#10141,1.);
#10141 = DIRECTION('',(0.,1.,0.));
#10142 = PCURVE('',#10110,#10143);
#10143 = DEFINITIONAL_REPRESENTATION('',(#10144),#10148);
#10144 = LINE('',#10145,#10146);
#10145 = CARTESIAN_POINT('',(0.,0.));
#10146 = VECTOR('',#10147,1.);
#10147 = DIRECTION('',(0.,-1.));
#10148 = ( GEOMETRIC_REPRESENTATION_CONTEXT(2) 
PARAMETRIC_REPRESENTATION_CONTEXT() REPRESENTATION_CONTEXT('2D SPACE',''
  ) );
#10149 = PCURVE('',#10150,#10155);
#10150 = PLANE('',#10151);
#10151 = AXIS2_PLACEMENT_3D('',#10152,#10153,#10154);
#10152 = CARTESIAN_POINT('',(-38.,-26.,-7.5));
#10153 = DIRECTION('',(0.,0.,1.));
#10154 = DIRECTION('',(1.,0.,0.));
#10155 = DEFINITIONAL_REPRESENTATION('',(#10156),#10160);
#10156 = LINE('',#10157,#10158);
#10157 = CARTESIAN_POINT('',(0.,0.));
#10158 = VECTOR('',#10159,1.);
#10159 = DIRECTION('',(0.,1.));
#10160 = ( GEOMETRIC_REPRESENTATION_CONTEXT(2) 
PARAMETRIC_REPRESENTATION_CONTEXT() REPRESENTATION_CONTEXT('2D SPACE',''
  ) );
#10161 = ORIENTED_EDGE('',*,*,#10162,.T.);
#10162 = EDGE_CURVE('',#10135,#10163,#10165,.T.);
#10163 = VERTEX_POINT('',#10164);
#10164 = CARTESIAN_POINT('',(-38.,26.,-3.5));
#10165 = SURFACE_CURVE('',#10166,(#10170,#10177),.PCURVE_S1.);
#10166 = LINE('',#10167,#10168);
#10167 = CARTESIAN_POINT('',(-38.,26.,-7.5));
#10168 = VECTOR('',#10169,1.);
#10169 = DIRECTION('',(0.,0.,1.));
#10170 = PCURVE('',#10110,#10171);
#10171 = DEFINITIONAL_REPRESENTATION('',(#10172),#10176);
#10172 = LINE('',#10173,#10174);
#10173 = CARTESIAN_POINT('',(0.,-52.));
#10174 = VECTOR('',#10175,1.);
#10175 = DIRECTION('',(1.,0.));
#10176 = ( GEOMETRIC_REPRESENTATION_CONTEXT(2) 
PARAMETRIC_REPRESENTATION_CONTEXT() REPRESENTATION_CONTEXT('2D SPACE',''
  ) );
#10177 = PCURVE('',#10178,#10183);
#10178 = PLANE('',#10179);
#10179 = AXIS2_PLACEMENT_3D('',#10180,#10181,#10182);
#10180 = CARTESIAN_POINT('',(-38.,26.,-7.5));
#10181 = DIRECTION('',(0.,1.,0.));
#10182 = DIRECTION('',(0.,0.,1.));
#10183 = DEFINITIONAL_REPRESENTATION('',(#10184),#10188);
#10184 = LINE('',#10185,#10186);
#10185 = CARTESIAN_POINT('',(0.,0.));
#10186 = VECTOR('',#10187,1.);
#10187 = DIRECTION('',(1.,0.));
#10188 = ( GEOMETRIC_REPRESENTATION_CONTEXT(2) 
PARAMETRIC_REPRESENTATION_CONTEXT() REPRESENTATION_CONTEXT('2D SPACE',''
  ) );
#10189 = ORIENTED_EDGE('',*,*,#10190,.F.);
#10190 = EDGE_CURVE('',#10102,#10163,#10191,.T.);
#10191 = SURFACE_CURVE('',#10192,(#10196,#10203),.PCURVE_S1.);
#10192 = LINE('',#10193,#10194);
#10193 = CARTESIAN_POINT('',(-38.,-26.,-3.5));
#10194 = VECTOR('',#10195,1.);
#10195 = DIRECTION('',(0.,1.,0.));
#10196 = PCURVE('',#10110,#10197);
#10197 = DEFINITIONAL_REPRESENTATION('',(#10198),#10202);
#10198 = LINE('',#10199,#10200);
#10199 = CARTESIAN_POINT('',(4.,0.));
#10200 = VECTOR('',#10201,1.);
#10201 = DIRECTION('',(0.,-1.));
#10202 = ( GEOMETRIC_REPRESENTATION_CONTEXT(2) 
PARAMETRIC_REPRESENTATION_CONTEXT() REPRESENTATION_CONTEXT('2D SPACE',''
  ) );
#10203 = PCURVE('',#10204,#10209);
#10204 = PLANE('',#10205);
#10205 = AXIS2_PLACEMENT_3D('',#10206,#10207,#10208);
#10206 = CARTESIAN_POINT('',(-38.,-26.,-3.5));
#10207 = DIRECTION('',(0.,0.,1.));
#10208 = DIRECTION('',(1.,0.,0.));
#10209 = DEFINITIONAL_REPRESENTATION('',(#10210),#10214);
#10210 = LINE('',#10211,#10212);
#10211 = CARTESIAN_POINT('',(0.,0.));
#10212 = VECTOR('',#10213,1.);
#10213 = DIRECTION('',(0.,1.));
#10214 = ( GEOMETRIC_REPRESENTATION_CONTEXT(2) 
PARAMETRIC_REPRESENTATION_CONTEXT() REPRESENTATION_CONTEXT('2D SPACE',''
  ) );
#10215 = ADVANCED_FACE('',(#10216,#10414),#10150,.F.);
#10216 = FACE_BOUND('',#10217,.F.);
#10217 = EDGE_LOOP('',(#10218,#10241,#10242,#10265,#10293,#10321,#10350,
    #10383));
#10218 = ORIENTED_EDGE('',*,*,#10219,.F.);
#10219 = EDGE_CURVE('',#10135,#10220,#10222,.T.);
#10220 = VERTEX_POINT('',#10221);
#10221 = CARTESIAN_POINT('',(-2.794637722496,26.,-7.5));
#10222 = SURFACE_CURVE('',#10223,(#10227,#10234),.PCURVE_S1.);
#10223 = LINE('',#10224,#10225);
#10224 = CARTESIAN_POINT('',(-38.,26.,-7.5));
#10225 = VECTOR('',#10226,1.);
#10226 = DIRECTION('',(1.,0.,0.));
#10227 = PCURVE('',#10150,#10228);
#10228 = DEFINITIONAL_REPRESENTATION('',(#10229),#10233);
#10229 = LINE('',#10230,#10231);
#10230 = CARTESIAN_POINT('',(0.,52.));
#10231 = VECTOR('',#10232,1.);
#10232 = DIRECTION('',(1.,0.));
#10233 = ( GEOMETRIC_REPRESENTATION_CONTEXT(2) 
PARAMETRIC_REPRESENTATION_CONTEXT() REPRESENTATION_CONTEXT('2D SPACE',''
  ) );
#10234 = PCURVE('',#10178,#10235);
#10235 = DEFINITIONAL_REPRESENTATION('',(#10236),#10240);
#10236 = LINE('',#10237,#10238);
#10237 = CARTESIAN_POINT('',(0.,0.));
#10238 = VECTOR('',#10239,1.);
#10239 = DIRECTION('',(0.,1.));
#10240 = ( GEOMETRIC_REPRESENTATION_CONTEXT(2) 
PARAMETRIC_REPRESENTATION_CONTEXT() REPRESENTATION_CONTEXT('2D SPACE',''
  ) );
#10241 = ORIENTED_EDGE('',*,*,#10134,.F.);
#10242 = ORIENTED_EDGE('',*,*,#10243,.T.);
#10243 = EDGE_CURVE('',#10100,#10244,#10246,.T.);
#10244 = VERTEX_POINT('',#10245);
#10245 = CARTESIAN_POINT('',(38.,-26.,-7.5));
#10246 = SURFACE_CURVE('',#10247,(#10251,#10258),.PCURVE_S1.);
#10247 = LINE('',#10248,#10249);
#10248 = CARTESIAN_POINT('',(-38.,-26.,-7.5));
#10249 = VECTOR('',#10250,1.);
#10250 = DIRECTION('',(1.,0.,0.));
#10251 = PCURVE('',#10150,#10252);
#10252 = DEFINITIONAL_REPRESENTATION('',(#10253),#10257);
#10253 = LINE('',#10254,#10255);
#10254 = CARTESIAN_POINT('',(0.,0.));
#10255 = VECTOR('',#10256,1.);
#10256 = DIRECTION('',(1.,0.));
#10257 = ( GEOMETRIC_REPRESENTATION_CONTEXT(2) 
PARAMETRIC_REPRESENTATION_CONTEXT() REPRESENTATION_CONTEXT('2D SPACE',''
  ) );
#10258 = PCURVE('',#10122,#10259);
#10259 = DEFINITIONAL_REPRESENTATION('',(#10260),#10264);
#10260 = LINE('',#10261,#10262);
#10261 = CARTESIAN_POINT('',(0.,0.));
#10262 = VECTOR('',#10263,1.);
#10263 = DIRECTION('',(0.,1.));
#10264 = ( GEOMETRIC_REPRESENTATION_CONTEXT(2) 
PARAMETRIC_REPRESENTATION_CONTEXT() REPRESENTATION_CONTEXT('2D SPACE',''
  ) );
#10265 = ORIENTED_EDGE('',*,*,#10266,.T.);
#10266 = EDGE_CURVE('',#10244,#10267,#10269,.T.);
#10267 = VERTEX_POINT('',#10268);
#10268 = CARTESIAN_POINT('',(38.,26.,-7.5));
#10269 = SURFACE_CURVE('',#10270,(#10274,#10281),.PCURVE_S1.);
#10270 = LINE('',#10271,#10272);
#10271 = CARTESIAN_POINT('',(38.,-26.,-7.5));
#10272 = VECTOR('',#10273,1.);
#10273 = DIRECTION('',(0.,1.,0.));
#10274 = PCURVE('',#10150,#10275);
#10275 = DEFINITIONAL_REPRESENTATION('',(#10276),#10280);
#10276 = LINE('',#10277,#10278);
#10277 = CARTESIAN_POINT('',(76.,0.));
#10278 = VECTOR('',#10279,1.);
#10279 = DIRECTION('',(0.,1.));
#10280 = ( GEOMETRIC_REPRESENTATION_CONTEXT(2) 
PARAMETRIC_REPRESENTATION_CONTEXT() REPRESENTATION_CONTEXT('2D SPACE',''
  ) );
#10281 = PCURVE('',#10282,#10287);
#10282 = PLANE('',#10283);
#10283 = AXIS2_PLACEMENT_3D('',#10284,#10285,#10286);
#10284 = CARTESIAN_POINT('',(38.,-26.,-7.5));
#10285 = DIRECTION('',(1.,0.,0.));
#10286 = DIRECTION('',(0.,0.,1.));
#10287 = DEFINITIONAL_REPRESENTATION('',(#10288),#10292);
#10288 = LINE('',#10289,#10290);
#10289 = CARTESIAN_POINT('',(0.,0.));
#10290 = VECTOR('',#10291,1.);
#10291 = DIRECTION('',(0.,-1.));
#10292 = ( GEOMETRIC_REPRESENTATION_CONTEXT(2) 
PARAMETRIC_REPRESENTATION_CONTEXT() REPRESENTATION_CONTEXT('2D SPACE',''
  ) );
#10293 = ORIENTED_EDGE('',*,*,#10294,.F.);
#10294 = EDGE_CURVE('',#10295,#10267,#10297,.T.);
#10295 = VERTEX_POINT('',#10296);
#10296 = CARTESIAN_POINT('',(2.794637722496,26.,-7.5));
#10297 = SURFACE_CURVE('',#10298,(#10302,#10309),.PCURVE_S1.);
#10298 = LINE('',#10299,#10300);
#10299 = CARTESIAN_POINT('',(-38.,26.,-7.5));
#10300 = VECTOR('',#10301,1.);
#10301 = DIRECTION('',(1.,0.,0.));
#10302 = PCURVE('',#10150,#10303);
#10303 = DEFINITIONAL_REPRESENTATION('',(#10304),#10308);
#10304 = LINE('',#10305,#10306);
#10305 = CARTESIAN_POINT('',(0.,52.));
#10306 = VECTOR('',#10307,1.);
#10307 = DIRECTION('',(1.,0.));
#10308 = ( GEOMETRIC_REPRESENTATION_CONTEXT(2) 
PARAMETRIC_REPRESENTATION_CONTEXT() REPRESENTATION_CONTEXT('2D SPACE',''
  ) );
#10309 = PCURVE('',#10310,#10315);
#10310 = PLANE('',#10311);
#10311 = AXIS2_PLACEMENT_3D('',#10312,#10313,#10314);
#10312 = CARTESIAN_POINT('',(-38.,26.,-7.5));
#10313 = DIRECTION('',(0.,1.,0.));
#10314 = DIRECTION('',(0.,0.,1.));
#10315 = DEFINITIONAL_REPRESENTATION('',(#10316),#10320);
#10316 = LINE('',#10317,#10318);
#10317 = CARTESIAN_POINT('',(0.,0.));
#10318 = VECTOR('',#10319,1.);
#10319 = DIRECTION('',(0.,1.));
#10320 = ( GEOMETRIC_REPRESENTATION_CONTEXT(2) 
PARAMETRIC_REPRESENTATION_CONTEXT() REPRESENTATION_CONTEXT('2D SPACE',''
  ) );
#10321 = ORIENTED_EDGE('',*,*,#10322,.F.);
#10322 = EDGE_CURVE('',#10323,#10295,#10325,.T.);
#10323 = VERTEX_POINT('',#10324);
#10324 = CARTESIAN_POINT('',(2.14358927969,19.505,-7.5));
#10325 = SURFACE_CURVE('',#10326,(#10331,#10338),.PCURVE_S1.);
#10326 = CIRCLE('',#10327,4.1);
#10327 = AXIS2_PLACEMENT_3D('',#10328,#10329,#10330);
#10328 = CARTESIAN_POINT('',(0.,23.,-7.5));
#10329 = DIRECTION('',(-0.,0.,1.));
#10330 = DIRECTION('',(0.522826653583,-0.85243902439,0.));
#10331 = PCURVE('',#10150,#10332);
#10332 = DEFINITIONAL_REPRESENTATION('',(#10333),#10337);
#10333 = CIRCLE('',#10334,4.1);
#10334 = AXIS2_PLACEMENT_2D('',#10335,#10336);
#10335 = CARTESIAN_POINT('',(38.,49.));
#10336 = DIRECTION('',(0.522826653583,-0.85243902439));
#10337 = ( GEOMETRIC_REPRESENTATION_CONTEXT(2) 
PARAMETRIC_REPRESENTATION_CONTEXT() REPRESENTATION_CONTEXT('2D SPACE',''
  ) );
#10338 = PCURVE('',#10339,#10344);
#10339 = CYLINDRICAL_SURFACE('',#10340,4.1);
#10340 = AXIS2_PLACEMENT_3D('',#10341,#10342,#10343);
#10341 = CARTESIAN_POINT('',(0.,23.,-8.));
#10342 = DIRECTION('',(-0.,-0.,-1.));
#10343 = DIRECTION('',(1.,0.,0.));
#10344 = DEFINITIONAL_REPRESENTATION('',(#10345),#10349);
#10345 = LINE('',#10346,#10347);
#10346 = CARTESIAN_POINT('',(-5.26255253186,-0.5));
#10347 = VECTOR('',#10348,1.);
#10348 = DIRECTION('',(-1.,-0.));
#10349 = ( GEOMETRIC_REPRESENTATION_CONTEXT(2) 
PARAMETRIC_REPRESENTATION_CONTEXT() REPRESENTATION_CONTEXT('2D SPACE',''
  ) );
#10350 = ORIENTED_EDGE('',*,*,#10351,.T.);
#10351 = EDGE_CURVE('',#10323,#10352,#10354,.T.);
#10352 = VERTEX_POINT('',#10353);
#10353 = CARTESIAN_POINT('',(-2.14358927969,19.505,-7.5));
#10354 = SURFACE_CURVE('',#10355,(#10360,#10371),.PCURVE_S1.);
#10355 = CIRCLE('',#10356,2.2);
#10356 = AXIS2_PLACEMENT_3D('',#10357,#10358,#10359);
#10357 = CARTESIAN_POINT('',(0.,20.,-7.5));
#10358 = DIRECTION('',(0.,0.,-1.));
#10359 = DIRECTION('',(1.,0.,0.));
#10360 = PCURVE('',#10150,#10361);
#10361 = DEFINITIONAL_REPRESENTATION('',(#10362),#10370);
#10362 = ( BOUNDED_CURVE() B_SPLINE_CURVE(2,(#10363,#10364,#10365,#10366
    ,#10367,#10368,#10369),.UNSPECIFIED.,.T.,.F.) 
B_SPLINE_CURVE_WITH_KNOTS((1,2,2,2,2,1),(-2.094395102393,0.,
    2.094395102393,4.188790204786,6.28318530718,8.377580409573),
.UNSPECIFIED.) CURVE() GEOMETRIC_REPRESENTATION_ITEM() 
RATIONAL_B_SPLINE_CURVE((1.,0.5,1.,0.5,1.,0.5,1.)) REPRESENTATION_ITEM(
  '') );
#10363 = CARTESIAN_POINT('',(40.2,46.));
#10364 = CARTESIAN_POINT('',(40.2,42.189488223348));
#10365 = CARTESIAN_POINT('',(36.9,44.094744111674));
#10366 = CARTESIAN_POINT('',(33.6,46.));
#10367 = CARTESIAN_POINT('',(36.9,47.905255888326));
#10368 = CARTESIAN_POINT('',(40.2,49.810511776652));
#10369 = CARTESIAN_POINT('',(40.2,46.));
#10370 = ( GEOMETRIC_REPRESENTATION_CONTEXT(2) 
PARAMETRIC_REPRESENTATION_CONTEXT() REPRESENTATION_CONTEXT('2D SPACE',''
  ) );
#10371 = PCURVE('',#10372,#10377);
#10372 = CYLINDRICAL_SURFACE('',#10373,2.2);
#10373 = AXIS2_PLACEMENT_3D('',#10374,#10375,#10376);
#10374 = CARTESIAN_POINT('',(0.,20.,-8.));
#10375 = DIRECTION('',(-0.,-0.,-1.));
#10376 = DIRECTION('',(1.,0.,0.));
#10377 = DEFINITIONAL_REPRESENTATION('',(#10378),#10382);
#10378 = LINE('',#10379,#10380);
#10379 = CARTESIAN_POINT('',(-6.28318530718,-0.5));
#10380 = VECTOR('',#10381,1.);
#10381 = DIRECTION('',(1.,-0.));
#10382 = ( GEOMETRIC_REPRESENTATION_CONTEXT(2) 
PARAMETRIC_REPRESENTATION_CONTEXT() REPRESENTATION_CONTEXT('2D SPACE',''
  ) );
#10383 = ORIENTED_EDGE('',*,*,#10384,.T.);
#10384 = EDGE_CURVE('',#10352,#10220,#10385,.T.);
#10385 = SURFACE_CURVE('',#10386,(#10391,#10402),.PCURVE_S1.);
#10386 = CIRCLE('',#10387,4.1);
#10387 = AXIS2_PLACEMENT_3D('',#10388,#10389,#10390);
#10388 = CARTESIAN_POINT('',(0.,23.,-7.5));
#10389 = DIRECTION('',(0.,0.,-1.));
#10390 = DIRECTION('',(1.,0.,0.));
#10391 = PCURVE('',#10150,#10392);
#10392 = DEFINITIONAL_REPRESENTATION('',(#10393),#10401);
#10393 = ( BOUNDED_CURVE() B_SPLINE_CURVE(2,(#10394,#10395,#10396,#10397
    ,#10398,#10399,#10400),.UNSPECIFIED.,.T.,.F.) 
B_SPLINE_CURVE_WITH_KNOTS((1,2,2,2,2,1),(-2.094395102393,0.,
    2.094395102393,4.188790204786,6.28318530718,8.377580409573),
.UNSPECIFIED.) CURVE() GEOMETRIC_REPRESENTATION_ITEM() 
RATIONAL_B_SPLINE_CURVE((1.,0.5,1.,0.5,1.,0.5,1.)) REPRESENTATION_ITEM(
  '') );
#10394 = CARTESIAN_POINT('',(42.1,49.));
#10395 = CARTESIAN_POINT('',(42.1,41.898591688968));
#10396 = CARTESIAN_POINT('',(35.95,45.449295844484));
#10397 = CARTESIAN_POINT('',(29.8,49.));
#10398 = CARTESIAN_POINT('',(35.95,52.550704155516));
#10399 = CARTESIAN_POINT('',(42.1,56.101408311032));
#10400 = CARTESIAN_POINT('',(42.1,49.));
#10401 = ( GEOMETRIC_REPRESENTATION_CONTEXT(2) 
PARAMETRIC_REPRESENTATION_CONTEXT() REPRESENTATION_CONTEXT('2D SPACE',''
  ) );
#10402 = PCURVE('',#10403,#10408);
#10403 = CYLINDRICAL_SURFACE('',#10404,4.1);
#10404 = AXIS2_PLACEMENT_3D('',#10405,#10406,#10407);
#10405 = CARTESIAN_POINT('',(0.,23.,-8.));
#10406 = DIRECTION('',(-0.,-0.,-1.));
#10407 = DIRECTION('',(1.,0.,0.));
#10408 = DEFINITIONAL_REPRESENTATION('',(#10409),#10413);
#10409 = LINE('',#10410,#10411);
#10410 = CARTESIAN_POINT('',(-6.28318530718,-0.5));
#10411 = VECTOR('',#10412,1.);
#10412 = DIRECTION('',(1.,-0.));
#10413 = ( GEOMETRIC_REPRESENTATION_CONTEXT(2) 
PARAMETRIC_REPRESENTATION_CONTEXT() REPRESENTATION_CONTEXT('2D SPACE',''
  ) );
#10414 = FACE_BOUND('',#10415,.F.);
#10415 = EDGE_LOOP('',(#10416,#10447,#10480,#10513,#10539,#10565,#10591,
    #10617));
#10416 = ORIENTED_EDGE('',*,*,#10417,.F.);
#10417 = EDGE_CURVE('',#10418,#10420,#10422,.T.);
#10418 = VERTEX_POINT('',#10419);
#10419 = CARTESIAN_POINT('',(2.14358927969,-20.495,-7.5));
#10420 = VERTEX_POINT('',#10421);
#10421 = CARTESIAN_POINT('',(2.794637722496,-14.,-7.5));
#10422 = SURFACE_CURVE('',#10423,(#10428,#10435),.PCURVE_S1.);
#10423 = CIRCLE('',#10424,4.1);
#10424 = AXIS2_PLACEMENT_3D('',#10425,#10426,#10427);
#10425 = CARTESIAN_POINT('',(0.,-17.,-7.5));
#10426 = DIRECTION('',(-0.,0.,1.));
#10427 = DIRECTION('',(0.522826653583,-0.85243902439,0.));
#10428 = PCURVE('',#10150,#10429);
#10429 = DEFINITIONAL_REPRESENTATION('',(#10430),#10434);
#10430 = CIRCLE('',#10431,4.1);
#10431 = AXIS2_PLACEMENT_2D('',#10432,#10433);
#10432 = CARTESIAN_POINT('',(38.,9.));
#10433 = DIRECTION('',(0.522826653583,-0.85243902439));
#10434 = ( GEOMETRIC_REPRESENTATION_CONTEXT(2) 
PARAMETRIC_REPRESENTATION_CONTEXT() REPRESENTATION_CONTEXT('2D SPACE',''
  ) );
#10435 = PCURVE('',#10436,#10441);
#10436 = CYLINDRICAL_SURFACE('',#10437,4.1);
#10437 = AXIS2_PLACEMENT_3D('',#10438,#10439,#10440);
#10438 = CARTESIAN_POINT('',(0.,-17.,-8.));
#10439 = DIRECTION('',(-0.,-0.,-1.));
#10440 = DIRECTION('',(1.,0.,0.));
#10441 = DEFINITIONAL_REPRESENTATION('',(#10442),#10446);
#10442 = LINE('',#10443,#10444);
#10443 = CARTESIAN_POINT('',(-5.26255253186,-0.5));
#10444 = VECTOR('',#10445,1.);
#10445 = DIRECTION('',(-1.,-0.));
#10446 = ( GEOMETRIC_REPRESENTATION_CONTEXT(2) 
PARAMETRIC_REPRESENTATION_CONTEXT() REPRESENTATION_CONTEXT('2D SPACE',''
  ) );
#10447 = ORIENTED_EDGE('',*,*,#10448,.T.);
#10448 = EDGE_CURVE('',#10418,#10449,#10451,.T.);
#10449 = VERTEX_POINT('',#10450);
#10450 = CARTESIAN_POINT('',(-2.14358927969,-20.495,-7.5));
#10451 = SURFACE_CURVE('',#10452,(#10457,#10468),.PCURVE_S1.);
#10452 = CIRCLE('',#10453,2.2);
#10453 = AXIS2_PLACEMENT_3D('',#10454,#10455,#10456);
#10454 = CARTESIAN_POINT('',(0.,-20.,-7.5));
#10455 = DIRECTION('',(0.,0.,-1.));
#10456 = DIRECTION('',(1.,0.,0.));
#10457 = PCURVE('',#10150,#10458);
#10458 = DEFINITIONAL_REPRESENTATION('',(#10459),#10467);
#10459 = ( BOUNDED_CURVE() B_SPLINE_CURVE(2,(#10460,#10461,#10462,#10463
    ,#10464,#10465,#10466),.UNSPECIFIED.,.T.,.F.) 
B_SPLINE_CURVE_WITH_KNOTS((1,2,2,2,2,1),(-2.094395102393,0.,
    2.094395102393,4.188790204786,6.28318530718,8.377580409573),
.UNSPECIFIED.) CURVE() GEOMETRIC_REPRESENTATION_ITEM() 
RATIONAL_B_SPLINE_CURVE((1.,0.5,1.,0.5,1.,0.5,1.)) REPRESENTATION_ITEM(
  '') );
#10460 = CARTESIAN_POINT('',(40.2,6.));
#10461 = CARTESIAN_POINT('',(40.2,2.189488223348));
#10462 = CARTESIAN_POINT('',(36.9,4.094744111674));
#10463 = CARTESIAN_POINT('',(33.6,6.));
#10464 = CARTESIAN_POINT('',(36.9,7.905255888326));
#10465 = CARTESIAN_POINT('',(40.2,9.810511776652));
#10466 = CARTESIAN_POINT('',(40.2,6.));
#10467 = ( GEOMETRIC_REPRESENTATION_CONTEXT(2) 
PARAMETRIC_REPRESENTATION_CONTEXT() REPRESENTATION_CONTEXT('2D SPACE',''
  ) );
#10468 = PCURVE('',#10469,#10474);
#10469 = CYLINDRICAL_SURFACE('',#10470,2.2);
#10470 = AXIS2_PLACEMENT_3D('',#10471,#10472,#10473);
#10471 = CARTESIAN_POINT('',(0.,-20.,-8.));
#10472 = DIRECTION('',(-0.,-0.,-1.));
#10473 = DIRECTION('',(1.,0.,0.));
#10474 = DEFINITIONAL_REPRESENTATION('',(#10475),#10479);
#10475 = LINE('',#10476,#10477);
#10476 = CARTESIAN_POINT('',(-6.28318530718,-0.5));
#10477 = VECTOR('',#10478,1.);
#10478 = DIRECTION('',(1.,-0.));
#10479 = ( GEOMETRIC_REPRESENTATION_CONTEXT(2) 
PARAMETRIC_REPRESENTATION_CONTEXT() REPRESENTATION_CONTEXT('2D SPACE',''
  ) );
#10480 = ORIENTED_EDGE('',*,*,#10481,.T.);
#10481 = EDGE_CURVE('',#10449,#10482,#10484,.T.);
#10482 = VERTEX_POINT('',#10483);
#10483 = CARTESIAN_POINT('',(-2.794637722496,-14.,-7.5));
#10484 = SURFACE_CURVE('',#10485,(#10490,#10501),.PCURVE_S1.);
#10485 = CIRCLE('',#10486,4.1);
#10486 = AXIS2_PLACEMENT_3D('',#10487,#10488,#10489);
#10487 = CARTESIAN_POINT('',(0.,-17.,-7.5));
#10488 = DIRECTION('',(0.,0.,-1.));
#10489 = DIRECTION('',(1.,0.,0.));
#10490 = PCURVE('',#10150,#10491);
#10491 = DEFINITIONAL_REPRESENTATION('',(#10492),#10500);
#10492 = ( BOUNDED_CURVE() B_SPLINE_CURVE(2,(#10493,#10494,#10495,#10496
    ,#10497,#10498,#10499),.UNSPECIFIED.,.T.,.F.) 
B_SPLINE_CURVE_WITH_KNOTS((1,2,2,2,2,1),(-2.094395102393,0.,
    2.094395102393,4.188790204786,6.28318530718,8.377580409573),
.UNSPECIFIED.) CURVE() GEOMETRIC_REPRESENTATION_ITEM() 
RATIONAL_B_SPLINE_CURVE((1.,0.5,1.,0.5,1.,0.5,1.)) REPRESENTATION_ITEM(
  '') );
#10493 = CARTESIAN_POINT('',(42.1,9.));
#10494 = CARTESIAN_POINT('',(42.1,1.898591688968));
#10495 = CARTESIAN_POINT('',(35.95,5.449295844484));
#10496 = CARTESIAN_POINT('',(29.8,9.));
#10497 = CARTESIAN_POINT('',(35.95,12.550704155516));
#10498 = CARTESIAN_POINT('',(42.1,16.101408311032));
#10499 = CARTESIAN_POINT('',(42.1,9.));
#10500 = ( GEOMETRIC_REPRESENTATION_CONTEXT(2) 
PARAMETRIC_REPRESENTATION_CONTEXT() REPRESENTATION_CONTEXT('2D SPACE',''
  ) );
#10501 = PCURVE('',#10502,#10507);
#10502 = CYLINDRICAL_SURFACE('',#10503,4.1);
#10503 = AXIS2_PLACEMENT_3D('',#10504,#10505,#10506);
#10504 = CARTESIAN_POINT('',(0.,-17.,-8.));
#10505 = DIRECTION('',(-0.,-0.,-1.));
#10506 = DIRECTION('',(1.,0.,0.));
#10507 = DEFINITIONAL_REPRESENTATION('',(#10508),#10512);
#10508 = LINE('',#10509,#10510);
#10509 = CARTESIAN_POINT('',(-6.28318530718,-0.5));
#10510 = VECTOR('',#10511,1.);
#10511 = DIRECTION('',(1.,-0.));
#10512 = ( GEOMETRIC_REPRESENTATION_CONTEXT(2) 
PARAMETRIC_REPRESENTATION_CONTEXT() REPRESENTATION_CONTEXT('2D SPACE',''
  ) );
#10513 = ORIENTED_EDGE('',*,*,#10514,.T.);
#10514 = EDGE_CURVE('',#10482,#10515,#10517,.T.);
#10515 = VERTEX_POINT('',#10516);
#10516 = CARTESIAN_POINT('',(-26.,-14.,-7.5));
#10517 = SURFACE_CURVE('',#10518,(#10522,#10528),.PCURVE_S1.);
#10518 = LINE('',#10519,#10520);
#10519 = CARTESIAN_POINT('',(-32.,-14.,-7.5));
#10520 = VECTOR('',#10521,1.);
#10521 = DIRECTION('',(-1.,0.,0.));
#10522 = PCURVE('',#10150,#10523);
#10523 = DEFINITIONAL_REPRESENTATION('',(#10524),#10527);
#10524 = B_SPLINE_CURVE_WITH_KNOTS('',1,(#10525,#10526),.UNSPECIFIED.,
  .F.,.F.,(2,2),(-58.,-6.),.PIECEWISE_BEZIER_KNOTS.);
#10525 = CARTESIAN_POINT('',(64.,12.));
#10526 = CARTESIAN_POINT('',(12.,12.));
#10527 = ( GEOMETRIC_REPRESENTATION_CONTEXT(2) 
PARAMETRIC_REPRESENTATION_CONTEXT() REPRESENTATION_CONTEXT('2D SPACE',''
  ) );
#10528 = PCURVE('',#10529,#10534);
#10529 = PLANE('',#10530);
#10530 = AXIS2_PLACEMENT_3D('',#10531,#10532,#10533);
#10531 = CARTESIAN_POINT('',(-26.,-14.,-8.));
#10532 = DIRECTION('',(0.,1.,0.));
#10533 = DIRECTION('',(0.,0.,1.));
#10534 = DEFINITIONAL_REPRESENTATION('',(#10535),#10538);
#10535 = B_SPLINE_CURVE_WITH_KNOTS('',1,(#10536,#10537),.UNSPECIFIED.,
  .F.,.F.,(2,2),(-58.,-6.),.PIECEWISE_BEZIER_KNOTS.);
#10536 = CARTESIAN_POINT('',(0.5,52.));
#10537 = CARTESIAN_POINT('',(0.5,0.));
#10538 = ( GEOMETRIC_REPRESENTATION_CONTEXT(2) 
PARAMETRIC_REPRESENTATION_CONTEXT() REPRESENTATION_CONTEXT('2D SPACE',''
  ) );
#10539 = ORIENTED_EDGE('',*,*,#10540,.T.);
#10540 = EDGE_CURVE('',#10515,#10541,#10543,.T.);
#10541 = VERTEX_POINT('',#10542);
#10542 = CARTESIAN_POINT('',(-26.,14.,-7.5));
#10543 = SURFACE_CURVE('',#10544,(#10548,#10554),.PCURVE_S1.);
#10544 = LINE('',#10545,#10546);
#10545 = CARTESIAN_POINT('',(-26.,-20.,-7.5));
#10546 = VECTOR('',#10547,1.);
#10547 = DIRECTION('',(0.,1.,0.));
#10548 = PCURVE('',#10150,#10549);
#10549 = DEFINITIONAL_REPRESENTATION('',(#10550),#10553);
#10550 = B_SPLINE_CURVE_WITH_KNOTS('',1,(#10551,#10552),.UNSPECIFIED.,
  .F.,.F.,(2,2),(6.,34.),.PIECEWISE_BEZIER_KNOTS.);
#10551 = CARTESIAN_POINT('',(12.,12.));
#10552 = CARTESIAN_POINT('',(12.,40.));
#10553 = ( GEOMETRIC_REPRESENTATION_CONTEXT(2) 
PARAMETRIC_REPRESENTATION_CONTEXT() REPRESENTATION_CONTEXT('2D SPACE',''
  ) );
#10554 = PCURVE('',#10555,#10560);
#10555 = PLANE('',#10556);
#10556 = AXIS2_PLACEMENT_3D('',#10557,#10558,#10559);
#10557 = CARTESIAN_POINT('',(-26.,-14.,-8.));
#10558 = DIRECTION('',(1.,0.,0.));
#10559 = DIRECTION('',(0.,0.,1.));
#10560 = DEFINITIONAL_REPRESENTATION('',(#10561),#10564);
#10561 = B_SPLINE_CURVE_WITH_KNOTS('',1,(#10562,#10563),.UNSPECIFIED.,
  .F.,.F.,(2,2),(6.,34.),.PIECEWISE_BEZIER_KNOTS.);
#10562 = CARTESIAN_POINT('',(0.5,0.));
#10563 = CARTESIAN_POINT('',(0.5,-28.));
#10564 = ( GEOMETRIC_REPRESENTATION_CONTEXT(2) 
PARAMETRIC_REPRESENTATION_CONTEXT() REPRESENTATION_CONTEXT('2D SPACE',''
  ) );
#10565 = ORIENTED_EDGE('',*,*,#10566,.F.);
#10566 = EDGE_CURVE('',#10567,#10541,#10569,.T.);
#10567 = VERTEX_POINT('',#10568);
#10568 = CARTESIAN_POINT('',(26.,14.,-7.5));
#10569 = SURFACE_CURVE('',#10570,(#10574,#10580),.PCURVE_S1.);
#10570 = LINE('',#10571,#10572);
#10571 = CARTESIAN_POINT('',(-32.,14.,-7.5));
#10572 = VECTOR('',#10573,1.);
#10573 = DIRECTION('',(-1.,0.,0.));
#10574 = PCURVE('',#10150,#10575);
#10575 = DEFINITIONAL_REPRESENTATION('',(#10576),#10579);
#10576 = B_SPLINE_CURVE_WITH_KNOTS('',1,(#10577,#10578),.UNSPECIFIED.,
  .F.,.F.,(2,2),(-58.,-6.),.PIECEWISE_BEZIER_KNOTS.);
#10577 = CARTESIAN_POINT('',(64.,40.));
#10578 = CARTESIAN_POINT('',(12.,40.));
#10579 = ( GEOMETRIC_REPRESENTATION_CONTEXT(2) 
PARAMETRIC_REPRESENTATION_CONTEXT() REPRESENTATION_CONTEXT('2D SPACE',''
  ) );
#10580 = PCURVE('',#10581,#10586);
#10581 = PLANE('',#10582);
#10582 = AXIS2_PLACEMENT_3D('',#10583,#10584,#10585);
#10583 = CARTESIAN_POINT('',(-26.,14.,-8.));
#10584 = DIRECTION('',(0.,1.,0.));
#10585 = DIRECTION('',(0.,0.,1.));
#10586 = DEFINITIONAL_REPRESENTATION('',(#10587),#10590);
#10587 = B_SPLINE_CURVE_WITH_KNOTS('',1,(#10588,#10589),.UNSPECIFIED.,
  .F.,.F.,(2,2),(-58.,-6.),.PIECEWISE_BEZIER_KNOTS.);
#10588 = CARTESIAN_POINT('',(0.5,52.));
#10589 = CARTESIAN_POINT('',(0.5,0.));
#10590 = ( GEOMETRIC_REPRESENTATION_CONTEXT(2) 
PARAMETRIC_REPRESENTATION_CONTEXT() REPRESENTATION_CONTEXT('2D SPACE',''
  ) );
#10591 = ORIENTED_EDGE('',*,*,#10592,.F.);
#10592 = EDGE_CURVE('',#10593,#10567,#10595,.T.);
#10593 = VERTEX_POINT('',#10594);
#10594 = CARTESIAN_POINT('',(26.,-14.,-7.5));
#10595 = SURFACE_CURVE('',#10596,(#10600,#10606),.PCURVE_S1.);
#10596 = LINE('',#10597,#10598);
#10597 = CARTESIAN_POINT('',(26.,-20.,-7.5));
#10598 = VECTOR('',#10599,1.);
#10599 = DIRECTION('',(0.,1.,0.));
#10600 = PCURVE('',#10150,#10601);
#10601 = DEFINITIONAL_REPRESENTATION('',(#10602),#10605);
#10602 = B_SPLINE_CURVE_WITH_KNOTS('',1,(#10603,#10604),.UNSPECIFIED.,
  .F.,.F.,(2,2),(6.,34.),.PIECEWISE_BEZIER_KNOTS.);
#10603 = CARTESIAN_POINT('',(64.,12.));
#10604 = CARTESIAN_POINT('',(64.,40.));
#10605 = ( GEOMETRIC_REPRESENTATION_CONTEXT(2) 
PARAMETRIC_REPRESENTATION_CONTEXT() REPRESENTATION_CONTEXT('2D SPACE',''
  ) );
#10606 = PCURVE('',#10607,#10612);
#10607 = PLANE('',#10608);
#10608 = AXIS2_PLACEMENT_3D('',#10609,#10610,#10611);
#10609 = CARTESIAN_POINT('',(26.,-14.,-8.));
#10610 = DIRECTION('',(1.,0.,0.));
#10611 = DIRECTION('',(0.,0.,1.));
#10612 = DEFINITIONAL_REPRESENTATION('',(#10613),#10616);
#10613 = B_SPLINE_CURVE_WITH_KNOTS('',1,(#10614,#10615),.UNSPECIFIED.,
  .F.,.F.,(2,2),(6.,34.),.PIECEWISE_BEZIER_KNOTS.);
#10614 = CARTESIAN_POINT('',(0.5,0.));
#10615 = CARTESIAN_POINT('',(0.5,-28.));
#10616 = ( GEOMETRIC_REPRESENTATION_CONTEXT(2) 
PARAMETRIC_REPRESENTATION_CONTEXT() REPRESENTATION_CONTEXT('2D SPACE',''
  ) );
#10617 = ORIENTED_EDGE('',*,*,#10618,.T.);
#10618 = EDGE_CURVE('',#10593,#10420,#10619,.T.);
#10619 = SURFACE_CURVE('',#10620,(#10624,#10630),.PCURVE_S1.);
#10620 = LINE('',#10621,#10622);
#10621 = CARTESIAN_POINT('',(-32.,-14.,-7.5));
#10622 = VECTOR('',#10623,1.);
#10623 = DIRECTION('',(-1.,0.,0.));
#10624 = PCURVE('',#10150,#10625);
#10625 = DEFINITIONAL_REPRESENTATION('',(#10626),#10629);
#10626 = B_SPLINE_CURVE_WITH_KNOTS('',1,(#10627,#10628),.UNSPECIFIED.,
  .F.,.F.,(2,2),(-58.,-6.),.PIECEWISE_BEZIER_KNOTS.);
#10627 = CARTESIAN_POINT('',(64.,12.));
#10628 = CARTESIAN_POINT('',(12.,12.));
#10629 = ( GEOMETRIC_REPRESENTATION_CONTEXT(2) 
PARAMETRIC_REPRESENTATION_CONTEXT() REPRESENTATION_CONTEXT('2D SPACE',''
  ) );
#10630 = PCURVE('',#10631,#10636);
#10631 = PLANE('',#10632);
#10632 = AXIS2_PLACEMENT_3D('',#10633,#10634,#10635);
#10633 = CARTESIAN_POINT('',(-26.,-14.,-8.));
#10634 = DIRECTION('',(0.,1.,0.));
#10635 = DIRECTION('',(0.,0.,1.));
#10636 = DEFINITIONAL_REPRESENTATION('',(#10637),#10640);
#10637 = B_SPLINE_CURVE_WITH_KNOTS('',1,(#10638,#10639),.UNSPECIFIED.,
  .F.,.F.,(2,2),(-58.,-6.),.PIECEWISE_BEZIER_KNOTS.);
#10638 = CARTESIAN_POINT('',(0.5,52.));
#10639 = CARTESIAN_POINT('',(0.5,0.));
#10640 = ( GEOMETRIC_REPRESENTATION_CONTEXT(2) 
PARAMETRIC_REPRESENTATION_CONTEXT() REPRESENTATION_CONTEXT('2D SPACE',''
  ) );
#10641 = ADVANCED_FACE('',(#10642),#10631,.T.);
#10642 = FACE_BOUND('',#10643,.T.);
#10643 = EDGE_LOOP('',(#10644,#10667,#10668,#10689));
#10644 = ORIENTED_EDGE('',*,*,#10645,.F.);
#10645 = EDGE_CURVE('',#10593,#10646,#10648,.T.);
#10646 = VERTEX_POINT('',#10647);
#10647 = CARTESIAN_POINT('',(26.,-14.,-3.5));
#10648 = SURFACE_CURVE('',#10649,(#10653,#10660),.PCURVE_S1.);
#10649 = LINE('',#10650,#10651);
#10650 = CARTESIAN_POINT('',(26.,-14.,-8.));
#10651 = VECTOR('',#10652,1.);
#10652 = DIRECTION('',(0.,0.,1.));
#10653 = PCURVE('',#10631,#10654);
#10654 = DEFINITIONAL_REPRESENTATION('',(#10655),#10659);
#10655 = LINE('',#10656,#10657);
#10656 = CARTESIAN_POINT('',(0.,52.));
#10657 = VECTOR('',#10658,1.);
#10658 = DIRECTION('',(1.,0.));
#10659 = ( GEOMETRIC_REPRESENTATION_CONTEXT(2) 
PARAMETRIC_REPRESENTATION_CONTEXT() REPRESENTATION_CONTEXT('2D SPACE',''
  ) );
#10660 = PCURVE('',#10607,#10661);
#10661 = DEFINITIONAL_REPRESENTATION('',(#10662),#10666);
#10662 = LINE('',#10663,#10664);
#10663 = CARTESIAN_POINT('',(0.,0.));
#10664 = VECTOR('',#10665,1.);
#10665 = DIRECTION('',(1.,0.));
#10666 = ( GEOMETRIC_REPRESENTATION_CONTEXT(2) 
PARAMETRIC_REPRESENTATION_CONTEXT() REPRESENTATION_CONTEXT('2D SPACE',''
  ) );
#10667 = ORIENTED_EDGE('',*,*,#10618,.T.);
#10668 = ORIENTED_EDGE('',*,*,#10669,.F.);
#10669 = EDGE_CURVE('',#10670,#10420,#10672,.T.);
#10670 = VERTEX_POINT('',#10671);
#10671 = CARTESIAN_POINT('',(2.794637722496,-14.,-3.5));
#10672 = SURFACE_CURVE('',#10673,(#10677,#10683),.PCURVE_S1.);
#10673 = LINE('',#10674,#10675);
#10674 = CARTESIAN_POINT('',(2.794637722496,-14.,-8.));
#10675 = VECTOR('',#10676,1.);
#10676 = DIRECTION('',(-0.,-0.,-1.));
#10677 = PCURVE('',#10631,#10678);
#10678 = DEFINITIONAL_REPRESENTATION('',(#10679),#10682);
#10679 = B_SPLINE_CURVE_WITH_KNOTS('',1,(#10680,#10681),.UNSPECIFIED.,
  .F.,.F.,(2,2),(-4.9,-1.E-01),.PIECEWISE_BEZIER_KNOTS.);
#10680 = CARTESIAN_POINT('',(4.9,28.794637722496));
#10681 = CARTESIAN_POINT('',(1.E-01,28.794637722496));
#10682 = ( GEOMETRIC_REPRESENTATION_CONTEXT(2) 
PARAMETRIC_REPRESENTATION_CONTEXT() REPRESENTATION_CONTEXT('2D SPACE',''
  ) );
#10683 = PCURVE('',#10436,#10684);
#10684 = DEFINITIONAL_REPRESENTATION('',(#10685),#10688);
#10685 = B_SPLINE_CURVE_WITH_KNOTS('',1,(#10686,#10687),.UNSPECIFIED.,
  .F.,.F.,(2,2),(-4.5,-0.5),.PIECEWISE_BEZIER_KNOTS.);
#10686 = CARTESIAN_POINT('',(-7.104008698849,-4.5));
#10687 = CARTESIAN_POINT('',(-7.104008698849,-0.5));
#10688 = ( GEOMETRIC_REPRESENTATION_CONTEXT(2) 
PARAMETRIC_REPRESENTATION_CONTEXT() REPRESENTATION_CONTEXT('2D SPACE',''
  ) );
#10689 = ORIENTED_EDGE('',*,*,#10690,.F.);
#10690 = EDGE_CURVE('',#10646,#10670,#10691,.T.);
#10691 = SURFACE_CURVE('',#10692,(#10696,#10702),.PCURVE_S1.);
#10692 = LINE('',#10693,#10694);
#10693 = CARTESIAN_POINT('',(-32.,-14.,-3.5));
#10694 = VECTOR('',#10695,1.);
#10695 = DIRECTION('',(-1.,0.,0.));
#10696 = PCURVE('',#10631,#10697);
#10697 = DEFINITIONAL_REPRESENTATION('',(#10698),#10701);
#10698 = B_SPLINE_CURVE_WITH_KNOTS('',1,(#10699,#10700),.UNSPECIFIED.,
  .F.,.F.,(2,2),(-58.,-6.),.PIECEWISE_BEZIER_KNOTS.);
#10699 = CARTESIAN_POINT('',(4.5,52.));
#10700 = CARTESIAN_POINT('',(4.5,0.));
#10701 = ( GEOMETRIC_REPRESENTATION_CONTEXT(2) 
PARAMETRIC_REPRESENTATION_CONTEXT() REPRESENTATION_CONTEXT('2D SPACE',''
  ) );
#10702 = PCURVE('',#10204,#10703);
#10703 = DEFINITIONAL_REPRESENTATION('',(#10704),#10707);
#10704 = B_SPLINE_CURVE_WITH_KNOTS('',1,(#10705,#10706),.UNSPECIFIED.,
  .F.,.F.,(2,2),(-58.,-6.),.PIECEWISE_BEZIER_KNOTS.);
#10705 = CARTESIAN_POINT('',(64.,12.));
#10706 = CARTESIAN_POINT('',(12.,12.));
#10707 = ( GEOMETRIC_REPRESENTATION_CONTEXT(2) 
PARAMETRIC_REPRESENTATION_CONTEXT() REPRESENTATION_CONTEXT('2D SPACE',''
  ) );
#10708 = ADVANCED_FACE('',(#10709),#10607,.F.);
#10709 = FACE_BOUND('',#10710,.F.);
#10710 = EDGE_LOOP('',(#10711,#10712,#10713,#10736));
#10711 = ORIENTED_EDGE('',*,*,#10645,.F.);
#10712 = ORIENTED_EDGE('',*,*,#10592,.T.);
#10713 = ORIENTED_EDGE('',*,*,#10714,.T.);
#10714 = EDGE_CURVE('',#10567,#10715,#10717,.T.);
#10715 = VERTEX_POINT('',#10716);
#10716 = CARTESIAN_POINT('',(26.,14.,-3.5));
#10717 = SURFACE_CURVE('',#10718,(#10722,#10729),.PCURVE_S1.);
#10718 = LINE('',#10719,#10720);
#10719 = CARTESIAN_POINT('',(26.,14.,-8.));
#10720 = VECTOR('',#10721,1.);
#10721 = DIRECTION('',(0.,0.,1.));
#10722 = PCURVE('',#10607,#10723);
#10723 = DEFINITIONAL_REPRESENTATION('',(#10724),#10728);
#10724 = LINE('',#10725,#10726);
#10725 = CARTESIAN_POINT('',(0.,-28.));
#10726 = VECTOR('',#10727,1.);
#10727 = DIRECTION('',(1.,0.));
#10728 = ( GEOMETRIC_REPRESENTATION_CONTEXT(2) 
PARAMETRIC_REPRESENTATION_CONTEXT() REPRESENTATION_CONTEXT('2D SPACE',''
  ) );
#10729 = PCURVE('',#10581,#10730);
#10730 = DEFINITIONAL_REPRESENTATION('',(#10731),#10735);
#10731 = LINE('',#10732,#10733);
#10732 = CARTESIAN_POINT('',(0.,52.));
#10733 = VECTOR('',#10734,1.);
#10734 = DIRECTION('',(1.,0.));
#10735 = ( GEOMETRIC_REPRESENTATION_CONTEXT(2) 
PARAMETRIC_REPRESENTATION_CONTEXT() REPRESENTATION_CONTEXT('2D SPACE',''
  ) );
#10736 = ORIENTED_EDGE('',*,*,#10737,.F.);
#10737 = EDGE_CURVE('',#10646,#10715,#10738,.T.);
#10738 = SURFACE_CURVE('',#10739,(#10743,#10749),.PCURVE_S1.);
#10739 = LINE('',#10740,#10741);
#10740 = CARTESIAN_POINT('',(26.,-20.,-3.5));
#10741 = VECTOR('',#10742,1.);
#10742 = DIRECTION('',(0.,1.,0.));
#10743 = PCURVE('',#10607,#10744);
#10744 = DEFINITIONAL_REPRESENTATION('',(#10745),#10748);
#10745 = B_SPLINE_CURVE_WITH_KNOTS('',1,(#10746,#10747),.UNSPECIFIED.,
  .F.,.F.,(2,2),(6.,34.),.PIECEWISE_BEZIER_KNOTS.);
#10746 = CARTESIAN_POINT('',(4.5,0.));
#10747 = CARTESIAN_POINT('',(4.5,-28.));
#10748 = ( GEOMETRIC_REPRESENTATION_CONTEXT(2) 
PARAMETRIC_REPRESENTATION_CONTEXT() REPRESENTATION_CONTEXT('2D SPACE',''
  ) );
#10749 = PCURVE('',#10204,#10750);
#10750 = DEFINITIONAL_REPRESENTATION('',(#10751),#10754);
#10751 = B_SPLINE_CURVE_WITH_KNOTS('',1,(#10752,#10753),.UNSPECIFIED.,
  .F.,.F.,(2,2),(6.,34.),.PIECEWISE_BEZIER_KNOTS.);
#10752 = CARTESIAN_POINT('',(64.,12.));
#10753 = CARTESIAN_POINT('',(64.,40.));
#10754 = ( GEOMETRIC_REPRESENTATION_CONTEXT(2) 
PARAMETRIC_REPRESENTATION_CONTEXT() REPRESENTATION_CONTEXT('2D SPACE',''
  ) );
#10755 = ADVANCED_FACE('',(#10756),#10581,.F.);
#10756 = FACE_BOUND('',#10757,.F.);
#10757 = EDGE_LOOP('',(#10758,#10759,#10760,#10783));
#10758 = ORIENTED_EDGE('',*,*,#10714,.F.);
#10759 = ORIENTED_EDGE('',*,*,#10566,.T.);
#10760 = ORIENTED_EDGE('',*,*,#10761,.T.);
#10761 = EDGE_CURVE('',#10541,#10762,#10764,.T.);
#10762 = VERTEX_POINT('',#10763);
#10763 = CARTESIAN_POINT('',(-26.,14.,-3.5));
#10764 = SURFACE_CURVE('',#10765,(#10769,#10776),.PCURVE_S1.);
#10765 = LINE('',#10766,#10767);
#10766 = CARTESIAN_POINT('',(-26.,14.,-8.));
#10767 = VECTOR('',#10768,1.);
#10768 = DIRECTION('',(0.,0.,1.));
#10769 = PCURVE('',#10581,#10770);
#10770 = DEFINITIONAL_REPRESENTATION('',(#10771),#10775);
#10771 = LINE('',#10772,#10773);
#10772 = CARTESIAN_POINT('',(0.,0.));
#10773 = VECTOR('',#10774,1.);
#10774 = DIRECTION('',(1.,0.));
#10775 = ( GEOMETRIC_REPRESENTATION_CONTEXT(2) 
PARAMETRIC_REPRESENTATION_CONTEXT() REPRESENTATION_CONTEXT('2D SPACE',''
  ) );
#10776 = PCURVE('',#10555,#10777);
#10777 = DEFINITIONAL_REPRESENTATION('',(#10778),#10782);
#10778 = LINE('',#10779,#10780);
#10779 = CARTESIAN_POINT('',(0.,-28.));
#10780 = VECTOR('',#10781,1.);
#10781 = DIRECTION('',(1.,0.));
#10782 = ( GEOMETRIC_REPRESENTATION_CONTEXT(2) 
PARAMETRIC_REPRESENTATION_CONTEXT() REPRESENTATION_CONTEXT('2D SPACE',''
  ) );
#10783 = ORIENTED_EDGE('',*,*,#10784,.F.);
#10784 = EDGE_CURVE('',#10715,#10762,#10785,.T.);
#10785 = SURFACE_CURVE('',#10786,(#10790,#10796),.PCURVE_S1.);
#10786 = LINE('',#10787,#10788);
#10787 = CARTESIAN_POINT('',(-32.,14.,-3.5));
#10788 = VECTOR('',#10789,1.);
#10789 = DIRECTION('',(-1.,0.,0.));
#10790 = PCURVE('',#10581,#10791);
#10791 = DEFINITIONAL_REPRESENTATION('',(#10792),#10795);
#10792 = B_SPLINE_CURVE_WITH_KNOTS('',1,(#10793,#10794),.UNSPECIFIED.,
  .F.,.F.,(2,2),(-58.,-6.),.PIECEWISE_BEZIER_KNOTS.);
#10793 = CARTESIAN_POINT('',(4.5,52.));
#10794 = CARTESIAN_POINT('',(4.5,0.));
#10795 = ( GEOMETRIC_REPRESENTATION_CONTEXT(2) 
PARAMETRIC_REPRESENTATION_CONTEXT() REPRESENTATION_CONTEXT('2D SPACE',''
  ) );
#10796 = PCURVE('',#10204,#10797);
#10797 = DEFINITIONAL_REPRESENTATION('',(#10798),#10801);
#10798 = B_SPLINE_CURVE_WITH_KNOTS('',1,(#10799,#10800),.UNSPECIFIED.,
  .F.,.F.,(2,2),(-58.,-6.),.PIECEWISE_BEZIER_KNOTS.);
#10799 = CARTESIAN_POINT('',(64.,40.));
#10800 = CARTESIAN_POINT('',(12.,40.));
#10801 = ( GEOMETRIC_REPRESENTATION_CONTEXT(2) 
PARAMETRIC_REPRESENTATION_CONTEXT() REPRESENTATION_CONTEXT('2D SPACE',''
  ) );
#10802 = ADVANCED_FACE('',(#10803),#10555,.T.);
#10803 = FACE_BOUND('',#10804,.T.);
#10804 = EDGE_LOOP('',(#10805,#10828,#10829,#10830));
#10805 = ORIENTED_EDGE('',*,*,#10806,.F.);
#10806 = EDGE_CURVE('',#10515,#10807,#10809,.T.);
#10807 = VERTEX_POINT('',#10808);
#10808 = CARTESIAN_POINT('',(-26.,-14.,-3.5));
#10809 = SURFACE_CURVE('',#10810,(#10814,#10821),.PCURVE_S1.);
#10810 = LINE('',#10811,#10812);
#10811 = CARTESIAN_POINT('',(-26.,-14.,-8.));
#10812 = VECTOR('',#10813,1.);
#10813 = DIRECTION('',(0.,0.,1.));
#10814 = PCURVE('',#10555,#10815);
#10815 = DEFINITIONAL_REPRESENTATION('',(#10816),#10820);
#10816 = LINE('',#10817,#10818);
#10817 = CARTESIAN_POINT('',(0.,0.));
#10818 = VECTOR('',#10819,1.);
#10819 = DIRECTION('',(1.,0.));
#10820 = ( GEOMETRIC_REPRESENTATION_CONTEXT(2) 
PARAMETRIC_REPRESENTATION_CONTEXT() REPRESENTATION_CONTEXT('2D SPACE',''
  ) );
#10821 = PCURVE('',#10529,#10822);
#10822 = DEFINITIONAL_REPRESENTATION('',(#10823),#10827);
#10823 = LINE('',#10824,#10825);
#10824 = CARTESIAN_POINT('',(0.,0.));
#10825 = VECTOR('',#10826,1.);
#10826 = DIRECTION('',(1.,0.));
#10827 = ( GEOMETRIC_REPRESENTATION_CONTEXT(2) 
PARAMETRIC_REPRESENTATION_CONTEXT() REPRESENTATION_CONTEXT('2D SPACE',''
  ) );
#10828 = ORIENTED_EDGE('',*,*,#10540,.T.);
#10829 = ORIENTED_EDGE('',*,*,#10761,.T.);
#10830 = ORIENTED_EDGE('',*,*,#10831,.F.);
#10831 = EDGE_CURVE('',#10807,#10762,#10832,.T.);
#10832 = SURFACE_CURVE('',#10833,(#10837,#10843),.PCURVE_S1.);
#10833 = LINE('',#10834,#10835);
#10834 = CARTESIAN_POINT('',(-26.,-20.,-3.5));
#10835 = VECTOR('',#10836,1.);
#10836 = DIRECTION('',(0.,1.,0.));
#10837 = PCURVE('',#10555,#10838);
#10838 = DEFINITIONAL_REPRESENTATION('',(#10839),#10842);
#10839 = B_SPLINE_CURVE_WITH_KNOTS('',1,(#10840,#10841),.UNSPECIFIED.,
  .F.,.F.,(2,2),(6.,34.),.PIECEWISE_BEZIER_KNOTS.);
#10840 = CARTESIAN_POINT('',(4.5,0.));
#10841 = CARTESIAN_POINT('',(4.5,-28.));
#10842 = ( GEOMETRIC_REPRESENTATION_CONTEXT(2) 
PARAMETRIC_REPRESENTATION_CONTEXT() REPRESENTATION_CONTEXT('2D SPACE',''
  ) );
#10843 = PCURVE('',#10204,#10844);
#10844 = DEFINITIONAL_REPRESENTATION('',(#10845),#10848);
#10845 = B_SPLINE_CURVE_WITH_KNOTS('',1,(#10846,#10847),.UNSPECIFIED.,
  .F.,.F.,(2,2),(6.,34.),.PIECEWISE_BEZIER_KNOTS.);
#10846 = CARTESIAN_POINT('',(12.,12.));
#10847 = CARTESIAN_POINT('',(12.,40.));
#10848 = ( GEOMETRIC_REPRESENTATION_CONTEXT(2) 
PARAMETRIC_REPRESENTATION_CONTEXT() REPRESENTATION_CONTEXT('2D SPACE',''
  ) );
#10849 = ADVANCED_FACE('',(#10850),#10529,.T.);
#10850 = FACE_BOUND('',#10851,.T.);
#10851 = EDGE_LOOP('',(#10852,#10873,#10874,#10875));
#10852 = ORIENTED_EDGE('',*,*,#10853,.T.);
#10853 = EDGE_CURVE('',#10854,#10482,#10856,.T.);
#10854 = VERTEX_POINT('',#10855);
#10855 = CARTESIAN_POINT('',(-2.794637722496,-14.,-3.5));
#10856 = SURFACE_CURVE('',#10857,(#10861,#10867),.PCURVE_S1.);
#10857 = LINE('',#10858,#10859);
#10858 = CARTESIAN_POINT('',(-2.794637722496,-14.,-8.));
#10859 = VECTOR('',#10860,1.);
#10860 = DIRECTION('',(-0.,-0.,-1.));
#10861 = PCURVE('',#10529,#10862);
#10862 = DEFINITIONAL_REPRESENTATION('',(#10863),#10866);
#10863 = B_SPLINE_CURVE_WITH_KNOTS('',1,(#10864,#10865),.UNSPECIFIED.,
  .F.,.F.,(2,2),(-4.9,-1.E-01),.PIECEWISE_BEZIER_KNOTS.);
#10864 = CARTESIAN_POINT('',(4.9,23.205362277504));
#10865 = CARTESIAN_POINT('',(1.E-01,23.205362277504));
#10866 = ( GEOMETRIC_REPRESENTATION_CONTEXT(2) 
PARAMETRIC_REPRESENTATION_CONTEXT() REPRESENTATION_CONTEXT('2D SPACE',''
  ) );
#10867 = PCURVE('',#10502,#10868);
#10868 = DEFINITIONAL_REPRESENTATION('',(#10869),#10872);
#10869 = B_SPLINE_CURVE_WITH_KNOTS('',1,(#10870,#10871),.UNSPECIFIED.,
  .F.,.F.,(2,2),(-4.9,-1.E-01),.PIECEWISE_BEZIER_KNOTS.);
#10870 = CARTESIAN_POINT('',(-2.320769261921,-4.9));
#10871 = CARTESIAN_POINT('',(-2.320769261921,-1.E-01));
#10872 = ( GEOMETRIC_REPRESENTATION_CONTEXT(2) 
PARAMETRIC_REPRESENTATION_CONTEXT() REPRESENTATION_CONTEXT('2D SPACE',''
  ) );
#10873 = ORIENTED_EDGE('',*,*,#10514,.T.);
#10874 = ORIENTED_EDGE('',*,*,#10806,.T.);
#10875 = ORIENTED_EDGE('',*,*,#10876,.F.);
#10876 = EDGE_CURVE('',#10854,#10807,#10877,.T.);
#10877 = SURFACE_CURVE('',#10878,(#10882,#10888),.PCURVE_S1.);
#10878 = LINE('',#10879,#10880);
#10879 = CARTESIAN_POINT('',(-32.,-14.,-3.5));
#10880 = VECTOR('',#10881,1.);
#10881 = DIRECTION('',(-1.,0.,0.));
#10882 = PCURVE('',#10529,#10883);
#10883 = DEFINITIONAL_REPRESENTATION('',(#10884),#10887);
#10884 = B_SPLINE_CURVE_WITH_KNOTS('',1,(#10885,#10886),.UNSPECIFIED.,
  .F.,.F.,(2,2),(-58.,-6.),.PIECEWISE_BEZIER_KNOTS.);
#10885 = CARTESIAN_POINT('',(4.5,52.));
#10886 = CARTESIAN_POINT('',(4.5,0.));
#10887 = ( GEOMETRIC_REPRESENTATION_CONTEXT(2) 
PARAMETRIC_REPRESENTATION_CONTEXT() REPRESENTATION_CONTEXT('2D SPACE',''
  ) );
#10888 = PCURVE('',#10204,#10889);
#10889 = DEFINITIONAL_REPRESENTATION('',(#10890),#10893);
#10890 = B_SPLINE_CURVE_WITH_KNOTS('',1,(#10891,#10892),.UNSPECIFIED.,
  .F.,.F.,(2,2),(-58.,-6.),.PIECEWISE_BEZIER_KNOTS.);
#10891 = CARTESIAN_POINT('',(64.,12.));
#10892 = CARTESIAN_POINT('',(12.,12.));
#10893 = ( GEOMETRIC_REPRESENTATION_CONTEXT(2) 
PARAMETRIC_REPRESENTATION_CONTEXT() REPRESENTATION_CONTEXT('2D SPACE',''
  ) );
#10894 = ADVANCED_FACE('',(#10895),#10502,.F.);
#10895 = FACE_BOUND('',#10896,.T.);
#10896 = EDGE_LOOP('',(#10897,#10925,#10944,#10945));
#10897 = ORIENTED_EDGE('',*,*,#10898,.F.);
#10898 = EDGE_CURVE('',#10899,#10854,#10901,.T.);
#10899 = VERTEX_POINT('',#10900);
#10900 = CARTESIAN_POINT('',(-2.14358927969,-20.495,-3.5));
#10901 = SURFACE_CURVE('',#10902,(#10907,#10914),.PCURVE_S1.);
#10902 = CIRCLE('',#10903,4.1);
#10903 = AXIS2_PLACEMENT_3D('',#10904,#10905,#10906);
#10904 = CARTESIAN_POINT('',(0.,-17.,-3.5));
#10905 = DIRECTION('',(0.,0.,-1.));
#10906 = DIRECTION('',(1.,0.,0.));
#10907 = PCURVE('',#10502,#10908);
#10908 = DEFINITIONAL_REPRESENTATION('',(#10909),#10913);
#10909 = LINE('',#10910,#10911);
#10910 = CARTESIAN_POINT('',(-6.28318530718,-4.5));
#10911 = VECTOR('',#10912,1.);
#10912 = DIRECTION('',(1.,-0.));
#10913 = ( GEOMETRIC_REPRESENTATION_CONTEXT(2) 
PARAMETRIC_REPRESENTATION_CONTEXT() REPRESENTATION_CONTEXT('2D SPACE',''
  ) );
#10914 = PCURVE('',#10204,#10915);
#10915 = DEFINITIONAL_REPRESENTATION('',(#10916),#10924);
#10916 = ( BOUNDED_CURVE() B_SPLINE_CURVE(2,(#10917,#10918,#10919,#10920
    ,#10921,#10922,#10923),.UNSPECIFIED.,.T.,.F.) 
B_SPLINE_CURVE_WITH_KNOTS((1,2,2,2,2,1),(-2.094395102393,0.,
    2.094395102393,4.188790204786,6.28318530718,8.377580409573),
.UNSPECIFIED.) CURVE() GEOMETRIC_REPRESENTATION_ITEM() 
RATIONAL_B_SPLINE_CURVE((1.,0.5,1.,0.5,1.,0.5,1.)) REPRESENTATION_ITEM(
  '') );
#10917 = CARTESIAN_POINT('',(42.1,9.));
#10918 = CARTESIAN_POINT('',(42.1,1.898591688968));
#10919 = CARTESIAN_POINT('',(35.95,5.449295844484));
#10920 = CARTESIAN_POINT('',(29.8,9.));
#10921 = CARTESIAN_POINT('',(35.95,12.550704155516));
#10922 = CARTESIAN_POINT('',(42.1,16.101408311032));
#10923 = CARTESIAN_POINT('',(42.1,9.));
#10924 = ( GEOMETRIC_REPRESENTATION_CONTEXT(2) 
PARAMETRIC_REPRESENTATION_CONTEXT() REPRESENTATION_CONTEXT('2D SPACE',''
  ) );
#10925 = ORIENTED_EDGE('',*,*,#10926,.T.);
#10926 = EDGE_CURVE('',#10899,#10449,#10927,.T.);
#10927 = SURFACE_CURVE('',#10928,(#10932,#10938),.PCURVE_S1.);
#10928 = LINE('',#10929,#10930);
#10929 = CARTESIAN_POINT('',(-2.14358927969,-20.495,-8.));
#10930 = VECTOR('',#10931,1.);
#10931 = DIRECTION('',(-0.,-0.,-1.));
#10932 = PCURVE('',#10502,#10933);
#10933 = DEFINITIONAL_REPRESENTATION('',(#10934),#10937);
#10934 = B_SPLINE_CURVE_WITH_KNOTS('',1,(#10935,#10936),.UNSPECIFIED.,
  .F.,.F.,(2,2),(-4.5000006,-0.4999994),.PIECEWISE_BEZIER_KNOTS.);
#10935 = CARTESIAN_POINT('',(-4.162225428909,-4.5000006));
#10936 = CARTESIAN_POINT('',(-4.162225428909,-0.4999994));
#10937 = ( GEOMETRIC_REPRESENTATION_CONTEXT(2) 
PARAMETRIC_REPRESENTATION_CONTEXT() REPRESENTATION_CONTEXT('2D SPACE',''
  ) );
#10938 = PCURVE('',#10469,#10939);
#10939 = DEFINITIONAL_REPRESENTATION('',(#10940),#10943);
#10940 = B_SPLINE_CURVE_WITH_KNOTS('',1,(#10941,#10942),.UNSPECIFIED.,
  .F.,.F.,(2,2),(-4.5000006,-0.4999994),.PIECEWISE_BEZIER_KNOTS.);
#10941 = CARTESIAN_POINT('',(-3.368535689768,-4.5000006));
#10942 = CARTESIAN_POINT('',(-3.368535689768,-0.4999994));
#10943 = ( GEOMETRIC_REPRESENTATION_CONTEXT(2) 
PARAMETRIC_REPRESENTATION_CONTEXT() REPRESENTATION_CONTEXT('2D SPACE',''
  ) );
#10944 = ORIENTED_EDGE('',*,*,#10481,.T.);
#10945 = ORIENTED_EDGE('',*,*,#10853,.F.);
#10946 = ADVANCED_FACE('',(#10947),#10469,.F.);
#10947 = FACE_BOUND('',#10948,.T.);
#10948 = EDGE_LOOP('',(#10949,#10970,#10971,#10972));
#10949 = ORIENTED_EDGE('',*,*,#10950,.T.);
#10950 = EDGE_CURVE('',#10951,#10418,#10953,.T.);
#10951 = VERTEX_POINT('',#10952);
#10952 = CARTESIAN_POINT('',(2.14358927969,-20.495,-3.5));
#10953 = SURFACE_CURVE('',#10954,(#10958,#10964),.PCURVE_S1.);
#10954 = LINE('',#10955,#10956);
#10955 = CARTESIAN_POINT('',(2.14358927969,-20.495,-8.));
#10956 = VECTOR('',#10957,1.);
#10957 = DIRECTION('',(-0.,-0.,-1.));
#10958 = PCURVE('',#10469,#10959);
#10959 = DEFINITIONAL_REPRESENTATION('',(#10960),#10963);
#10960 = B_SPLINE_CURVE_WITH_KNOTS('',1,(#10961,#10962),.UNSPECIFIED.,
  .F.,.F.,(2,2),(-4.5000006,-0.4999994),.PIECEWISE_BEZIER_KNOTS.);
#10961 = CARTESIAN_POINT('',(-6.056242271001,-4.5000006));
#10962 = CARTESIAN_POINT('',(-6.056242271001,-0.4999994));
#10963 = ( GEOMETRIC_REPRESENTATION_CONTEXT(2) 
PARAMETRIC_REPRESENTATION_CONTEXT() REPRESENTATION_CONTEXT('2D SPACE',''
  ) );
#10964 = PCURVE('',#10436,#10965);
#10965 = DEFINITIONAL_REPRESENTATION('',(#10966),#10969);
#10966 = B_SPLINE_CURVE_WITH_KNOTS('',1,(#10967,#10968),.UNSPECIFIED.,
  .F.,.F.,(2,2),(-4.5,-0.5),.PIECEWISE_BEZIER_KNOTS.);
#10967 = CARTESIAN_POINT('',(-5.26255253186,-4.5));
#10968 = CARTESIAN_POINT('',(-5.26255253186,-0.5));
#10969 = ( GEOMETRIC_REPRESENTATION_CONTEXT(2) 
PARAMETRIC_REPRESENTATION_CONTEXT() REPRESENTATION_CONTEXT('2D SPACE',''
  ) );
#10970 = ORIENTED_EDGE('',*,*,#10448,.T.);
#10971 = ORIENTED_EDGE('',*,*,#10926,.F.);
#10972 = ORIENTED_EDGE('',*,*,#10973,.F.);
#10973 = EDGE_CURVE('',#10951,#10899,#10974,.T.);
#10974 = SURFACE_CURVE('',#10975,(#10980,#10987),.PCURVE_S1.);
#10975 = CIRCLE('',#10976,2.2);
#10976 = AXIS2_PLACEMENT_3D('',#10977,#10978,#10979);
#10977 = CARTESIAN_POINT('',(0.,-20.,-3.5));
#10978 = DIRECTION('',(0.,0.,-1.));
#10979 = DIRECTION('',(1.,0.,0.));
#10980 = PCURVE('',#10469,#10981);
#10981 = DEFINITIONAL_REPRESENTATION('',(#10982),#10986);
#10982 = LINE('',#10983,#10984);
#10983 = CARTESIAN_POINT('',(-6.28318530718,-4.5));
#10984 = VECTOR('',#10985,1.);
#10985 = DIRECTION('',(1.,-0.));
#10986 = ( GEOMETRIC_REPRESENTATION_CONTEXT(2) 
PARAMETRIC_REPRESENTATION_CONTEXT() REPRESENTATION_CONTEXT('2D SPACE',''
  ) );
#10987 = PCURVE('',#10204,#10988);
#10988 = DEFINITIONAL_REPRESENTATION('',(#10989),#10997);
#10989 = ( BOUNDED_CURVE() B_SPLINE_CURVE(2,(#10990,#10991,#10992,#10993
    ,#10994,#10995,#10996),.UNSPECIFIED.,.T.,.F.) 
B_SPLINE_CURVE_WITH_KNOTS((1,2,2,2,2,1),(-2.094395102393,0.,
    2.094395102393,4.188790204786,6.28318530718,8.377580409573),
.UNSPECIFIED.) CURVE() GEOMETRIC_REPRESENTATION_ITEM() 
RATIONAL_B_SPLINE_CURVE((1.,0.5,1.,0.5,1.,0.5,1.)) REPRESENTATION_ITEM(
  '') );
#10990 = CARTESIAN_POINT('',(40.2,6.));
#10991 = CARTESIAN_POINT('',(40.2,2.189488223348));
#10992 = CARTESIAN_POINT('',(36.9,4.094744111674));
#10993 = CARTESIAN_POINT('',(33.6,6.));
#10994 = CARTESIAN_POINT('',(36.9,7.905255888326));
#10995 = CARTESIAN_POINT('',(40.2,9.810511776652));
#10996 = CARTESIAN_POINT('',(40.2,6.));
#10997 = ( GEOMETRIC_REPRESENTATION_CONTEXT(2) 
PARAMETRIC_REPRESENTATION_CONTEXT() REPRESENTATION_CONTEXT('2D SPACE',''
  ) );
#10998 = ADVANCED_FACE('',(#10999),#10436,.F.);
#10999 = FACE_BOUND('',#11000,.T.);
#11000 = EDGE_LOOP('',(#11001,#11027,#11028,#11029));
#11001 = ORIENTED_EDGE('',*,*,#11002,.F.);
#11002 = EDGE_CURVE('',#10670,#10951,#11003,.T.);
#11003 = SURFACE_CURVE('',#11004,(#11009,#11016),.PCURVE_S1.);
#11004 = CIRCLE('',#11005,4.1);
#11005 = AXIS2_PLACEMENT_3D('',#11006,#11007,#11008);
#11006 = CARTESIAN_POINT('',(0.,-17.,-3.5));
#11007 = DIRECTION('',(0.,0.,-1.));
#11008 = DIRECTION('',(0.681618956706,0.731707317073,0.));
#11009 = PCURVE('',#10436,#11010);
#11010 = DEFINITIONAL_REPRESENTATION('',(#11011),#11015);
#11011 = LINE('',#11012,#11013);
#11012 = CARTESIAN_POINT('',(-7.104008698849,-4.5));
#11013 = VECTOR('',#11014,1.);
#11014 = DIRECTION('',(1.,-0.));
#11015 = ( GEOMETRIC_REPRESENTATION_CONTEXT(2) 
PARAMETRIC_REPRESENTATION_CONTEXT() REPRESENTATION_CONTEXT('2D SPACE',''
  ) );
#11016 = PCURVE('',#10204,#11017);
#11017 = DEFINITIONAL_REPRESENTATION('',(#11018),#11026);
#11018 = ( BOUNDED_CURVE() B_SPLINE_CURVE(2,(#11019,#11020,#11021,#11022
    ,#11023,#11024,#11025),.UNSPECIFIED.,.T.,.F.) 
B_SPLINE_CURVE_WITH_KNOTS((1,2,2,2,2,1),(-2.094395102393,0.,
    2.094395102393,4.188790204786,6.28318530718,8.377580409573),
.UNSPECIFIED.) CURVE() GEOMETRIC_REPRESENTATION_ITEM() 
RATIONAL_B_SPLINE_CURVE((1.,0.5,1.,0.5,1.,0.5,1.)) REPRESENTATION_ITEM(
  '') );
#11019 = CARTESIAN_POINT('',(40.794637722496,12.));
#11020 = CARTESIAN_POINT('',(45.990790145203,7.159545475888));
#11021 = CARTESIAN_POINT('',(39.200757350105,5.079772737944));
#11022 = CARTESIAN_POINT('',(32.410724555007,3.));
#11023 = CARTESIAN_POINT('',(34.004604927398,9.920227262056));
#11024 = CARTESIAN_POINT('',(35.59848529979,16.840454524112));
#11025 = CARTESIAN_POINT('',(40.794637722496,12.));
#11026 = ( GEOMETRIC_REPRESENTATION_CONTEXT(2) 
PARAMETRIC_REPRESENTATION_CONTEXT() REPRESENTATION_CONTEXT('2D SPACE',''
  ) );
#11027 = ORIENTED_EDGE('',*,*,#10669,.T.);
#11028 = ORIENTED_EDGE('',*,*,#10417,.F.);
#11029 = ORIENTED_EDGE('',*,*,#10950,.F.);
#11030 = ADVANCED_FACE('',(#11031),#10403,.F.);
#11031 = FACE_BOUND('',#11032,.T.);
#11032 = EDGE_LOOP('',(#11033,#11063,#11082,#11083));
#11033 = ORIENTED_EDGE('',*,*,#11034,.F.);
#11034 = EDGE_CURVE('',#11035,#11037,#11039,.T.);
#11035 = VERTEX_POINT('',#11036);
#11036 = CARTESIAN_POINT('',(-2.14358927969,19.505,-3.5));
#11037 = VERTEX_POINT('',#11038);
#11038 = CARTESIAN_POINT('',(-2.794637722496,26.,-3.5));
#11039 = SURFACE_CURVE('',#11040,(#11045,#11052),.PCURVE_S1.);
#11040 = CIRCLE('',#11041,4.1);
#11041 = AXIS2_PLACEMENT_3D('',#11042,#11043,#11044);
#11042 = CARTESIAN_POINT('',(0.,23.,-3.5));
#11043 = DIRECTION('',(0.,0.,-1.));
#11044 = DIRECTION('',(1.,0.,0.));
#11045 = PCURVE('',#10403,#11046);
#11046 = DEFINITIONAL_REPRESENTATION('',(#11047),#11051);
#11047 = LINE('',#11048,#11049);
#11048 = CARTESIAN_POINT('',(-6.28318530718,-4.5));
#11049 = VECTOR('',#11050,1.);
#11050 = DIRECTION('',(1.,-0.));
#11051 = ( GEOMETRIC_REPRESENTATION_CONTEXT(2) 
PARAMETRIC_REPRESENTATION_CONTEXT() REPRESENTATION_CONTEXT('2D SPACE',''
  ) );
#11052 = PCURVE('',#10204,#11053);
#11053 = DEFINITIONAL_REPRESENTATION('',(#11054),#11062);
#11054 = ( BOUNDED_CURVE() B_SPLINE_CURVE(2,(#11055,#11056,#11057,#11058
    ,#11059,#11060,#11061),.UNSPECIFIED.,.T.,.F.) 
B_SPLINE_CURVE_WITH_KNOTS((1,2,2,2,2,1),(-2.094395102393,0.,
    2.094395102393,4.188790204786,6.28318530718,8.377580409573),
.UNSPECIFIED.) CURVE() GEOMETRIC_REPRESENTATION_ITEM() 
RATIONAL_B_SPLINE_CURVE((1.,0.5,1.,0.5,1.,0.5,1.)) REPRESENTATION_ITEM(
  '') );
#11055 = CARTESIAN_POINT('',(42.1,49.));
#11056 = CARTESIAN_POINT('',(42.1,41.898591688968));
#11057 = CARTESIAN_POINT('',(35.95,45.449295844484));
#11058 = CARTESIAN_POINT('',(29.8,49.));
#11059 = CARTESIAN_POINT('',(35.95,52.550704155516));
#11060 = CARTESIAN_POINT('',(42.1,56.101408311032));
#11061 = CARTESIAN_POINT('',(42.1,49.));
#11062 = ( GEOMETRIC_REPRESENTATION_CONTEXT(2) 
PARAMETRIC_REPRESENTATION_CONTEXT() REPRESENTATION_CONTEXT('2D SPACE',''
  ) );
#11063 = ORIENTED_EDGE('',*,*,#11064,.T.);
#11064 = EDGE_CURVE('',#11035,#10352,#11065,.T.);
#11065 = SURFACE_CURVE('',#11066,(#11070,#11076),.PCURVE_S1.);
#11066 = LINE('',#11067,#11068);
#11067 = CARTESIAN_POINT('',(-2.14358927969,19.505,-8.));
#11068 = VECTOR('',#11069,1.);
#11069 = DIRECTION('',(-0.,-0.,-1.));
#11070 = PCURVE('',#10403,#11071);
#11071 = DEFINITIONAL_REPRESENTATION('',(#11072),#11075);
#11072 = B_SPLINE_CURVE_WITH_KNOTS('',1,(#11073,#11074),.UNSPECIFIED.,
  .F.,.F.,(2,2),(-4.5000006,-0.4999994),.PIECEWISE_BEZIER_KNOTS.);
#11073 = CARTESIAN_POINT('',(-4.162225428909,-4.5000006));
#11074 = CARTESIAN_POINT('',(-4.162225428909,-0.4999994));
#11075 = ( GEOMETRIC_REPRESENTATION_CONTEXT(2) 
PARAMETRIC_REPRESENTATION_CONTEXT() REPRESENTATION_CONTEXT('2D SPACE',''
  ) );
#11076 = PCURVE('',#10372,#11077);
#11077 = DEFINITIONAL_REPRESENTATION('',(#11078),#11081);
#11078 = B_SPLINE_CURVE_WITH_KNOTS('',1,(#11079,#11080),.UNSPECIFIED.,
  .F.,.F.,(2,2),(-4.5000006,-0.4999994),.PIECEWISE_BEZIER_KNOTS.);
#11079 = CARTESIAN_POINT('',(-3.368535689768,-4.5000006));
#11080 = CARTESIAN_POINT('',(-3.368535689768,-0.4999994));
#11081 = ( GEOMETRIC_REPRESENTATION_CONTEXT(2) 
PARAMETRIC_REPRESENTATION_CONTEXT() REPRESENTATION_CONTEXT('2D SPACE',''
  ) );
#11082 = ORIENTED_EDGE('',*,*,#10384,.T.);
#11083 = ORIENTED_EDGE('',*,*,#11084,.F.);
#11084 = EDGE_CURVE('',#11037,#10220,#11085,.T.);
#11085 = SURFACE_CURVE('',#11086,(#11090,#11096),.PCURVE_S1.);
#11086 = LINE('',#11087,#11088);
#11087 = CARTESIAN_POINT('',(-2.794637722496,26.,-8.));
#11088 = VECTOR('',#11089,1.);
#11089 = DIRECTION('',(-0.,-0.,-1.));
#11090 = PCURVE('',#10403,#11091);
#11091 = DEFINITIONAL_REPRESENTATION('',(#11092),#11095);
#11092 = B_SPLINE_CURVE_WITH_KNOTS('',1,(#11093,#11094),.UNSPECIFIED.,
  .F.,.F.,(2,2),(-4.9,-1.E-01),.PIECEWISE_BEZIER_KNOTS.);
#11093 = CARTESIAN_POINT('',(-2.320769261921,-4.9));
#11094 = CARTESIAN_POINT('',(-2.320769261921,-1.E-01));
#11095 = ( GEOMETRIC_REPRESENTATION_CONTEXT(2) 
PARAMETRIC_REPRESENTATION_CONTEXT() REPRESENTATION_CONTEXT('2D SPACE',''
  ) );
#11096 = PCURVE('',#10178,#11097);
#11097 = DEFINITIONAL_REPRESENTATION('',(#11098),#11101);
#11098 = B_SPLINE_CURVE_WITH_KNOTS('',1,(#11099,#11100),.UNSPECIFIED.,
  .F.,.F.,(2,2),(-4.9,-1.E-01),.PIECEWISE_BEZIER_KNOTS.);
#11099 = CARTESIAN_POINT('',(4.4,35.205362277504));
#11100 = CARTESIAN_POINT('',(-0.4,35.205362277504));
#11101 = ( GEOMETRIC_REPRESENTATION_CONTEXT(2) 
PARAMETRIC_REPRESENTATION_CONTEXT() REPRESENTATION_CONTEXT('2D SPACE',''
  ) );
#11102 = ADVANCED_FACE('',(#11103),#10372,.F.);
#11103 = FACE_BOUND('',#11104,.T.);
#11104 = EDGE_LOOP('',(#11105,#11126,#11127,#11128));
#11105 = ORIENTED_EDGE('',*,*,#11106,.T.);
#11106 = EDGE_CURVE('',#11107,#10323,#11109,.T.);
#11107 = VERTEX_POINT('',#11108);
#11108 = CARTESIAN_POINT('',(2.14358927969,19.505,-3.5));
#11109 = SURFACE_CURVE('',#11110,(#11114,#11120),.PCURVE_S1.);
#11110 = LINE('',#11111,#11112);
#11111 = CARTESIAN_POINT('',(2.14358927969,19.505,-8.));
#11112 = VECTOR('',#11113,1.);
#11113 = DIRECTION('',(-0.,-0.,-1.));
#11114 = PCURVE('',#10372,#11115);
#11115 = DEFINITIONAL_REPRESENTATION('',(#11116),#11119);
#11116 = B_SPLINE_CURVE_WITH_KNOTS('',1,(#11117,#11118),.UNSPECIFIED.,
  .F.,.F.,(2,2),(-4.5000006,-0.4999994),.PIECEWISE_BEZIER_KNOTS.);
#11117 = CARTESIAN_POINT('',(-6.056242271001,-4.5000006));
#11118 = CARTESIAN_POINT('',(-6.056242271001,-0.4999994));
#11119 = ( GEOMETRIC_REPRESENTATION_CONTEXT(2) 
PARAMETRIC_REPRESENTATION_CONTEXT() REPRESENTATION_CONTEXT('2D SPACE',''
  ) );
#11120 = PCURVE('',#10339,#11121);
#11121 = DEFINITIONAL_REPRESENTATION('',(#11122),#11125);
#11122 = B_SPLINE_CURVE_WITH_KNOTS('',1,(#11123,#11124),.UNSPECIFIED.,
  .F.,.F.,(2,2),(-4.5,-0.5),.PIECEWISE_BEZIER_KNOTS.);
#11123 = CARTESIAN_POINT('',(-5.26255253186,-4.5));
#11124 = CARTESIAN_POINT('',(-5.26255253186,-0.5));
#11125 = ( GEOMETRIC_REPRESENTATION_CONTEXT(2) 
PARAMETRIC_REPRESENTATION_CONTEXT() REPRESENTATION_CONTEXT('2D SPACE',''
  ) );
#11126 = ORIENTED_EDGE('',*,*,#10351,.T.);
#11127 = ORIENTED_EDGE('',*,*,#11064,.F.);
#11128 = ORIENTED_EDGE('',*,*,#11129,.F.);
#11129 = EDGE_CURVE('',#11107,#11035,#11130,.T.);
#11130 = SURFACE_CURVE('',#11131,(#11136,#11143),.PCURVE_S1.);
#11131 = CIRCLE('',#11132,2.2);
#11132 = AXIS2_PLACEMENT_3D('',#11133,#11134,#11135);
#11133 = CARTESIAN_POINT('',(0.,20.,-3.5));
#11134 = DIRECTION('',(0.,0.,-1.));
#11135 = DIRECTION('',(1.,0.,0.));
#11136 = PCURVE('',#10372,#11137);
#11137 = DEFINITIONAL_REPRESENTATION('',(#11138),#11142);
#11138 = LINE('',#11139,#11140);
#11139 = CARTESIAN_POINT('',(-6.28318530718,-4.5));
#11140 = VECTOR('',#11141,1.);
#11141 = DIRECTION('',(1.,-0.));
#11142 = ( GEOMETRIC_REPRESENTATION_CONTEXT(2) 
PARAMETRIC_REPRESENTATION_CONTEXT() REPRESENTATION_CONTEXT('2D SPACE',''
  ) );
#11143 = PCURVE('',#10204,#11144);
#11144 = DEFINITIONAL_REPRESENTATION('',(#11145),#11153);
#11145 = ( BOUNDED_CURVE() B_SPLINE_CURVE(2,(#11146,#11147,#11148,#11149
    ,#11150,#11151,#11152),.UNSPECIFIED.,.T.,.F.) 
B_SPLINE_CURVE_WITH_KNOTS((1,2,2,2,2,1),(-2.094395102393,0.,
    2.094395102393,4.188790204786,6.28318530718,8.377580409573),
.UNSPECIFIED.) CURVE() GEOMETRIC_REPRESENTATION_ITEM() 
RATIONAL_B_SPLINE_CURVE((1.,0.5,1.,0.5,1.,0.5,1.)) REPRESENTATION_ITEM(
  '') );
#11146 = CARTESIAN_POINT('',(40.2,46.));
#11147 = CARTESIAN_POINT('',(40.2,42.189488223348));
#11148 = CARTESIAN_POINT('',(36.9,44.094744111674));
#11149 = CARTESIAN_POINT('',(33.6,46.));
#11150 = CARTESIAN_POINT('',(36.9,47.905255888326));
#11151 = CARTESIAN_POINT('',(40.2,49.810511776652));
#11152 = CARTESIAN_POINT('',(40.2,46.));
#11153 = ( GEOMETRIC_REPRESENTATION_CONTEXT(2) 
PARAMETRIC_REPRESENTATION_CONTEXT() REPRESENTATION_CONTEXT('2D SPACE',''
  ) );
#11154 = ADVANCED_FACE('',(#11155),#10339,.F.);
#11155 = FACE_BOUND('',#11156,.T.);
#11156 = EDGE_LOOP('',(#11157,#11185,#11204,#11205));
#11157 = ORIENTED_EDGE('',*,*,#11158,.F.);
#11158 = EDGE_CURVE('',#11159,#11107,#11161,.T.);
#11159 = VERTEX_POINT('',#11160);
#11160 = CARTESIAN_POINT('',(2.794637722496,26.,-3.5));
#11161 = SURFACE_CURVE('',#11162,(#11167,#11174),.PCURVE_S1.);
#11162 = CIRCLE('',#11163,4.1);
#11163 = AXIS2_PLACEMENT_3D('',#11164,#11165,#11166);
#11164 = CARTESIAN_POINT('',(0.,23.,-3.5));
#11165 = DIRECTION('',(0.,0.,-1.));
#11166 = DIRECTION('',(0.681618956706,0.731707317073,0.));
#11167 = PCURVE('',#10339,#11168);
#11168 = DEFINITIONAL_REPRESENTATION('',(#11169),#11173);
#11169 = LINE('',#11170,#11171);
#11170 = CARTESIAN_POINT('',(-7.104008698849,-4.5));
#11171 = VECTOR('',#11172,1.);
#11172 = DIRECTION('',(1.,-0.));
#11173 = ( GEOMETRIC_REPRESENTATION_CONTEXT(2) 
PARAMETRIC_REPRESENTATION_CONTEXT() REPRESENTATION_CONTEXT('2D SPACE',''
  ) );
#11174 = PCURVE('',#10204,#11175);
#11175 = DEFINITIONAL_REPRESENTATION('',(#11176),#11184);
#11176 = ( BOUNDED_CURVE() B_SPLINE_CURVE(2,(#11177,#11178,#11179,#11180
    ,#11181,#11182,#11183),.UNSPECIFIED.,.T.,.F.) 
B_SPLINE_CURVE_WITH_KNOTS((1,2,2,2,2,1),(-2.094395102393,0.,
    2.094395102393,4.188790204786,6.28318530718,8.377580409573),
.UNSPECIFIED.) CURVE() GEOMETRIC_REPRESENTATION_ITEM() 
RATIONAL_B_SPLINE_CURVE((1.,0.5,1.,0.5,1.,0.5,1.)) REPRESENTATION_ITEM(
  '') );
#11177 = CARTESIAN_POINT('',(40.794637722496,52.));
#11178 = CARTESIAN_POINT('',(45.990790145203,47.159545475888));
#11179 = CARTESIAN_POINT('',(39.200757350105,45.079772737944));
#11180 = CARTESIAN_POINT('',(32.410724555007,43.));
#11181 = CARTESIAN_POINT('',(34.004604927398,49.920227262056));
#11182 = CARTESIAN_POINT('',(35.59848529979,56.840454524112));
#11183 = CARTESIAN_POINT('',(40.794637722496,52.));
#11184 = ( GEOMETRIC_REPRESENTATION_CONTEXT(2) 
PARAMETRIC_REPRESENTATION_CONTEXT() REPRESENTATION_CONTEXT('2D SPACE',''
  ) );
#11185 = ORIENTED_EDGE('',*,*,#11186,.T.);
#11186 = EDGE_CURVE('',#11159,#10295,#11187,.T.);
#11187 = SURFACE_CURVE('',#11188,(#11192,#11198),.PCURVE_S1.);
#11188 = LINE('',#11189,#11190);
#11189 = CARTESIAN_POINT('',(2.794637722496,26.,-8.));
#11190 = VECTOR('',#11191,1.);
#11191 = DIRECTION('',(-0.,-0.,-1.));
#11192 = PCURVE('',#10339,#11193);
#11193 = DEFINITIONAL_REPRESENTATION('',(#11194),#11197);
#11194 = B_SPLINE_CURVE_WITH_KNOTS('',1,(#11195,#11196),.UNSPECIFIED.,
  .F.,.F.,(2,2),(-4.5,-0.5),.PIECEWISE_BEZIER_KNOTS.);
#11195 = CARTESIAN_POINT('',(-7.104008698849,-4.5));
#11196 = CARTESIAN_POINT('',(-7.104008698849,-0.5));
#11197 = ( GEOMETRIC_REPRESENTATION_CONTEXT(2) 
PARAMETRIC_REPRESENTATION_CONTEXT() REPRESENTATION_CONTEXT('2D SPACE',''
  ) );
#11198 = PCURVE('',#10310,#11199);
#11199 = DEFINITIONAL_REPRESENTATION('',(#11200),#11203);
#11200 = B_SPLINE_CURVE_WITH_KNOTS('',1,(#11201,#11202),.UNSPECIFIED.,
  .F.,.F.,(2,2),(-4.9,-1.E-01),.PIECEWISE_BEZIER_KNOTS.);
#11201 = CARTESIAN_POINT('',(4.4,40.794637722496));
#11202 = CARTESIAN_POINT('',(-0.4,40.794637722496));
#11203 = ( GEOMETRIC_REPRESENTATION_CONTEXT(2) 
PARAMETRIC_REPRESENTATION_CONTEXT() REPRESENTATION_CONTEXT('2D SPACE',''
  ) );
#11204 = ORIENTED_EDGE('',*,*,#10322,.F.);
#11205 = ORIENTED_EDGE('',*,*,#11106,.F.);
#11206 = ADVANCED_FACE('',(#11207),#10310,.T.);
#11207 = FACE_BOUND('',#11208,.T.);
#11208 = EDGE_LOOP('',(#11209,#11210,#11211,#11234));
#11209 = ORIENTED_EDGE('',*,*,#10294,.F.);
#11210 = ORIENTED_EDGE('',*,*,#11186,.F.);
#11211 = ORIENTED_EDGE('',*,*,#11212,.T.);
#11212 = EDGE_CURVE('',#11159,#11213,#11215,.T.);
#11213 = VERTEX_POINT('',#11214);
#11214 = CARTESIAN_POINT('',(38.,26.,-3.5));
#11215 = SURFACE_CURVE('',#11216,(#11220,#11227),.PCURVE_S1.);
#11216 = LINE('',#11217,#11218);
#11217 = CARTESIAN_POINT('',(-38.,26.,-3.5));
#11218 = VECTOR('',#11219,1.);
#11219 = DIRECTION('',(1.,0.,0.));
#11220 = PCURVE('',#10310,#11221);
#11221 = DEFINITIONAL_REPRESENTATION('',(#11222),#11226);
#11222 = LINE('',#11223,#11224);
#11223 = CARTESIAN_POINT('',(4.,0.));
#11224 = VECTOR('',#11225,1.);
#11225 = DIRECTION('',(0.,1.));
#11226 = ( GEOMETRIC_REPRESENTATION_CONTEXT(2) 
PARAMETRIC_REPRESENTATION_CONTEXT() REPRESENTATION_CONTEXT('2D SPACE',''
  ) );
#11227 = PCURVE('',#10204,#11228);
#11228 = DEFINITIONAL_REPRESENTATION('',(#11229),#11233);
#11229 = LINE('',#11230,#11231);
#11230 = CARTESIAN_POINT('',(0.,52.));
#11231 = VECTOR('',#11232,1.);
#11232 = DIRECTION('',(1.,0.));
#11233 = ( GEOMETRIC_REPRESENTATION_CONTEXT(2) 
PARAMETRIC_REPRESENTATION_CONTEXT() REPRESENTATION_CONTEXT('2D SPACE',''
  ) );
#11234 = ORIENTED_EDGE('',*,*,#11235,.F.);
#11235 = EDGE_CURVE('',#10267,#11213,#11236,.T.);
#11236 = SURFACE_CURVE('',#11237,(#11241,#11248),.PCURVE_S1.);
#11237 = LINE('',#11238,#11239);
#11238 = CARTESIAN_POINT('',(38.,26.,-7.5));
#11239 = VECTOR('',#11240,1.);
#11240 = DIRECTION('',(0.,0.,1.));
#11241 = PCURVE('',#10310,#11242);
#11242 = DEFINITIONAL_REPRESENTATION('',(#11243),#11247);
#11243 = LINE('',#11244,#11245);
#11244 = CARTESIAN_POINT('',(0.,76.));
#11245 = VECTOR('',#11246,1.);
#11246 = DIRECTION('',(1.,0.));
#11247 = ( GEOMETRIC_REPRESENTATION_CONTEXT(2) 
PARAMETRIC_REPRESENTATION_CONTEXT() REPRESENTATION_CONTEXT('2D SPACE',''
  ) );
#11248 = PCURVE('',#10282,#11249);
#11249 = DEFINITIONAL_REPRESENTATION('',(#11250),#11254);
#11250 = LINE('',#11251,#11252);
#11251 = CARTESIAN_POINT('',(0.,-52.));
#11252 = VECTOR('',#11253,1.);
#11253 = DIRECTION('',(1.,0.));
#11254 = ( GEOMETRIC_REPRESENTATION_CONTEXT(2) 
PARAMETRIC_REPRESENTATION_CONTEXT() REPRESENTATION_CONTEXT('2D SPACE',''
  ) );
#11255 = ADVANCED_FACE('',(#11256),#10282,.T.);
#11256 = FACE_BOUND('',#11257,.T.);
#11257 = EDGE_LOOP('',(#11258,#11281,#11282,#11283));
#11258 = ORIENTED_EDGE('',*,*,#11259,.F.);
#11259 = EDGE_CURVE('',#10244,#11260,#11262,.T.);
#11260 = VERTEX_POINT('',#11261);
#11261 = CARTESIAN_POINT('',(38.,-26.,-3.5));
#11262 = SURFACE_CURVE('',#11263,(#11267,#11274),.PCURVE_S1.);
#11263 = LINE('',#11264,#11265);
#11264 = CARTESIAN_POINT('',(38.,-26.,-7.5));
#11265 = VECTOR('',#11266,1.);
#11266 = DIRECTION('',(0.,0.,1.));
#11267 = PCURVE('',#10282,#11268);
#11268 = DEFINITIONAL_REPRESENTATION('',(#11269),#11273);
#11269 = LINE('',#11270,#11271);
#11270 = CARTESIAN_POINT('',(0.,0.));
#11271 = VECTOR('',#11272,1.);
#11272 = DIRECTION('',(1.,0.));
#11273 = ( GEOMETRIC_REPRESENTATION_CONTEXT(2) 
PARAMETRIC_REPRESENTATION_CONTEXT() REPRESENTATION_CONTEXT('2D SPACE',''
  ) );
#11274 = PCURVE('',#10122,#11275);
#11275 = DEFINITIONAL_REPRESENTATION('',(#11276),#11280);
#11276 = LINE('',#11277,#11278);
#11277 = CARTESIAN_POINT('',(0.,76.));
#11278 = VECTOR('',#11279,1.);
#11279 = DIRECTION('',(1.,0.));
#11280 = ( GEOMETRIC_REPRESENTATION_CONTEXT(2) 
PARAMETRIC_REPRESENTATION_CONTEXT() REPRESENTATION_CONTEXT('2D SPACE',''
  ) );
#11281 = ORIENTED_EDGE('',*,*,#10266,.T.);
#11282 = ORIENTED_EDGE('',*,*,#11235,.T.);
#11283 = ORIENTED_EDGE('',*,*,#11284,.F.);
#11284 = EDGE_CURVE('',#11260,#11213,#11285,.T.);
#11285 = SURFACE_CURVE('',#11286,(#11290,#11297),.PCURVE_S1.);
#11286 = LINE('',#11287,#11288);
#11287 = CARTESIAN_POINT('',(38.,-26.,-3.5));
#11288 = VECTOR('',#11289,1.);
#11289 = DIRECTION('',(0.,1.,0.));
#11290 = PCURVE('',#10282,#11291);
#11291 = DEFINITIONAL_REPRESENTATION('',(#11292),#11296);
#11292 = LINE('',#11293,#11294);
#11293 = CARTESIAN_POINT('',(4.,0.));
#11294 = VECTOR('',#11295,1.);
#11295 = DIRECTION('',(0.,-1.));
#11296 = ( GEOMETRIC_REPRESENTATION_CONTEXT(2) 
PARAMETRIC_REPRESENTATION_CONTEXT() REPRESENTATION_CONTEXT('2D SPACE',''
  ) );
#11297 = PCURVE('',#10204,#11298);
#11298 = DEFINITIONAL_REPRESENTATION('',(#11299),#11303);
#11299 = LINE('',#11300,#11301);
#11300 = CARTESIAN_POINT('',(76.,0.));
#11301 = VECTOR('',#11302,1.);
#11302 = DIRECTION('',(0.,1.));
#11303 = ( GEOMETRIC_REPRESENTATION_CONTEXT(2) 
PARAMETRIC_REPRESENTATION_CONTEXT() REPRESENTATION_CONTEXT('2D SPACE',''
  ) );
#11304 = ADVANCED_FACE('',(#11305),#10178,.T.);
#11305 = FACE_BOUND('',#11306,.T.);
#11306 = EDGE_LOOP('',(#11307,#11308,#11309,#11330));
#11307 = ORIENTED_EDGE('',*,*,#10219,.F.);
#11308 = ORIENTED_EDGE('',*,*,#10162,.T.);
#11309 = ORIENTED_EDGE('',*,*,#11310,.T.);
#11310 = EDGE_CURVE('',#10163,#11037,#11311,.T.);
#11311 = SURFACE_CURVE('',#11312,(#11316,#11323),.PCURVE_S1.);
#11312 = LINE('',#11313,#11314);
#11313 = CARTESIAN_POINT('',(-38.,26.,-3.5));
#11314 = VECTOR('',#11315,1.);
#11315 = DIRECTION('',(1.,0.,0.));
#11316 = PCURVE('',#10178,#11317);
#11317 = DEFINITIONAL_REPRESENTATION('',(#11318),#11322);
#11318 = LINE('',#11319,#11320);
#11319 = CARTESIAN_POINT('',(4.,0.));
#11320 = VECTOR('',#11321,1.);
#11321 = DIRECTION('',(0.,1.));
#11322 = ( GEOMETRIC_REPRESENTATION_CONTEXT(2) 
PARAMETRIC_REPRESENTATION_CONTEXT() REPRESENTATION_CONTEXT('2D SPACE',''
  ) );
#11323 = PCURVE('',#10204,#11324);
#11324 = DEFINITIONAL_REPRESENTATION('',(#11325),#11329);
#11325 = LINE('',#11326,#11327);
#11326 = CARTESIAN_POINT('',(0.,52.));
#11327 = VECTOR('',#11328,1.);
#11328 = DIRECTION('',(1.,0.));
#11329 = ( GEOMETRIC_REPRESENTATION_CONTEXT(2) 
PARAMETRIC_REPRESENTATION_CONTEXT() REPRESENTATION_CONTEXT('2D SPACE',''
  ) );
#11330 = ORIENTED_EDGE('',*,*,#11084,.T.);
#11331 = ADVANCED_FACE('',(#11332,#11362,#11372,#11478),#10204,.T.);
#11332 = FACE_BOUND('',#11333,.T.);
#11333 = EDGE_LOOP('',(#11334,#11335,#11336,#11357,#11358,#11359,#11360,
    #11361));
#11334 = ORIENTED_EDGE('',*,*,#11310,.F.);
#11335 = ORIENTED_EDGE('',*,*,#10190,.F.);
#11336 = ORIENTED_EDGE('',*,*,#11337,.T.);
#11337 = EDGE_CURVE('',#10102,#11260,#11338,.T.);
#11338 = SURFACE_CURVE('',#11339,(#11343,#11350),.PCURVE_S1.);
#11339 = LINE('',#11340,#11341);
#11340 = CARTESIAN_POINT('',(-38.,-26.,-3.5));
#11341 = VECTOR('',#11342,1.);
#11342 = DIRECTION('',(1.,0.,0.));
#11343 = PCURVE('',#10204,#11344);
#11344 = DEFINITIONAL_REPRESENTATION('',(#11345),#11349);
#11345 = LINE('',#11346,#11347);
#11346 = CARTESIAN_POINT('',(0.,0.));
#11347 = VECTOR('',#11348,1.);
#11348 = DIRECTION('',(1.,0.));
#11349 = ( GEOMETRIC_REPRESENTATION_CONTEXT(2) 
PARAMETRIC_REPRESENTATION_CONTEXT() REPRESENTATION_CONTEXT('2D SPACE',''
  ) );
#11350 = PCURVE('',#10122,#11351);
#11351 = DEFINITIONAL_REPRESENTATION('',(#11352),#11356);
#11352 = LINE('',#11353,#11354);
#11353 = CARTESIAN_POINT('',(4.,0.));
#11354 = VECTOR('',#11355,1.);
#11355 = DIRECTION('',(0.,1.));
#11356 = ( GEOMETRIC_REPRESENTATION_CONTEXT(2) 
PARAMETRIC_REPRESENTATION_CONTEXT() REPRESENTATION_CONTEXT('2D SPACE',''
  ) );
#11357 = ORIENTED_EDGE('',*,*,#11284,.T.);
#11358 = ORIENTED_EDGE('',*,*,#11212,.F.);
#11359 = ORIENTED_EDGE('',*,*,#11158,.T.);
#11360 = ORIENTED_EDGE('',*,*,#11129,.T.);
#11361 = ORIENTED_EDGE('',*,*,#11034,.T.);
#11362 = FACE_BOUND('',#11363,.T.);
#11363 = EDGE_LOOP('',(#11364,#11365,#11366,#11367,#11368,#11369,#11370,
    #11371));
#11364 = ORIENTED_EDGE('',*,*,#11002,.T.);
#11365 = ORIENTED_EDGE('',*,*,#10973,.T.);
#11366 = ORIENTED_EDGE('',*,*,#10898,.T.);
#11367 = ORIENTED_EDGE('',*,*,#10876,.T.);
#11368 = ORIENTED_EDGE('',*,*,#10831,.T.);
#11369 = ORIENTED_EDGE('',*,*,#10784,.F.);
#11370 = ORIENTED_EDGE('',*,*,#10737,.F.);
#11371 = ORIENTED_EDGE('',*,*,#10690,.T.);
#11372 = FACE_BOUND('',#11373,.T.);
#11373 = EDGE_LOOP('',(#11374,#11402,#11428,#11454));
#11374 = ORIENTED_EDGE('',*,*,#11375,.T.);
#11375 = EDGE_CURVE('',#11376,#11378,#11380,.T.);
#11376 = VERTEX_POINT('',#11377);
#11377 = CARTESIAN_POINT('',(-28.5,-19.,-3.5));
#11378 = VERTEX_POINT('',#11379);
#11379 = CARTESIAN_POINT('',(-35.5,-19.,-3.5));
#11380 = SURFACE_CURVE('',#11381,(#11385,#11391),.PCURVE_S1.);
#11381 = LINE('',#11382,#11383);
#11382 = CARTESIAN_POINT('',(-36.75,-19.,-3.5));
#11383 = VECTOR('',#11384,1.);
#11384 = DIRECTION('',(-1.,0.,0.));
#11385 = PCURVE('',#10204,#11386);
#11386 = DEFINITIONAL_REPRESENTATION('',(#11387),#11390);
#11387 = B_SPLINE_CURVE_WITH_KNOTS('',1,(#11388,#11389),.UNSPECIFIED.,
  .F.,.F.,(2,2),(-8.25,-1.25),.PIECEWISE_BEZIER_KNOTS.);
#11388 = CARTESIAN_POINT('',(9.5,7.));
#11389 = CARTESIAN_POINT('',(2.5,7.));
#11390 = ( GEOMETRIC_REPRESENTATION_CONTEXT(2) 
PARAMETRIC_REPRESENTATION_CONTEXT() REPRESENTATION_CONTEXT('2D SPACE',''
  ) );
#11391 = PCURVE('',#11392,#11397);
#11392 = PLANE('',#11393);
#11393 = AXIS2_PLACEMENT_3D('',#11394,#11395,#11396);
#11394 = CARTESIAN_POINT('',(-35.5,-19.,-4.));
#11395 = DIRECTION('',(0.,1.,0.));
#11396 = DIRECTION('',(0.,0.,1.));
#11397 = DEFINITIONAL_REPRESENTATION('',(#11398),#11401);
#11398 = B_SPLINE_CURVE_WITH_KNOTS('',1,(#11399,#11400),.UNSPECIFIED.,
  .F.,.F.,(2,2),(-8.25,-1.25),.PIECEWISE_BEZIER_KNOTS.);
#11399 = CARTESIAN_POINT('',(0.5,7.));
#11400 = CARTESIAN_POINT('',(0.5,0.));
#11401 = ( GEOMETRIC_REPRESENTATION_CONTEXT(2) 
PARAMETRIC_REPRESENTATION_CONTEXT() REPRESENTATION_CONTEXT('2D SPACE',''
  ) );
#11402 = ORIENTED_EDGE('',*,*,#11403,.T.);
#11403 = EDGE_CURVE('',#11378,#11404,#11406,.T.);
#11404 = VERTEX_POINT('',#11405);
#11405 = CARTESIAN_POINT('',(-35.5,19.,-3.5));
#11406 = SURFACE_CURVE('',#11407,(#11411,#11417),.PCURVE_S1.);
#11407 = LINE('',#11408,#11409);
#11408 = CARTESIAN_POINT('',(-35.5,-22.5,-3.5));
#11409 = VECTOR('',#11410,1.);
#11410 = DIRECTION('',(0.,1.,0.));
#11411 = PCURVE('',#10204,#11412);
#11412 = DEFINITIONAL_REPRESENTATION('',(#11413),#11416);
#11413 = B_SPLINE_CURVE_WITH_KNOTS('',1,(#11414,#11415),.UNSPECIFIED.,
  .F.,.F.,(2,2),(3.5,41.5),.PIECEWISE_BEZIER_KNOTS.);
#11414 = CARTESIAN_POINT('',(2.5,7.));
#11415 = CARTESIAN_POINT('',(2.5,45.));
#11416 = ( GEOMETRIC_REPRESENTATION_CONTEXT(2) 
PARAMETRIC_REPRESENTATION_CONTEXT() REPRESENTATION_CONTEXT('2D SPACE',''
  ) );
#11417 = PCURVE('',#11418,#11423);
#11418 = PLANE('',#11419);
#11419 = AXIS2_PLACEMENT_3D('',#11420,#11421,#11422);
#11420 = CARTESIAN_POINT('',(-35.5,-19.,-4.));
#11421 = DIRECTION('',(1.,0.,0.));
#11422 = DIRECTION('',(0.,0.,1.));
#11423 = DEFINITIONAL_REPRESENTATION('',(#11424),#11427);
#11424 = B_SPLINE_CURVE_WITH_KNOTS('',1,(#11425,#11426),.UNSPECIFIED.,
  .F.,.F.,(2,2),(3.5,41.5),.PIECEWISE_BEZIER_KNOTS.);
#11425 = CARTESIAN_POINT('',(0.5,0.));
#11426 = CARTESIAN_POINT('',(0.5,-38.));
#11427 = ( GEOMETRIC_REPRESENTATION_CONTEXT(2) 
PARAMETRIC_REPRESENTATION_CONTEXT() REPRESENTATION_CONTEXT('2D SPACE',''
  ) );
#11428 = ORIENTED_EDGE('',*,*,#11429,.F.);
#11429 = EDGE_CURVE('',#11430,#11404,#11432,.T.);
#11430 = VERTEX_POINT('',#11431);
#11431 = CARTESIAN_POINT('',(-28.5,19.,-3.5));
#11432 = SURFACE_CURVE('',#11433,(#11437,#11443),.PCURVE_S1.);
#11433 = LINE('',#11434,#11435);
#11434 = CARTESIAN_POINT('',(-36.75,19.,-3.5));
#11435 = VECTOR('',#11436,1.);
#11436 = DIRECTION('',(-1.,0.,0.));
#11437 = PCURVE('',#10204,#11438);
#11438 = DEFINITIONAL_REPRESENTATION('',(#11439),#11442);
#11439 = B_SPLINE_CURVE_WITH_KNOTS('',1,(#11440,#11441),.UNSPECIFIED.,
  .F.,.F.,(2,2),(-8.25,-1.25),.PIECEWISE_BEZIER_KNOTS.);
#11440 = CARTESIAN_POINT('',(9.5,45.));
#11441 = CARTESIAN_POINT('',(2.5,45.));
#11442 = ( GEOMETRIC_REPRESENTATION_CONTEXT(2) 
PARAMETRIC_REPRESENTATION_CONTEXT() REPRESENTATION_CONTEXT('2D SPACE',''
  ) );
#11443 = PCURVE('',#11444,#11449);
#11444 = PLANE('',#11445);
#11445 = AXIS2_PLACEMENT_3D('',#11446,#11447,#11448);
#11446 = CARTESIAN_POINT('',(-35.5,19.,-4.));
#11447 = DIRECTION('',(0.,1.,0.));
#11448 = DIRECTION('',(0.,0.,1.));
#11449 = DEFINITIONAL_REPRESENTATION('',(#11450),#11453);
#11450 = B_SPLINE_CURVE_WITH_KNOTS('',1,(#11451,#11452),.UNSPECIFIED.,
  .F.,.F.,(2,2),(-8.25,-1.25),.PIECEWISE_BEZIER_KNOTS.);
#11451 = CARTESIAN_POINT('',(0.5,7.));
#11452 = CARTESIAN_POINT('',(0.5,0.));
#11453 = ( GEOMETRIC_REPRESENTATION_CONTEXT(2) 
PARAMETRIC_REPRESENTATION_CONTEXT() REPRESENTATION_CONTEXT('2D SPACE',''
  ) );
#11454 = ORIENTED_EDGE('',*,*,#11455,.F.);
#11455 = EDGE_CURVE('',#11376,#11430,#11456,.T.);
#11456 = SURFACE_CURVE('',#11457,(#11461,#11467),.PCURVE_S1.);
#11457 = LINE('',#11458,#11459);
#11458 = CARTESIAN_POINT('',(-28.5,-22.5,-3.5));
#11459 = VECTOR('',#11460,1.);
#11460 = DIRECTION('',(0.,1.,0.));
#11461 = PCURVE('',#10204,#11462);
#11462 = DEFINITIONAL_REPRESENTATION('',(#11463),#11466);
#11463 = B_SPLINE_CURVE_WITH_KNOTS('',1,(#11464,#11465),.UNSPECIFIED.,
  .F.,.F.,(2,2),(3.5,41.5),.PIECEWISE_BEZIER_KNOTS.);
#11464 = CARTESIAN_POINT('',(9.5,7.));
#11465 = CARTESIAN_POINT('',(9.5,45.));
#11466 = ( GEOMETRIC_REPRESENTATION_CONTEXT(2) 
PARAMETRIC_REPRESENTATION_CONTEXT() REPRESENTATION_CONTEXT('2D SPACE',''
  ) );
#11467 = PCURVE('',#11468,#11473);
#11468 = PLANE('',#11469);
#11469 = AXIS2_PLACEMENT_3D('',#11470,#11471,#11472);
#11470 = CARTESIAN_POINT('',(-28.5,-19.,-4.));
#11471 = DIRECTION('',(1.,0.,0.));
#11472 = DIRECTION('',(0.,0.,1.));
#11473 = DEFINITIONAL_REPRESENTATION('',(#11474),#11477);
#11474 = B_SPLINE_CURVE_WITH_KNOTS('',1,(#11475,#11476),.UNSPECIFIED.,
  .F.,.F.,(2,2),(3.5,41.5),.PIECEWISE_BEZIER_KNOTS.);
#11475 = CARTESIAN_POINT('',(0.5,0.));
#11476 = CARTESIAN_POINT('',(0.5,-38.));
#11477 = ( GEOMETRIC_REPRESENTATION_CONTEXT(2) 
PARAMETRIC_REPRESENTATION_CONTEXT() REPRESENTATION_CONTEXT('2D SPACE',''
  ) );
#11478 = FACE_BOUND('',#11479,.T.);
#11479 = EDGE_LOOP('',(#11480,#11508,#11534,#11560));
#11480 = ORIENTED_EDGE('',*,*,#11481,.T.);
#11481 = EDGE_CURVE('',#11482,#11484,#11486,.T.);
#11482 = VERTEX_POINT('',#11483);
#11483 = CARTESIAN_POINT('',(35.5,-19.,-3.5));
#11484 = VERTEX_POINT('',#11485);
#11485 = CARTESIAN_POINT('',(28.5,-19.,-3.5));
#11486 = SURFACE_CURVE('',#11487,(#11491,#11497),.PCURVE_S1.);
#11487 = LINE('',#11488,#11489);
#11488 = CARTESIAN_POINT('',(-4.75,-19.,-3.5));
#11489 = VECTOR('',#11490,1.);
#11490 = DIRECTION('',(-1.,0.,0.));
#11491 = PCURVE('',#10204,#11492);
#11492 = DEFINITIONAL_REPRESENTATION('',(#11493),#11496);
#11493 = B_SPLINE_CURVE_WITH_KNOTS('',1,(#11494,#11495),.UNSPECIFIED.,
  .F.,.F.,(2,2),(-40.25,-33.25),.PIECEWISE_BEZIER_KNOTS.);
#11494 = CARTESIAN_POINT('',(73.5,7.));
#11495 = CARTESIAN_POINT('',(66.5,7.));
#11496 = ( GEOMETRIC_REPRESENTATION_CONTEXT(2) 
PARAMETRIC_REPRESENTATION_CONTEXT() REPRESENTATION_CONTEXT('2D SPACE',''
  ) );
#11497 = PCURVE('',#11498,#11503);
#11498 = PLANE('',#11499);
#11499 = AXIS2_PLACEMENT_3D('',#11500,#11501,#11502);
#11500 = CARTESIAN_POINT('',(28.5,-19.,-4.));
#11501 = DIRECTION('',(0.,1.,0.));
#11502 = DIRECTION('',(0.,0.,1.));
#11503 = DEFINITIONAL_REPRESENTATION('',(#11504),#11507);
#11504 = B_SPLINE_CURVE_WITH_KNOTS('',1,(#11505,#11506),.UNSPECIFIED.,
  .F.,.F.,(2,2),(-40.25,-33.25),.PIECEWISE_BEZIER_KNOTS.);
#11505 = CARTESIAN_POINT('',(0.5,7.));
#11506 = CARTESIAN_POINT('',(0.5,0.));
#11507 = ( GEOMETRIC_REPRESENTATION_CONTEXT(2) 
PARAMETRIC_REPRESENTATION_CONTEXT() REPRESENTATION_CONTEXT('2D SPACE',''
  ) );
#11508 = ORIENTED_EDGE('',*,*,#11509,.T.);
#11509 = EDGE_CURVE('',#11484,#11510,#11512,.T.);
#11510 = VERTEX_POINT('',#11511);
#11511 = CARTESIAN_POINT('',(28.5,19.,-3.5));
#11512 = SURFACE_CURVE('',#11513,(#11517,#11523),.PCURVE_S1.);
#11513 = LINE('',#11514,#11515);
#11514 = CARTESIAN_POINT('',(28.5,-22.5,-3.5));
#11515 = VECTOR('',#11516,1.);
#11516 = DIRECTION('',(0.,1.,0.));
#11517 = PCURVE('',#10204,#11518);
#11518 = DEFINITIONAL_REPRESENTATION('',(#11519),#11522);
#11519 = B_SPLINE_CURVE_WITH_KNOTS('',1,(#11520,#11521),.UNSPECIFIED.,
  .F.,.F.,(2,2),(3.5,41.5),.PIECEWISE_BEZIER_KNOTS.);
#11520 = CARTESIAN_POINT('',(66.5,7.));
#11521 = CARTESIAN_POINT('',(66.5,45.));
#11522 = ( GEOMETRIC_REPRESENTATION_CONTEXT(2) 
PARAMETRIC_REPRESENTATION_CONTEXT() REPRESENTATION_CONTEXT('2D SPACE',''
  ) );
#11523 = PCURVE('',#11524,#11529);
#11524 = PLANE('',#11525);
#11525 = AXIS2_PLACEMENT_3D('',#11526,#11527,#11528);
#11526 = CARTESIAN_POINT('',(28.5,-19.,-4.));
#11527 = DIRECTION('',(1.,0.,0.));
#11528 = DIRECTION('',(0.,0.,1.));
#11529 = DEFINITIONAL_REPRESENTATION('',(#11530),#11533);
#11530 = B_SPLINE_CURVE_WITH_KNOTS('',1,(#11531,#11532),.UNSPECIFIED.,
  .F.,.F.,(2,2),(3.5,41.5),.PIECEWISE_BEZIER_KNOTS.);
#11531 = CARTESIAN_POINT('',(0.5,0.));
#11532 = CARTESIAN_POINT('',(0.5,-38.));
#11533 = ( GEOMETRIC_REPRESENTATION_CONTEXT(2) 
PARAMETRIC_REPRESENTATION_CONTEXT() REPRESENTATION_CONTEXT('2D SPACE',''
  ) );
#11534 = ORIENTED_EDGE('',*,*,#11535,.F.);
#11535 = EDGE_CURVE('',#11536,#11510,#11538,.T.);
#11536 = VERTEX_POINT('',#11537);
#11537 = CARTESIAN_POINT('',(35.5,19.,-3.5));
#11538 = SURFACE_CURVE('',#11539,(#11543,#11549),.PCURVE_S1.);
#11539 = LINE('',#11540,#11541);
#11540 = CARTESIAN_POINT('',(-4.75,19.,-3.5));
#11541 = VECTOR('',#11542,1.);
#11542 = DIRECTION('',(-1.,0.,0.));
#11543 = PCURVE('',#10204,#11544);
#11544 = DEFINITIONAL_REPRESENTATION('',(#11545),#11548);
#11545 = B_SPLINE_CURVE_WITH_KNOTS('',1,(#11546,#11547),.UNSPECIFIED.,
  .F.,.F.,(2,2),(-40.25,-33.25),.PIECEWISE_BEZIER_KNOTS.);
#11546 = CARTESIAN_POINT('',(73.5,45.));
#11547 = CARTESIAN_POINT('',(66.5,45.));
#11548 = ( GEOMETRIC_REPRESENTATION_CONTEXT(2) 
PARAMETRIC_REPRESENTATION_CONTEXT() REPRESENTATION_CONTEXT('2D SPACE',''
  ) );
#11549 = PCURVE('',#11550,#11555);
#11550 = PLANE('',#11551);
#11551 = AXIS2_PLACEMENT_3D('',#11552,#11553,#11554);
#11552 = CARTESIAN_POINT('',(28.5,19.,-4.));
#11553 = DIRECTION('',(0.,1.,0.));
#11554 = DIRECTION('',(0.,0.,1.));
#11555 = DEFINITIONAL_REPRESENTATION('',(#11556),#11559);
#11556 = B_SPLINE_CURVE_WITH_KNOTS('',1,(#11557,#11558),.UNSPECIFIED.,
  .F.,.F.,(2,2),(-40.25,-33.25),.PIECEWISE_BEZIER_KNOTS.);
#11557 = CARTESIAN_POINT('',(0.5,7.));
#11558 = CARTESIAN_POINT('',(0.5,0.));
#11559 = ( GEOMETRIC_REPRESENTATION_CONTEXT(2) 
PARAMETRIC_REPRESENTATION_CONTEXT() REPRESENTATION_CONTEXT('2D SPACE',''
  ) );
#11560 = ORIENTED_EDGE('',*,*,#11561,.F.);
#11561 = EDGE_CURVE('',#11482,#11536,#11562,.T.);
#11562 = SURFACE_CURVE('',#11563,(#11567,#11573),.PCURVE_S1.);
#11563 = LINE('',#11564,#11565);
#11564 = CARTESIAN_POINT('',(35.5,-22.5,-3.5));
#11565 = VECTOR('',#11566,1.);
#11566 = DIRECTION('',(0.,1.,0.));
#11567 = PCURVE('',#10204,#11568);
#11568 = DEFINITIONAL_REPRESENTATION('',(#11569),#11572);
#11569 = B_SPLINE_CURVE_WITH_KNOTS('',1,(#11570,#11571),.UNSPECIFIED.,
  .F.,.F.,(2,2),(3.5,41.5),.PIECEWISE_BEZIER_KNOTS.);
#11570 = CARTESIAN_POINT('',(73.5,7.));
#11571 = CARTESIAN_POINT('',(73.5,45.));
#11572 = ( GEOMETRIC_REPRESENTATION_CONTEXT(2) 
PARAMETRIC_REPRESENTATION_CONTEXT() REPRESENTATION_CONTEXT('2D SPACE',''
  ) );
#11573 = PCURVE('',#11574,#11579);
#11574 = PLANE('',#11575);
#11575 = AXIS2_PLACEMENT_3D('',#11576,#11577,#11578);
#11576 = CARTESIAN_POINT('',(35.5,-19.,-4.));
#11577 = DIRECTION('',(1.,0.,0.));
#11578 = DIRECTION('',(0.,0.,1.));
#11579 = DEFINITIONAL_REPRESENTATION('',(#11580),#11583);
#11580 = B_SPLINE_CURVE_WITH_KNOTS('',1,(#11581,#11582),.UNSPECIFIED.,
  .F.,.F.,(2,2),(3.5,41.5),.PIECEWISE_BEZIER_KNOTS.);
#11581 = CARTESIAN_POINT('',(0.5,0.));
#11582 = CARTESIAN_POINT('',(0.5,-38.));
#11583 = ( GEOMETRIC_REPRESENTATION_CONTEXT(2) 
PARAMETRIC_REPRESENTATION_CONTEXT() REPRESENTATION_CONTEXT('2D SPACE',''
  ) );
#11584 = ADVANCED_FACE('',(#11585),#11574,.T.);
#11585 = FACE_BOUND('',#11586,.T.);
#11586 = EDGE_LOOP('',(#11587,#11610,#11611,#11634));
#11587 = ORIENTED_EDGE('',*,*,#11588,.F.);
#11588 = EDGE_CURVE('',#11482,#11589,#11591,.T.);
#11589 = VERTEX_POINT('',#11590);
#11590 = CARTESIAN_POINT('',(35.5,-19.,-1.));
#11591 = SURFACE_CURVE('',#11592,(#11596,#11603),.PCURVE_S1.);
#11592 = LINE('',#11593,#11594);
#11593 = CARTESIAN_POINT('',(35.5,-19.,-4.));
#11594 = VECTOR('',#11595,1.);
#11595 = DIRECTION('',(0.,0.,1.));
#11596 = PCURVE('',#11574,#11597);
#11597 = DEFINITIONAL_REPRESENTATION('',(#11598),#11602);
#11598 = LINE('',#11599,#11600);
#11599 = CARTESIAN_POINT('',(0.,0.));
#11600 = VECTOR('',#11601,1.);
#11601 = DIRECTION('',(1.,0.));
#11602 = ( GEOMETRIC_REPRESENTATION_CONTEXT(2) 
PARAMETRIC_REPRESENTATION_CONTEXT() REPRESENTATION_CONTEXT('2D SPACE',''
  ) );
#11603 = PCURVE('',#11498,#11604);
#11604 = DEFINITIONAL_REPRESENTATION('',(#11605),#11609);
#11605 = LINE('',#11606,#11607);
#11606 = CARTESIAN_POINT('',(0.,7.));
#11607 = VECTOR('',#11608,1.);
#11608 = DIRECTION('',(1.,0.));
#11609 = ( GEOMETRIC_REPRESENTATION_CONTEXT(2) 
PARAMETRIC_REPRESENTATION_CONTEXT() REPRESENTATION_CONTEXT('2D SPACE',''
  ) );
#11610 = ORIENTED_EDGE('',*,*,#11561,.T.);
#11611 = ORIENTED_EDGE('',*,*,#11612,.T.);
#11612 = EDGE_CURVE('',#11536,#11613,#11615,.T.);
#11613 = VERTEX_POINT('',#11614);
#11614 = CARTESIAN_POINT('',(35.5,19.,-1.));
#11615 = SURFACE_CURVE('',#11616,(#11620,#11627),.PCURVE_S1.);
#11616 = LINE('',#11617,#11618);
#11617 = CARTESIAN_POINT('',(35.5,19.,-4.));
#11618 = VECTOR('',#11619,1.);
#11619 = DIRECTION('',(0.,0.,1.));
#11620 = PCURVE('',#11574,#11621);
#11621 = DEFINITIONAL_REPRESENTATION('',(#11622),#11626);
#11622 = LINE('',#11623,#11624);
#11623 = CARTESIAN_POINT('',(0.,-38.));
#11624 = VECTOR('',#11625,1.);
#11625 = DIRECTION('',(1.,0.));
#11626 = ( GEOMETRIC_REPRESENTATION_CONTEXT(2) 
PARAMETRIC_REPRESENTATION_CONTEXT() REPRESENTATION_CONTEXT('2D SPACE',''
  ) );
#11627 = PCURVE('',#11550,#11628);
#11628 = DEFINITIONAL_REPRESENTATION('',(#11629),#11633);
#11629 = LINE('',#11630,#11631);
#11630 = CARTESIAN_POINT('',(0.,7.));
#11631 = VECTOR('',#11632,1.);
#11632 = DIRECTION('',(1.,0.));
#11633 = ( GEOMETRIC_REPRESENTATION_CONTEXT(2) 
PARAMETRIC_REPRESENTATION_CONTEXT() REPRESENTATION_CONTEXT('2D SPACE',''
  ) );
#11634 = ORIENTED_EDGE('',*,*,#11635,.F.);
#11635 = EDGE_CURVE('',#11589,#11613,#11636,.T.);
#11636 = SURFACE_CURVE('',#11637,(#11641,#11648),.PCURVE_S1.);
#11637 = LINE('',#11638,#11639);
#11638 = CARTESIAN_POINT('',(35.5,-19.,-1.));
#11639 = VECTOR('',#11640,1.);
#11640 = DIRECTION('',(0.,1.,0.));
#11641 = PCURVE('',#11574,#11642);
#11642 = DEFINITIONAL_REPRESENTATION('',(#11643),#11647);
#11643 = LINE('',#11644,#11645);
#11644 = CARTESIAN_POINT('',(3.,0.));
#11645 = VECTOR('',#11646,1.);
#11646 = DIRECTION('',(0.,-1.));
#11647 = ( GEOMETRIC_REPRESENTATION_CONTEXT(2) 
PARAMETRIC_REPRESENTATION_CONTEXT() REPRESENTATION_CONTEXT('2D SPACE',''
  ) );
#11648 = PCURVE('',#11649,#11654);
#11649 = PLANE('',#11650);
#11650 = AXIS2_PLACEMENT_3D('',#11651,#11652,#11653);
#11651 = CARTESIAN_POINT('',(28.5,-19.,-1.));
#11652 = DIRECTION('',(0.,0.,1.));
#11653 = DIRECTION('',(1.,0.,0.));
#11654 = DEFINITIONAL_REPRESENTATION('',(#11655),#11659);
#11655 = LINE('',#11656,#11657);
#11656 = CARTESIAN_POINT('',(7.,0.));
#11657 = VECTOR('',#11658,1.);
#11658 = DIRECTION('',(0.,1.));
#11659 = ( GEOMETRIC_REPRESENTATION_CONTEXT(2) 
PARAMETRIC_REPRESENTATION_CONTEXT() REPRESENTATION_CONTEXT('2D SPACE',''
  ) );
#11660 = ADVANCED_FACE('',(#11661,#11731),#11649,.T.);
#11661 = FACE_BOUND('',#11662,.T.);
#11662 = EDGE_LOOP('',(#11663,#11688,#11709,#11710));
#11663 = ORIENTED_EDGE('',*,*,#11664,.F.);
#11664 = EDGE_CURVE('',#11665,#11667,#11669,.T.);
#11665 = VERTEX_POINT('',#11666);
#11666 = CARTESIAN_POINT('',(28.5,-19.,-1.));
#11667 = VERTEX_POINT('',#11668);
#11668 = CARTESIAN_POINT('',(28.5,19.,-1.));
#11669 = SURFACE_CURVE('',#11670,(#11674,#11681),.PCURVE_S1.);
#11670 = LINE('',#11671,#11672);
#11671 = CARTESIAN_POINT('',(28.5,-19.,-1.));
#11672 = VECTOR('',#11673,1.);
#11673 = DIRECTION('',(0.,1.,0.));
#11674 = PCURVE('',#11649,#11675);
#11675 = DEFINITIONAL_REPRESENTATION('',(#11676),#11680);
#11676 = LINE('',#11677,#11678);
#11677 = CARTESIAN_POINT('',(0.,0.));
#11678 = VECTOR('',#11679,1.);
#11679 = DIRECTION('',(0.,1.));
#11680 = ( GEOMETRIC_REPRESENTATION_CONTEXT(2) 
PARAMETRIC_REPRESENTATION_CONTEXT() REPRESENTATION_CONTEXT('2D SPACE',''
  ) );
#11681 = PCURVE('',#11524,#11682);
#11682 = DEFINITIONAL_REPRESENTATION('',(#11683),#11687);
#11683 = LINE('',#11684,#11685);
#11684 = CARTESIAN_POINT('',(3.,0.));
#11685 = VECTOR('',#11686,1.);
#11686 = DIRECTION('',(0.,-1.));
#11687 = ( GEOMETRIC_REPRESENTATION_CONTEXT(2) 
PARAMETRIC_REPRESENTATION_CONTEXT() REPRESENTATION_CONTEXT('2D SPACE',''
  ) );
#11688 = ORIENTED_EDGE('',*,*,#11689,.T.);
#11689 = EDGE_CURVE('',#11665,#11589,#11690,.T.);
#11690 = SURFACE_CURVE('',#11691,(#11695,#11702),.PCURVE_S1.);
#11691 = LINE('',#11692,#11693);
#11692 = CARTESIAN_POINT('',(28.5,-19.,-1.));
#11693 = VECTOR('',#11694,1.);
#11694 = DIRECTION('',(1.,0.,0.));
#11695 = PCURVE('',#11649,#11696);
#11696 = DEFINITIONAL_REPRESENTATION('',(#11697),#11701);
#11697 = LINE('',#11698,#11699);
#11698 = CARTESIAN_POINT('',(0.,0.));
#11699 = VECTOR('',#11700,1.);
#11700 = DIRECTION('',(1.,0.));
#11701 = ( GEOMETRIC_REPRESENTATION_CONTEXT(2) 
PARAMETRIC_REPRESENTATION_CONTEXT() REPRESENTATION_CONTEXT('2D SPACE',''
  ) );
#11702 = PCURVE('',#11498,#11703);
#11703 = DEFINITIONAL_REPRESENTATION('',(#11704),#11708);
#11704 = LINE('',#11705,#11706);
#11705 = CARTESIAN_POINT('',(3.,0.));
#11706 = VECTOR('',#11707,1.);
#11707 = DIRECTION('',(0.,1.));
#11708 = ( GEOMETRIC_REPRESENTATION_CONTEXT(2) 
PARAMETRIC_REPRESENTATION_CONTEXT() REPRESENTATION_CONTEXT('2D SPACE',''
  ) );
#11709 = ORIENTED_EDGE('',*,*,#11635,.T.);
#11710 = ORIENTED_EDGE('',*,*,#11711,.F.);
#11711 = EDGE_CURVE('',#11667,#11613,#11712,.T.);
#11712 = SURFACE_CURVE('',#11713,(#11717,#11724),.PCURVE_S1.);
#11713 = LINE('',#11714,#11715);
#11714 = CARTESIAN_POINT('',(28.5,19.,-1.));
#11715 = VECTOR('',#11716,1.);
#11716 = DIRECTION('',(1.,0.,0.));
#11717 = PCURVE('',#11649,#11718);
#11718 = DEFINITIONAL_REPRESENTATION('',(#11719),#11723);
#11719 = LINE('',#11720,#11721);
#11720 = CARTESIAN_POINT('',(0.,38.));
#11721 = VECTOR('',#11722,1.);
#11722 = DIRECTION('',(1.,0.));
#11723 = ( GEOMETRIC_REPRESENTATION_CONTEXT(2) 
PARAMETRIC_REPRESENTATION_CONTEXT() REPRESENTATION_CONTEXT('2D SPACE',''
  ) );
#11724 = PCURVE('',#11550,#11725);
#11725 = DEFINITIONAL_REPRESENTATION('',(#11726),#11730);
#11726 = LINE('',#11727,#11728);
#11727 = CARTESIAN_POINT('',(3.,0.));
#11728 = VECTOR('',#11729,1.);
#11729 = DIRECTION('',(0.,1.));
#11730 = ( GEOMETRIC_REPRESENTATION_CONTEXT(2) 
PARAMETRIC_REPRESENTATION_CONTEXT() REPRESENTATION_CONTEXT('2D SPACE',''
  ) );
#11731 = FACE_BOUND('',#11732,.T.);
#11732 = EDGE_LOOP('',(#11733,#11761,#11787,#11813));
#11733 = ORIENTED_EDGE('',*,*,#11734,.T.);
#11734 = EDGE_CURVE('',#11735,#11737,#11739,.T.);
#11735 = VERTEX_POINT('',#11736);
#11736 = CARTESIAN_POINT('',(34.25,-17.75,-1.));
#11737 = VERTEX_POINT('',#11738);
#11738 = CARTESIAN_POINT('',(29.75,-17.75,-1.));
#11739 = SURFACE_CURVE('',#11740,(#11744,#11750),.PCURVE_S1.);
#11740 = LINE('',#11741,#11742);
#11741 = CARTESIAN_POINT('',(29.125,-17.75,-1.));
#11742 = VECTOR('',#11743,1.);
#11743 = DIRECTION('',(-1.,0.,0.));
#11744 = PCURVE('',#11649,#11745);
#11745 = DEFINITIONAL_REPRESENTATION('',(#11746),#11749);
#11746 = B_SPLINE_CURVE_WITH_KNOTS('',1,(#11747,#11748),.UNSPECIFIED.,
  .F.,.F.,(2,2),(-5.125,-0.625),.PIECEWISE_BEZIER_KNOTS.);
#11747 = CARTESIAN_POINT('',(5.75,1.25));
#11748 = CARTESIAN_POINT('',(1.25,1.25));
#11749 = ( GEOMETRIC_REPRESENTATION_CONTEXT(2) 
PARAMETRIC_REPRESENTATION_CONTEXT() REPRESENTATION_CONTEXT('2D SPACE',''
  ) );
#11750 = PCURVE('',#11751,#11756);
#11751 = PLANE('',#11752);
#11752 = AXIS2_PLACEMENT_3D('',#11753,#11754,#11755);
#11753 = CARTESIAN_POINT('',(29.75,-17.75,-3.1));
#11754 = DIRECTION('',(0.,1.,0.));
#11755 = DIRECTION('',(0.,0.,1.));
#11756 = DEFINITIONAL_REPRESENTATION('',(#11757),#11760);
#11757 = B_SPLINE_CURVE_WITH_KNOTS('',1,(#11758,#11759),.UNSPECIFIED.,
  .F.,.F.,(2,2),(-5.125,-0.625),.PIECEWISE_BEZIER_KNOTS.);
#11758 = CARTESIAN_POINT('',(2.1,4.5));
#11759 = CARTESIAN_POINT('',(2.1,0.));
#11760 = ( GEOMETRIC_REPRESENTATION_CONTEXT(2) 
PARAMETRIC_REPRESENTATION_CONTEXT() REPRESENTATION_CONTEXT('2D SPACE',''
  ) );
#11761 = ORIENTED_EDGE('',*,*,#11762,.T.);
#11762 = EDGE_CURVE('',#11737,#11763,#11765,.T.);
#11763 = VERTEX_POINT('',#11764);
#11764 = CARTESIAN_POINT('',(29.75,17.75,-1.));
#11765 = SURFACE_CURVE('',#11766,(#11770,#11776),.PCURVE_S1.);
#11766 = LINE('',#11767,#11768);
#11767 = CARTESIAN_POINT('',(29.75,-18.375,-1.));
#11768 = VECTOR('',#11769,1.);
#11769 = DIRECTION('',(0.,1.,0.));
#11770 = PCURVE('',#11649,#11771);
#11771 = DEFINITIONAL_REPRESENTATION('',(#11772),#11775);
#11772 = B_SPLINE_CURVE_WITH_KNOTS('',1,(#11773,#11774),.UNSPECIFIED.,
  .F.,.F.,(2,2),(0.625,36.125),.PIECEWISE_BEZIER_KNOTS.);
#11773 = CARTESIAN_POINT('',(1.25,1.25));
#11774 = CARTESIAN_POINT('',(1.25,36.75));
#11775 = ( GEOMETRIC_REPRESENTATION_CONTEXT(2) 
PARAMETRIC_REPRESENTATION_CONTEXT() REPRESENTATION_CONTEXT('2D SPACE',''
  ) );
#11776 = PCURVE('',#11777,#11782);
#11777 = PLANE('',#11778);
#11778 = AXIS2_PLACEMENT_3D('',#11779,#11780,#11781);
#11779 = CARTESIAN_POINT('',(29.75,-17.75,-3.1));
#11780 = DIRECTION('',(1.,0.,0.));
#11781 = DIRECTION('',(0.,0.,1.));
#11782 = DEFINITIONAL_REPRESENTATION('',(#11783),#11786);
#11783 = B_SPLINE_CURVE_WITH_KNOTS('',1,(#11784,#11785),.UNSPECIFIED.,
  .F.,.F.,(2,2),(0.625,36.125),.PIECEWISE_BEZIER_KNOTS.);
#11784 = CARTESIAN_POINT('',(2.1,0.));
#11785 = CARTESIAN_POINT('',(2.1,-35.5));
#11786 = ( GEOMETRIC_REPRESENTATION_CONTEXT(2) 
PARAMETRIC_REPRESENTATION_CONTEXT() REPRESENTATION_CONTEXT('2D SPACE',''
  ) );
#11787 = ORIENTED_EDGE('',*,*,#11788,.F.);
#11788 = EDGE_CURVE('',#11789,#11763,#11791,.T.);
#11789 = VERTEX_POINT('',#11790);
#11790 = CARTESIAN_POINT('',(34.25,17.75,-1.));
#11791 = SURFACE_CURVE('',#11792,(#11796,#11802),.PCURVE_S1.);
#11792 = LINE('',#11793,#11794);
#11793 = CARTESIAN_POINT('',(29.125,17.75,-1.));
#11794 = VECTOR('',#11795,1.);
#11795 = DIRECTION('',(-1.,0.,0.));
#11796 = PCURVE('',#11649,#11797);
#11797 = DEFINITIONAL_REPRESENTATION('',(#11798),#11801);
#11798 = B_SPLINE_CURVE_WITH_KNOTS('',1,(#11799,#11800),.UNSPECIFIED.,
  .F.,.F.,(2,2),(-5.125,-0.625),.PIECEWISE_BEZIER_KNOTS.);
#11799 = CARTESIAN_POINT('',(5.75,36.75));
#11800 = CARTESIAN_POINT('',(1.25,36.75));
#11801 = ( GEOMETRIC_REPRESENTATION_CONTEXT(2) 
PARAMETRIC_REPRESENTATION_CONTEXT() REPRESENTATION_CONTEXT('2D SPACE',''
  ) );
#11802 = PCURVE('',#11803,#11808);
#11803 = PLANE('',#11804);
#11804 = AXIS2_PLACEMENT_3D('',#11805,#11806,#11807);
#11805 = CARTESIAN_POINT('',(29.75,17.75,-3.1));
#11806 = DIRECTION('',(0.,1.,0.));
#11807 = DIRECTION('',(0.,0.,1.));
#11808 = DEFINITIONAL_REPRESENTATION('',(#11809),#11812);
#11809 = B_SPLINE_CURVE_WITH_KNOTS('',1,(#11810,#11811),.UNSPECIFIED.,
  .F.,.F.,(2,2),(-5.125,-0.625),.PIECEWISE_BEZIER_KNOTS.);
#11810 = CARTESIAN_POINT('',(2.1,4.5));
#11811 = CARTESIAN_POINT('',(2.1,0.));
#11812 = ( GEOMETRIC_REPRESENTATION_CONTEXT(2) 
PARAMETRIC_REPRESENTATION_CONTEXT() REPRESENTATION_CONTEXT('2D SPACE',''
  ) );
#11813 = ORIENTED_EDGE('',*,*,#11814,.F.);
#11814 = EDGE_CURVE('',#11735,#11789,#11815,.T.);
#11815 = SURFACE_CURVE('',#11816,(#11820,#11826),.PCURVE_S1.);
#11816 = LINE('',#11817,#11818);
#11817 = CARTESIAN_POINT('',(34.25,-18.375,-1.));
#11818 = VECTOR('',#11819,1.);
#11819 = DIRECTION('',(0.,1.,0.));
#11820 = PCURVE('',#11649,#11821);
#11821 = DEFINITIONAL_REPRESENTATION('',(#11822),#11825);
#11822 = B_SPLINE_CURVE_WITH_KNOTS('',1,(#11823,#11824),.UNSPECIFIED.,
  .F.,.F.,(2,2),(0.625,36.125),.PIECEWISE_BEZIER_KNOTS.);
#11823 = CARTESIAN_POINT('',(5.75,1.25));
#11824 = CARTESIAN_POINT('',(5.75,36.75));
#11825 = ( GEOMETRIC_REPRESENTATION_CONTEXT(2) 
PARAMETRIC_REPRESENTATION_CONTEXT() REPRESENTATION_CONTEXT('2D SPACE',''
  ) );
#11826 = PCURVE('',#11827,#11832);
#11827 = PLANE('',#11828);
#11828 = AXIS2_PLACEMENT_3D('',#11829,#11830,#11831);
#11829 = CARTESIAN_POINT('',(34.25,-17.75,-3.1));
#11830 = DIRECTION('',(1.,0.,0.));
#11831 = DIRECTION('',(0.,0.,1.));
#11832 = DEFINITIONAL_REPRESENTATION('',(#11833),#11836);
#11833 = B_SPLINE_CURVE_WITH_KNOTS('',1,(#11834,#11835),.UNSPECIFIED.,
  .F.,.F.,(2,2),(0.625,36.125),.PIECEWISE_BEZIER_KNOTS.);
#11834 = CARTESIAN_POINT('',(2.1,0.));
#11835 = CARTESIAN_POINT('',(2.1,-35.5));
#11836 = ( GEOMETRIC_REPRESENTATION_CONTEXT(2) 
PARAMETRIC_REPRESENTATION_CONTEXT() REPRESENTATION_CONTEXT('2D SPACE',''
  ) );
#11837 = ADVANCED_FACE('',(#11838),#11777,.T.);
#11838 = FACE_BOUND('',#11839,.T.);
#11839 = EDGE_LOOP('',(#11840,#11863,#11891,#11912));
#11840 = ORIENTED_EDGE('',*,*,#11841,.F.);
#11841 = EDGE_CURVE('',#11842,#11737,#11844,.T.);
#11842 = VERTEX_POINT('',#11843);
#11843 = CARTESIAN_POINT('',(29.75,-17.75,-3.1));
#11844 = SURFACE_CURVE('',#11845,(#11849,#11856),.PCURVE_S1.);
#11845 = LINE('',#11846,#11847);
#11846 = CARTESIAN_POINT('',(29.75,-17.75,-3.1));
#11847 = VECTOR('',#11848,1.);
#11848 = DIRECTION('',(0.,0.,1.));
#11849 = PCURVE('',#11777,#11850);
#11850 = DEFINITIONAL_REPRESENTATION('',(#11851),#11855);
#11851 = LINE('',#11852,#11853);
#11852 = CARTESIAN_POINT('',(0.,0.));
#11853 = VECTOR('',#11854,1.);
#11854 = DIRECTION('',(1.,0.));
#11855 = ( GEOMETRIC_REPRESENTATION_CONTEXT(2) 
PARAMETRIC_REPRESENTATION_CONTEXT() REPRESENTATION_CONTEXT('2D SPACE',''
  ) );
#11856 = PCURVE('',#11751,#11857);
#11857 = DEFINITIONAL_REPRESENTATION('',(#11858),#11862);
#11858 = LINE('',#11859,#11860);
#11859 = CARTESIAN_POINT('',(0.,0.));
#11860 = VECTOR('',#11861,1.);
#11861 = DIRECTION('',(1.,0.));
#11862 = ( GEOMETRIC_REPRESENTATION_CONTEXT(2) 
PARAMETRIC_REPRESENTATION_CONTEXT() REPRESENTATION_CONTEXT('2D SPACE',''
  ) );
#11863 = ORIENTED_EDGE('',*,*,#11864,.T.);
#11864 = EDGE_CURVE('',#11842,#11865,#11867,.T.);
#11865 = VERTEX_POINT('',#11866);
#11866 = CARTESIAN_POINT('',(29.75,17.75,-3.1));
#11867 = SURFACE_CURVE('',#11868,(#11872,#11879),.PCURVE_S1.);
#11868 = LINE('',#11869,#11870);
#11869 = CARTESIAN_POINT('',(29.75,-17.75,-3.1));
#11870 = VECTOR('',#11871,1.);
#11871 = DIRECTION('',(0.,1.,0.));
#11872 = PCURVE('',#11777,#11873);
#11873 = DEFINITIONAL_REPRESENTATION('',(#11874),#11878);
#11874 = LINE('',#11875,#11876);
#11875 = CARTESIAN_POINT('',(0.,0.));
#11876 = VECTOR('',#11877,1.);
#11877 = DIRECTION('',(0.,-1.));
#11878 = ( GEOMETRIC_REPRESENTATION_CONTEXT(2) 
PARAMETRIC_REPRESENTATION_CONTEXT() REPRESENTATION_CONTEXT('2D SPACE',''
  ) );
#11879 = PCURVE('',#11880,#11885);
#11880 = PLANE('',#11881);
#11881 = AXIS2_PLACEMENT_3D('',#11882,#11883,#11884);
#11882 = CARTESIAN_POINT('',(29.75,-17.75,-3.1));
#11883 = DIRECTION('',(0.,0.,1.));
#11884 = DIRECTION('',(1.,0.,0.));
#11885 = DEFINITIONAL_REPRESENTATION('',(#11886),#11890);
#11886 = LINE('',#11887,#11888);
#11887 = CARTESIAN_POINT('',(0.,0.));
#11888 = VECTOR('',#11889,1.);
#11889 = DIRECTION('',(0.,1.));
#11890 = ( GEOMETRIC_REPRESENTATION_CONTEXT(2) 
PARAMETRIC_REPRESENTATION_CONTEXT() REPRESENTATION_CONTEXT('2D SPACE',''
  ) );
#11891 = ORIENTED_EDGE('',*,*,#11892,.T.);
#11892 = EDGE_CURVE('',#11865,#11763,#11893,.T.);
#11893 = SURFACE_CURVE('',#11894,(#11898,#11905),.PCURVE_S1.);
#11894 = LINE('',#11895,#11896);
#11895 = CARTESIAN_POINT('',(29.75,17.75,-3.1));
#11896 = VECTOR('',#11897,1.);
#11897 = DIRECTION('',(0.,0.,1.));
#11898 = PCURVE('',#11777,#11899);
#11899 = DEFINITIONAL_REPRESENTATION('',(#11900),#11904);
#11900 = LINE('',#11901,#11902);
#11901 = CARTESIAN_POINT('',(0.,-35.5));
#11902 = VECTOR('',#11903,1.);
#11903 = DIRECTION('',(1.,0.));
#11904 = ( GEOMETRIC_REPRESENTATION_CONTEXT(2) 
PARAMETRIC_REPRESENTATION_CONTEXT() REPRESENTATION_CONTEXT('2D SPACE',''
  ) );
#11905 = PCURVE('',#11803,#11906);
#11906 = DEFINITIONAL_REPRESENTATION('',(#11907),#11911);
#11907 = LINE('',#11908,#11909);
#11908 = CARTESIAN_POINT('',(0.,0.));
#11909 = VECTOR('',#11910,1.);
#11910 = DIRECTION('',(1.,0.));
#11911 = ( GEOMETRIC_REPRESENTATION_CONTEXT(2) 
PARAMETRIC_REPRESENTATION_CONTEXT() REPRESENTATION_CONTEXT('2D SPACE',''
  ) );
#11912 = ORIENTED_EDGE('',*,*,#11762,.F.);
#11913 = ADVANCED_FACE('',(#11914),#11880,.T.);
#11914 = FACE_BOUND('',#11915,.T.);
#11915 = EDGE_LOOP('',(#11916,#11917,#11940,#11963));
#11916 = ORIENTED_EDGE('',*,*,#11864,.F.);
#11917 = ORIENTED_EDGE('',*,*,#11918,.T.);
#11918 = EDGE_CURVE('',#11842,#11919,#11921,.T.);
#11919 = VERTEX_POINT('',#11920);
#11920 = CARTESIAN_POINT('',(34.25,-17.75,-3.1));
#11921 = SURFACE_CURVE('',#11922,(#11926,#11933),.PCURVE_S1.);
#11922 = LINE('',#11923,#11924);
#11923 = CARTESIAN_POINT('',(29.75,-17.75,-3.1));
#11924 = VECTOR('',#11925,1.);
#11925 = DIRECTION('',(1.,0.,0.));
#11926 = PCURVE('',#11880,#11927);
#11927 = DEFINITIONAL_REPRESENTATION('',(#11928),#11932);
#11928 = LINE('',#11929,#11930);
#11929 = CARTESIAN_POINT('',(0.,0.));
#11930 = VECTOR('',#11931,1.);
#11931 = DIRECTION('',(1.,0.));
#11932 = ( GEOMETRIC_REPRESENTATION_CONTEXT(2) 
PARAMETRIC_REPRESENTATION_CONTEXT() REPRESENTATION_CONTEXT('2D SPACE',''
  ) );
#11933 = PCURVE('',#11751,#11934);
#11934 = DEFINITIONAL_REPRESENTATION('',(#11935),#11939);
#11935 = LINE('',#11936,#11937);
#11936 = CARTESIAN_POINT('',(0.,0.));
#11937 = VECTOR('',#11938,1.);
#11938 = DIRECTION('',(0.,1.));
#11939 = ( GEOMETRIC_REPRESENTATION_CONTEXT(2) 
PARAMETRIC_REPRESENTATION_CONTEXT() REPRESENTATION_CONTEXT('2D SPACE',''
  ) );
#11940 = ORIENTED_EDGE('',*,*,#11941,.T.);
#11941 = EDGE_CURVE('',#11919,#11942,#11944,.T.);
#11942 = VERTEX_POINT('',#11943);
#11943 = CARTESIAN_POINT('',(34.25,17.75,-3.1));
#11944 = SURFACE_CURVE('',#11945,(#11949,#11956),.PCURVE_S1.);
#11945 = LINE('',#11946,#11947);
#11946 = CARTESIAN_POINT('',(34.25,-17.75,-3.1));
#11947 = VECTOR('',#11948,1.);
#11948 = DIRECTION('',(0.,1.,0.));
#11949 = PCURVE('',#11880,#11950);
#11950 = DEFINITIONAL_REPRESENTATION('',(#11951),#11955);
#11951 = LINE('',#11952,#11953);
#11952 = CARTESIAN_POINT('',(4.5,0.));
#11953 = VECTOR('',#11954,1.);
#11954 = DIRECTION('',(0.,1.));
#11955 = ( GEOMETRIC_REPRESENTATION_CONTEXT(2) 
PARAMETRIC_REPRESENTATION_CONTEXT() REPRESENTATION_CONTEXT('2D SPACE',''
  ) );
#11956 = PCURVE('',#11827,#11957);
#11957 = DEFINITIONAL_REPRESENTATION('',(#11958),#11962);
#11958 = LINE('',#11959,#11960);
#11959 = CARTESIAN_POINT('',(0.,0.));
#11960 = VECTOR('',#11961,1.);
#11961 = DIRECTION('',(0.,-1.));
#11962 = ( GEOMETRIC_REPRESENTATION_CONTEXT(2) 
PARAMETRIC_REPRESENTATION_CONTEXT() REPRESENTATION_CONTEXT('2D SPACE',''
  ) );
#11963 = ORIENTED_EDGE('',*,*,#11964,.F.);
#11964 = EDGE_CURVE('',#11865,#11942,#11965,.T.);
#11965 = SURFACE_CURVE('',#11966,(#11970,#11977),.PCURVE_S1.);
#11966 = LINE('',#11967,#11968);
#11967 = CARTESIAN_POINT('',(29.75,17.75,-3.1));
#11968 = VECTOR('',#11969,1.);
#11969 = DIRECTION('',(1.,0.,0.));
#11970 = PCURVE('',#11880,#11971);
#11971 = DEFINITIONAL_REPRESENTATION('',(#11972),#11976);
#11972 = LINE('',#11973,#11974);
#11973 = CARTESIAN_POINT('',(0.,35.5));
#11974 = VECTOR('',#11975,1.);
#11975 = DIRECTION('',(1.,0.));
#11976 = ( GEOMETRIC_REPRESENTATION_CONTEXT(2) 
PARAMETRIC_REPRESENTATION_CONTEXT() REPRESENTATION_CONTEXT('2D SPACE',''
  ) );
#11977 = PCURVE('',#11803,#11978);
#11978 = DEFINITIONAL_REPRESENTATION('',(#11979),#11983);
#11979 = LINE('',#11980,#11981);
#11980 = CARTESIAN_POINT('',(0.,0.));
#11981 = VECTOR('',#11982,1.);
#11982 = DIRECTION('',(0.,1.));
#11983 = ( GEOMETRIC_REPRESENTATION_CONTEXT(2) 
PARAMETRIC_REPRESENTATION_CONTEXT() REPRESENTATION_CONTEXT('2D SPACE',''
  ) );
#11984 = ADVANCED_FACE('',(#11985),#11803,.F.);
#11985 = FACE_BOUND('',#11986,.F.);
#11986 = EDGE_LOOP('',(#11987,#12008,#12009,#12010));
#11987 = ORIENTED_EDGE('',*,*,#11988,.F.);
#11988 = EDGE_CURVE('',#11942,#11789,#11989,.T.);
#11989 = SURFACE_CURVE('',#11990,(#11994,#12001),.PCURVE_S1.);
#11990 = LINE('',#11991,#11992);
#11991 = CARTESIAN_POINT('',(34.25,17.75,-3.1));
#11992 = VECTOR('',#11993,1.);
#11993 = DIRECTION('',(0.,0.,1.));
#11994 = PCURVE('',#11803,#11995);
#11995 = DEFINITIONAL_REPRESENTATION('',(#11996),#12000);
#11996 = LINE('',#11997,#11998);
#11997 = CARTESIAN_POINT('',(0.,4.5));
#11998 = VECTOR('',#11999,1.);
#11999 = DIRECTION('',(1.,0.));
#12000 = ( GEOMETRIC_REPRESENTATION_CONTEXT(2) 
PARAMETRIC_REPRESENTATION_CONTEXT() REPRESENTATION_CONTEXT('2D SPACE',''
  ) );
#12001 = PCURVE('',#11827,#12002);
#12002 = DEFINITIONAL_REPRESENTATION('',(#12003),#12007);
#12003 = LINE('',#12004,#12005);
#12004 = CARTESIAN_POINT('',(0.,-35.5));
#12005 = VECTOR('',#12006,1.);
#12006 = DIRECTION('',(1.,0.));
#12007 = ( GEOMETRIC_REPRESENTATION_CONTEXT(2) 
PARAMETRIC_REPRESENTATION_CONTEXT() REPRESENTATION_CONTEXT('2D SPACE',''
  ) );
#12008 = ORIENTED_EDGE('',*,*,#11964,.F.);
#12009 = ORIENTED_EDGE('',*,*,#11892,.T.);
#12010 = ORIENTED_EDGE('',*,*,#11788,.F.);
#12011 = ADVANCED_FACE('',(#12012),#11827,.F.);
#12012 = FACE_BOUND('',#12013,.F.);
#12013 = EDGE_LOOP('',(#12014,#12035,#12036,#12037));
#12014 = ORIENTED_EDGE('',*,*,#12015,.F.);
#12015 = EDGE_CURVE('',#11919,#11735,#12016,.T.);
#12016 = SURFACE_CURVE('',#12017,(#12021,#12028),.PCURVE_S1.);
#12017 = LINE('',#12018,#12019);
#12018 = CARTESIAN_POINT('',(34.25,-17.75,-3.1));
#12019 = VECTOR('',#12020,1.);
#12020 = DIRECTION('',(0.,0.,1.));
#12021 = PCURVE('',#11827,#12022);
#12022 = DEFINITIONAL_REPRESENTATION('',(#12023),#12027);
#12023 = LINE('',#12024,#12025);
#12024 = CARTESIAN_POINT('',(0.,0.));
#12025 = VECTOR('',#12026,1.);
#12026 = DIRECTION('',(1.,0.));
#12027 = ( GEOMETRIC_REPRESENTATION_CONTEXT(2) 
PARAMETRIC_REPRESENTATION_CONTEXT() REPRESENTATION_CONTEXT('2D SPACE',''
  ) );
#12028 = PCURVE('',#11751,#12029);
#12029 = DEFINITIONAL_REPRESENTATION('',(#12030),#12034);
#12030 = LINE('',#12031,#12032);
#12031 = CARTESIAN_POINT('',(0.,4.5));
#12032 = VECTOR('',#12033,1.);
#12033 = DIRECTION('',(1.,0.));
#12034 = ( GEOMETRIC_REPRESENTATION_CONTEXT(2) 
PARAMETRIC_REPRESENTATION_CONTEXT() REPRESENTATION_CONTEXT('2D SPACE',''
  ) );
#12035 = ORIENTED_EDGE('',*,*,#11941,.T.);
#12036 = ORIENTED_EDGE('',*,*,#11988,.T.);
#12037 = ORIENTED_EDGE('',*,*,#11814,.F.);
#12038 = ADVANCED_FACE('',(#12039),#11751,.T.);
#12039 = FACE_BOUND('',#12040,.T.);
#12040 = EDGE_LOOP('',(#12041,#12042,#12043,#12044));
#12041 = ORIENTED_EDGE('',*,*,#12015,.F.);
#12042 = ORIENTED_EDGE('',*,*,#11918,.F.);
#12043 = ORIENTED_EDGE('',*,*,#11841,.T.);
#12044 = ORIENTED_EDGE('',*,*,#11734,.F.);
#12045 = ADVANCED_FACE('',(#12046),#11550,.T.);
#12046 = FACE_BOUND('',#12047,.T.);
#12047 = EDGE_LOOP('',(#12048,#12049,#12050,#12071));
#12048 = ORIENTED_EDGE('',*,*,#11612,.F.);
#12049 = ORIENTED_EDGE('',*,*,#11535,.T.);
#12050 = ORIENTED_EDGE('',*,*,#12051,.T.);
#12051 = EDGE_CURVE('',#11510,#11667,#12052,.T.);
#12052 = SURFACE_CURVE('',#12053,(#12057,#12064),.PCURVE_S1.);
#12053 = LINE('',#12054,#12055);
#12054 = CARTESIAN_POINT('',(28.5,19.,-4.));
#12055 = VECTOR('',#12056,1.);
#12056 = DIRECTION('',(0.,0.,1.));
#12057 = PCURVE('',#11550,#12058);
#12058 = DEFINITIONAL_REPRESENTATION('',(#12059),#12063);
#12059 = LINE('',#12060,#12061);
#12060 = CARTESIAN_POINT('',(0.,0.));
#12061 = VECTOR('',#12062,1.);
#12062 = DIRECTION('',(1.,0.));
#12063 = ( GEOMETRIC_REPRESENTATION_CONTEXT(2) 
PARAMETRIC_REPRESENTATION_CONTEXT() REPRESENTATION_CONTEXT('2D SPACE',''
  ) );
#12064 = PCURVE('',#11524,#12065);
#12065 = DEFINITIONAL_REPRESENTATION('',(#12066),#12070);
#12066 = LINE('',#12067,#12068);
#12067 = CARTESIAN_POINT('',(0.,-38.));
#12068 = VECTOR('',#12069,1.);
#12069 = DIRECTION('',(1.,0.));
#12070 = ( GEOMETRIC_REPRESENTATION_CONTEXT(2) 
PARAMETRIC_REPRESENTATION_CONTEXT() REPRESENTATION_CONTEXT('2D SPACE',''
  ) );
#12071 = ORIENTED_EDGE('',*,*,#11711,.T.);
#12072 = ADVANCED_FACE('',(#12073),#11524,.F.);
#12073 = FACE_BOUND('',#12074,.F.);
#12074 = EDGE_LOOP('',(#12075,#12096,#12097,#12098));
#12075 = ORIENTED_EDGE('',*,*,#12076,.F.);
#12076 = EDGE_CURVE('',#11484,#11665,#12077,.T.);
#12077 = SURFACE_CURVE('',#12078,(#12082,#12089),.PCURVE_S1.);
#12078 = LINE('',#12079,#12080);
#12079 = CARTESIAN_POINT('',(28.5,-19.,-4.));
#12080 = VECTOR('',#12081,1.);
#12081 = DIRECTION('',(0.,0.,1.));
#12082 = PCURVE('',#11524,#12083);
#12083 = DEFINITIONAL_REPRESENTATION('',(#12084),#12088);
#12084 = LINE('',#12085,#12086);
#12085 = CARTESIAN_POINT('',(0.,0.));
#12086 = VECTOR('',#12087,1.);
#12087 = DIRECTION('',(1.,0.));
#12088 = ( GEOMETRIC_REPRESENTATION_CONTEXT(2) 
PARAMETRIC_REPRESENTATION_CONTEXT() REPRESENTATION_CONTEXT('2D SPACE',''
  ) );
#12089 = PCURVE('',#11498,#12090);
#12090 = DEFINITIONAL_REPRESENTATION('',(#12091),#12095);
#12091 = LINE('',#12092,#12093);
#12092 = CARTESIAN_POINT('',(0.,0.));
#12093 = VECTOR('',#12094,1.);
#12094 = DIRECTION('',(1.,0.));
#12095 = ( GEOMETRIC_REPRESENTATION_CONTEXT(2) 
PARAMETRIC_REPRESENTATION_CONTEXT() REPRESENTATION_CONTEXT('2D SPACE',''
  ) );
#12096 = ORIENTED_EDGE('',*,*,#11509,.T.);
#12097 = ORIENTED_EDGE('',*,*,#12051,.T.);
#12098 = ORIENTED_EDGE('',*,*,#11664,.F.);
#12099 = ADVANCED_FACE('',(#12100),#11498,.F.);
#12100 = FACE_BOUND('',#12101,.F.);
#12101 = EDGE_LOOP('',(#12102,#12103,#12104,#12105));
#12102 = ORIENTED_EDGE('',*,*,#11588,.F.);
#12103 = ORIENTED_EDGE('',*,*,#11481,.T.);
#12104 = ORIENTED_EDGE('',*,*,#12076,.T.);
#12105 = ORIENTED_EDGE('',*,*,#11689,.T.);
#12106 = ADVANCED_FACE('',(#12107),#11468,.T.);
#12107 = FACE_BOUND('',#12108,.T.);
#12108 = EDGE_LOOP('',(#12109,#12132,#12133,#12156));
#12109 = ORIENTED_EDGE('',*,*,#12110,.F.);
#12110 = EDGE_CURVE('',#11376,#12111,#12113,.T.);
#12111 = VERTEX_POINT('',#12112);
#12112 = CARTESIAN_POINT('',(-28.5,-19.,-1.));
#12113 = SURFACE_CURVE('',#12114,(#12118,#12125),.PCURVE_S1.);
#12114 = LINE('',#12115,#12116);
#12115 = CARTESIAN_POINT('',(-28.5,-19.,-4.));
#12116 = VECTOR('',#12117,1.);
#12117 = DIRECTION('',(0.,0.,1.));
#12118 = PCURVE('',#11468,#12119);
#12119 = DEFINITIONAL_REPRESENTATION('',(#12120),#12124);
#12120 = LINE('',#12121,#12122);
#12121 = CARTESIAN_POINT('',(0.,0.));
#12122 = VECTOR('',#12123,1.);
#12123 = DIRECTION('',(1.,0.));
#12124 = ( GEOMETRIC_REPRESENTATION_CONTEXT(2) 
PARAMETRIC_REPRESENTATION_CONTEXT() REPRESENTATION_CONTEXT('2D SPACE',''
  ) );
#12125 = PCURVE('',#11392,#12126);
#12126 = DEFINITIONAL_REPRESENTATION('',(#12127),#12131);
#12127 = LINE('',#12128,#12129);
#12128 = CARTESIAN_POINT('',(0.,7.));
#12129 = VECTOR('',#12130,1.);
#12130 = DIRECTION('',(1.,0.));
#12131 = ( GEOMETRIC_REPRESENTATION_CONTEXT(2) 
PARAMETRIC_REPRESENTATION_CONTEXT() REPRESENTATION_CONTEXT('2D SPACE',''
  ) );
#12132 = ORIENTED_EDGE('',*,*,#11455,.T.);
#12133 = ORIENTED_EDGE('',*,*,#12134,.T.);
#12134 = EDGE_CURVE('',#11430,#12135,#12137,.T.);
#12135 = VERTEX_POINT('',#12136);
#12136 = CARTESIAN_POINT('',(-28.5,19.,-1.));
#12137 = SURFACE_CURVE('',#12138,(#12142,#12149),.PCURVE_S1.);
#12138 = LINE('',#12139,#12140);
#12139 = CARTESIAN_POINT('',(-28.5,19.,-4.));
#12140 = VECTOR('',#12141,1.);
#12141 = DIRECTION('',(0.,0.,1.));
#12142 = PCURVE('',#11468,#12143);
#12143 = DEFINITIONAL_REPRESENTATION('',(#12144),#12148);
#12144 = LINE('',#12145,#12146);
#12145 = CARTESIAN_POINT('',(0.,-38.));
#12146 = VECTOR('',#12147,1.);
#12147 = DIRECTION('',(1.,0.));
#12148 = ( GEOMETRIC_REPRESENTATION_CONTEXT(2) 
PARAMETRIC_REPRESENTATION_CONTEXT() REPRESENTATION_CONTEXT('2D SPACE',''
  ) );
#12149 = PCURVE('',#11444,#12150);
#12150 = DEFINITIONAL_REPRESENTATION('',(#12151),#12155);
#12151 = LINE('',#12152,#12153);
#12152 = CARTESIAN_POINT('',(0.,7.));
#12153 = VECTOR('',#12154,1.);
#12154 = DIRECTION('',(1.,0.));
#12155 = ( GEOMETRIC_REPRESENTATION_CONTEXT(2) 
PARAMETRIC_REPRESENTATION_CONTEXT() REPRESENTATION_CONTEXT('2D SPACE',''
  ) );
#12156 = ORIENTED_EDGE('',*,*,#12157,.F.);
#12157 = EDGE_CURVE('',#12111,#12135,#12158,.T.);
#12158 = SURFACE_CURVE('',#12159,(#12163,#12170),.PCURVE_S1.);
#12159 = LINE('',#12160,#12161);
#12160 = CARTESIAN_POINT('',(-28.5,-19.,-1.));
#12161 = VECTOR('',#12162,1.);
#12162 = DIRECTION('',(0.,1.,0.));
#12163 = PCURVE('',#11468,#12164);
#12164 = DEFINITIONAL_REPRESENTATION('',(#12165),#12169);
#12165 = LINE('',#12166,#12167);
#12166 = CARTESIAN_POINT('',(3.,0.));
#12167 = VECTOR('',#12168,1.);
#12168 = DIRECTION('',(0.,-1.));
#12169 = ( GEOMETRIC_REPRESENTATION_CONTEXT(2) 
PARAMETRIC_REPRESENTATION_CONTEXT() REPRESENTATION_CONTEXT('2D SPACE',''
  ) );
#12170 = PCURVE('',#12171,#12176);
#12171 = PLANE('',#12172);
#12172 = AXIS2_PLACEMENT_3D('',#12173,#12174,#12175);
#12173 = CARTESIAN_POINT('',(-35.5,-19.,-1.));
#12174 = DIRECTION('',(0.,0.,1.));
#12175 = DIRECTION('',(1.,0.,0.));
#12176 = DEFINITIONAL_REPRESENTATION('',(#12177),#12181);
#12177 = LINE('',#12178,#12179);
#12178 = CARTESIAN_POINT('',(7.,0.));
#12179 = VECTOR('',#12180,1.);
#12180 = DIRECTION('',(0.,1.));
#12181 = ( GEOMETRIC_REPRESENTATION_CONTEXT(2) 
PARAMETRIC_REPRESENTATION_CONTEXT() REPRESENTATION_CONTEXT('2D SPACE',''
  ) );
#12182 = ADVANCED_FACE('',(#12183,#12253),#12171,.T.);
#12183 = FACE_BOUND('',#12184,.T.);
#12184 = EDGE_LOOP('',(#12185,#12210,#12231,#12232));
#12185 = ORIENTED_EDGE('',*,*,#12186,.F.);
#12186 = EDGE_CURVE('',#12187,#12189,#12191,.T.);
#12187 = VERTEX_POINT('',#12188);
#12188 = CARTESIAN_POINT('',(-35.5,-19.,-1.));
#12189 = VERTEX_POINT('',#12190);
#12190 = CARTESIAN_POINT('',(-35.5,19.,-1.));
#12191 = SURFACE_CURVE('',#12192,(#12196,#12203),.PCURVE_S1.);
#12192 = LINE('',#12193,#12194);
#12193 = CARTESIAN_POINT('',(-35.5,-19.,-1.));
#12194 = VECTOR('',#12195,1.);
#12195 = DIRECTION('',(0.,1.,0.));
#12196 = PCURVE('',#12171,#12197);
#12197 = DEFINITIONAL_REPRESENTATION('',(#12198),#12202);
#12198 = LINE('',#12199,#12200);
#12199 = CARTESIAN_POINT('',(0.,0.));
#12200 = VECTOR('',#12201,1.);
#12201 = DIRECTION('',(0.,1.));
#12202 = ( GEOMETRIC_REPRESENTATION_CONTEXT(2) 
PARAMETRIC_REPRESENTATION_CONTEXT() REPRESENTATION_CONTEXT('2D SPACE',''
  ) );
#12203 = PCURVE('',#11418,#12204);
#12204 = DEFINITIONAL_REPRESENTATION('',(#12205),#12209);
#12205 = LINE('',#12206,#12207);
#12206 = CARTESIAN_POINT('',(3.,0.));
#12207 = VECTOR('',#12208,1.);
#12208 = DIRECTION('',(0.,-1.));
#12209 = ( GEOMETRIC_REPRESENTATION_CONTEXT(2) 
PARAMETRIC_REPRESENTATION_CONTEXT() REPRESENTATION_CONTEXT('2D SPACE',''
  ) );
#12210 = ORIENTED_EDGE('',*,*,#12211,.T.);
#12211 = EDGE_CURVE('',#12187,#12111,#12212,.T.);
#12212 = SURFACE_CURVE('',#12213,(#12217,#12224),.PCURVE_S1.);
#12213 = LINE('',#12214,#12215);
#12214 = CARTESIAN_POINT('',(-35.5,-19.,-1.));
#12215 = VECTOR('',#12216,1.);
#12216 = DIRECTION('',(1.,0.,0.));
#12217 = PCURVE('',#12171,#12218);
#12218 = DEFINITIONAL_REPRESENTATION('',(#12219),#12223);
#12219 = LINE('',#12220,#12221);
#12220 = CARTESIAN_POINT('',(0.,0.));
#12221 = VECTOR('',#12222,1.);
#12222 = DIRECTION('',(1.,0.));
#12223 = ( GEOMETRIC_REPRESENTATION_CONTEXT(2) 
PARAMETRIC_REPRESENTATION_CONTEXT() REPRESENTATION_CONTEXT('2D SPACE',''
  ) );
#12224 = PCURVE('',#11392,#12225);
#12225 = DEFINITIONAL_REPRESENTATION('',(#12226),#12230);
#12226 = LINE('',#12227,#12228);
#12227 = CARTESIAN_POINT('',(3.,0.));
#12228 = VECTOR('',#12229,1.);
#12229 = DIRECTION('',(0.,1.));
#12230 = ( GEOMETRIC_REPRESENTATION_CONTEXT(2) 
PARAMETRIC_REPRESENTATION_CONTEXT() REPRESENTATION_CONTEXT('2D SPACE',''
  ) );
#12231 = ORIENTED_EDGE('',*,*,#12157,.T.);
#12232 = ORIENTED_EDGE('',*,*,#12233,.F.);
#12233 = EDGE_CURVE('',#12189,#12135,#12234,.T.);
#12234 = SURFACE_CURVE('',#12235,(#12239,#12246),.PCURVE_S1.);
#12235 = LINE('',#12236,#12237);
#12236 = CARTESIAN_POINT('',(-35.5,19.,-1.));
#12237 = VECTOR('',#12238,1.);
#12238 = DIRECTION('',(1.,0.,0.));
#12239 = PCURVE('',#12171,#12240);
#12240 = DEFINITIONAL_REPRESENTATION('',(#12241),#12245);
#12241 = LINE('',#12242,#12243);
#12242 = CARTESIAN_POINT('',(0.,38.));
#12243 = VECTOR('',#12244,1.);
#12244 = DIRECTION('',(1.,0.));
#12245 = ( GEOMETRIC_REPRESENTATION_CONTEXT(2) 
PARAMETRIC_REPRESENTATION_CONTEXT() REPRESENTATION_CONTEXT('2D SPACE',''
  ) );
#12246 = PCURVE('',#11444,#12247);
#12247 = DEFINITIONAL_REPRESENTATION('',(#12248),#12252);
#12248 = LINE('',#12249,#12250);
#12249 = CARTESIAN_POINT('',(3.,0.));
#12250 = VECTOR('',#12251,1.);
#12251 = DIRECTION('',(0.,1.));
#12252 = ( GEOMETRIC_REPRESENTATION_CONTEXT(2) 
PARAMETRIC_REPRESENTATION_CONTEXT() REPRESENTATION_CONTEXT('2D SPACE',''
  ) );
#12253 = FACE_BOUND('',#12254,.T.);
#12254 = EDGE_LOOP('',(#12255,#12283,#12309,#12335));
#12255 = ORIENTED_EDGE('',*,*,#12256,.T.);
#12256 = EDGE_CURVE('',#12257,#12259,#12261,.T.);
#12257 = VERTEX_POINT('',#12258);
#12258 = CARTESIAN_POINT('',(-29.75,-17.75,-1.));
#12259 = VERTEX_POINT('',#12260);
#12260 = CARTESIAN_POINT('',(-34.25,-17.75,-1.));
#12261 = SURFACE_CURVE('',#12262,(#12266,#12272),.PCURVE_S1.);
#12262 = LINE('',#12263,#12264);
#12263 = CARTESIAN_POINT('',(-34.875,-17.75,-1.));
#12264 = VECTOR('',#12265,1.);
#12265 = DIRECTION('',(-1.,0.,0.));
#12266 = PCURVE('',#12171,#12267);
#12267 = DEFINITIONAL_REPRESENTATION('',(#12268),#12271);
#12268 = B_SPLINE_CURVE_WITH_KNOTS('',1,(#12269,#12270),.UNSPECIFIED.,
  .F.,.F.,(2,2),(-5.125,-0.625),.PIECEWISE_BEZIER_KNOTS.);
#12269 = CARTESIAN_POINT('',(5.75,1.25));
#12270 = CARTESIAN_POINT('',(1.25,1.25));
#12271 = ( GEOMETRIC_REPRESENTATION_CONTEXT(2) 
PARAMETRIC_REPRESENTATION_CONTEXT() REPRESENTATION_CONTEXT('2D SPACE',''
  ) );
#12272 = PCURVE('',#12273,#12278);
#12273 = PLANE('',#12274);
#12274 = AXIS2_PLACEMENT_3D('',#12275,#12276,#12277);
#12275 = CARTESIAN_POINT('',(-34.25,-17.75,-3.1));
#12276 = DIRECTION('',(0.,1.,0.));
#12277 = DIRECTION('',(0.,0.,1.));
#12278 = DEFINITIONAL_REPRESENTATION('',(#12279),#12282);
#12279 = B_SPLINE_CURVE_WITH_KNOTS('',1,(#12280,#12281),.UNSPECIFIED.,
  .F.,.F.,(2,2),(-5.125,-0.625),.PIECEWISE_BEZIER_KNOTS.);
#12280 = CARTESIAN_POINT('',(2.1,4.5));
#12281 = CARTESIAN_POINT('',(2.1,0.));
#12282 = ( GEOMETRIC_REPRESENTATION_CONTEXT(2) 
PARAMETRIC_REPRESENTATION_CONTEXT() REPRESENTATION_CONTEXT('2D SPACE',''
  ) );
#12283 = ORIENTED_EDGE('',*,*,#12284,.T.);
#12284 = EDGE_CURVE('',#12259,#12285,#12287,.T.);
#12285 = VERTEX_POINT('',#12286);
#12286 = CARTESIAN_POINT('',(-34.25,17.75,-1.));
#12287 = SURFACE_CURVE('',#12288,(#12292,#12298),.PCURVE_S1.);
#12288 = LINE('',#12289,#12290);
#12289 = CARTESIAN_POINT('',(-34.25,-18.375,-1.));
#12290 = VECTOR('',#12291,1.);
#12291 = DIRECTION('',(0.,1.,0.));
#12292 = PCURVE('',#12171,#12293);
#12293 = DEFINITIONAL_REPRESENTATION('',(#12294),#12297);
#12294 = B_SPLINE_CURVE_WITH_KNOTS('',1,(#12295,#12296),.UNSPECIFIED.,
  .F.,.F.,(2,2),(0.625,36.125),.PIECEWISE_BEZIER_KNOTS.);
#12295 = CARTESIAN_POINT('',(1.25,1.25));
#12296 = CARTESIAN_POINT('',(1.25,36.75));
#12297 = ( GEOMETRIC_REPRESENTATION_CONTEXT(2) 
PARAMETRIC_REPRESENTATION_CONTEXT() REPRESENTATION_CONTEXT('2D SPACE',''
  ) );
#12298 = PCURVE('',#12299,#12304);
#12299 = PLANE('',#12300);
#12300 = AXIS2_PLACEMENT_3D('',#12301,#12302,#12303);
#12301 = CARTESIAN_POINT('',(-34.25,-17.75,-3.1));
#12302 = DIRECTION('',(1.,0.,0.));
#12303 = DIRECTION('',(0.,0.,1.));
#12304 = DEFINITIONAL_REPRESENTATION('',(#12305),#12308);
#12305 = B_SPLINE_CURVE_WITH_KNOTS('',1,(#12306,#12307),.UNSPECIFIED.,
  .F.,.F.,(2,2),(0.625,36.125),.PIECEWISE_BEZIER_KNOTS.);
#12306 = CARTESIAN_POINT('',(2.1,0.));
#12307 = CARTESIAN_POINT('',(2.1,-35.5));
#12308 = ( GEOMETRIC_REPRESENTATION_CONTEXT(2) 
PARAMETRIC_REPRESENTATION_CONTEXT() REPRESENTATION_CONTEXT('2D SPACE',''
  ) );
#12309 = ORIENTED_EDGE('',*,*,#12310,.F.);
#12310 = EDGE_CURVE('',#12311,#12285,#12313,.T.);
#12311 = VERTEX_POINT('',#12312);
#12312 = CARTESIAN_POINT('',(-29.75,17.75,-1.));
#12313 = SURFACE_CURVE('',#12314,(#12318,#12324),.PCURVE_S1.);
#12314 = LINE('',#12315,#12316);
#12315 = CARTESIAN_POINT('',(-34.875,17.75,-1.));
#12316 = VECTOR('',#12317,1.);
#12317 = DIRECTION('',(-1.,0.,0.));
#12318 = PCURVE('',#12171,#12319);
#12319 = DEFINITIONAL_REPRESENTATION('',(#12320),#12323);
#12320 = B_SPLINE_CURVE_WITH_KNOTS('',1,(#12321,#12322),.UNSPECIFIED.,
  .F.,.F.,(2,2),(-5.125,-0.625),.PIECEWISE_BEZIER_KNOTS.);
#12321 = CARTESIAN_POINT('',(5.75,36.75));
#12322 = CARTESIAN_POINT('',(1.25,36.75));
#12323 = ( GEOMETRIC_REPRESENTATION_CONTEXT(2) 
PARAMETRIC_REPRESENTATION_CONTEXT() REPRESENTATION_CONTEXT('2D SPACE',''
  ) );
#12324 = PCURVE('',#12325,#12330);
#12325 = PLANE('',#12326);
#12326 = AXIS2_PLACEMENT_3D('',#12327,#12328,#12329);
#12327 = CARTESIAN_POINT('',(-34.25,17.75,-3.1));
#12328 = DIRECTION('',(0.,1.,0.));
#12329 = DIRECTION('',(0.,0.,1.));
#12330 = DEFINITIONAL_REPRESENTATION('',(#12331),#12334);
#12331 = B_SPLINE_CURVE_WITH_KNOTS('',1,(#12332,#12333),.UNSPECIFIED.,
  .F.,.F.,(2,2),(-5.125,-0.625),.PIECEWISE_BEZIER_KNOTS.);
#12332 = CARTESIAN_POINT('',(2.1,4.5));
#12333 = CARTESIAN_POINT('',(2.1,0.));
#12334 = ( GEOMETRIC_REPRESENTATION_CONTEXT(2) 
PARAMETRIC_REPRESENTATION_CONTEXT() REPRESENTATION_CONTEXT('2D SPACE',''
  ) );
#12335 = ORIENTED_EDGE('',*,*,#12336,.F.);
#12336 = EDGE_CURVE('',#12257,#12311,#12337,.T.);
#12337 = SURFACE_CURVE('',#12338,(#12342,#12348),.PCURVE_S1.);
#12338 = LINE('',#12339,#12340);
#12339 = CARTESIAN_POINT('',(-29.75,-18.375,-1.));
#12340 = VECTOR('',#12341,1.);
#12341 = DIRECTION('',(0.,1.,0.));
#12342 = PCURVE('',#12171,#12343);
#12343 = DEFINITIONAL_REPRESENTATION('',(#12344),#12347);
#12344 = B_SPLINE_CURVE_WITH_KNOTS('',1,(#12345,#12346),.UNSPECIFIED.,
  .F.,.F.,(2,2),(0.625,36.125),.PIECEWISE_BEZIER_KNOTS.);
#12345 = CARTESIAN_POINT('',(5.75,1.25));
#12346 = CARTESIAN_POINT('',(5.75,36.75));
#12347 = ( GEOMETRIC_REPRESENTATION_CONTEXT(2) 
PARAMETRIC_REPRESENTATION_CONTEXT() REPRESENTATION_CONTEXT('2D SPACE',''
  ) );
#12348 = PCURVE('',#12349,#12354);
#12349 = PLANE('',#12350);
#12350 = AXIS2_PLACEMENT_3D('',#12351,#12352,#12353);
#12351 = CARTESIAN_POINT('',(-29.75,-17.75,-3.1));
#12352 = DIRECTION('',(1.,0.,0.));
#12353 = DIRECTION('',(0.,0.,1.));
#12354 = DEFINITIONAL_REPRESENTATION('',(#12355),#12358);
#12355 = B_SPLINE_CURVE_WITH_KNOTS('',1,(#12356,#12357),.UNSPECIFIED.,
  .F.,.F.,(2,2),(0.625,36.125),.PIECEWISE_BEZIER_KNOTS.);
#12356 = CARTESIAN_POINT('',(2.1,0.));
#12357 = CARTESIAN_POINT('',(2.1,-35.5));
#12358 = ( GEOMETRIC_REPRESENTATION_CONTEXT(2) 
PARAMETRIC_REPRESENTATION_CONTEXT() REPRESENTATION_CONTEXT('2D SPACE',''
  ) );
#12359 = ADVANCED_FACE('',(#12360),#12299,.T.);
#12360 = FACE_BOUND('',#12361,.T.);
#12361 = EDGE_LOOP('',(#12362,#12385,#12413,#12434));
#12362 = ORIENTED_EDGE('',*,*,#12363,.F.);
#12363 = EDGE_CURVE('',#12364,#12259,#12366,.T.);
#12364 = VERTEX_POINT('',#12365);
#12365 = CARTESIAN_POINT('',(-34.25,-17.75,-3.1));
#12366 = SURFACE_CURVE('',#12367,(#12371,#12378),.PCURVE_S1.);
#12367 = LINE('',#12368,#12369);
#12368 = CARTESIAN_POINT('',(-34.25,-17.75,-3.1));
#12369 = VECTOR('',#12370,1.);
#12370 = DIRECTION('',(0.,0.,1.));
#12371 = PCURVE('',#12299,#12372);
#12372 = DEFINITIONAL_REPRESENTATION('',(#12373),#12377);
#12373 = LINE('',#12374,#12375);
#12374 = CARTESIAN_POINT('',(0.,0.));
#12375 = VECTOR('',#12376,1.);
#12376 = DIRECTION('',(1.,0.));
#12377 = ( GEOMETRIC_REPRESENTATION_CONTEXT(2) 
PARAMETRIC_REPRESENTATION_CONTEXT() REPRESENTATION_CONTEXT('2D SPACE',''
  ) );
#12378 = PCURVE('',#12273,#12379);
#12379 = DEFINITIONAL_REPRESENTATION('',(#12380),#12384);
#12380 = LINE('',#12381,#12382);
#12381 = CARTESIAN_POINT('',(0.,0.));
#12382 = VECTOR('',#12383,1.);
#12383 = DIRECTION('',(1.,0.));
#12384 = ( GEOMETRIC_REPRESENTATION_CONTEXT(2) 
PARAMETRIC_REPRESENTATION_CONTEXT() REPRESENTATION_CONTEXT('2D SPACE',''
  ) );
#12385 = ORIENTED_EDGE('',*,*,#12386,.T.);
#12386 = EDGE_CURVE('',#12364,#12387,#12389,.T.);
#12387 = VERTEX_POINT('',#12388);
#12388 = CARTESIAN_POINT('',(-34.25,17.75,-3.1));
#12389 = SURFACE_CURVE('',#12390,(#12394,#12401),.PCURVE_S1.);
#12390 = LINE('',#12391,#12392);
#12391 = CARTESIAN_POINT('',(-34.25,-17.75,-3.1));
#12392 = VECTOR('',#12393,1.);
#12393 = DIRECTION('',(0.,1.,0.));
#12394 = PCURVE('',#12299,#12395);
#12395 = DEFINITIONAL_REPRESENTATION('',(#12396),#12400);
#12396 = LINE('',#12397,#12398);
#12397 = CARTESIAN_POINT('',(0.,0.));
#12398 = VECTOR('',#12399,1.);
#12399 = DIRECTION('',(0.,-1.));
#12400 = ( GEOMETRIC_REPRESENTATION_CONTEXT(2) 
PARAMETRIC_REPRESENTATION_CONTEXT() REPRESENTATION_CONTEXT('2D SPACE',''
  ) );
#12401 = PCURVE('',#12402,#12407);
#12402 = PLANE('',#12403);
#12403 = AXIS2_PLACEMENT_3D('',#12404,#12405,#12406);
#12404 = CARTESIAN_POINT('',(-34.25,-17.75,-3.1));
#12405 = DIRECTION('',(0.,0.,1.));
#12406 = DIRECTION('',(1.,0.,0.));
#12407 = DEFINITIONAL_REPRESENTATION('',(#12408),#12412);
#12408 = LINE('',#12409,#12410);
#12409 = CARTESIAN_POINT('',(0.,0.));
#12410 = VECTOR('',#12411,1.);
#12411 = DIRECTION('',(0.,1.));
#12412 = ( GEOMETRIC_REPRESENTATION_CONTEXT(2) 
PARAMETRIC_REPRESENTATION_CONTEXT() REPRESENTATION_CONTEXT('2D SPACE',''
  ) );
#12413 = ORIENTED_EDGE('',*,*,#12414,.T.);
#12414 = EDGE_CURVE('',#12387,#12285,#12415,.T.);
#12415 = SURFACE_CURVE('',#12416,(#12420,#12427),.PCURVE_S1.);
#12416 = LINE('',#12417,#12418);
#12417 = CARTESIAN_POINT('',(-34.25,17.75,-3.1));
#12418 = VECTOR('',#12419,1.);
#12419 = DIRECTION('',(0.,0.,1.));
#12420 = PCURVE('',#12299,#12421);
#12421 = DEFINITIONAL_REPRESENTATION('',(#12422),#12426);
#12422 = LINE('',#12423,#12424);
#12423 = CARTESIAN_POINT('',(0.,-35.5));
#12424 = VECTOR('',#12425,1.);
#12425 = DIRECTION('',(1.,0.));
#12426 = ( GEOMETRIC_REPRESENTATION_CONTEXT(2) 
PARAMETRIC_REPRESENTATION_CONTEXT() REPRESENTATION_CONTEXT('2D SPACE',''
  ) );
#12427 = PCURVE('',#12325,#12428);
#12428 = DEFINITIONAL_REPRESENTATION('',(#12429),#12433);
#12429 = LINE('',#12430,#12431);
#12430 = CARTESIAN_POINT('',(0.,0.));
#12431 = VECTOR('',#12432,1.);
#12432 = DIRECTION('',(1.,0.));
#12433 = ( GEOMETRIC_REPRESENTATION_CONTEXT(2) 
PARAMETRIC_REPRESENTATION_CONTEXT() REPRESENTATION_CONTEXT('2D SPACE',''
  ) );
#12434 = ORIENTED_EDGE('',*,*,#12284,.F.);
#12435 = ADVANCED_FACE('',(#12436),#12402,.T.);
#12436 = FACE_BOUND('',#12437,.T.);
#12437 = EDGE_LOOP('',(#12438,#12439,#12462,#12485));
#12438 = ORIENTED_EDGE('',*,*,#12386,.F.);
#12439 = ORIENTED_EDGE('',*,*,#12440,.T.);
#12440 = EDGE_CURVE('',#12364,#12441,#12443,.T.);
#12441 = VERTEX_POINT('',#12442);
#12442 = CARTESIAN_POINT('',(-29.75,-17.75,-3.1));
#12443 = SURFACE_CURVE('',#12444,(#12448,#12455),.PCURVE_S1.);
#12444 = LINE('',#12445,#12446);
#12445 = CARTESIAN_POINT('',(-34.25,-17.75,-3.1));
#12446 = VECTOR('',#12447,1.);
#12447 = DIRECTION('',(1.,0.,0.));
#12448 = PCURVE('',#12402,#12449);
#12449 = DEFINITIONAL_REPRESENTATION('',(#12450),#12454);
#12450 = LINE('',#12451,#12452);
#12451 = CARTESIAN_POINT('',(0.,0.));
#12452 = VECTOR('',#12453,1.);
#12453 = DIRECTION('',(1.,0.));
#12454 = ( GEOMETRIC_REPRESENTATION_CONTEXT(2) 
PARAMETRIC_REPRESENTATION_CONTEXT() REPRESENTATION_CONTEXT('2D SPACE',''
  ) );
#12455 = PCURVE('',#12273,#12456);
#12456 = DEFINITIONAL_REPRESENTATION('',(#12457),#12461);
#12457 = LINE('',#12458,#12459);
#12458 = CARTESIAN_POINT('',(0.,0.));
#12459 = VECTOR('',#12460,1.);
#12460 = DIRECTION('',(0.,1.));
#12461 = ( GEOMETRIC_REPRESENTATION_CONTEXT(2) 
PARAMETRIC_REPRESENTATION_CONTEXT() REPRESENTATION_CONTEXT('2D SPACE',''
  ) );
#12462 = ORIENTED_EDGE('',*,*,#12463,.T.);
#12463 = EDGE_CURVE('',#12441,#12464,#12466,.T.);
#12464 = VERTEX_POINT('',#12465);
#12465 = CARTESIAN_POINT('',(-29.75,17.75,-3.1));
#12466 = SURFACE_CURVE('',#12467,(#12471,#12478),.PCURVE_S1.);
#12467 = LINE('',#12468,#12469);
#12468 = CARTESIAN_POINT('',(-29.75,-17.75,-3.1));
#12469 = VECTOR('',#12470,1.);
#12470 = DIRECTION('',(0.,1.,0.));
#12471 = PCURVE('',#12402,#12472);
#12472 = DEFINITIONAL_REPRESENTATION('',(#12473),#12477);
#12473 = LINE('',#12474,#12475);
#12474 = CARTESIAN_POINT('',(4.5,0.));
#12475 = VECTOR('',#12476,1.);
#12476 = DIRECTION('',(0.,1.));
#12477 = ( GEOMETRIC_REPRESENTATION_CONTEXT(2) 
PARAMETRIC_REPRESENTATION_CONTEXT() REPRESENTATION_CONTEXT('2D SPACE',''
  ) );
#12478 = PCURVE('',#12349,#12479);
#12479 = DEFINITIONAL_REPRESENTATION('',(#12480),#12484);
#12480 = LINE('',#12481,#12482);
#12481 = CARTESIAN_POINT('',(0.,0.));
#12482 = VECTOR('',#12483,1.);
#12483 = DIRECTION('',(0.,-1.));
#12484 = ( GEOMETRIC_REPRESENTATION_CONTEXT(2) 
PARAMETRIC_REPRESENTATION_CONTEXT() REPRESENTATION_CONTEXT('2D SPACE',''
  ) );
#12485 = ORIENTED_EDGE('',*,*,#12486,.F.);
#12486 = EDGE_CURVE('',#12387,#12464,#12487,.T.);
#12487 = SURFACE_CURVE('',#12488,(#12492,#12499),.PCURVE_S1.);
#12488 = LINE('',#12489,#12490);
#12489 = CARTESIAN_POINT('',(-34.25,17.75,-3.1));
#12490 = VECTOR('',#12491,1.);
#12491 = DIRECTION('',(1.,0.,0.));
#12492 = PCURVE('',#12402,#12493);
#12493 = DEFINITIONAL_REPRESENTATION('',(#12494),#12498);
#12494 = LINE('',#12495,#12496);
#12495 = CARTESIAN_POINT('',(0.,35.5));
#12496 = VECTOR('',#12497,1.);
#12497 = DIRECTION('',(1.,0.));
#12498 = ( GEOMETRIC_REPRESENTATION_CONTEXT(2) 
PARAMETRIC_REPRESENTATION_CONTEXT() REPRESENTATION_CONTEXT('2D SPACE',''
  ) );
#12499 = PCURVE('',#12325,#12500);
#12500 = DEFINITIONAL_REPRESENTATION('',(#12501),#12505);
#12501 = LINE('',#12502,#12503);
#12502 = CARTESIAN_POINT('',(0.,0.));
#12503 = VECTOR('',#12504,1.);
#12504 = DIRECTION('',(0.,1.));
#12505 = ( GEOMETRIC_REPRESENTATION_CONTEXT(2) 
PARAMETRIC_REPRESENTATION_CONTEXT() REPRESENTATION_CONTEXT('2D SPACE',''
  ) );
#12506 = ADVANCED_FACE('',(#12507),#12325,.F.);
#12507 = FACE_BOUND('',#12508,.F.);
#12508 = EDGE_LOOP('',(#12509,#12530,#12531,#12532));
#12509 = ORIENTED_EDGE('',*,*,#12510,.F.);
#12510 = EDGE_CURVE('',#12464,#12311,#12511,.T.);
#12511 = SURFACE_CURVE('',#12512,(#12516,#12523),.PCURVE_S1.);
#12512 = LINE('',#12513,#12514);
#12513 = CARTESIAN_POINT('',(-29.75,17.75,-3.1));
#12514 = VECTOR('',#12515,1.);
#12515 = DIRECTION('',(0.,0.,1.));
#12516 = PCURVE('',#12325,#12517);
#12517 = DEFINITIONAL_REPRESENTATION('',(#12518),#12522);
#12518 = LINE('',#12519,#12520);
#12519 = CARTESIAN_POINT('',(0.,4.5));
#12520 = VECTOR('',#12521,1.);
#12521 = DIRECTION('',(1.,0.));
#12522 = ( GEOMETRIC_REPRESENTATION_CONTEXT(2) 
PARAMETRIC_REPRESENTATION_CONTEXT() REPRESENTATION_CONTEXT('2D SPACE',''
  ) );
#12523 = PCURVE('',#12349,#12524);
#12524 = DEFINITIONAL_REPRESENTATION('',(#12525),#12529);
#12525 = LINE('',#12526,#12527);
#12526 = CARTESIAN_POINT('',(0.,-35.5));
#12527 = VECTOR('',#12528,1.);
#12528 = DIRECTION('',(1.,0.));
#12529 = ( GEOMETRIC_REPRESENTATION_CONTEXT(2) 
PARAMETRIC_REPRESENTATION_CONTEXT() REPRESENTATION_CONTEXT('2D SPACE',''
  ) );
#12530 = ORIENTED_EDGE('',*,*,#12486,.F.);
#12531 = ORIENTED_EDGE('',*,*,#12414,.T.);
#12532 = ORIENTED_EDGE('',*,*,#12310,.F.);
#12533 = ADVANCED_FACE('',(#12534),#12349,.F.);
#12534 = FACE_BOUND('',#12535,.F.);
#12535 = EDGE_LOOP('',(#12536,#12557,#12558,#12559));
#12536 = ORIENTED_EDGE('',*,*,#12537,.F.);
#12537 = EDGE_CURVE('',#12441,#12257,#12538,.T.);
#12538 = SURFACE_CURVE('',#12539,(#12543,#12550),.PCURVE_S1.);
#12539 = LINE('',#12540,#12541);
#12540 = CARTESIAN_POINT('',(-29.75,-17.75,-3.1));
#12541 = VECTOR('',#12542,1.);
#12542 = DIRECTION('',(0.,0.,1.));
#12543 = PCURVE('',#12349,#12544);
#12544 = DEFINITIONAL_REPRESENTATION('',(#12545),#12549);
#12545 = LINE('',#12546,#12547);
#12546 = CARTESIAN_POINT('',(0.,0.));
#12547 = VECTOR('',#12548,1.);
#12548 = DIRECTION('',(1.,0.));
#12549 = ( GEOMETRIC_REPRESENTATION_CONTEXT(2) 
PARAMETRIC_REPRESENTATION_CONTEXT() REPRESENTATION_CONTEXT('2D SPACE',''
  ) );
#12550 = PCURVE('',#12273,#12551);
#12551 = DEFINITIONAL_REPRESENTATION('',(#12552),#12556);
#12552 = LINE('',#12553,#12554);
#12553 = CARTESIAN_POINT('',(0.,4.5));
#12554 = VECTOR('',#12555,1.);
#12555 = DIRECTION('',(1.,0.));
#12556 = ( GEOMETRIC_REPRESENTATION_CONTEXT(2) 
PARAMETRIC_REPRESENTATION_CONTEXT() REPRESENTATION_CONTEXT('2D SPACE',''
  ) );
#12557 = ORIENTED_EDGE('',*,*,#12463,.T.);
#12558 = ORIENTED_EDGE('',*,*,#12510,.T.);
#12559 = ORIENTED_EDGE('',*,*,#12336,.F.);
#12560 = ADVANCED_FACE('',(#12561),#12273,.T.);
#12561 = FACE_BOUND('',#12562,.T.);
#12562 = EDGE_LOOP('',(#12563,#12564,#12565,#12566));
#12563 = ORIENTED_EDGE('',*,*,#12537,.F.);
#12564 = ORIENTED_EDGE('',*,*,#12440,.F.);
#12565 = ORIENTED_EDGE('',*,*,#12363,.T.);
#12566 = ORIENTED_EDGE('',*,*,#12256,.F.);
#12567 = ADVANCED_FACE('',(#12568),#11444,.T.);
#12568 = FACE_BOUND('',#12569,.T.);
#12569 = EDGE_LOOP('',(#12570,#12571,#12572,#12593));
#12570 = ORIENTED_EDGE('',*,*,#12134,.F.);
#12571 = ORIENTED_EDGE('',*,*,#11429,.T.);
#12572 = ORIENTED_EDGE('',*,*,#12573,.T.);
#12573 = EDGE_CURVE('',#11404,#12189,#12574,.T.);
#12574 = SURFACE_CURVE('',#12575,(#12579,#12586),.PCURVE_S1.);
#12575 = LINE('',#12576,#12577);
#12576 = CARTESIAN_POINT('',(-35.5,19.,-4.));
#12577 = VECTOR('',#12578,1.);
#12578 = DIRECTION('',(0.,0.,1.));
#12579 = PCURVE('',#11444,#12580);
#12580 = DEFINITIONAL_REPRESENTATION('',(#12581),#12585);
#12581 = LINE('',#12582,#12583);
#12582 = CARTESIAN_POINT('',(0.,0.));
#12583 = VECTOR('',#12584,1.);
#12584 = DIRECTION('',(1.,0.));
#12585 = ( GEOMETRIC_REPRESENTATION_CONTEXT(2) 
PARAMETRIC_REPRESENTATION_CONTEXT() REPRESENTATION_CONTEXT('2D SPACE',''
  ) );
#12586 = PCURVE('',#11418,#12587);
#12587 = DEFINITIONAL_REPRESENTATION('',(#12588),#12592);
#12588 = LINE('',#12589,#12590);
#12589 = CARTESIAN_POINT('',(0.,-38.));
#12590 = VECTOR('',#12591,1.);
#12591 = DIRECTION('',(1.,0.));
#12592 = ( GEOMETRIC_REPRESENTATION_CONTEXT(2) 
PARAMETRIC_REPRESENTATION_CONTEXT() REPRESENTATION_CONTEXT('2D SPACE',''
  ) );
#12593 = ORIENTED_EDGE('',*,*,#12233,.T.);
#12594 = ADVANCED_FACE('',(#12595),#11418,.F.);
#12595 = FACE_BOUND('',#12596,.F.);
#12596 = EDGE_LOOP('',(#12597,#12618,#12619,#12620));
#12597 = ORIENTED_EDGE('',*,*,#12598,.F.);
#12598 = EDGE_CURVE('',#11378,#12187,#12599,.T.);
#12599 = SURFACE_CURVE('',#12600,(#12604,#12611),.PCURVE_S1.);
#12600 = LINE('',#12601,#12602);
#12601 = CARTESIAN_POINT('',(-35.5,-19.,-4.));
#12602 = VECTOR('',#12603,1.);
#12603 = DIRECTION('',(0.,0.,1.));
#12604 = PCURVE('',#11418,#12605);
#12605 = DEFINITIONAL_REPRESENTATION('',(#12606),#12610);
#12606 = LINE('',#12607,#12608);
#12607 = CARTESIAN_POINT('',(0.,0.));
#12608 = VECTOR('',#12609,1.);
#12609 = DIRECTION('',(1.,0.));
#12610 = ( GEOMETRIC_REPRESENTATION_CONTEXT(2) 
PARAMETRIC_REPRESENTATION_CONTEXT() REPRESENTATION_CONTEXT('2D SPACE',''
  ) );
#12611 = PCURVE('',#11392,#12612);
#12612 = DEFINITIONAL_REPRESENTATION('',(#12613),#12617);
#12613 = LINE('',#12614,#12615);
#12614 = CARTESIAN_POINT('',(0.,0.));
#12615 = VECTOR('',#12616,1.);
#12616 = DIRECTION('',(1.,0.));
#12617 = ( GEOMETRIC_REPRESENTATION_CONTEXT(2) 
PARAMETRIC_REPRESENTATION_CONTEXT() REPRESENTATION_CONTEXT('2D SPACE',''
  ) );
#12618 = ORIENTED_EDGE('',*,*,#11403,.T.);
#12619 = ORIENTED_EDGE('',*,*,#12573,.T.);
#12620 = ORIENTED_EDGE('',*,*,#12186,.F.);
#12621 = ADVANCED_FACE('',(#12622),#11392,.F.);
#12622 = FACE_BOUND('',#12623,.F.);
#12623 = EDGE_LOOP('',(#12624,#12625,#12626,#12627));
#12624 = ORIENTED_EDGE('',*,*,#12110,.F.);
#12625 = ORIENTED_EDGE('',*,*,#11375,.T.);
#12626 = ORIENTED_EDGE('',*,*,#12598,.T.);
#12627 = ORIENTED_EDGE('',*,*,#12211,.T.);
#12628 = ADVANCED_FACE('',(#12629),#10122,.F.);
#12629 = FACE_BOUND('',#12630,.F.);
#12630 = EDGE_LOOP('',(#12631,#12632,#12633,#12634));
#12631 = ORIENTED_EDGE('',*,*,#10243,.F.);
#12632 = ORIENTED_EDGE('',*,*,#10099,.T.);
#12633 = ORIENTED_EDGE('',*,*,#11337,.T.);
#12634 = ORIENTED_EDGE('',*,*,#11259,.F.);
#12635 = ( GEOMETRIC_REPRESENTATION_CONTEXT(3) 
GLOBAL_UNCERTAINTY_ASSIGNED_CONTEXT((#12639)) 
GLOBAL_UNIT_ASSIGNED_CONTEXT((#12636,#12637,#12638)) 
REPRESENTATION_CONTEXT('Context #1',
  '3D Context with UNIT and UNCERTAINTY') );
#12636 = ( LENGTH_UNIT() NAMED_UNIT(*) SI_UNIT(.MILLI.,.METRE.) );
#12637 = ( NAMED_UNIT(*) PLANE_ANGLE_UNIT() SI_UNIT($,.RADIAN.) );
#12638 = ( NAMED_UNIT(*) SI_UNIT($,.STERADIAN.) SOLID_ANGLE_UNIT() );
#12639 = UNCERTAINTY_MEASURE_WITH_UNIT(LENGTH_MEASURE(1.E-07),#12636,
  'distance_accuracy_value','confusion accuracy');
#12640 = CONTEXT_DEPENDENT_SHAPE_REPRESENTATION(#12641,#12643);
#12641 = ( REPRESENTATION_RELATIONSHIP('','',#10092,#10) 
REPRESENTATION_RELATIONSHIP_WITH_TRANSFORMATION(#12642) 
SHAPE_REPRESENTATION_RELATIONSHIP() );
#12642 = ITEM_DEFINED_TRANSFORMATION('','',#11,#87);
#12643 = PRODUCT_DEFINITION_SHAPE('Placement','Placement of an item',
  #12644);
#12644 = NEXT_ASSEMBLY_USAGE_OCCURRENCE('19','mounting_cradle','',#5,
  #10087,$);
#12645 = PRODUCT_RELATED_PRODUCT_CATEGORY('part',$,(#10089));
#12646 = SHAPE_DEFINITION_REPRESENTATION(#12647,#12653);
#12647 = PRODUCT_DEFINITION_SHAPE('','',#12648);
#12648 = PRODUCT_DEFINITION('design','',#12649,#12652);
#12649 = PRODUCT_DEFINITION_FORMATION('','',#12650);
#12650 = PRODUCT('front_cup','front_cup','',(#12651));
#12651 = PRODUCT_CONTEXT('',#2,'mechanical');
#12652 = PRODUCT_DEFINITION_CONTEXT('part definition',#2,'design');
#12653 = ADVANCED_BREP_SHAPE_REPRESENTATION('',(#11,#12654),#16738);
#12654 = MANIFOLD_SOLID_BREP('',#12655);
#12655 = CLOSED_SHELL('',(#12656,#12744,#12798,#13023,#13062,#13117,
    #13172,#13227,#13282,#13337,#13392,#13447,#13506,#13510,#13514,
    #13518,#13522,#13561,#13565,#13569,#13604,#13663,#13722,#13761,
    #14083,#14142,#14312,#14367,#14422,#14586,#14641,#14696,#14751,
    #14806,#14861,#14916,#14923,#15032,#15079,#15192,#15217,#15256,
    #15295,#15405,#15452,#15534,#15559,#15598,#15637,#15676,#15715,
    #15754,#15793,#15852,#16007,#16034,#16093,#16148,#16259,#16314,
    #16369,#16428,#16483,#16538,#16593,#16600,#16606,#16610,#16614,
    #16653,#16687,#16691,#16695,#16699,#16703,#16707,#16711));
#12656 = ADVANCED_FACE('',(#12657),#12670,.T.);
#12657 = FACE_BOUND('',#12658,.F.);
#12658 = EDGE_LOOP('',(#12659,#12693,#12716,#12743));
#12659 = ORIENTED_EDGE('',*,*,#12660,.T.);
#12660 = EDGE_CURVE('',#12661,#12661,#12663,.T.);
#12661 = VERTEX_POINT('',#12662);
#12662 = CARTESIAN_POINT('',(58.,0.,52.));
#12663 = SURFACE_CURVE('',#12664,(#12669,#12681),.PCURVE_S1.);
#12664 = CIRCLE('',#12665,58.);
#12665 = AXIS2_PLACEMENT_3D('',#12666,#12667,#12668);
#12666 = CARTESIAN_POINT('',(0.,0.,52.));
#12667 = DIRECTION('',(0.,0.,1.));
#12668 = DIRECTION('',(1.,0.,-0.));
#12669 = PCURVE('',#12670,#12675);
#12670 = CYLINDRICAL_SURFACE('',#12671,58.);
#12671 = AXIS2_PLACEMENT_3D('',#12672,#12673,#12674);
#12672 = CARTESIAN_POINT('',(0.,0.,2.4));
#12673 = DIRECTION('',(-0.,-0.,-1.));
#12674 = DIRECTION('',(1.,0.,0.));
#12675 = DEFINITIONAL_REPRESENTATION('',(#12676),#12680);
#12676 = LINE('',#12677,#12678);
#12677 = CARTESIAN_POINT('',(-0.,-49.6));
#12678 = VECTOR('',#12679,1.);
#12679 = DIRECTION('',(-1.,0.));
#12680 = ( GEOMETRIC_REPRESENTATION_CONTEXT(2) 
PARAMETRIC_REPRESENTATION_CONTEXT() REPRESENTATION_CONTEXT('2D SPACE',''
  ) );
#12681 = PCURVE('',#12682,#12687);
#12682 = TOROIDAL_SURFACE('',#12683,56.,2.);
#12683 = AXIS2_PLACEMENT_3D('',#12684,#12685,#12686);
#12684 = CARTESIAN_POINT('',(0.,0.,52.));
#12685 = DIRECTION('',(0.,0.,1.));
#12686 = DIRECTION('',(1.,0.,-0.));
#12687 = DEFINITIONAL_REPRESENTATION('',(#12688),#12692);
#12688 = LINE('',#12689,#12690);
#12689 = CARTESIAN_POINT('',(0.,0.));
#12690 = VECTOR('',#12691,1.);
#12691 = DIRECTION('',(1.,0.));
#12692 = ( GEOMETRIC_REPRESENTATION_CONTEXT(2) 
PARAMETRIC_REPRESENTATION_CONTEXT() REPRESENTATION_CONTEXT('2D SPACE',''
  ) );
#12693 = ORIENTED_EDGE('',*,*,#12694,.F.);
#12694 = EDGE_CURVE('',#12695,#12661,#12697,.T.);
#12695 = VERTEX_POINT('',#12696);
#12696 = CARTESIAN_POINT('',(58.,0.,2.4));
#12697 = SEAM_CURVE('',#12698,(#12702,#12709),.PCURVE_S1.);
#12698 = LINE('',#12699,#12700);
#12699 = CARTESIAN_POINT('',(58.,0.,2.4));
#12700 = VECTOR('',#12701,1.);
#12701 = DIRECTION('',(0.,0.,1.));
#12702 = PCURVE('',#12670,#12703);
#12703 = DEFINITIONAL_REPRESENTATION('',(#12704),#12708);
#12704 = LINE('',#12705,#12706);
#12705 = CARTESIAN_POINT('',(-6.28318530718,0.));
#12706 = VECTOR('',#12707,1.);
#12707 = DIRECTION('',(-0.,-1.));
#12708 = ( GEOMETRIC_REPRESENTATION_CONTEXT(2) 
PARAMETRIC_REPRESENTATION_CONTEXT() REPRESENTATION_CONTEXT('2D SPACE',''
  ) );
#12709 = PCURVE('',#12670,#12710);
#12710 = DEFINITIONAL_REPRESENTATION('',(#12711),#12715);
#12711 = LINE('',#12712,#12713);
#12712 = CARTESIAN_POINT('',(-0.,0.));
#12713 = VECTOR('',#12714,1.);
#12714 = DIRECTION('',(-0.,-1.));
#12715 = ( GEOMETRIC_REPRESENTATION_CONTEXT(2) 
PARAMETRIC_REPRESENTATION_CONTEXT() REPRESENTATION_CONTEXT('2D SPACE',''
  ) );
#12716 = ORIENTED_EDGE('',*,*,#12717,.F.);
#12717 = EDGE_CURVE('',#12695,#12695,#12718,.T.);
#12718 = SURFACE_CURVE('',#12719,(#12724,#12731),.PCURVE_S1.);
#12719 = CIRCLE('',#12720,58.);
#12720 = AXIS2_PLACEMENT_3D('',#12721,#12722,#12723);
#12721 = CARTESIAN_POINT('',(0.,0.,2.4));
#12722 = DIRECTION('',(0.,0.,1.));
#12723 = DIRECTION('',(1.,0.,0.));
#12724 = PCURVE('',#12670,#12725);
#12725 = DEFINITIONAL_REPRESENTATION('',(#12726),#12730);
#12726 = LINE('',#12727,#12728);
#12727 = CARTESIAN_POINT('',(-0.,0.));
#12728 = VECTOR('',#12729,1.);
#12729 = DIRECTION('',(-1.,0.));
#12730 = ( GEOMETRIC_REPRESENTATION_CONTEXT(2) 
PARAMETRIC_REPRESENTATION_CONTEXT() REPRESENTATION_CONTEXT('2D SPACE',''
  ) );
#12731 = PCURVE('',#12732,#12737);
#12732 = PLANE('',#12733);
#12733 = AXIS2_PLACEMENT_3D('',#12734,#12735,#12736);
#12734 = CARTESIAN_POINT('',(-3.01779891319E-15,3.667947348029E-15,2.4)
  );
#12735 = DIRECTION('',(0.,0.,1.));
#12736 = DIRECTION('',(1.,0.,-0.));
#12737 = DEFINITIONAL_REPRESENTATION('',(#12738),#12742);
#12738 = CIRCLE('',#12739,58.);
#12739 = AXIS2_PLACEMENT_2D('',#12740,#12741);
#12740 = CARTESIAN_POINT('',(3.01779891319E-15,-3.667947348029E-15));
#12741 = DIRECTION('',(1.,0.));
#12742 = ( GEOMETRIC_REPRESENTATION_CONTEXT(2) 
PARAMETRIC_REPRESENTATION_CONTEXT() REPRESENTATION_CONTEXT('2D SPACE',''
  ) );
#12743 = ORIENTED_EDGE('',*,*,#12694,.T.);
#12744 = ADVANCED_FACE('',(#12745),#12682,.T.);
#12745 = FACE_BOUND('',#12746,.T.);
#12746 = EDGE_LOOP('',(#12747,#12769,#12770,#12771));
#12747 = ORIENTED_EDGE('',*,*,#12748,.F.);
#12748 = EDGE_CURVE('',#12661,#12749,#12751,.T.);
#12749 = VERTEX_POINT('',#12750);
#12750 = CARTESIAN_POINT('',(56.,0.,54.));
#12751 = SEAM_CURVE('',#12752,(#12757,#12763),.PCURVE_S1.);
#12752 = CIRCLE('',#12753,2.);
#12753 = AXIS2_PLACEMENT_3D('',#12754,#12755,#12756);
#12754 = CARTESIAN_POINT('',(56.,0.,52.));
#12755 = DIRECTION('',(0.,-1.,0.));
#12756 = DIRECTION('',(1.,0.,0.));
#12757 = PCURVE('',#12682,#12758);
#12758 = DEFINITIONAL_REPRESENTATION('',(#12759),#12762);
#12759 = B_SPLINE_CURVE_WITH_KNOTS('',1,(#12760,#12761),.UNSPECIFIED.,
  .F.,.F.,(2,2),(0.,1.570796326795),.PIECEWISE_BEZIER_KNOTS.);
#12760 = CARTESIAN_POINT('',(0.,0.));
#12761 = CARTESIAN_POINT('',(0.,1.570796326795));
#12762 = ( GEOMETRIC_REPRESENTATION_CONTEXT(2) 
PARAMETRIC_REPRESENTATION_CONTEXT() REPRESENTATION_CONTEXT('2D SPACE',''
  ) );
#12763 = PCURVE('',#12682,#12764);
#12764 = DEFINITIONAL_REPRESENTATION('',(#12765),#12768);
#12765 = B_SPLINE_CURVE_WITH_KNOTS('',1,(#12766,#12767),.UNSPECIFIED.,
  .F.,.F.,(2,2),(0.,1.570796326795),.PIECEWISE_BEZIER_KNOTS.);
#12766 = CARTESIAN_POINT('',(6.28318530718,0.));
#12767 = CARTESIAN_POINT('',(6.28318530718,1.570796326795));
#12768 = ( GEOMETRIC_REPRESENTATION_CONTEXT(2) 
PARAMETRIC_REPRESENTATION_CONTEXT() REPRESENTATION_CONTEXT('2D SPACE',''
  ) );
#12769 = ORIENTED_EDGE('',*,*,#12660,.T.);
#12770 = ORIENTED_EDGE('',*,*,#12748,.T.);
#12771 = ORIENTED_EDGE('',*,*,#12772,.F.);
#12772 = EDGE_CURVE('',#12749,#12749,#12773,.T.);
#12773 = SURFACE_CURVE('',#12774,(#12779,#12786),.PCURVE_S1.);
#12774 = CIRCLE('',#12775,56.);
#12775 = AXIS2_PLACEMENT_3D('',#12776,#12777,#12778);
#12776 = CARTESIAN_POINT('',(0.,0.,54.));
#12777 = DIRECTION('',(0.,0.,1.));
#12778 = DIRECTION('',(1.,0.,-0.));
#12779 = PCURVE('',#12682,#12780);
#12780 = DEFINITIONAL_REPRESENTATION('',(#12781),#12785);
#12781 = LINE('',#12782,#12783);
#12782 = CARTESIAN_POINT('',(0.,1.570796326795));
#12783 = VECTOR('',#12784,1.);
#12784 = DIRECTION('',(1.,0.));
#12785 = ( GEOMETRIC_REPRESENTATION_CONTEXT(2) 
PARAMETRIC_REPRESENTATION_CONTEXT() REPRESENTATION_CONTEXT('2D SPACE',''
  ) );
#12786 = PCURVE('',#12787,#12792);
#12787 = PLANE('',#12788);
#12788 = AXIS2_PLACEMENT_3D('',#12789,#12790,#12791);
#12789 = CARTESIAN_POINT('',(-3.01779891319E-15,3.667947348029E-15,54.)
  );
#12790 = DIRECTION('',(0.,0.,1.));
#12791 = DIRECTION('',(1.,0.,-0.));
#12792 = DEFINITIONAL_REPRESENTATION('',(#12793),#12797);
#12793 = CIRCLE('',#12794,56.);
#12794 = AXIS2_PLACEMENT_2D('',#12795,#12796);
#12795 = CARTESIAN_POINT('',(3.01779891319E-15,-3.667947348029E-15));
#12796 = DIRECTION('',(1.,0.));
#12797 = ( GEOMETRIC_REPRESENTATION_CONTEXT(2) 
PARAMETRIC_REPRESENTATION_CONTEXT() REPRESENTATION_CONTEXT('2D SPACE',''
  ) );
#12798 = ADVANCED_FACE('',(#12799,#12802,#12833,#12864,#12895,#12926,
    #12961,#12992),#12732,.F.);
#12799 = FACE_BOUND('',#12800,.F.);
#12800 = EDGE_LOOP('',(#12801));
#12801 = ORIENTED_EDGE('',*,*,#12717,.T.);
#12802 = FACE_BOUND('',#12803,.F.);
#12803 = EDGE_LOOP('',(#12804));
#12804 = ORIENTED_EDGE('',*,*,#12805,.F.);
#12805 = EDGE_CURVE('',#12806,#12806,#12808,.T.);
#12806 = VERTEX_POINT('',#12807);
#12807 = CARTESIAN_POINT('',(-25.9,-47.63139720814,2.4));
#12808 = SURFACE_CURVE('',#12809,(#12814,#12821),.PCURVE_S1.);
#12809 = CIRCLE('',#12810,1.6);
#12810 = AXIS2_PLACEMENT_3D('',#12811,#12812,#12813);
#12811 = CARTESIAN_POINT('',(-27.5,-47.63139720814,2.4));
#12812 = DIRECTION('',(0.,0.,1.));
#12813 = DIRECTION('',(1.,0.,0.));
#12814 = PCURVE('',#12732,#12815);
#12815 = DEFINITIONAL_REPRESENTATION('',(#12816),#12820);
#12816 = CIRCLE('',#12817,1.6);
#12817 = AXIS2_PLACEMENT_2D('',#12818,#12819);
#12818 = CARTESIAN_POINT('',(-27.5,-47.63139720814));
#12819 = DIRECTION('',(1.,0.));
#12820 = ( GEOMETRIC_REPRESENTATION_CONTEXT(2) 
PARAMETRIC_REPRESENTATION_CONTEXT() REPRESENTATION_CONTEXT('2D SPACE',''
  ) );
#12821 = PCURVE('',#12822,#12827);
#12822 = CYLINDRICAL_SURFACE('',#12823,1.6);
#12823 = AXIS2_PLACEMENT_3D('',#12824,#12825,#12826);
#12824 = CARTESIAN_POINT('',(-27.5,-47.63139720814,2.4));
#12825 = DIRECTION('',(-0.,-0.,-1.));
#12826 = DIRECTION('',(1.,0.,0.));
#12827 = DEFINITIONAL_REPRESENTATION('',(#12828),#12832);
#12828 = LINE('',#12829,#12830);
#12829 = CARTESIAN_POINT('',(-0.,0.));
#12830 = VECTOR('',#12831,1.);
#12831 = DIRECTION('',(-1.,0.));
#12832 = ( GEOMETRIC_REPRESENTATION_CONTEXT(2) 
PARAMETRIC_REPRESENTATION_CONTEXT() REPRESENTATION_CONTEXT('2D SPACE',''
  ) );
#12833 = FACE_BOUND('',#12834,.F.);
#12834 = EDGE_LOOP('',(#12835));
#12835 = ORIENTED_EDGE('',*,*,#12836,.F.);
#12836 = EDGE_CURVE('',#12837,#12837,#12839,.T.);
#12837 = VERTEX_POINT('',#12838);
#12838 = CARTESIAN_POINT('',(29.1,-47.63139720814,2.4));
#12839 = SURFACE_CURVE('',#12840,(#12845,#12852),.PCURVE_S1.);
#12840 = CIRCLE('',#12841,1.6);
#12841 = AXIS2_PLACEMENT_3D('',#12842,#12843,#12844);
#12842 = CARTESIAN_POINT('',(27.5,-47.63139720814,2.4));
#12843 = DIRECTION('',(0.,0.,1.));
#12844 = DIRECTION('',(1.,0.,0.));
#12845 = PCURVE('',#12732,#12846);
#12846 = DEFINITIONAL_REPRESENTATION('',(#12847),#12851);
#12847 = CIRCLE('',#12848,1.6);
#12848 = AXIS2_PLACEMENT_2D('',#12849,#12850);
#12849 = CARTESIAN_POINT('',(27.5,-47.63139720814));
#12850 = DIRECTION('',(1.,0.));
#12851 = ( GEOMETRIC_REPRESENTATION_CONTEXT(2) 
PARAMETRIC_REPRESENTATION_CONTEXT() REPRESENTATION_CONTEXT('2D SPACE',''
  ) );
#12852 = PCURVE('',#12853,#12858);
#12853 = CYLINDRICAL_SURFACE('',#12854,1.6);
#12854 = AXIS2_PLACEMENT_3D('',#12855,#12856,#12857);
#12855 = CARTESIAN_POINT('',(27.5,-47.63139720814,2.4));
#12856 = DIRECTION('',(-0.,-0.,-1.));
#12857 = DIRECTION('',(1.,0.,0.));
#12858 = DEFINITIONAL_REPRESENTATION('',(#12859),#12863);
#12859 = LINE('',#12860,#12861);
#12860 = CARTESIAN_POINT('',(-0.,0.));
#12861 = VECTOR('',#12862,1.);
#12862 = DIRECTION('',(-1.,0.));
#12863 = ( GEOMETRIC_REPRESENTATION_CONTEXT(2) 
PARAMETRIC_REPRESENTATION_CONTEXT() REPRESENTATION_CONTEXT('2D SPACE',''
  ) );
#12864 = FACE_BOUND('',#12865,.F.);
#12865 = EDGE_LOOP('',(#12866));
#12866 = ORIENTED_EDGE('',*,*,#12867,.F.);
#12867 = EDGE_CURVE('',#12868,#12868,#12870,.T.);
#12868 = VERTEX_POINT('',#12869);
#12869 = CARTESIAN_POINT('',(-53.4,6.73555739531E-15,2.4));
#12870 = SURFACE_CURVE('',#12871,(#12876,#12883),.PCURVE_S1.);
#12871 = CIRCLE('',#12872,1.6);
#12872 = AXIS2_PLACEMENT_3D('',#12873,#12874,#12875);
#12873 = CARTESIAN_POINT('',(-55.,6.73555739531E-15,2.4));
#12874 = DIRECTION('',(0.,0.,1.));
#12875 = DIRECTION('',(1.,0.,0.));
#12876 = PCURVE('',#12732,#12877);
#12877 = DEFINITIONAL_REPRESENTATION('',(#12878),#12882);
#12878 = CIRCLE('',#12879,1.6);
#12879 = AXIS2_PLACEMENT_2D('',#12880,#12881);
#12880 = CARTESIAN_POINT('',(-55.,3.067610047281E-15));
#12881 = DIRECTION('',(1.,0.));
#12882 = ( GEOMETRIC_REPRESENTATION_CONTEXT(2) 
PARAMETRIC_REPRESENTATION_CONTEXT() REPRESENTATION_CONTEXT('2D SPACE',''
  ) );
#12883 = PCURVE('',#12884,#12889);
#12884 = CYLINDRICAL_SURFACE('',#12885,1.6);
#12885 = AXIS2_PLACEMENT_3D('',#12886,#12887,#12888);
#12886 = CARTESIAN_POINT('',(-55.,6.73555739531E-15,2.4));
#12887 = DIRECTION('',(-0.,-0.,-1.));
#12888 = DIRECTION('',(1.,0.,0.));
#12889 = DEFINITIONAL_REPRESENTATION('',(#12890),#12894);
#12890 = LINE('',#12891,#12892);
#12891 = CARTESIAN_POINT('',(-0.,0.));
#12892 = VECTOR('',#12893,1.);
#12893 = DIRECTION('',(-1.,0.));
#12894 = ( GEOMETRIC_REPRESENTATION_CONTEXT(2) 
PARAMETRIC_REPRESENTATION_CONTEXT() REPRESENTATION_CONTEXT('2D SPACE',''
  ) );
#12895 = FACE_BOUND('',#12896,.F.);
#12896 = EDGE_LOOP('',(#12897));
#12897 = ORIENTED_EDGE('',*,*,#12898,.F.);
#12898 = EDGE_CURVE('',#12899,#12899,#12901,.T.);
#12899 = VERTEX_POINT('',#12900);
#12900 = CARTESIAN_POINT('',(-25.9,47.631397208144,2.4));
#12901 = SURFACE_CURVE('',#12902,(#12907,#12914),.PCURVE_S1.);
#12902 = CIRCLE('',#12903,1.6);
#12903 = AXIS2_PLACEMENT_3D('',#12904,#12905,#12906);
#12904 = CARTESIAN_POINT('',(-27.5,47.631397208144,2.4));
#12905 = DIRECTION('',(0.,0.,1.));
#12906 = DIRECTION('',(1.,0.,0.));
#12907 = PCURVE('',#12732,#12908);
#12908 = DEFINITIONAL_REPRESENTATION('',(#12909),#12913);
#12909 = CIRCLE('',#12910,1.6);
#12910 = AXIS2_PLACEMENT_2D('',#12911,#12912);
#12911 = CARTESIAN_POINT('',(-27.5,47.631397208144));
#12912 = DIRECTION('',(1.,0.));
#12913 = ( GEOMETRIC_REPRESENTATION_CONTEXT(2) 
PARAMETRIC_REPRESENTATION_CONTEXT() REPRESENTATION_CONTEXT('2D SPACE',''
  ) );
#12914 = PCURVE('',#12915,#12920);
#12915 = CYLINDRICAL_SURFACE('',#12916,1.6);
#12916 = AXIS2_PLACEMENT_3D('',#12917,#12918,#12919);
#12917 = CARTESIAN_POINT('',(-27.5,47.631397208144,2.4));
#12918 = DIRECTION('',(-0.,-0.,-1.));
#12919 = DIRECTION('',(1.,0.,0.));
#12920 = DEFINITIONAL_REPRESENTATION('',(#12921),#12925);
#12921 = LINE('',#12922,#12923);
#12922 = CARTESIAN_POINT('',(-0.,0.));
#12923 = VECTOR('',#12924,1.);
#12924 = DIRECTION('',(-1.,0.));
#12925 = ( GEOMETRIC_REPRESENTATION_CONTEXT(2) 
PARAMETRIC_REPRESENTATION_CONTEXT() REPRESENTATION_CONTEXT('2D SPACE',''
  ) );
#12926 = FACE_BOUND('',#12927,.F.);
#12927 = EDGE_LOOP('',(#12928));
#12928 = ORIENTED_EDGE('',*,*,#12929,.T.);
#12929 = EDGE_CURVE('',#12930,#12930,#12932,.T.);
#12930 = VERTEX_POINT('',#12931);
#12931 = CARTESIAN_POINT('',(52.4,0.,2.4));
#12932 = SURFACE_CURVE('',#12933,(#12938,#12949),.PCURVE_S1.);
#12933 = CIRCLE('',#12934,52.4);
#12934 = AXIS2_PLACEMENT_3D('',#12935,#12936,#12937);
#12935 = CARTESIAN_POINT('',(0.,0.,2.4));
#12936 = DIRECTION('',(0.,0.,-1.));
#12937 = DIRECTION('',(1.,0.,0.));
#12938 = PCURVE('',#12732,#12939);
#12939 = DEFINITIONAL_REPRESENTATION('',(#12940),#12948);
#12940 = ( BOUNDED_CURVE() B_SPLINE_CURVE(2,(#12941,#12942,#12943,#12944
    ,#12945,#12946,#12947),.UNSPECIFIED.,.T.,.F.) 
B_SPLINE_CURVE_WITH_KNOTS((1,2,2,2,2,1),(-2.094395102393,0.,
    2.094395102393,4.188790204786,6.28318530718,8.377580409573),
.UNSPECIFIED.) CURVE() GEOMETRIC_REPRESENTATION_ITEM() 
RATIONAL_B_SPLINE_CURVE((1.,0.5,1.,0.5,1.,0.5,1.)) REPRESENTATION_ITEM(
  '') );
#12941 = CARTESIAN_POINT('',(52.4,-3.667947348029E-15));
#12942 = CARTESIAN_POINT('',(52.4,-90.7594623166));
#12943 = CARTESIAN_POINT('',(-26.2,-45.3797311583));
#12944 = CARTESIAN_POINT('',(-104.8,-1.650224580309E-14));
#12945 = CARTESIAN_POINT('',(-26.2,45.379731158305));
#12946 = CARTESIAN_POINT('',(52.4,90.759462316609));
#12947 = CARTESIAN_POINT('',(52.4,-3.667947348029E-15));
#12948 = ( GEOMETRIC_REPRESENTATION_CONTEXT(2) 
PARAMETRIC_REPRESENTATION_CONTEXT() REPRESENTATION_CONTEXT('2D SPACE',''
  ) );
#12949 = PCURVE('',#12950,#12955);
#12950 = CYLINDRICAL_SURFACE('',#12951,52.4);
#12951 = AXIS2_PLACEMENT_3D('',#12952,#12953,#12954);
#12952 = CARTESIAN_POINT('',(0.,0.,2.39));
#12953 = DIRECTION('',(-0.,-0.,-1.));
#12954 = DIRECTION('',(1.,0.,0.));
#12955 = DEFINITIONAL_REPRESENTATION('',(#12956),#12960);
#12956 = LINE('',#12957,#12958);
#12957 = CARTESIAN_POINT('',(-6.28318530718,-1.E-02));
#12958 = VECTOR('',#12959,1.);
#12959 = DIRECTION('',(1.,-0.));
#12960 = ( GEOMETRIC_REPRESENTATION_CONTEXT(2) 
PARAMETRIC_REPRESENTATION_CONTEXT() REPRESENTATION_CONTEXT('2D SPACE',''
  ) );
#12961 = FACE_BOUND('',#12962,.F.);
#12962 = EDGE_LOOP('',(#12963));
#12963 = ORIENTED_EDGE('',*,*,#12964,.F.);
#12964 = EDGE_CURVE('',#12965,#12965,#12967,.T.);
#12965 = VERTEX_POINT('',#12966);
#12966 = CARTESIAN_POINT('',(56.6,0.,2.4));
#12967 = SURFACE_CURVE('',#12968,(#12973,#12980),.PCURVE_S1.);
#12968 = CIRCLE('',#12969,1.6);
#12969 = AXIS2_PLACEMENT_3D('',#12970,#12971,#12972);
#12970 = CARTESIAN_POINT('',(55.,0.,2.4));
#12971 = DIRECTION('',(0.,0.,1.));
#12972 = DIRECTION('',(1.,0.,0.));
#12973 = PCURVE('',#12732,#12974);
#12974 = DEFINITIONAL_REPRESENTATION('',(#12975),#12979);
#12975 = CIRCLE('',#12976,1.6);
#12976 = AXIS2_PLACEMENT_2D('',#12977,#12978);
#12977 = CARTESIAN_POINT('',(55.,-3.667947348029E-15));
#12978 = DIRECTION('',(1.,0.));
#12979 = ( GEOMETRIC_REPRESENTATION_CONTEXT(2) 
PARAMETRIC_REPRESENTATION_CONTEXT() REPRESENTATION_CONTEXT('2D SPACE',''
  ) );
#12980 = PCURVE('',#12981,#12986);
#12981 = CYLINDRICAL_SURFACE('',#12982,1.6);
#12982 = AXIS2_PLACEMENT_3D('',#12983,#12984,#12985);
#12983 = CARTESIAN_POINT('',(55.,0.,2.4));
#12984 = DIRECTION('',(-0.,-0.,-1.));
#12985 = DIRECTION('',(1.,0.,0.));
#12986 = DEFINITIONAL_REPRESENTATION('',(#12987),#12991);
#12987 = LINE('',#12988,#12989);
#12988 = CARTESIAN_POINT('',(-0.,0.));
#12989 = VECTOR('',#12990,1.);
#12990 = DIRECTION('',(-1.,0.));
#12991 = ( GEOMETRIC_REPRESENTATION_CONTEXT(2) 
PARAMETRIC_REPRESENTATION_CONTEXT() REPRESENTATION_CONTEXT('2D SPACE',''
  ) );
#12992 = FACE_BOUND('',#12993,.F.);
#12993 = EDGE_LOOP('',(#12994));
#12994 = ORIENTED_EDGE('',*,*,#12995,.F.);
#12995 = EDGE_CURVE('',#12996,#12996,#12998,.T.);
#12996 = VERTEX_POINT('',#12997);
#12997 = CARTESIAN_POINT('',(29.1,47.631397208144,2.4));
#12998 = SURFACE_CURVE('',#12999,(#13004,#13011),.PCURVE_S1.);
#12999 = CIRCLE('',#13000,1.6);
#13000 = AXIS2_PLACEMENT_3D('',#13001,#13002,#13003);
#13001 = CARTESIAN_POINT('',(27.5,47.631397208144,2.4));
#13002 = DIRECTION('',(0.,0.,1.));
#13003 = DIRECTION('',(1.,0.,0.));
#13004 = PCURVE('',#12732,#13005);
#13005 = DEFINITIONAL_REPRESENTATION('',(#13006),#13010);
#13006 = CIRCLE('',#13007,1.6);
#13007 = AXIS2_PLACEMENT_2D('',#13008,#13009);
#13008 = CARTESIAN_POINT('',(27.5,47.631397208144));
#13009 = DIRECTION('',(1.,0.));
#13010 = ( GEOMETRIC_REPRESENTATION_CONTEXT(2) 
PARAMETRIC_REPRESENTATION_CONTEXT() REPRESENTATION_CONTEXT('2D SPACE',''
  ) );
#13011 = PCURVE('',#13012,#13017);
#13012 = CYLINDRICAL_SURFACE('',#13013,1.6);
#13013 = AXIS2_PLACEMENT_3D('',#13014,#13015,#13016);
#13014 = CARTESIAN_POINT('',(27.5,47.631397208144,2.4));
#13015 = DIRECTION('',(-0.,-0.,-1.));
#13016 = DIRECTION('',(1.,0.,0.));
#13017 = DEFINITIONAL_REPRESENTATION('',(#13018),#13022);
#13018 = LINE('',#13019,#13020);
#13019 = CARTESIAN_POINT('',(-0.,0.));
#13020 = VECTOR('',#13021,1.);
#13021 = DIRECTION('',(-1.,0.));
#13022 = ( GEOMETRIC_REPRESENTATION_CONTEXT(2) 
PARAMETRIC_REPRESENTATION_CONTEXT() REPRESENTATION_CONTEXT('2D SPACE',''
  ) );
#13023 = ADVANCED_FACE('',(#13024,#13027),#12787,.T.);
#13024 = FACE_BOUND('',#13025,.T.);
#13025 = EDGE_LOOP('',(#13026));
#13026 = ORIENTED_EDGE('',*,*,#12772,.T.);
#13027 = FACE_BOUND('',#13028,.T.);
#13028 = EDGE_LOOP('',(#13029));
#13029 = ORIENTED_EDGE('',*,*,#13030,.T.);
#13030 = EDGE_CURVE('',#13031,#13031,#13033,.T.);
#13031 = VERTEX_POINT('',#13032);
#13032 = CARTESIAN_POINT('',(-12.,-19.,54.));
#13033 = SURFACE_CURVE('',#13034,(#13039,#13050),.PCURVE_S1.);
#13034 = CIRCLE('',#13035,6.);
#13035 = AXIS2_PLACEMENT_3D('',#13036,#13037,#13038);
#13036 = CARTESIAN_POINT('',(-18.,-19.,54.));
#13037 = DIRECTION('',(0.,0.,-1.));
#13038 = DIRECTION('',(1.,0.,0.));
#13039 = PCURVE('',#12787,#13040);
#13040 = DEFINITIONAL_REPRESENTATION('',(#13041),#13049);
#13041 = ( BOUNDED_CURVE() B_SPLINE_CURVE(2,(#13042,#13043,#13044,#13045
    ,#13046,#13047,#13048),.UNSPECIFIED.,.T.,.F.) 
B_SPLINE_CURVE_WITH_KNOTS((1,2,2,2,2,1),(-2.094395102393,0.,
    2.094395102393,4.188790204786,6.28318530718,8.377580409573),
.UNSPECIFIED.) CURVE() GEOMETRIC_REPRESENTATION_ITEM() 
RATIONAL_B_SPLINE_CURVE((1.,0.5,1.,0.5,1.,0.5,1.)) REPRESENTATION_ITEM(
  '') );
#13042 = CARTESIAN_POINT('',(-12.,-19.));
#13043 = CARTESIAN_POINT('',(-12.,-29.39230484541));
#13044 = CARTESIAN_POINT('',(-21.,-24.1961524227));
#13045 = CARTESIAN_POINT('',(-30.,-19.));
#13046 = CARTESIAN_POINT('',(-21.,-13.80384757729));
#13047 = CARTESIAN_POINT('',(-12.,-8.607695154587));
#13048 = CARTESIAN_POINT('',(-12.,-19.));
#13049 = ( GEOMETRIC_REPRESENTATION_CONTEXT(2) 
PARAMETRIC_REPRESENTATION_CONTEXT() REPRESENTATION_CONTEXT('2D SPACE',''
  ) );
#13050 = PCURVE('',#13051,#13056);
#13051 = CYLINDRICAL_SURFACE('',#13052,6.);
#13052 = AXIS2_PLACEMENT_3D('',#13053,#13054,#13055);
#13053 = CARTESIAN_POINT('',(-18.,-19.,50.39));
#13054 = DIRECTION('',(-0.,-0.,-1.));
#13055 = DIRECTION('',(1.,0.,0.));
#13056 = DEFINITIONAL_REPRESENTATION('',(#13057),#13061);
#13057 = LINE('',#13058,#13059);
#13058 = CARTESIAN_POINT('',(-6.28318530718,-3.61));
#13059 = VECTOR('',#13060,1.);
#13060 = DIRECTION('',(1.,-0.));
#13061 = ( GEOMETRIC_REPRESENTATION_CONTEXT(2) 
PARAMETRIC_REPRESENTATION_CONTEXT() REPRESENTATION_CONTEXT('2D SPACE',''
  ) );
#13062 = ADVANCED_FACE('',(#13063),#12822,.F.);
#13063 = FACE_BOUND('',#13064,.T.);
#13064 = EDGE_LOOP('',(#13065,#13088,#13115,#13116));
#13065 = ORIENTED_EDGE('',*,*,#13066,.T.);
#13066 = EDGE_CURVE('',#12806,#13067,#13069,.T.);
#13067 = VERTEX_POINT('',#13068);
#13068 = CARTESIAN_POINT('',(-25.9,-47.63139720814,5.6));
#13069 = SEAM_CURVE('',#13070,(#13074,#13081),.PCURVE_S1.);
#13070 = LINE('',#13071,#13072);
#13071 = CARTESIAN_POINT('',(-25.9,-47.63139720814,2.4));
#13072 = VECTOR('',#13073,1.);
#13073 = DIRECTION('',(0.,0.,1.));
#13074 = PCURVE('',#12822,#13075);
#13075 = DEFINITIONAL_REPRESENTATION('',(#13076),#13080);
#13076 = LINE('',#13077,#13078);
#13077 = CARTESIAN_POINT('',(-0.,0.));
#13078 = VECTOR('',#13079,1.);
#13079 = DIRECTION('',(-0.,-1.));
#13080 = ( GEOMETRIC_REPRESENTATION_CONTEXT(2) 
PARAMETRIC_REPRESENTATION_CONTEXT() REPRESENTATION_CONTEXT('2D SPACE',''
  ) );
#13081 = PCURVE('',#12822,#13082);
#13082 = DEFINITIONAL_REPRESENTATION('',(#13083),#13087);
#13083 = LINE('',#13084,#13085);
#13084 = CARTESIAN_POINT('',(-6.28318530718,0.));
#13085 = VECTOR('',#13086,1.);
#13086 = DIRECTION('',(-0.,-1.));
#13087 = ( GEOMETRIC_REPRESENTATION_CONTEXT(2) 
PARAMETRIC_REPRESENTATION_CONTEXT() REPRESENTATION_CONTEXT('2D SPACE',''
  ) );
#13088 = ORIENTED_EDGE('',*,*,#13089,.T.);
#13089 = EDGE_CURVE('',#13067,#13067,#13090,.T.);
#13090 = SURFACE_CURVE('',#13091,(#13096,#13103),.PCURVE_S1.);
#13091 = CIRCLE('',#13092,1.6);
#13092 = AXIS2_PLACEMENT_3D('',#13093,#13094,#13095);
#13093 = CARTESIAN_POINT('',(-27.5,-47.63139720814,5.6));
#13094 = DIRECTION('',(0.,0.,1.));
#13095 = DIRECTION('',(1.,0.,0.));
#13096 = PCURVE('',#12822,#13097);
#13097 = DEFINITIONAL_REPRESENTATION('',(#13098),#13102);
#13098 = LINE('',#13099,#13100);
#13099 = CARTESIAN_POINT('',(-0.,-3.2));
#13100 = VECTOR('',#13101,1.);
#13101 = DIRECTION('',(-1.,0.));
#13102 = ( GEOMETRIC_REPRESENTATION_CONTEXT(2) 
PARAMETRIC_REPRESENTATION_CONTEXT() REPRESENTATION_CONTEXT('2D SPACE',''
  ) );
#13103 = PCURVE('',#13104,#13109);
#13104 = PLANE('',#13105);
#13105 = AXIS2_PLACEMENT_3D('',#13106,#13107,#13108);
#13106 = CARTESIAN_POINT('',(-27.5,-47.63139720814,5.6));
#13107 = DIRECTION('',(0.,0.,1.));
#13108 = DIRECTION('',(1.,0.,-0.));
#13109 = DEFINITIONAL_REPRESENTATION('',(#13110),#13114);
#13110 = CIRCLE('',#13111,1.6);
#13111 = AXIS2_PLACEMENT_2D('',#13112,#13113);
#13112 = CARTESIAN_POINT('',(0.,0.));
#13113 = DIRECTION('',(1.,0.));
#13114 = ( GEOMETRIC_REPRESENTATION_CONTEXT(2) 
PARAMETRIC_REPRESENTATION_CONTEXT() REPRESENTATION_CONTEXT('2D SPACE',''
  ) );
#13115 = ORIENTED_EDGE('',*,*,#13066,.F.);
#13116 = ORIENTED_EDGE('',*,*,#12805,.F.);
#13117 = ADVANCED_FACE('',(#13118),#12853,.F.);
#13118 = FACE_BOUND('',#13119,.T.);
#13119 = EDGE_LOOP('',(#13120,#13143,#13170,#13171));
#13120 = ORIENTED_EDGE('',*,*,#13121,.T.);
#13121 = EDGE_CURVE('',#12837,#13122,#13124,.T.);
#13122 = VERTEX_POINT('',#13123);
#13123 = CARTESIAN_POINT('',(29.1,-47.63139720814,5.6));
#13124 = SEAM_CURVE('',#13125,(#13129,#13136),.PCURVE_S1.);
#13125 = LINE('',#13126,#13127);
#13126 = CARTESIAN_POINT('',(29.1,-47.63139720814,2.4));
#13127 = VECTOR('',#13128,1.);
#13128 = DIRECTION('',(0.,0.,1.));
#13129 = PCURVE('',#12853,#13130);
#13130 = DEFINITIONAL_REPRESENTATION('',(#13131),#13135);
#13131 = LINE('',#13132,#13133);
#13132 = CARTESIAN_POINT('',(-0.,0.));
#13133 = VECTOR('',#13134,1.);
#13134 = DIRECTION('',(-0.,-1.));
#13135 = ( GEOMETRIC_REPRESENTATION_CONTEXT(2) 
PARAMETRIC_REPRESENTATION_CONTEXT() REPRESENTATION_CONTEXT('2D SPACE',''
  ) );
#13136 = PCURVE('',#12853,#13137);
#13137 = DEFINITIONAL_REPRESENTATION('',(#13138),#13142);
#13138 = LINE('',#13139,#13140);
#13139 = CARTESIAN_POINT('',(-6.28318530718,0.));
#13140 = VECTOR('',#13141,1.);
#13141 = DIRECTION('',(-0.,-1.));
#13142 = ( GEOMETRIC_REPRESENTATION_CONTEXT(2) 
PARAMETRIC_REPRESENTATION_CONTEXT() REPRESENTATION_CONTEXT('2D SPACE',''
  ) );
#13143 = ORIENTED_EDGE('',*,*,#13144,.T.);
#13144 = EDGE_CURVE('',#13122,#13122,#13145,.T.);
#13145 = SURFACE_CURVE('',#13146,(#13151,#13158),.PCURVE_S1.);
#13146 = CIRCLE('',#13147,1.6);
#13147 = AXIS2_PLACEMENT_3D('',#13148,#13149,#13150);
#13148 = CARTESIAN_POINT('',(27.5,-47.63139720814,5.6));
#13149 = DIRECTION('',(0.,0.,1.));
#13150 = DIRECTION('',(1.,0.,0.));
#13151 = PCURVE('',#12853,#13152);
#13152 = DEFINITIONAL_REPRESENTATION('',(#13153),#13157);
#13153 = LINE('',#13154,#13155);
#13154 = CARTESIAN_POINT('',(-0.,-3.2));
#13155 = VECTOR('',#13156,1.);
#13156 = DIRECTION('',(-1.,0.));
#13157 = ( GEOMETRIC_REPRESENTATION_CONTEXT(2) 
PARAMETRIC_REPRESENTATION_CONTEXT() REPRESENTATION_CONTEXT('2D SPACE',''
  ) );
#13158 = PCURVE('',#13159,#13164);
#13159 = PLANE('',#13160);
#13160 = AXIS2_PLACEMENT_3D('',#13161,#13162,#13163);
#13161 = CARTESIAN_POINT('',(27.5,-47.63139720814,5.6));
#13162 = DIRECTION('',(0.,0.,1.));
#13163 = DIRECTION('',(1.,0.,-0.));
#13164 = DEFINITIONAL_REPRESENTATION('',(#13165),#13169);
#13165 = CIRCLE('',#13166,1.6);
#13166 = AXIS2_PLACEMENT_2D('',#13167,#13168);
#13167 = CARTESIAN_POINT('',(0.,0.));
#13168 = DIRECTION('',(1.,0.));
#13169 = ( GEOMETRIC_REPRESENTATION_CONTEXT(2) 
PARAMETRIC_REPRESENTATION_CONTEXT() REPRESENTATION_CONTEXT('2D SPACE',''
  ) );
#13170 = ORIENTED_EDGE('',*,*,#13121,.F.);
#13171 = ORIENTED_EDGE('',*,*,#12836,.F.);
#13172 = ADVANCED_FACE('',(#13173),#12884,.F.);
#13173 = FACE_BOUND('',#13174,.T.);
#13174 = EDGE_LOOP('',(#13175,#13198,#13225,#13226));
#13175 = ORIENTED_EDGE('',*,*,#13176,.T.);
#13176 = EDGE_CURVE('',#12868,#13177,#13179,.T.);
#13177 = VERTEX_POINT('',#13178);
#13178 = CARTESIAN_POINT('',(-53.4,6.73555739531E-15,5.6));
#13179 = SEAM_CURVE('',#13180,(#13184,#13191),.PCURVE_S1.);
#13180 = LINE('',#13181,#13182);
#13181 = CARTESIAN_POINT('',(-53.4,6.73555739531E-15,2.4));
#13182 = VECTOR('',#13183,1.);
#13183 = DIRECTION('',(0.,0.,1.));
#13184 = PCURVE('',#12884,#13185);
#13185 = DEFINITIONAL_REPRESENTATION('',(#13186),#13190);
#13186 = LINE('',#13187,#13188);
#13187 = CARTESIAN_POINT('',(-0.,0.));
#13188 = VECTOR('',#13189,1.);
#13189 = DIRECTION('',(-0.,-1.));
#13190 = ( GEOMETRIC_REPRESENTATION_CONTEXT(2) 
PARAMETRIC_REPRESENTATION_CONTEXT() REPRESENTATION_CONTEXT('2D SPACE',''
  ) );
#13191 = PCURVE('',#12884,#13192);
#13192 = DEFINITIONAL_REPRESENTATION('',(#13193),#13197);
#13193 = LINE('',#13194,#13195);
#13194 = CARTESIAN_POINT('',(-6.28318530718,0.));
#13195 = VECTOR('',#13196,1.);
#13196 = DIRECTION('',(-0.,-1.));
#13197 = ( GEOMETRIC_REPRESENTATION_CONTEXT(2) 
PARAMETRIC_REPRESENTATION_CONTEXT() REPRESENTATION_CONTEXT('2D SPACE',''
  ) );
#13198 = ORIENTED_EDGE('',*,*,#13199,.T.);
#13199 = EDGE_CURVE('',#13177,#13177,#13200,.T.);
#13200 = SURFACE_CURVE('',#13201,(#13206,#13213),.PCURVE_S1.);
#13201 = CIRCLE('',#13202,1.6);
#13202 = AXIS2_PLACEMENT_3D('',#13203,#13204,#13205);
#13203 = CARTESIAN_POINT('',(-55.,6.73555739531E-15,5.6));
#13204 = DIRECTION('',(0.,0.,1.));
#13205 = DIRECTION('',(1.,0.,0.));
#13206 = PCURVE('',#12884,#13207);
#13207 = DEFINITIONAL_REPRESENTATION('',(#13208),#13212);
#13208 = LINE('',#13209,#13210);
#13209 = CARTESIAN_POINT('',(-0.,-3.2));
#13210 = VECTOR('',#13211,1.);
#13211 = DIRECTION('',(-1.,0.));
#13212 = ( GEOMETRIC_REPRESENTATION_CONTEXT(2) 
PARAMETRIC_REPRESENTATION_CONTEXT() REPRESENTATION_CONTEXT('2D SPACE',''
  ) );
#13213 = PCURVE('',#13214,#13219);
#13214 = PLANE('',#13215);
#13215 = AXIS2_PLACEMENT_3D('',#13216,#13217,#13218);
#13216 = CARTESIAN_POINT('',(-55.,6.883905420065E-15,5.6));
#13217 = DIRECTION('',(0.,0.,1.));
#13218 = DIRECTION('',(1.,0.,-0.));
#13219 = DEFINITIONAL_REPRESENTATION('',(#13220),#13224);
#13220 = CIRCLE('',#13221,1.6);
#13221 = AXIS2_PLACEMENT_2D('',#13222,#13223);
#13222 = CARTESIAN_POINT('',(0.,-1.483480247548E-16));
#13223 = DIRECTION('',(1.,0.));
#13224 = ( GEOMETRIC_REPRESENTATION_CONTEXT(2) 
PARAMETRIC_REPRESENTATION_CONTEXT() REPRESENTATION_CONTEXT('2D SPACE',''
  ) );
#13225 = ORIENTED_EDGE('',*,*,#13176,.F.);
#13226 = ORIENTED_EDGE('',*,*,#12867,.F.);
#13227 = ADVANCED_FACE('',(#13228),#12915,.F.);
#13228 = FACE_BOUND('',#13229,.T.);
#13229 = EDGE_LOOP('',(#13230,#13253,#13280,#13281));
#13230 = ORIENTED_EDGE('',*,*,#13231,.T.);
#13231 = EDGE_CURVE('',#12899,#13232,#13234,.T.);
#13232 = VERTEX_POINT('',#13233);
#13233 = CARTESIAN_POINT('',(-25.9,47.631397208144,5.6));
#13234 = SEAM_CURVE('',#13235,(#13239,#13246),.PCURVE_S1.);
#13235 = LINE('',#13236,#13237);
#13236 = CARTESIAN_POINT('',(-25.9,47.631397208144,2.4));
#13237 = VECTOR('',#13238,1.);
#13238 = DIRECTION('',(0.,0.,1.));
#13239 = PCURVE('',#12915,#13240);
#13240 = DEFINITIONAL_REPRESENTATION('',(#13241),#13245);
#13241 = LINE('',#13242,#13243);
#13242 = CARTESIAN_POINT('',(-0.,0.));
#13243 = VECTOR('',#13244,1.);
#13244 = DIRECTION('',(-0.,-1.));
#13245 = ( GEOMETRIC_REPRESENTATION_CONTEXT(2) 
PARAMETRIC_REPRESENTATION_CONTEXT() REPRESENTATION_CONTEXT('2D SPACE',''
  ) );
#13246 = PCURVE('',#12915,#13247);
#13247 = DEFINITIONAL_REPRESENTATION('',(#13248),#13252);
#13248 = LINE('',#13249,#13250);
#13249 = CARTESIAN_POINT('',(-6.28318530718,0.));
#13250 = VECTOR('',#13251,1.);
#13251 = DIRECTION('',(-0.,-1.));
#13252 = ( GEOMETRIC_REPRESENTATION_CONTEXT(2) 
PARAMETRIC_REPRESENTATION_CONTEXT() REPRESENTATION_CONTEXT('2D SPACE',''
  ) );
#13253 = ORIENTED_EDGE('',*,*,#13254,.T.);
#13254 = EDGE_CURVE('',#13232,#13232,#13255,.T.);
#13255 = SURFACE_CURVE('',#13256,(#13261,#13268),.PCURVE_S1.);
#13256 = CIRCLE('',#13257,1.6);
#13257 = AXIS2_PLACEMENT_3D('',#13258,#13259,#13260);
#13258 = CARTESIAN_POINT('',(-27.5,47.631397208144,5.6));
#13259 = DIRECTION('',(0.,0.,1.));
#13260 = DIRECTION('',(1.,0.,0.));
#13261 = PCURVE('',#12915,#13262);
#13262 = DEFINITIONAL_REPRESENTATION('',(#13263),#13267);
#13263 = LINE('',#13264,#13265);
#13264 = CARTESIAN_POINT('',(-0.,-3.2));
#13265 = VECTOR('',#13266,1.);
#13266 = DIRECTION('',(-1.,0.));
#13267 = ( GEOMETRIC_REPRESENTATION_CONTEXT(2) 
PARAMETRIC_REPRESENTATION_CONTEXT() REPRESENTATION_CONTEXT('2D SPACE',''
  ) );
#13268 = PCURVE('',#13269,#13274);
#13269 = PLANE('',#13270);
#13270 = AXIS2_PLACEMENT_3D('',#13271,#13272,#13273);
#13271 = CARTESIAN_POINT('',(-27.5,47.631397208144,5.6));
#13272 = DIRECTION('',(0.,0.,1.));
#13273 = DIRECTION('',(1.,0.,-0.));
#13274 = DEFINITIONAL_REPRESENTATION('',(#13275),#13279);
#13275 = CIRCLE('',#13276,1.6);
#13276 = AXIS2_PLACEMENT_2D('',#13277,#13278);
#13277 = CARTESIAN_POINT('',(0.,0.));
#13278 = DIRECTION('',(1.,0.));
#13279 = ( GEOMETRIC_REPRESENTATION_CONTEXT(2) 
PARAMETRIC_REPRESENTATION_CONTEXT() REPRESENTATION_CONTEXT('2D SPACE',''
  ) );
#13280 = ORIENTED_EDGE('',*,*,#13231,.F.);
#13281 = ORIENTED_EDGE('',*,*,#12898,.F.);
#13282 = ADVANCED_FACE('',(#13283),#12950,.F.);
#13283 = FACE_BOUND('',#13284,.T.);
#13284 = EDGE_LOOP('',(#13285,#13286,#13309,#13336));
#13285 = ORIENTED_EDGE('',*,*,#12929,.T.);
#13286 = ORIENTED_EDGE('',*,*,#13287,.T.);
#13287 = EDGE_CURVE('',#12930,#13288,#13290,.T.);
#13288 = VERTEX_POINT('',#13289);
#13289 = CARTESIAN_POINT('',(52.4,0.,3.9));
#13290 = SEAM_CURVE('',#13291,(#13295,#13302),.PCURVE_S1.);
#13291 = LINE('',#13292,#13293);
#13292 = CARTESIAN_POINT('',(52.4,0.,2.39));
#13293 = VECTOR('',#13294,1.);
#13294 = DIRECTION('',(0.,0.,1.));
#13295 = PCURVE('',#12950,#13296);
#13296 = DEFINITIONAL_REPRESENTATION('',(#13297),#13301);
#13297 = LINE('',#13298,#13299);
#13298 = CARTESIAN_POINT('',(-6.28318530718,0.));
#13299 = VECTOR('',#13300,1.);
#13300 = DIRECTION('',(-0.,-1.));
#13301 = ( GEOMETRIC_REPRESENTATION_CONTEXT(2) 
PARAMETRIC_REPRESENTATION_CONTEXT() REPRESENTATION_CONTEXT('2D SPACE',''
  ) );
#13302 = PCURVE('',#12950,#13303);
#13303 = DEFINITIONAL_REPRESENTATION('',(#13304),#13308);
#13304 = LINE('',#13305,#13306);
#13305 = CARTESIAN_POINT('',(-0.,0.));
#13306 = VECTOR('',#13307,1.);
#13307 = DIRECTION('',(-0.,-1.));
#13308 = ( GEOMETRIC_REPRESENTATION_CONTEXT(2) 
PARAMETRIC_REPRESENTATION_CONTEXT() REPRESENTATION_CONTEXT('2D SPACE',''
  ) );
#13309 = ORIENTED_EDGE('',*,*,#13310,.T.);
#13310 = EDGE_CURVE('',#13288,#13288,#13311,.T.);
#13311 = SURFACE_CURVE('',#13312,(#13317,#13324),.PCURVE_S1.);
#13312 = CIRCLE('',#13313,52.4);
#13313 = AXIS2_PLACEMENT_3D('',#13314,#13315,#13316);
#13314 = CARTESIAN_POINT('',(0.,0.,3.9));
#13315 = DIRECTION('',(0.,0.,1.));
#13316 = DIRECTION('',(1.,0.,0.));
#13317 = PCURVE('',#12950,#13318);
#13318 = DEFINITIONAL_REPRESENTATION('',(#13319),#13323);
#13319 = LINE('',#13320,#13321);
#13320 = CARTESIAN_POINT('',(-0.,-1.51));
#13321 = VECTOR('',#13322,1.);
#13322 = DIRECTION('',(-1.,0.));
#13323 = ( GEOMETRIC_REPRESENTATION_CONTEXT(2) 
PARAMETRIC_REPRESENTATION_CONTEXT() REPRESENTATION_CONTEXT('2D SPACE',''
  ) );
#13324 = PCURVE('',#13325,#13330);
#13325 = PLANE('',#13326);
#13326 = AXIS2_PLACEMENT_3D('',#13327,#13328,#13329);
#13327 = CARTESIAN_POINT('',(-5.010467661213E-15,1.201262031631E-15,3.9)
  );
#13328 = DIRECTION('',(0.,0.,1.));
#13329 = DIRECTION('',(1.,0.,-0.));
#13330 = DEFINITIONAL_REPRESENTATION('',(#13331),#13335);
#13331 = CIRCLE('',#13332,52.4);
#13332 = AXIS2_PLACEMENT_2D('',#13333,#13334);
#13333 = CARTESIAN_POINT('',(5.010467661213E-15,-1.201262031631E-15));
#13334 = DIRECTION('',(1.,0.));
#13335 = ( GEOMETRIC_REPRESENTATION_CONTEXT(2) 
PARAMETRIC_REPRESENTATION_CONTEXT() REPRESENTATION_CONTEXT('2D SPACE',''
  ) );
#13336 = ORIENTED_EDGE('',*,*,#13287,.F.);
#13337 = ADVANCED_FACE('',(#13338),#12981,.F.);
#13338 = FACE_BOUND('',#13339,.T.);
#13339 = EDGE_LOOP('',(#13340,#13363,#13390,#13391));
#13340 = ORIENTED_EDGE('',*,*,#13341,.T.);
#13341 = EDGE_CURVE('',#12965,#13342,#13344,.T.);
#13342 = VERTEX_POINT('',#13343);
#13343 = CARTESIAN_POINT('',(56.6,0.,5.6));
#13344 = SEAM_CURVE('',#13345,(#13349,#13356),.PCURVE_S1.);
#13345 = LINE('',#13346,#13347);
#13346 = CARTESIAN_POINT('',(56.6,0.,2.4));
#13347 = VECTOR('',#13348,1.);
#13348 = DIRECTION('',(0.,0.,1.));
#13349 = PCURVE('',#12981,#13350);
#13350 = DEFINITIONAL_REPRESENTATION('',(#13351),#13355);
#13351 = LINE('',#13352,#13353);
#13352 = CARTESIAN_POINT('',(-0.,0.));
#13353 = VECTOR('',#13354,1.);
#13354 = DIRECTION('',(-0.,-1.));
#13355 = ( GEOMETRIC_REPRESENTATION_CONTEXT(2) 
PARAMETRIC_REPRESENTATION_CONTEXT() REPRESENTATION_CONTEXT('2D SPACE',''
  ) );
#13356 = PCURVE('',#12981,#13357);
#13357 = DEFINITIONAL_REPRESENTATION('',(#13358),#13362);
#13358 = LINE('',#13359,#13360);
#13359 = CARTESIAN_POINT('',(-6.28318530718,0.));
#13360 = VECTOR('',#13361,1.);
#13361 = DIRECTION('',(-0.,-1.));
#13362 = ( GEOMETRIC_REPRESENTATION_CONTEXT(2) 
PARAMETRIC_REPRESENTATION_CONTEXT() REPRESENTATION_CONTEXT('2D SPACE',''
  ) );
#13363 = ORIENTED_EDGE('',*,*,#13364,.T.);
#13364 = EDGE_CURVE('',#13342,#13342,#13365,.T.);
#13365 = SURFACE_CURVE('',#13366,(#13371,#13378),.PCURVE_S1.);
#13366 = CIRCLE('',#13367,1.6);
#13367 = AXIS2_PLACEMENT_3D('',#13368,#13369,#13370);
#13368 = CARTESIAN_POINT('',(55.,0.,5.6));
#13369 = DIRECTION('',(0.,0.,1.));
#13370 = DIRECTION('',(1.,0.,0.));
#13371 = PCURVE('',#12981,#13372);
#13372 = DEFINITIONAL_REPRESENTATION('',(#13373),#13377);
#13373 = LINE('',#13374,#13375);
#13374 = CARTESIAN_POINT('',(-0.,-3.2));
#13375 = VECTOR('',#13376,1.);
#13376 = DIRECTION('',(-1.,0.));
#13377 = ( GEOMETRIC_REPRESENTATION_CONTEXT(2) 
PARAMETRIC_REPRESENTATION_CONTEXT() REPRESENTATION_CONTEXT('2D SPACE',''
  ) );
#13378 = PCURVE('',#13379,#13384);
#13379 = PLANE('',#13380);
#13380 = AXIS2_PLACEMENT_3D('',#13381,#13382,#13383);
#13381 = CARTESIAN_POINT('',(55.,1.483480247548E-16,5.6));
#13382 = DIRECTION('',(0.,0.,1.));
#13383 = DIRECTION('',(1.,0.,-0.));
#13384 = DEFINITIONAL_REPRESENTATION('',(#13385),#13389);
#13385 = CIRCLE('',#13386,1.6);
#13386 = AXIS2_PLACEMENT_2D('',#13387,#13388);
#13387 = CARTESIAN_POINT('',(0.,-1.483480247548E-16));
#13388 = DIRECTION('',(1.,0.));
#13389 = ( GEOMETRIC_REPRESENTATION_CONTEXT(2) 
PARAMETRIC_REPRESENTATION_CONTEXT() REPRESENTATION_CONTEXT('2D SPACE',''
  ) );
#13390 = ORIENTED_EDGE('',*,*,#13341,.F.);
#13391 = ORIENTED_EDGE('',*,*,#12964,.F.);
#13392 = ADVANCED_FACE('',(#13393),#13012,.F.);
#13393 = FACE_BOUND('',#13394,.T.);
#13394 = EDGE_LOOP('',(#13395,#13418,#13445,#13446));
#13395 = ORIENTED_EDGE('',*,*,#13396,.T.);
#13396 = EDGE_CURVE('',#12996,#13397,#13399,.T.);
#13397 = VERTEX_POINT('',#13398);
#13398 = CARTESIAN_POINT('',(29.1,47.631397208144,5.6));
#13399 = SEAM_CURVE('',#13400,(#13404,#13411),.PCURVE_S1.);
#13400 = LINE('',#13401,#13402);
#13401 = CARTESIAN_POINT('',(29.1,47.631397208144,2.4));
#13402 = VECTOR('',#13403,1.);
#13403 = DIRECTION('',(0.,0.,1.));
#13404 = PCURVE('',#13012,#13405);
#13405 = DEFINITIONAL_REPRESENTATION('',(#13406),#13410);
#13406 = LINE('',#13407,#13408);
#13407 = CARTESIAN_POINT('',(-0.,0.));
#13408 = VECTOR('',#13409,1.);
#13409 = DIRECTION('',(-0.,-1.));
#13410 = ( GEOMETRIC_REPRESENTATION_CONTEXT(2) 
PARAMETRIC_REPRESENTATION_CONTEXT() REPRESENTATION_CONTEXT('2D SPACE',''
  ) );
#13411 = PCURVE('',#13012,#13412);
#13412 = DEFINITIONAL_REPRESENTATION('',(#13413),#13417);
#13413 = LINE('',#13414,#13415);
#13414 = CARTESIAN_POINT('',(-6.28318530718,0.));
#13415 = VECTOR('',#13416,1.);
#13416 = DIRECTION('',(-0.,-1.));
#13417 = ( GEOMETRIC_REPRESENTATION_CONTEXT(2) 
PARAMETRIC_REPRESENTATION_CONTEXT() REPRESENTATION_CONTEXT('2D SPACE',''
  ) );
#13418 = ORIENTED_EDGE('',*,*,#13419,.T.);
#13419 = EDGE_CURVE('',#13397,#13397,#13420,.T.);
#13420 = SURFACE_CURVE('',#13421,(#13426,#13433),.PCURVE_S1.);
#13421 = CIRCLE('',#13422,1.6);
#13422 = AXIS2_PLACEMENT_3D('',#13423,#13424,#13425);
#13423 = CARTESIAN_POINT('',(27.5,47.631397208144,5.6));
#13424 = DIRECTION('',(0.,0.,1.));
#13425 = DIRECTION('',(1.,0.,0.));
#13426 = PCURVE('',#13012,#13427);
#13427 = DEFINITIONAL_REPRESENTATION('',(#13428),#13432);
#13428 = LINE('',#13429,#13430);
#13429 = CARTESIAN_POINT('',(-0.,-3.2));
#13430 = VECTOR('',#13431,1.);
#13431 = DIRECTION('',(-1.,0.));
#13432 = ( GEOMETRIC_REPRESENTATION_CONTEXT(2) 
PARAMETRIC_REPRESENTATION_CONTEXT() REPRESENTATION_CONTEXT('2D SPACE',''
  ) );
#13433 = PCURVE('',#13434,#13439);
#13434 = PLANE('',#13435);
#13435 = AXIS2_PLACEMENT_3D('',#13436,#13437,#13438);
#13436 = CARTESIAN_POINT('',(27.5,47.631397208144,5.6));
#13437 = DIRECTION('',(0.,0.,1.));
#13438 = DIRECTION('',(1.,0.,-0.));
#13439 = DEFINITIONAL_REPRESENTATION('',(#13440),#13444);
#13440 = CIRCLE('',#13441,1.6);
#13441 = AXIS2_PLACEMENT_2D('',#13442,#13443);
#13442 = CARTESIAN_POINT('',(0.,0.));
#13443 = DIRECTION('',(1.,0.));
#13444 = ( GEOMETRIC_REPRESENTATION_CONTEXT(2) 
PARAMETRIC_REPRESENTATION_CONTEXT() REPRESENTATION_CONTEXT('2D SPACE',''
  ) );
#13445 = ORIENTED_EDGE('',*,*,#13396,.F.);
#13446 = ORIENTED_EDGE('',*,*,#12995,.F.);
#13447 = ADVANCED_FACE('',(#13448),#13051,.F.);
#13448 = FACE_BOUND('',#13449,.T.);
#13449 = EDGE_LOOP('',(#13450,#13483,#13504,#13505));
#13450 = ORIENTED_EDGE('',*,*,#13451,.T.);
#13451 = EDGE_CURVE('',#13452,#13452,#13454,.T.);
#13452 = VERTEX_POINT('',#13453);
#13453 = CARTESIAN_POINT('',(-12.,-19.,51.3));
#13454 = SURFACE_CURVE('',#13455,(#13460,#13467),.PCURVE_S1.);
#13455 = CIRCLE('',#13456,6.);
#13456 = AXIS2_PLACEMENT_3D('',#13457,#13458,#13459);
#13457 = CARTESIAN_POINT('',(-18.,-19.,51.3));
#13458 = DIRECTION('',(0.,0.,-1.));
#13459 = DIRECTION('',(1.,0.,0.));
#13460 = PCURVE('',#13051,#13461);
#13461 = DEFINITIONAL_REPRESENTATION('',(#13462),#13466);
#13462 = LINE('',#13463,#13464);
#13463 = CARTESIAN_POINT('',(-6.28318530718,-0.91));
#13464 = VECTOR('',#13465,1.);
#13465 = DIRECTION('',(1.,-0.));
#13466 = ( GEOMETRIC_REPRESENTATION_CONTEXT(2) 
PARAMETRIC_REPRESENTATION_CONTEXT() REPRESENTATION_CONTEXT('2D SPACE',''
  ) );
#13467 = PCURVE('',#13468,#13473);
#13468 = PLANE('',#13469);
#13469 = AXIS2_PLACEMENT_3D('',#13470,#13471,#13472);
#13470 = CARTESIAN_POINT('',(-18.,-19.,51.3));
#13471 = DIRECTION('',(0.,0.,1.));
#13472 = DIRECTION('',(1.,0.,-0.));
#13473 = DEFINITIONAL_REPRESENTATION('',(#13474),#13482);
#13474 = ( BOUNDED_CURVE() B_SPLINE_CURVE(2,(#13475,#13476,#13477,#13478
    ,#13479,#13480,#13481),.UNSPECIFIED.,.T.,.F.) 
B_SPLINE_CURVE_WITH_KNOTS((1,2,2,2,2,1),(-2.094395102393,0.,
    2.094395102393,4.188790204786,6.28318530718,8.377580409573),
.UNSPECIFIED.) CURVE() GEOMETRIC_REPRESENTATION_ITEM() 
RATIONAL_B_SPLINE_CURVE((1.,0.5,1.,0.5,1.,0.5,1.)) REPRESENTATION_ITEM(
  '') );
#13475 = CARTESIAN_POINT('',(6.,0.));
#13476 = CARTESIAN_POINT('',(6.,-10.39230484541));
#13477 = CARTESIAN_POINT('',(-3.,-5.196152422707));
#13478 = CARTESIAN_POINT('',(-12.,-1.469576158977E-15));
#13479 = CARTESIAN_POINT('',(-3.,5.196152422707));
#13480 = CARTESIAN_POINT('',(6.,10.392304845413));
#13481 = CARTESIAN_POINT('',(6.,0.));
#13482 = ( GEOMETRIC_REPRESENTATION_CONTEXT(2) 
PARAMETRIC_REPRESENTATION_CONTEXT() REPRESENTATION_CONTEXT('2D SPACE',''
  ) );
#13483 = ORIENTED_EDGE('',*,*,#13484,.T.);
#13484 = EDGE_CURVE('',#13452,#13031,#13485,.T.);
#13485 = SEAM_CURVE('',#13486,(#13490,#13497),.PCURVE_S1.);
#13486 = LINE('',#13487,#13488);
#13487 = CARTESIAN_POINT('',(-12.,-19.,50.39));
#13488 = VECTOR('',#13489,1.);
#13489 = DIRECTION('',(0.,0.,1.));
#13490 = PCURVE('',#13051,#13491);
#13491 = DEFINITIONAL_REPRESENTATION('',(#13492),#13496);
#13492 = LINE('',#13493,#13494);
#13493 = CARTESIAN_POINT('',(-6.28318530718,0.));
#13494 = VECTOR('',#13495,1.);
#13495 = DIRECTION('',(-0.,-1.));
#13496 = ( GEOMETRIC_REPRESENTATION_CONTEXT(2) 
PARAMETRIC_REPRESENTATION_CONTEXT() REPRESENTATION_CONTEXT('2D SPACE',''
  ) );
#13497 = PCURVE('',#13051,#13498);
#13498 = DEFINITIONAL_REPRESENTATION('',(#13499),#13503);
#13499 = LINE('',#13500,#13501);
#13500 = CARTESIAN_POINT('',(-0.,0.));
#13501 = VECTOR('',#13502,1.);
#13502 = DIRECTION('',(-0.,-1.));
#13503 = ( GEOMETRIC_REPRESENTATION_CONTEXT(2) 
PARAMETRIC_REPRESENTATION_CONTEXT() REPRESENTATION_CONTEXT('2D SPACE',''
  ) );
#13504 = ORIENTED_EDGE('',*,*,#13030,.F.);
#13505 = ORIENTED_EDGE('',*,*,#13484,.F.);
#13506 = ADVANCED_FACE('',(#13507),#13104,.F.);
#13507 = FACE_BOUND('',#13508,.F.);
#13508 = EDGE_LOOP('',(#13509));
#13509 = ORIENTED_EDGE('',*,*,#13089,.T.);
#13510 = ADVANCED_FACE('',(#13511),#13159,.F.);
#13511 = FACE_BOUND('',#13512,.F.);
#13512 = EDGE_LOOP('',(#13513));
#13513 = ORIENTED_EDGE('',*,*,#13144,.T.);
#13514 = ADVANCED_FACE('',(#13515),#13214,.F.);
#13515 = FACE_BOUND('',#13516,.F.);
#13516 = EDGE_LOOP('',(#13517));
#13517 = ORIENTED_EDGE('',*,*,#13199,.T.);
#13518 = ADVANCED_FACE('',(#13519),#13269,.F.);
#13519 = FACE_BOUND('',#13520,.F.);
#13520 = EDGE_LOOP('',(#13521));
#13521 = ORIENTED_EDGE('',*,*,#13254,.T.);
#13522 = ADVANCED_FACE('',(#13523,#13526),#13325,.F.);
#13523 = FACE_BOUND('',#13524,.F.);
#13524 = EDGE_LOOP('',(#13525));
#13525 = ORIENTED_EDGE('',*,*,#13310,.T.);
#13526 = FACE_BOUND('',#13527,.F.);
#13527 = EDGE_LOOP('',(#13528));
#13528 = ORIENTED_EDGE('',*,*,#13529,.T.);
#13529 = EDGE_CURVE('',#13530,#13530,#13532,.T.);
#13530 = VERTEX_POINT('',#13531);
#13531 = CARTESIAN_POINT('',(49.6,0.,3.9));
#13532 = SURFACE_CURVE('',#13533,(#13538,#13549),.PCURVE_S1.);
#13533 = CIRCLE('',#13534,49.6);
#13534 = AXIS2_PLACEMENT_3D('',#13535,#13536,#13537);
#13535 = CARTESIAN_POINT('',(0.,0.,3.9));
#13536 = DIRECTION('',(0.,0.,-1.));
#13537 = DIRECTION('',(1.,0.,0.));
#13538 = PCURVE('',#13325,#13539);
#13539 = DEFINITIONAL_REPRESENTATION('',(#13540),#13548);
#13540 = ( BOUNDED_CURVE() B_SPLINE_CURVE(2,(#13541,#13542,#13543,#13544
    ,#13545,#13546,#13547),.UNSPECIFIED.,.T.,.F.) 
B_SPLINE_CURVE_WITH_KNOTS((1,2,2,2,2,1),(-2.094395102393,0.,
    2.094395102393,4.188790204786,6.28318530718,8.377580409573),
.UNSPECIFIED.) CURVE() GEOMETRIC_REPRESENTATION_ITEM() 
RATIONAL_B_SPLINE_CURVE((1.,0.5,1.,0.5,1.,0.5,1.)) REPRESENTATION_ITEM(
  '') );
#13541 = CARTESIAN_POINT('',(49.6,-1.201262031631E-15));
#13542 = CARTESIAN_POINT('',(49.6,-85.90972005541));
#13543 = CARTESIAN_POINT('',(-24.8,-42.9548600277));
#13544 = CARTESIAN_POINT('',(-99.2,-1.334975827917E-14));
#13545 = CARTESIAN_POINT('',(-24.8,42.954860027708));
#13546 = CARTESIAN_POINT('',(49.6,85.909720055416));
#13547 = CARTESIAN_POINT('',(49.6,-1.201262031631E-15));
#13548 = ( GEOMETRIC_REPRESENTATION_CONTEXT(2) 
PARAMETRIC_REPRESENTATION_CONTEXT() REPRESENTATION_CONTEXT('2D SPACE',''
  ) );
#13549 = PCURVE('',#13550,#13555);
#13550 = CYLINDRICAL_SURFACE('',#13551,49.6);
#13551 = AXIS2_PLACEMENT_3D('',#13552,#13553,#13554);
#13552 = CARTESIAN_POINT('',(0.,0.,2.38));
#13553 = DIRECTION('',(-0.,-0.,-1.));
#13554 = DIRECTION('',(1.,0.,0.));
#13555 = DEFINITIONAL_REPRESENTATION('',(#13556),#13560);
#13556 = LINE('',#13557,#13558);
#13557 = CARTESIAN_POINT('',(-6.28318530718,-1.52));
#13558 = VECTOR('',#13559,1.);
#13559 = DIRECTION('',(1.,-0.));
#13560 = ( GEOMETRIC_REPRESENTATION_CONTEXT(2) 
PARAMETRIC_REPRESENTATION_CONTEXT() REPRESENTATION_CONTEXT('2D SPACE',''
  ) );
#13561 = ADVANCED_FACE('',(#13562),#13379,.F.);
#13562 = FACE_BOUND('',#13563,.F.);
#13563 = EDGE_LOOP('',(#13564));
#13564 = ORIENTED_EDGE('',*,*,#13364,.T.);
#13565 = ADVANCED_FACE('',(#13566),#13434,.F.);
#13566 = FACE_BOUND('',#13567,.F.);
#13567 = EDGE_LOOP('',(#13568));
#13568 = ORIENTED_EDGE('',*,*,#13419,.T.);
#13569 = ADVANCED_FACE('',(#13570,#13601),#13468,.F.);
#13570 = FACE_BOUND('',#13571,.F.);
#13571 = EDGE_LOOP('',(#13572));
#13572 = ORIENTED_EDGE('',*,*,#13573,.T.);
#13573 = EDGE_CURVE('',#13574,#13574,#13576,.T.);
#13574 = VERTEX_POINT('',#13575);
#13575 = CARTESIAN_POINT('',(-9.,-19.,51.3));
#13576 = SURFACE_CURVE('',#13577,(#13582,#13589),.PCURVE_S1.);
#13577 = CIRCLE('',#13578,9.);
#13578 = AXIS2_PLACEMENT_3D('',#13579,#13580,#13581);
#13579 = CARTESIAN_POINT('',(-18.,-19.,51.3));
#13580 = DIRECTION('',(0.,0.,1.));
#13581 = DIRECTION('',(1.,0.,0.));
#13582 = PCURVE('',#13468,#13583);
#13583 = DEFINITIONAL_REPRESENTATION('',(#13584),#13588);
#13584 = CIRCLE('',#13585,9.);
#13585 = AXIS2_PLACEMENT_2D('',#13586,#13587);
#13586 = CARTESIAN_POINT('',(0.,0.));
#13587 = DIRECTION('',(1.,0.));
#13588 = ( GEOMETRIC_REPRESENTATION_CONTEXT(2) 
PARAMETRIC_REPRESENTATION_CONTEXT() REPRESENTATION_CONTEXT('2D SPACE',''
  ) );
#13589 = PCURVE('',#13590,#13595);
#13590 = CYLINDRICAL_SURFACE('',#13591,9.);
#13591 = AXIS2_PLACEMENT_3D('',#13592,#13593,#13594);
#13592 = CARTESIAN_POINT('',(-18.,-19.,50.39));
#13593 = DIRECTION('',(-0.,-0.,-1.));
#13594 = DIRECTION('',(1.,0.,0.));
#13595 = DEFINITIONAL_REPRESENTATION('',(#13596),#13600);
#13596 = LINE('',#13597,#13598);
#13597 = CARTESIAN_POINT('',(-0.,-0.91));
#13598 = VECTOR('',#13599,1.);
#13599 = DIRECTION('',(-1.,0.));
#13600 = ( GEOMETRIC_REPRESENTATION_CONTEXT(2) 
PARAMETRIC_REPRESENTATION_CONTEXT() REPRESENTATION_CONTEXT('2D SPACE',''
  ) );
#13601 = FACE_BOUND('',#13602,.F.);
#13602 = EDGE_LOOP('',(#13603));
#13603 = ORIENTED_EDGE('',*,*,#13451,.T.);
#13604 = ADVANCED_FACE('',(#13605),#13550,.T.);
#13605 = FACE_BOUND('',#13606,.F.);
#13606 = EDGE_LOOP('',(#13607,#13640,#13661,#13662));
#13607 = ORIENTED_EDGE('',*,*,#13608,.T.);
#13608 = EDGE_CURVE('',#13609,#13609,#13611,.T.);
#13609 = VERTEX_POINT('',#13610);
#13610 = CARTESIAN_POINT('',(49.6,0.,2.4));
#13611 = SURFACE_CURVE('',#13612,(#13617,#13624),.PCURVE_S1.);
#13612 = CIRCLE('',#13613,49.6);
#13613 = AXIS2_PLACEMENT_3D('',#13614,#13615,#13616);
#13614 = CARTESIAN_POINT('',(0.,0.,2.4));
#13615 = DIRECTION('',(0.,0.,-1.));
#13616 = DIRECTION('',(1.,0.,0.));
#13617 = PCURVE('',#13550,#13618);
#13618 = DEFINITIONAL_REPRESENTATION('',(#13619),#13623);
#13619 = LINE('',#13620,#13621);
#13620 = CARTESIAN_POINT('',(-6.28318530718,-2.E-02));
#13621 = VECTOR('',#13622,1.);
#13622 = DIRECTION('',(1.,-0.));
#13623 = ( GEOMETRIC_REPRESENTATION_CONTEXT(2) 
PARAMETRIC_REPRESENTATION_CONTEXT() REPRESENTATION_CONTEXT('2D SPACE',''
  ) );
#13624 = PCURVE('',#13625,#13630);
#13625 = PLANE('',#13626);
#13626 = AXIS2_PLACEMENT_3D('',#13627,#13628,#13629);
#13627 = CARTESIAN_POINT('',(-3.01779891319E-15,3.667947348029E-15,2.4)
  );
#13628 = DIRECTION('',(0.,0.,1.));
#13629 = DIRECTION('',(1.,0.,-0.));
#13630 = DEFINITIONAL_REPRESENTATION('',(#13631),#13639);
#13631 = ( BOUNDED_CURVE() B_SPLINE_CURVE(2,(#13632,#13633,#13634,#13635
    ,#13636,#13637,#13638),.UNSPECIFIED.,.T.,.F.) 
B_SPLINE_CURVE_WITH_KNOTS((1,2,2,2,2,1),(-2.094395102393,0.,
    2.094395102393,4.188790204786,6.28318530718,8.377580409573),
.UNSPECIFIED.) CURVE() GEOMETRIC_REPRESENTATION_ITEM() 
RATIONAL_B_SPLINE_CURVE((1.,0.5,1.,0.5,1.,0.5,1.)) REPRESENTATION_ITEM(
  '') );
#13632 = CARTESIAN_POINT('',(49.6,-3.667947348029E-15));
#13633 = CARTESIAN_POINT('',(49.6,-85.90972005541));
#13634 = CARTESIAN_POINT('',(-24.8,-42.9548600277));
#13635 = CARTESIAN_POINT('',(-99.2,-1.581644359557E-14));
#13636 = CARTESIAN_POINT('',(-24.8,42.954860027708));
#13637 = CARTESIAN_POINT('',(49.6,85.909720055416));
#13638 = CARTESIAN_POINT('',(49.6,-3.667947348029E-15));
#13639 = ( GEOMETRIC_REPRESENTATION_CONTEXT(2) 
PARAMETRIC_REPRESENTATION_CONTEXT() REPRESENTATION_CONTEXT('2D SPACE',''
  ) );
#13640 = ORIENTED_EDGE('',*,*,#13641,.T.);
#13641 = EDGE_CURVE('',#13609,#13530,#13642,.T.);
#13642 = SEAM_CURVE('',#13643,(#13647,#13654),.PCURVE_S1.);
#13643 = LINE('',#13644,#13645);
#13644 = CARTESIAN_POINT('',(49.6,0.,2.38));
#13645 = VECTOR('',#13646,1.);
#13646 = DIRECTION('',(0.,0.,1.));
#13647 = PCURVE('',#13550,#13648);
#13648 = DEFINITIONAL_REPRESENTATION('',(#13649),#13653);
#13649 = LINE('',#13650,#13651);
#13650 = CARTESIAN_POINT('',(-6.28318530718,0.));
#13651 = VECTOR('',#13652,1.);
#13652 = DIRECTION('',(-0.,-1.));
#13653 = ( GEOMETRIC_REPRESENTATION_CONTEXT(2) 
PARAMETRIC_REPRESENTATION_CONTEXT() REPRESENTATION_CONTEXT('2D SPACE',''
  ) );
#13654 = PCURVE('',#13550,#13655);
#13655 = DEFINITIONAL_REPRESENTATION('',(#13656),#13660);
#13656 = LINE('',#13657,#13658);
#13657 = CARTESIAN_POINT('',(-0.,0.));
#13658 = VECTOR('',#13659,1.);
#13659 = DIRECTION('',(-0.,-1.));
#13660 = ( GEOMETRIC_REPRESENTATION_CONTEXT(2) 
PARAMETRIC_REPRESENTATION_CONTEXT() REPRESENTATION_CONTEXT('2D SPACE',''
  ) );
#13661 = ORIENTED_EDGE('',*,*,#13529,.F.);
#13662 = ORIENTED_EDGE('',*,*,#13641,.F.);
#13663 = ADVANCED_FACE('',(#13664),#13590,.F.);
#13664 = FACE_BOUND('',#13665,.T.);
#13665 = EDGE_LOOP('',(#13666,#13699,#13720,#13721));
#13666 = ORIENTED_EDGE('',*,*,#13667,.T.);
#13667 = EDGE_CURVE('',#13668,#13668,#13670,.T.);
#13668 = VERTEX_POINT('',#13669);
#13669 = CARTESIAN_POINT('',(-9.,-19.,50.4));
#13670 = SURFACE_CURVE('',#13671,(#13676,#13683),.PCURVE_S1.);
#13671 = CIRCLE('',#13672,9.);
#13672 = AXIS2_PLACEMENT_3D('',#13673,#13674,#13675);
#13673 = CARTESIAN_POINT('',(-18.,-19.,50.4));
#13674 = DIRECTION('',(0.,0.,-1.));
#13675 = DIRECTION('',(1.,0.,0.));
#13676 = PCURVE('',#13590,#13677);
#13677 = DEFINITIONAL_REPRESENTATION('',(#13678),#13682);
#13678 = LINE('',#13679,#13680);
#13679 = CARTESIAN_POINT('',(-6.28318530718,-9.999999999998E-03));
#13680 = VECTOR('',#13681,1.);
#13681 = DIRECTION('',(1.,-0.));
#13682 = ( GEOMETRIC_REPRESENTATION_CONTEXT(2) 
PARAMETRIC_REPRESENTATION_CONTEXT() REPRESENTATION_CONTEXT('2D SPACE',''
  ) );
#13683 = PCURVE('',#13684,#13689);
#13684 = PLANE('',#13685);
#13685 = AXIS2_PLACEMENT_3D('',#13686,#13687,#13688);
#13686 = CARTESIAN_POINT('',(-1.57403180724E-15,8.783848800595E-16,50.4)
  );
#13687 = DIRECTION('',(0.,0.,1.));
#13688 = DIRECTION('',(1.,0.,-0.));
#13689 = DEFINITIONAL_REPRESENTATION('',(#13690),#13698);
#13690 = ( BOUNDED_CURVE() B_SPLINE_CURVE(2,(#13691,#13692,#13693,#13694
    ,#13695,#13696,#13697),.UNSPECIFIED.,.T.,.F.) 
B_SPLINE_CURVE_WITH_KNOTS((1,2,2,2,2,1),(-2.094395102393,0.,
    2.094395102393,4.188790204786,6.28318530718,8.377580409573),
.UNSPECIFIED.) CURVE() GEOMETRIC_REPRESENTATION_ITEM() 
RATIONAL_B_SPLINE_CURVE((1.,0.5,1.,0.5,1.,0.5,1.)) REPRESENTATION_ITEM(
  '') );
#13691 = CARTESIAN_POINT('',(-9.,-19.));
#13692 = CARTESIAN_POINT('',(-9.,-34.58845726812));
#13693 = CARTESIAN_POINT('',(-22.5,-26.79422863406));
#13694 = CARTESIAN_POINT('',(-36.,-19.));
#13695 = CARTESIAN_POINT('',(-22.5,-11.20577136594));
#13696 = CARTESIAN_POINT('',(-9.,-3.41154273188));
#13697 = CARTESIAN_POINT('',(-9.,-19.));
#13698 = ( GEOMETRIC_REPRESENTATION_CONTEXT(2) 
PARAMETRIC_REPRESENTATION_CONTEXT() REPRESENTATION_CONTEXT('2D SPACE',''
  ) );
#13699 = ORIENTED_EDGE('',*,*,#13700,.T.);
#13700 = EDGE_CURVE('',#13668,#13574,#13701,.T.);
#13701 = SEAM_CURVE('',#13702,(#13706,#13713),.PCURVE_S1.);
#13702 = LINE('',#13703,#13704);
#13703 = CARTESIAN_POINT('',(-9.,-19.,50.39));
#13704 = VECTOR('',#13705,1.);
#13705 = DIRECTION('',(0.,0.,1.));
#13706 = PCURVE('',#13590,#13707);
#13707 = DEFINITIONAL_REPRESENTATION('',(#13708),#13712);
#13708 = LINE('',#13709,#13710);
#13709 = CARTESIAN_POINT('',(-6.28318530718,0.));
#13710 = VECTOR('',#13711,1.);
#13711 = DIRECTION('',(-0.,-1.));
#13712 = ( GEOMETRIC_REPRESENTATION_CONTEXT(2) 
PARAMETRIC_REPRESENTATION_CONTEXT() REPRESENTATION_CONTEXT('2D SPACE',''
  ) );
#13713 = PCURVE('',#13590,#13714);
#13714 = DEFINITIONAL_REPRESENTATION('',(#13715),#13719);
#13715 = LINE('',#13716,#13717);
#13716 = CARTESIAN_POINT('',(-0.,0.));
#13717 = VECTOR('',#13718,1.);
#13718 = DIRECTION('',(-0.,-1.));
#13719 = ( GEOMETRIC_REPRESENTATION_CONTEXT(2) 
PARAMETRIC_REPRESENTATION_CONTEXT() REPRESENTATION_CONTEXT('2D SPACE',''
  ) );
#13720 = ORIENTED_EDGE('',*,*,#13573,.T.);
#13721 = ORIENTED_EDGE('',*,*,#13700,.F.);
#13722 = ADVANCED_FACE('',(#13723,#13726),#13625,.F.);
#13723 = FACE_BOUND('',#13724,.F.);
#13724 = EDGE_LOOP('',(#13725));
#13725 = ORIENTED_EDGE('',*,*,#13608,.F.);
#13726 = FACE_BOUND('',#13727,.F.);
#13727 = EDGE_LOOP('',(#13728));
#13728 = ORIENTED_EDGE('',*,*,#13729,.T.);
#13729 = EDGE_CURVE('',#13730,#13730,#13732,.T.);
#13730 = VERTEX_POINT('',#13731);
#13731 = CARTESIAN_POINT('',(49.,0.,2.4));
#13732 = SURFACE_CURVE('',#13733,(#13738,#13749),.PCURVE_S1.);
#13733 = CIRCLE('',#13734,49.);
#13734 = AXIS2_PLACEMENT_3D('',#13735,#13736,#13737);
#13735 = CARTESIAN_POINT('',(0.,0.,2.4));
#13736 = DIRECTION('',(0.,0.,-1.));
#13737 = DIRECTION('',(1.,0.,0.));
#13738 = PCURVE('',#13625,#13739);
#13739 = DEFINITIONAL_REPRESENTATION('',(#13740),#13748);
#13740 = ( BOUNDED_CURVE() B_SPLINE_CURVE(2,(#13741,#13742,#13743,#13744
    ,#13745,#13746,#13747),.UNSPECIFIED.,.T.,.F.) 
B_SPLINE_CURVE_WITH_KNOTS((1,2,2,2,2,1),(-2.094395102393,0.,
    2.094395102393,4.188790204786,6.28318530718,8.377580409573),
.UNSPECIFIED.) CURVE() GEOMETRIC_REPRESENTATION_ITEM() 
RATIONAL_B_SPLINE_CURVE((1.,0.5,1.,0.5,1.,0.5,1.)) REPRESENTATION_ITEM(
  '') );
#13741 = CARTESIAN_POINT('',(49.,-3.667947348029E-15));
#13742 = CARTESIAN_POINT('',(49.,-84.87048957087));
#13743 = CARTESIAN_POINT('',(-24.5,-42.43524478543));
#13744 = CARTESIAN_POINT('',(-98.,-1.566948597967E-14));
#13745 = CARTESIAN_POINT('',(-24.5,42.435244785437));
#13746 = CARTESIAN_POINT('',(49.,84.870489570875));
#13747 = CARTESIAN_POINT('',(49.,-3.667947348029E-15));
#13748 = ( GEOMETRIC_REPRESENTATION_CONTEXT(2) 
PARAMETRIC_REPRESENTATION_CONTEXT() REPRESENTATION_CONTEXT('2D SPACE',''
  ) );
#13749 = PCURVE('',#13750,#13755);
#13750 = CYLINDRICAL_SURFACE('',#13751,49.);
#13751 = AXIS2_PLACEMENT_3D('',#13752,#13753,#13754);
#13752 = CARTESIAN_POINT('',(0.,0.,2.39));
#13753 = DIRECTION('',(-0.,-0.,-1.));
#13754 = DIRECTION('',(1.,0.,0.));
#13755 = DEFINITIONAL_REPRESENTATION('',(#13756),#13760);
#13756 = LINE('',#13757,#13758);
#13757 = CARTESIAN_POINT('',(-6.28318530718,-1.E-02));
#13758 = VECTOR('',#13759,1.);
#13759 = DIRECTION('',(1.,-0.));
#13760 = ( GEOMETRIC_REPRESENTATION_CONTEXT(2) 
PARAMETRIC_REPRESENTATION_CONTEXT() REPRESENTATION_CONTEXT('2D SPACE',''
  ) );
#13761 = ADVANCED_FACE('',(#13762,#13793,#13828,#13859,#13862,#13893,
    #13924,#13955,#13990,#14021,#14052),#13684,.F.);
#13762 = FACE_BOUND('',#13763,.F.);
#13763 = EDGE_LOOP('',(#13764));
#13764 = ORIENTED_EDGE('',*,*,#13765,.T.);
#13765 = EDGE_CURVE('',#13766,#13766,#13768,.T.);
#13766 = VERTEX_POINT('',#13767);
#13767 = CARTESIAN_POINT('',(55.6,0.,50.4));
#13768 = SURFACE_CURVE('',#13769,(#13774,#13781),.PCURVE_S1.);
#13769 = CIRCLE('',#13770,55.6);
#13770 = AXIS2_PLACEMENT_3D('',#13771,#13772,#13773);
#13771 = CARTESIAN_POINT('',(0.,0.,50.4));
#13772 = DIRECTION('',(0.,0.,1.));
#13773 = DIRECTION('',(1.,0.,0.));
#13774 = PCURVE('',#13684,#13775);
#13775 = DEFINITIONAL_REPRESENTATION('',(#13776),#13780);
#13776 = CIRCLE('',#13777,55.6);
#13777 = AXIS2_PLACEMENT_2D('',#13778,#13779);
#13778 = CARTESIAN_POINT('',(1.57403180724E-15,-8.783848800595E-16));
#13779 = DIRECTION('',(1.,0.));
#13780 = ( GEOMETRIC_REPRESENTATION_CONTEXT(2) 
PARAMETRIC_REPRESENTATION_CONTEXT() REPRESENTATION_CONTEXT('2D SPACE',''
  ) );
#13781 = PCURVE('',#13782,#13787);
#13782 = CYLINDRICAL_SURFACE('',#13783,55.6);
#13783 = AXIS2_PLACEMENT_3D('',#13784,#13785,#13786);
#13784 = CARTESIAN_POINT('',(0.,0.,6.));
#13785 = DIRECTION('',(-0.,-0.,-1.));
#13786 = DIRECTION('',(1.,0.,0.));
#13787 = DEFINITIONAL_REPRESENTATION('',(#13788),#13792);
#13788 = LINE('',#13789,#13790);
#13789 = CARTESIAN_POINT('',(-0.,-44.4));
#13790 = VECTOR('',#13791,1.);
#13791 = DIRECTION('',(-1.,0.));
#13792 = ( GEOMETRIC_REPRESENTATION_CONTEXT(2) 
PARAMETRIC_REPRESENTATION_CONTEXT() REPRESENTATION_CONTEXT('2D SPACE',''
  ) );
#13793 = FACE_BOUND('',#13794,.F.);
#13794 = EDGE_LOOP('',(#13795));
#13795 = ORIENTED_EDGE('',*,*,#13796,.T.);
#13796 = EDGE_CURVE('',#13797,#13797,#13799,.T.);
#13797 = VERTEX_POINT('',#13798);
#13798 = CARTESIAN_POINT('',(-15.2,-31.5,50.4));
#13799 = SURFACE_CURVE('',#13800,(#13805,#13816),.PCURVE_S1.);
#13800 = CIRCLE('',#13801,2.8);
#13801 = AXIS2_PLACEMENT_3D('',#13802,#13803,#13804);
#13802 = CARTESIAN_POINT('',(-18.,-31.5,50.4));
#13803 = DIRECTION('',(0.,0.,-1.));
#13804 = DIRECTION('',(1.,0.,0.));
#13805 = PCURVE('',#13684,#13806);
#13806 = DEFINITIONAL_REPRESENTATION('',(#13807),#13815);
#13807 = ( BOUNDED_CURVE() B_SPLINE_CURVE(2,(#13808,#13809,#13810,#13811
    ,#13812,#13813,#13814),.UNSPECIFIED.,.T.,.F.) 
B_SPLINE_CURVE_WITH_KNOTS((1,2,2,2,2,1),(-2.094395102393,0.,
    2.094395102393,4.188790204786,6.28318530718,8.377580409573),
.UNSPECIFIED.) CURVE() GEOMETRIC_REPRESENTATION_ITEM() 
RATIONAL_B_SPLINE_CURVE((1.,0.5,1.,0.5,1.,0.5,1.)) REPRESENTATION_ITEM(
  '') );
#13808 = CARTESIAN_POINT('',(-15.2,-31.5));
#13809 = CARTESIAN_POINT('',(-15.2,-36.34974226119));
#13810 = CARTESIAN_POINT('',(-19.4,-33.92487113059));
#13811 = CARTESIAN_POINT('',(-23.6,-31.5));
#13812 = CARTESIAN_POINT('',(-19.4,-29.0751288694));
#13813 = CARTESIAN_POINT('',(-15.2,-26.6502577388));
#13814 = CARTESIAN_POINT('',(-15.2,-31.5));
#13815 = ( GEOMETRIC_REPRESENTATION_CONTEXT(2) 
PARAMETRIC_REPRESENTATION_CONTEXT() REPRESENTATION_CONTEXT('2D SPACE',''
  ) );
#13816 = PCURVE('',#13817,#13822);
#13817 = CYLINDRICAL_SURFACE('',#13818,2.8);
#13818 = AXIS2_PLACEMENT_3D('',#13819,#13820,#13821);
#13819 = CARTESIAN_POINT('',(-18.,-31.5,48.));
#13820 = DIRECTION('',(-0.,-0.,-1.));
#13821 = DIRECTION('',(1.,0.,0.));
#13822 = DEFINITIONAL_REPRESENTATION('',(#13823),#13827);
#13823 = LINE('',#13824,#13825);
#13824 = CARTESIAN_POINT('',(-6.28318530718,-2.4));
#13825 = VECTOR('',#13826,1.);
#13826 = DIRECTION('',(1.,-0.));
#13827 = ( GEOMETRIC_REPRESENTATION_CONTEXT(2) 
PARAMETRIC_REPRESENTATION_CONTEXT() REPRESENTATION_CONTEXT('2D SPACE',''
  ) );
#13828 = FACE_BOUND('',#13829,.F.);
#13829 = EDGE_LOOP('',(#13830));
#13830 = ORIENTED_EDGE('',*,*,#13831,.F.);
#13831 = EDGE_CURVE('',#13832,#13832,#13834,.T.);
#13832 = VERTEX_POINT('',#13833);
#13833 = CARTESIAN_POINT('',(-24.55,-11.,50.4));
#13834 = SURFACE_CURVE('',#13835,(#13840,#13847),.PCURVE_S1.);
#13835 = CIRCLE('',#13836,3.45);
#13836 = AXIS2_PLACEMENT_3D('',#13837,#13838,#13839);
#13837 = CARTESIAN_POINT('',(-28.,-11.,50.4));
#13838 = DIRECTION('',(0.,0.,1.));
#13839 = DIRECTION('',(1.,0.,0.));
#13840 = PCURVE('',#13684,#13841);
#13841 = DEFINITIONAL_REPRESENTATION('',(#13842),#13846);
#13842 = CIRCLE('',#13843,3.45);
#13843 = AXIS2_PLACEMENT_2D('',#13844,#13845);
#13844 = CARTESIAN_POINT('',(-28.,-11.));
#13845 = DIRECTION('',(1.,0.));
#13846 = ( GEOMETRIC_REPRESENTATION_CONTEXT(2) 
PARAMETRIC_REPRESENTATION_CONTEXT() REPRESENTATION_CONTEXT('2D SPACE',''
  ) );
#13847 = PCURVE('',#13848,#13853);
#13848 = CYLINDRICAL_SURFACE('',#13849,3.45);
#13849 = AXIS2_PLACEMENT_3D('',#13850,#13851,#13852);
#13850 = CARTESIAN_POINT('',(-28.,-11.,26.));
#13851 = DIRECTION('',(-0.,-0.,-1.));
#13852 = DIRECTION('',(1.,0.,0.));
#13853 = DEFINITIONAL_REPRESENTATION('',(#13854),#13858);
#13854 = LINE('',#13855,#13856);
#13855 = CARTESIAN_POINT('',(-0.,-24.4));
#13856 = VECTOR('',#13857,1.);
#13857 = DIRECTION('',(-1.,0.));
#13858 = ( GEOMETRIC_REPRESENTATION_CONTEXT(2) 
PARAMETRIC_REPRESENTATION_CONTEXT() REPRESENTATION_CONTEXT('2D SPACE',''
  ) );
#13859 = FACE_BOUND('',#13860,.F.);
#13860 = EDGE_LOOP('',(#13861));
#13861 = ORIENTED_EDGE('',*,*,#13667,.T.);
#13862 = FACE_BOUND('',#13863,.F.);
#13863 = EDGE_LOOP('',(#13864));
#13864 = ORIENTED_EDGE('',*,*,#13865,.F.);
#13865 = EDGE_CURVE('',#13866,#13866,#13868,.T.);
#13866 = VERTEX_POINT('',#13867);
#13867 = CARTESIAN_POINT('',(-4.,-19.,50.4));
#13868 = SURFACE_CURVE('',#13869,(#13874,#13881),.PCURVE_S1.);
#13869 = CIRCLE('',#13870,2.);
#13870 = AXIS2_PLACEMENT_3D('',#13871,#13872,#13873);
#13871 = CARTESIAN_POINT('',(-6.,-19.,50.4));
#13872 = DIRECTION('',(0.,0.,1.));
#13873 = DIRECTION('',(1.,0.,0.));
#13874 = PCURVE('',#13684,#13875);
#13875 = DEFINITIONAL_REPRESENTATION('',(#13876),#13880);
#13876 = CIRCLE('',#13877,2.);
#13877 = AXIS2_PLACEMENT_2D('',#13878,#13879);
#13878 = CARTESIAN_POINT('',(-6.,-19.));
#13879 = DIRECTION('',(1.,0.));
#13880 = ( GEOMETRIC_REPRESENTATION_CONTEXT(2) 
PARAMETRIC_REPRESENTATION_CONTEXT() REPRESENTATION_CONTEXT('2D SPACE',''
  ) );
#13881 = PCURVE('',#13882,#13887);
#13882 = CYLINDRICAL_SURFACE('',#13883,2.);
#13883 = AXIS2_PLACEMENT_3D('',#13884,#13885,#13886);
#13884 = CARTESIAN_POINT('',(-6.,-19.,46.4));
#13885 = DIRECTION('',(-0.,-0.,-1.));
#13886 = DIRECTION('',(1.,0.,0.));
#13887 = DEFINITIONAL_REPRESENTATION('',(#13888),#13892);
#13888 = LINE('',#13889,#13890);
#13889 = CARTESIAN_POINT('',(-0.,-4.));
#13890 = VECTOR('',#13891,1.);
#13891 = DIRECTION('',(-1.,0.));
#13892 = ( GEOMETRIC_REPRESENTATION_CONTEXT(2) 
PARAMETRIC_REPRESENTATION_CONTEXT() REPRESENTATION_CONTEXT('2D SPACE',''
  ) );
#13893 = FACE_BOUND('',#13894,.F.);
#13894 = EDGE_LOOP('',(#13895));
#13895 = ORIENTED_EDGE('',*,*,#13896,.F.);
#13896 = EDGE_CURVE('',#13897,#13897,#13899,.T.);
#13897 = VERTEX_POINT('',#13898);
#13898 = CARTESIAN_POINT('',(2.8,-44.,50.4));
#13899 = SURFACE_CURVE('',#13900,(#13905,#13912),.PCURVE_S1.);
#13900 = CIRCLE('',#13901,2.8);
#13901 = AXIS2_PLACEMENT_3D('',#13902,#13903,#13904);
#13902 = CARTESIAN_POINT('',(0.,-44.,50.4));
#13903 = DIRECTION('',(0.,0.,1.));
#13904 = DIRECTION('',(1.,0.,0.));
#13905 = PCURVE('',#13684,#13906);
#13906 = DEFINITIONAL_REPRESENTATION('',(#13907),#13911);
#13907 = CIRCLE('',#13908,2.8);
#13908 = AXIS2_PLACEMENT_2D('',#13909,#13910);
#13909 = CARTESIAN_POINT('',(1.57403180724E-15,-44.));
#13910 = DIRECTION('',(1.,0.));
#13911 = ( GEOMETRIC_REPRESENTATION_CONTEXT(2) 
PARAMETRIC_REPRESENTATION_CONTEXT() REPRESENTATION_CONTEXT('2D SPACE',''
  ) );
#13912 = PCURVE('',#13913,#13918);
#13913 = CYLINDRICAL_SURFACE('',#13914,2.8);
#13914 = AXIS2_PLACEMENT_3D('',#13915,#13916,#13917);
#13915 = CARTESIAN_POINT('',(0.,-44.,21.79));
#13916 = DIRECTION('',(-0.,-0.,-1.));
#13917 = DIRECTION('',(1.,0.,0.));
#13918 = DEFINITIONAL_REPRESENTATION('',(#13919),#13923);
#13919 = LINE('',#13920,#13921);
#13920 = CARTESIAN_POINT('',(-0.,-28.61));
#13921 = VECTOR('',#13922,1.);
#13922 = DIRECTION('',(-1.,0.));
#13923 = ( GEOMETRIC_REPRESENTATION_CONTEXT(2) 
PARAMETRIC_REPRESENTATION_CONTEXT() REPRESENTATION_CONTEXT('2D SPACE',''
  ) );
#13924 = FACE_BOUND('',#13925,.F.);
#13925 = EDGE_LOOP('',(#13926));
#13926 = ORIENTED_EDGE('',*,*,#13927,.F.);
#13927 = EDGE_CURVE('',#13928,#13928,#13930,.T.);
#13928 = VERTEX_POINT('',#13929);
#13929 = CARTESIAN_POINT('',(-33.2,-5.,50.4));
#13930 = SURFACE_CURVE('',#13931,(#13936,#13943),.PCURVE_S1.);
#13931 = CIRCLE('',#13932,2.8);
#13932 = AXIS2_PLACEMENT_3D('',#13933,#13934,#13935);
#13933 = CARTESIAN_POINT('',(-36.,-5.,50.4));
#13934 = DIRECTION('',(0.,0.,1.));
#13935 = DIRECTION('',(1.,0.,0.));
#13936 = PCURVE('',#13684,#13937);
#13937 = DEFINITIONAL_REPRESENTATION('',(#13938),#13942);
#13938 = CIRCLE('',#13939,2.8);
#13939 = AXIS2_PLACEMENT_2D('',#13940,#13941);
#13940 = CARTESIAN_POINT('',(-36.,-5.));
#13941 = DIRECTION('',(1.,0.));
#13942 = ( GEOMETRIC_REPRESENTATION_CONTEXT(2) 
PARAMETRIC_REPRESENTATION_CONTEXT() REPRESENTATION_CONTEXT('2D SPACE',''
  ) );
#13943 = PCURVE('',#13944,#13949);
#13944 = CYLINDRICAL_SURFACE('',#13945,2.8);
#13945 = AXIS2_PLACEMENT_3D('',#13946,#13947,#13948);
#13946 = CARTESIAN_POINT('',(-36.,-5.,21.79));
#13947 = DIRECTION('',(-0.,-0.,-1.));
#13948 = DIRECTION('',(1.,0.,0.));
#13949 = DEFINITIONAL_REPRESENTATION('',(#13950),#13954);
#13950 = LINE('',#13951,#13952);
#13951 = CARTESIAN_POINT('',(-0.,-28.61));
#13952 = VECTOR('',#13953,1.);
#13953 = DIRECTION('',(-1.,0.));
#13954 = ( GEOMETRIC_REPRESENTATION_CONTEXT(2) 
PARAMETRIC_REPRESENTATION_CONTEXT() REPRESENTATION_CONTEXT('2D SPACE',''
  ) );
#13955 = FACE_BOUND('',#13956,.F.);
#13956 = EDGE_LOOP('',(#13957));
#13957 = ORIENTED_EDGE('',*,*,#13958,.T.);
#13958 = EDGE_CURVE('',#13959,#13959,#13961,.T.);
#13959 = VERTEX_POINT('',#13960);
#13960 = CARTESIAN_POINT('',(-15.2,-6.5,50.4));
#13961 = SURFACE_CURVE('',#13962,(#13967,#13978),.PCURVE_S1.);
#13962 = CIRCLE('',#13963,2.8);
#13963 = AXIS2_PLACEMENT_3D('',#13964,#13965,#13966);
#13964 = CARTESIAN_POINT('',(-18.,-6.5,50.4));
#13965 = DIRECTION('',(0.,0.,-1.));
#13966 = DIRECTION('',(1.,0.,0.));
#13967 = PCURVE('',#13684,#13968);
#13968 = DEFINITIONAL_REPRESENTATION('',(#13969),#13977);
#13969 = ( BOUNDED_CURVE() B_SPLINE_CURVE(2,(#13970,#13971,#13972,#13973
    ,#13974,#13975,#13976),.UNSPECIFIED.,.T.,.F.) 
B_SPLINE_CURVE_WITH_KNOTS((1,2,2,2,2,1),(-2.094395102393,0.,
    2.094395102393,4.188790204786,6.28318530718,8.377580409573),
.UNSPECIFIED.) CURVE() GEOMETRIC_REPRESENTATION_ITEM() 
RATIONAL_B_SPLINE_CURVE((1.,0.5,1.,0.5,1.,0.5,1.)) REPRESENTATION_ITEM(
  '') );
#13970 = CARTESIAN_POINT('',(-15.2,-6.5));
#13971 = CARTESIAN_POINT('',(-15.2,-11.34974226119));
#13972 = CARTESIAN_POINT('',(-19.4,-8.924871130596));
#13973 = CARTESIAN_POINT('',(-23.6,-6.5));
#13974 = CARTESIAN_POINT('',(-19.4,-4.075128869404));
#13975 = CARTESIAN_POINT('',(-15.2,-1.650257738807));
#13976 = CARTESIAN_POINT('',(-15.2,-6.5));
#13977 = ( GEOMETRIC_REPRESENTATION_CONTEXT(2) 
PARAMETRIC_REPRESENTATION_CONTEXT() REPRESENTATION_CONTEXT('2D SPACE',''
  ) );
#13978 = PCURVE('',#13979,#13984);
#13979 = CYLINDRICAL_SURFACE('',#13980,2.8);
#13980 = AXIS2_PLACEMENT_3D('',#13981,#13982,#13983);
#13981 = CARTESIAN_POINT('',(-18.,-6.5,48.));
#13982 = DIRECTION('',(-0.,-0.,-1.));
#13983 = DIRECTION('',(1.,0.,0.));
#13984 = DEFINITIONAL_REPRESENTATION('',(#13985),#13989);
#13985 = LINE('',#13986,#13987);
#13986 = CARTESIAN_POINT('',(-6.28318530718,-2.4));
#13987 = VECTOR('',#13988,1.);
#13988 = DIRECTION('',(1.,-0.));
#13989 = ( GEOMETRIC_REPRESENTATION_CONTEXT(2) 
PARAMETRIC_REPRESENTATION_CONTEXT() REPRESENTATION_CONTEXT('2D SPACE',''
  ) );
#13990 = FACE_BOUND('',#13991,.F.);
#13991 = EDGE_LOOP('',(#13992));
#13992 = ORIENTED_EDGE('',*,*,#13993,.F.);
#13993 = EDGE_CURVE('',#13994,#13994,#13996,.T.);
#13994 = VERTEX_POINT('',#13995);
#13995 = CARTESIAN_POINT('',(-24.55,28.,50.4));
#13996 = SURFACE_CURVE('',#13997,(#14002,#14009),.PCURVE_S1.);
#13997 = CIRCLE('',#13998,3.45);
#13998 = AXIS2_PLACEMENT_3D('',#13999,#14000,#14001);
#13999 = CARTESIAN_POINT('',(-28.,28.,50.4));
#14000 = DIRECTION('',(0.,0.,1.));
#14001 = DIRECTION('',(1.,0.,0.));
#14002 = PCURVE('',#13684,#14003);
#14003 = DEFINITIONAL_REPRESENTATION('',(#14004),#14008);
#14004 = CIRCLE('',#14005,3.45);
#14005 = AXIS2_PLACEMENT_2D('',#14006,#14007);
#14006 = CARTESIAN_POINT('',(-28.,28.));
#14007 = DIRECTION('',(1.,0.));
#14008 = ( GEOMETRIC_REPRESENTATION_CONTEXT(2) 
PARAMETRIC_REPRESENTATION_CONTEXT() REPRESENTATION_CONTEXT('2D SPACE',''
  ) );
#14009 = PCURVE('',#14010,#14015);
#14010 = CYLINDRICAL_SURFACE('',#14011,3.45);
#14011 = AXIS2_PLACEMENT_3D('',#14012,#14013,#14014);
#14012 = CARTESIAN_POINT('',(-28.,28.,26.));
#14013 = DIRECTION('',(-0.,-0.,-1.));
#14014 = DIRECTION('',(1.,0.,0.));
#14015 = DEFINITIONAL_REPRESENTATION('',(#14016),#14020);
#14016 = LINE('',#14017,#14018);
#14017 = CARTESIAN_POINT('',(-0.,-24.4));
#14018 = VECTOR('',#14019,1.);
#14019 = DIRECTION('',(-1.,0.));
#14020 = ( GEOMETRIC_REPRESENTATION_CONTEXT(2) 
PARAMETRIC_REPRESENTATION_CONTEXT() REPRESENTATION_CONTEXT('2D SPACE',''
  ) );
#14021 = FACE_BOUND('',#14022,.F.);
#14022 = EDGE_LOOP('',(#14023));
#14023 = ORIENTED_EDGE('',*,*,#14024,.F.);
#14024 = EDGE_CURVE('',#14025,#14025,#14027,.T.);
#14025 = VERTEX_POINT('',#14026);
#14026 = CARTESIAN_POINT('',(38.8,-5.,50.4));
#14027 = SURFACE_CURVE('',#14028,(#14033,#14040),.PCURVE_S1.);
#14028 = CIRCLE('',#14029,2.8);
#14029 = AXIS2_PLACEMENT_3D('',#14030,#14031,#14032);
#14030 = CARTESIAN_POINT('',(36.,-5.,50.4));
#14031 = DIRECTION('',(0.,0.,1.));
#14032 = DIRECTION('',(1.,0.,0.));
#14033 = PCURVE('',#13684,#14034);
#14034 = DEFINITIONAL_REPRESENTATION('',(#14035),#14039);
#14035 = CIRCLE('',#14036,2.8);
#14036 = AXIS2_PLACEMENT_2D('',#14037,#14038);
#14037 = CARTESIAN_POINT('',(36.,-5.));
#14038 = DIRECTION('',(1.,0.));
#14039 = ( GEOMETRIC_REPRESENTATION_CONTEXT(2) 
PARAMETRIC_REPRESENTATION_CONTEXT() REPRESENTATION_CONTEXT('2D SPACE',''
  ) );
#14040 = PCURVE('',#14041,#14046);
#14041 = CYLINDRICAL_SURFACE('',#14042,2.8);
#14042 = AXIS2_PLACEMENT_3D('',#14043,#14044,#14045);
#14043 = CARTESIAN_POINT('',(36.,-5.,21.79));
#14044 = DIRECTION('',(-0.,-0.,-1.));
#14045 = DIRECTION('',(1.,0.,0.));
#14046 = DEFINITIONAL_REPRESENTATION('',(#14047),#14051);
#14047 = LINE('',#14048,#14049);
#14048 = CARTESIAN_POINT('',(-0.,-28.61));
#14049 = VECTOR('',#14050,1.);
#14050 = DIRECTION('',(-1.,0.));
#14051 = ( GEOMETRIC_REPRESENTATION_CONTEXT(2) 
PARAMETRIC_REPRESENTATION_CONTEXT() REPRESENTATION_CONTEXT('2D SPACE',''
  ) );
#14052 = FACE_BOUND('',#14053,.F.);
#14053 = EDGE_LOOP('',(#14054));
#14054 = ORIENTED_EDGE('',*,*,#14055,.F.);
#14055 = EDGE_CURVE('',#14056,#14056,#14058,.T.);
#14056 = VERTEX_POINT('',#14057);
#14057 = CARTESIAN_POINT('',(31.45,28.,50.4));
#14058 = SURFACE_CURVE('',#14059,(#14064,#14071),.PCURVE_S1.);
#14059 = CIRCLE('',#14060,3.45);
#14060 = AXIS2_PLACEMENT_3D('',#14061,#14062,#14063);
#14061 = CARTESIAN_POINT('',(28.,28.,50.4));
#14062 = DIRECTION('',(0.,0.,1.));
#14063 = DIRECTION('',(1.,0.,0.));
#14064 = PCURVE('',#13684,#14065);
#14065 = DEFINITIONAL_REPRESENTATION('',(#14066),#14070);
#14066 = CIRCLE('',#14067,3.45);
#14067 = AXIS2_PLACEMENT_2D('',#14068,#14069);
#14068 = CARTESIAN_POINT('',(28.,28.));
#14069 = DIRECTION('',(1.,0.));
#14070 = ( GEOMETRIC_REPRESENTATION_CONTEXT(2) 
PARAMETRIC_REPRESENTATION_CONTEXT() REPRESENTATION_CONTEXT('2D SPACE',''
  ) );
#14071 = PCURVE('',#14072,#14077);
#14072 = CYLINDRICAL_SURFACE('',#14073,3.45);
#14073 = AXIS2_PLACEMENT_3D('',#14074,#14075,#14076);
#14074 = CARTESIAN_POINT('',(28.,28.,26.));
#14075 = DIRECTION('',(-0.,-0.,-1.));
#14076 = DIRECTION('',(1.,0.,0.));
#14077 = DEFINITIONAL_REPRESENTATION('',(#14078),#14082);
#14078 = LINE('',#14079,#14080);
#14079 = CARTESIAN_POINT('',(-0.,-24.4));
#14080 = VECTOR('',#14081,1.);
#14081 = DIRECTION('',(-1.,0.));
#14082 = ( GEOMETRIC_REPRESENTATION_CONTEXT(2) 
PARAMETRIC_REPRESENTATION_CONTEXT() REPRESENTATION_CONTEXT('2D SPACE',''
  ) );
#14083 = ADVANCED_FACE('',(#14084),#13750,.F.);
#14084 = FACE_BOUND('',#14085,.T.);
#14085 = EDGE_LOOP('',(#14086,#14109,#14110,#14111));
#14086 = ORIENTED_EDGE('',*,*,#14087,.F.);
#14087 = EDGE_CURVE('',#13730,#14088,#14090,.T.);
#14088 = VERTEX_POINT('',#14089);
#14089 = CARTESIAN_POINT('',(49.,0.,6.));
#14090 = SEAM_CURVE('',#14091,(#14095,#14102),.PCURVE_S1.);
#14091 = LINE('',#14092,#14093);
#14092 = CARTESIAN_POINT('',(49.,0.,2.39));
#14093 = VECTOR('',#14094,1.);
#14094 = DIRECTION('',(0.,0.,1.));
#14095 = PCURVE('',#13750,#14096);
#14096 = DEFINITIONAL_REPRESENTATION('',(#14097),#14101);
#14097 = LINE('',#14098,#14099);
#14098 = CARTESIAN_POINT('',(-6.28318530718,0.));
#14099 = VECTOR('',#14100,1.);
#14100 = DIRECTION('',(-0.,-1.));
#14101 = ( GEOMETRIC_REPRESENTATION_CONTEXT(2) 
PARAMETRIC_REPRESENTATION_CONTEXT() REPRESENTATION_CONTEXT('2D SPACE',''
  ) );
#14102 = PCURVE('',#13750,#14103);
#14103 = DEFINITIONAL_REPRESENTATION('',(#14104),#14108);
#14104 = LINE('',#14105,#14106);
#14105 = CARTESIAN_POINT('',(-0.,0.));
#14106 = VECTOR('',#14107,1.);
#14107 = DIRECTION('',(-0.,-1.));
#14108 = ( GEOMETRIC_REPRESENTATION_CONTEXT(2) 
PARAMETRIC_REPRESENTATION_CONTEXT() REPRESENTATION_CONTEXT('2D SPACE',''
  ) );
#14109 = ORIENTED_EDGE('',*,*,#13729,.T.);
#14110 = ORIENTED_EDGE('',*,*,#14087,.T.);
#14111 = ORIENTED_EDGE('',*,*,#14112,.F.);
#14112 = EDGE_CURVE('',#14088,#14088,#14113,.T.);
#14113 = SURFACE_CURVE('',#14114,(#14119,#14126),.PCURVE_S1.);
#14114 = CIRCLE('',#14115,49.);
#14115 = AXIS2_PLACEMENT_3D('',#14116,#14117,#14118);
#14116 = CARTESIAN_POINT('',(0.,0.,6.));
#14117 = DIRECTION('',(0.,0.,-1.));
#14118 = DIRECTION('',(1.,0.,0.));
#14119 = PCURVE('',#13750,#14120);
#14120 = DEFINITIONAL_REPRESENTATION('',(#14121),#14125);
#14121 = LINE('',#14122,#14123);
#14122 = CARTESIAN_POINT('',(-6.28318530718,-3.61));
#14123 = VECTOR('',#14124,1.);
#14124 = DIRECTION('',(1.,-0.));
#14125 = ( GEOMETRIC_REPRESENTATION_CONTEXT(2) 
PARAMETRIC_REPRESENTATION_CONTEXT() REPRESENTATION_CONTEXT('2D SPACE',''
  ) );
#14126 = PCURVE('',#14127,#14132);
#14127 = PLANE('',#14128);
#14128 = AXIS2_PLACEMENT_3D('',#14129,#14130,#14131);
#14129 = CARTESIAN_POINT('',(-1.57403180724E-15,8.783848800595E-16,6.));
#14130 = DIRECTION('',(0.,0.,1.));
#14131 = DIRECTION('',(1.,0.,-0.));
#14132 = DEFINITIONAL_REPRESENTATION('',(#14133),#14141);
#14133 = ( BOUNDED_CURVE() B_SPLINE_CURVE(2,(#14134,#14135,#14136,#14137
    ,#14138,#14139,#14140),.UNSPECIFIED.,.T.,.F.) 
B_SPLINE_CURVE_WITH_KNOTS((1,2,2,2,2,1),(-2.094395102393,0.,
    2.094395102393,4.188790204786,6.28318530718,8.377580409573),
.UNSPECIFIED.) CURVE() GEOMETRIC_REPRESENTATION_ITEM() 
RATIONAL_B_SPLINE_CURVE((1.,0.5,1.,0.5,1.,0.5,1.)) REPRESENTATION_ITEM(
  '') );
#14134 = CARTESIAN_POINT('',(49.,-8.783848800595E-16));
#14135 = CARTESIAN_POINT('',(49.,-84.87048957087));
#14136 = CARTESIAN_POINT('',(-24.5,-42.43524478543));
#14137 = CARTESIAN_POINT('',(-98.,-1.28799235117E-14));
#14138 = CARTESIAN_POINT('',(-24.5,42.435244785437));
#14139 = CARTESIAN_POINT('',(49.,84.870489570875));
#14140 = CARTESIAN_POINT('',(49.,-8.783848800595E-16));
#14141 = ( GEOMETRIC_REPRESENTATION_CONTEXT(2) 
PARAMETRIC_REPRESENTATION_CONTEXT() REPRESENTATION_CONTEXT('2D SPACE',''
  ) );
#14142 = ADVANCED_FACE('',(#14143,#14192),#13782,.F.);
#14143 = FACE_BOUND('',#14144,.T.);
#14144 = EDGE_LOOP('',(#14145,#14169,#14190,#14191));
#14145 = ORIENTED_EDGE('',*,*,#14146,.F.);
#14146 = EDGE_CURVE('',#14147,#14147,#14149,.T.);
#14147 = VERTEX_POINT('',#14148);
#14148 = CARTESIAN_POINT('',(55.6,0.,6.));
#14149 = SURFACE_CURVE('',#14150,(#14155,#14162),.PCURVE_S1.);
#14150 = CIRCLE('',#14151,55.6);
#14151 = AXIS2_PLACEMENT_3D('',#14152,#14153,#14154);
#14152 = CARTESIAN_POINT('',(0.,0.,6.));
#14153 = DIRECTION('',(0.,0.,1.));
#14154 = DIRECTION('',(1.,0.,0.));
#14155 = PCURVE('',#13782,#14156);
#14156 = DEFINITIONAL_REPRESENTATION('',(#14157),#14161);
#14157 = LINE('',#14158,#14159);
#14158 = CARTESIAN_POINT('',(-0.,0.));
#14159 = VECTOR('',#14160,1.);
#14160 = DIRECTION('',(-1.,0.));
#14161 = ( GEOMETRIC_REPRESENTATION_CONTEXT(2) 
PARAMETRIC_REPRESENTATION_CONTEXT() REPRESENTATION_CONTEXT('2D SPACE',''
  ) );
#14162 = PCURVE('',#14127,#14163);
#14163 = DEFINITIONAL_REPRESENTATION('',(#14164),#14168);
#14164 = CIRCLE('',#14165,55.6);
#14165 = AXIS2_PLACEMENT_2D('',#14166,#14167);
#14166 = CARTESIAN_POINT('',(1.57403180724E-15,-8.783848800595E-16));
#14167 = DIRECTION('',(1.,0.));
#14168 = ( GEOMETRIC_REPRESENTATION_CONTEXT(2) 
PARAMETRIC_REPRESENTATION_CONTEXT() REPRESENTATION_CONTEXT('2D SPACE',''
  ) );
#14169 = ORIENTED_EDGE('',*,*,#14170,.T.);
#14170 = EDGE_CURVE('',#14147,#13766,#14171,.T.);
#14171 = SEAM_CURVE('',#14172,(#14176,#14183),.PCURVE_S1.);
#14172 = LINE('',#14173,#14174);
#14173 = CARTESIAN_POINT('',(55.6,0.,6.));
#14174 = VECTOR('',#14175,1.);
#14175 = DIRECTION('',(0.,0.,1.));
#14176 = PCURVE('',#13782,#14177);
#14177 = DEFINITIONAL_REPRESENTATION('',(#14178),#14182);
#14178 = LINE('',#14179,#14180);
#14179 = CARTESIAN_POINT('',(-6.28318530718,0.));
#14180 = VECTOR('',#14181,1.);
#14181 = DIRECTION('',(-0.,-1.));
#14182 = ( GEOMETRIC_REPRESENTATION_CONTEXT(2) 
PARAMETRIC_REPRESENTATION_CONTEXT() REPRESENTATION_CONTEXT('2D SPACE',''
  ) );
#14183 = PCURVE('',#13782,#14184);
#14184 = DEFINITIONAL_REPRESENTATION('',(#14185),#14189);
#14185 = LINE('',#14186,#14187);
#14186 = CARTESIAN_POINT('',(-0.,0.));
#14187 = VECTOR('',#14188,1.);
#14188 = DIRECTION('',(-0.,-1.));
#14189 = ( GEOMETRIC_REPRESENTATION_CONTEXT(2) 
PARAMETRIC_REPRESENTATION_CONTEXT() REPRESENTATION_CONTEXT('2D SPACE',''
  ) );
#14190 = ORIENTED_EDGE('',*,*,#13765,.T.);
#14191 = ORIENTED_EDGE('',*,*,#14170,.F.);
#14192 = FACE_BOUND('',#14193,.T.);
#14193 = EDGE_LOOP('',(#14194,#14229,#14255,#14288));
#14194 = ORIENTED_EDGE('',*,*,#14195,.F.);
#14195 = EDGE_CURVE('',#14196,#14198,#14200,.T.);
#14196 = VERTEX_POINT('',#14197);
#14197 = CARTESIAN_POINT('',(54.397702157352,-11.5,29.));
#14198 = VERTEX_POINT('',#14199);
#14199 = CARTESIAN_POINT('',(53.675972278106,-14.5,29.));
#14200 = SURFACE_CURVE('',#14201,(#14206,#14213),.PCURVE_S1.);
#14201 = CIRCLE('',#14202,55.6);
#14202 = AXIS2_PLACEMENT_3D('',#14203,#14204,#14205);
#14203 = CARTESIAN_POINT('',(0.,0.,29.));
#14204 = DIRECTION('',(0.,0.,-1.));
#14205 = DIRECTION('',(1.,0.,0.));
#14206 = PCURVE('',#13782,#14207);
#14207 = DEFINITIONAL_REPRESENTATION('',(#14208),#14212);
#14208 = LINE('',#14209,#14210);
#14209 = CARTESIAN_POINT('',(-6.28318530718,-23.));
#14210 = VECTOR('',#14211,1.);
#14211 = DIRECTION('',(1.,-0.));
#14212 = ( GEOMETRIC_REPRESENTATION_CONTEXT(2) 
PARAMETRIC_REPRESENTATION_CONTEXT() REPRESENTATION_CONTEXT('2D SPACE',''
  ) );
#14213 = PCURVE('',#14214,#14219);
#14214 = PLANE('',#14215);
#14215 = AXIS2_PLACEMENT_3D('',#14216,#14217,#14218);
#14216 = CARTESIAN_POINT('',(28.,-14.5,29.));
#14217 = DIRECTION('',(0.,0.,1.));
#14218 = DIRECTION('',(1.,0.,0.));
#14219 = DEFINITIONAL_REPRESENTATION('',(#14220),#14228);
#14220 = ( BOUNDED_CURVE() B_SPLINE_CURVE(2,(#14221,#14222,#14223,#14224
    ,#14225,#14226,#14227),.UNSPECIFIED.,.T.,.F.) 
B_SPLINE_CURVE_WITH_KNOTS((1,2,2,2,2,1),(-2.094395102393,0.,
    2.094395102393,4.188790204786,6.28318530718,8.377580409573),
.UNSPECIFIED.) CURVE() GEOMETRIC_REPRESENTATION_ITEM() 
RATIONAL_B_SPLINE_CURVE((1.,0.5,1.,0.5,1.,0.5,1.)) REPRESENTATION_ITEM(
  '') );
#14221 = CARTESIAN_POINT('',(27.6,14.5));
#14222 = CARTESIAN_POINT('',(27.6,-81.80202490083));
#14223 = CARTESIAN_POINT('',(-55.8,-33.65101245041));
#14224 = CARTESIAN_POINT('',(-139.2,14.5));
#14225 = CARTESIAN_POINT('',(-55.8,62.651012450415));
#14226 = CARTESIAN_POINT('',(27.6,110.80202490083));
#14227 = CARTESIAN_POINT('',(27.6,14.5));
#14228 = ( GEOMETRIC_REPRESENTATION_CONTEXT(2) 
PARAMETRIC_REPRESENTATION_CONTEXT() REPRESENTATION_CONTEXT('2D SPACE',''
  ) );
#14229 = ORIENTED_EDGE('',*,*,#14230,.F.);
#14230 = EDGE_CURVE('',#14231,#14196,#14233,.T.);
#14231 = VERTEX_POINT('',#14232);
#14232 = CARTESIAN_POINT('',(54.397702157352,-11.5,31.));
#14233 = SURFACE_CURVE('',#14234,(#14238,#14244),.PCURVE_S1.);
#14234 = LINE('',#14235,#14236);
#14235 = CARTESIAN_POINT('',(54.397702157352,-11.5,6.));
#14236 = VECTOR('',#14237,1.);
#14237 = DIRECTION('',(-0.,-0.,-1.));
#14238 = PCURVE('',#13782,#14239);
#14239 = DEFINITIONAL_REPRESENTATION('',(#14240),#14243);
#14240 = B_SPLINE_CURVE_WITH_KNOTS('',1,(#14241,#14242),.UNSPECIFIED.,
  .F.,.F.,(2,2),(-25.2,-22.8),.PIECEWISE_BEZIER_KNOTS.);
#14241 = CARTESIAN_POINT('',(-6.074846891114,-25.2));
#14242 = CARTESIAN_POINT('',(-6.074846891114,-22.8));
#14243 = ( GEOMETRIC_REPRESENTATION_CONTEXT(2) 
PARAMETRIC_REPRESENTATION_CONTEXT() REPRESENTATION_CONTEXT('2D SPACE',''
  ) );
#14244 = PCURVE('',#14245,#14250);
#14245 = PLANE('',#14246);
#14246 = AXIS2_PLACEMENT_3D('',#14247,#14248,#14249);
#14247 = CARTESIAN_POINT('',(28.,-11.5,29.));
#14248 = DIRECTION('',(0.,1.,0.));
#14249 = DIRECTION('',(0.,0.,1.));
#14250 = DEFINITIONAL_REPRESENTATION('',(#14251),#14254);
#14251 = B_SPLINE_CURVE_WITH_KNOTS('',1,(#14252,#14253),.UNSPECIFIED.,
  .F.,.F.,(2,2),(-25.2,-22.8),.PIECEWISE_BEZIER_KNOTS.);
#14252 = CARTESIAN_POINT('',(2.2,26.397702157352));
#14253 = CARTESIAN_POINT('',(-0.2,26.397702157352));
#14254 = ( GEOMETRIC_REPRESENTATION_CONTEXT(2) 
PARAMETRIC_REPRESENTATION_CONTEXT() REPRESENTATION_CONTEXT('2D SPACE',''
  ) );
#14255 = ORIENTED_EDGE('',*,*,#14256,.T.);
#14256 = EDGE_CURVE('',#14231,#14257,#14259,.T.);
#14257 = VERTEX_POINT('',#14258);
#14258 = CARTESIAN_POINT('',(53.675972278106,-14.5,31.));
#14259 = SURFACE_CURVE('',#14260,(#14265,#14272),.PCURVE_S1.);
#14260 = CIRCLE('',#14261,55.6);
#14261 = AXIS2_PLACEMENT_3D('',#14262,#14263,#14264);
#14262 = CARTESIAN_POINT('',(0.,0.,31.));
#14263 = DIRECTION('',(0.,0.,-1.));
#14264 = DIRECTION('',(1.,0.,0.));
#14265 = PCURVE('',#13782,#14266);
#14266 = DEFINITIONAL_REPRESENTATION('',(#14267),#14271);
#14267 = LINE('',#14268,#14269);
#14268 = CARTESIAN_POINT('',(-6.28318530718,-25.));
#14269 = VECTOR('',#14270,1.);
#14270 = DIRECTION('',(1.,-0.));
#14271 = ( GEOMETRIC_REPRESENTATION_CONTEXT(2) 
PARAMETRIC_REPRESENTATION_CONTEXT() REPRESENTATION_CONTEXT('2D SPACE',''
  ) );
#14272 = PCURVE('',#14273,#14278);
#14273 = PLANE('',#14274);
#14274 = AXIS2_PLACEMENT_3D('',#14275,#14276,#14277);
#14275 = CARTESIAN_POINT('',(28.,-13.,31.));
#14276 = DIRECTION('',(0.,0.,1.));
#14277 = DIRECTION('',(1.,0.,-0.));
#14278 = DEFINITIONAL_REPRESENTATION('',(#14279),#14287);
#14279 = ( BOUNDED_CURVE() B_SPLINE_CURVE(2,(#14280,#14281,#14282,#14283
    ,#14284,#14285,#14286),.UNSPECIFIED.,.T.,.F.) 
B_SPLINE_CURVE_WITH_KNOTS((1,2,2,2,2,1),(-2.094395102393,0.,
    2.094395102393,4.188790204786,6.28318530718,8.377580409573),
.UNSPECIFIED.) CURVE() GEOMETRIC_REPRESENTATION_ITEM() 
RATIONAL_B_SPLINE_CURVE((1.,0.5,1.,0.5,1.,0.5,1.)) REPRESENTATION_ITEM(
  '') );
#14280 = CARTESIAN_POINT('',(27.6,13.));
#14281 = CARTESIAN_POINT('',(27.6,-83.30202490083));
#14282 = CARTESIAN_POINT('',(-55.8,-35.15101245041));
#14283 = CARTESIAN_POINT('',(-139.2,13.));
#14284 = CARTESIAN_POINT('',(-55.8,61.151012450415));
#14285 = CARTESIAN_POINT('',(27.6,109.30202490083));
#14286 = CARTESIAN_POINT('',(27.6,13.));
#14287 = ( GEOMETRIC_REPRESENTATION_CONTEXT(2) 
PARAMETRIC_REPRESENTATION_CONTEXT() REPRESENTATION_CONTEXT('2D SPACE',''
  ) );
#14288 = ORIENTED_EDGE('',*,*,#14289,.T.);
#14289 = EDGE_CURVE('',#14257,#14198,#14290,.T.);
#14290 = SURFACE_CURVE('',#14291,(#14295,#14301),.PCURVE_S1.);
#14291 = LINE('',#14292,#14293);
#14292 = CARTESIAN_POINT('',(53.675972278106,-14.5,6.));
#14293 = VECTOR('',#14294,1.);
#14294 = DIRECTION('',(-0.,-0.,-1.));
#14295 = PCURVE('',#13782,#14296);
#14296 = DEFINITIONAL_REPRESENTATION('',(#14297),#14300);
#14297 = B_SPLINE_CURVE_WITH_KNOTS('',1,(#14298,#14299),.UNSPECIFIED.,
  .F.,.F.,(2,2),(-25.2,-22.8),.PIECEWISE_BEZIER_KNOTS.);
#14298 = CARTESIAN_POINT('',(-6.019343461284,-25.2));
#14299 = CARTESIAN_POINT('',(-6.019343461284,-22.8));
#14300 = ( GEOMETRIC_REPRESENTATION_CONTEXT(2) 
PARAMETRIC_REPRESENTATION_CONTEXT() REPRESENTATION_CONTEXT('2D SPACE',''
  ) );
#14301 = PCURVE('',#14302,#14307);
#14302 = PLANE('',#14303);
#14303 = AXIS2_PLACEMENT_3D('',#14304,#14305,#14306);
#14304 = CARTESIAN_POINT('',(28.,-14.5,29.));
#14305 = DIRECTION('',(0.,1.,0.));
#14306 = DIRECTION('',(0.,0.,1.));
#14307 = DEFINITIONAL_REPRESENTATION('',(#14308),#14311);
#14308 = B_SPLINE_CURVE_WITH_KNOTS('',1,(#14309,#14310),.UNSPECIFIED.,
  .F.,.F.,(2,2),(-25.2,-22.8),.PIECEWISE_BEZIER_KNOTS.);
#14309 = CARTESIAN_POINT('',(2.2,25.675972278106));
#14310 = CARTESIAN_POINT('',(-0.2,25.675972278106));
#14311 = ( GEOMETRIC_REPRESENTATION_CONTEXT(2) 
PARAMETRIC_REPRESENTATION_CONTEXT() REPRESENTATION_CONTEXT('2D SPACE',''
  ) );
#14312 = ADVANCED_FACE('',(#14313),#13817,.T.);
#14313 = FACE_BOUND('',#14314,.F.);
#14314 = EDGE_LOOP('',(#14315,#14344,#14365,#14366));
#14315 = ORIENTED_EDGE('',*,*,#14316,.F.);
#14316 = EDGE_CURVE('',#14317,#14317,#14319,.T.);
#14317 = VERTEX_POINT('',#14318);
#14318 = CARTESIAN_POINT('',(-15.2,-31.5,48.));
#14319 = SURFACE_CURVE('',#14320,(#14325,#14332),.PCURVE_S1.);
#14320 = CIRCLE('',#14321,2.8);
#14321 = AXIS2_PLACEMENT_3D('',#14322,#14323,#14324);
#14322 = CARTESIAN_POINT('',(-18.,-31.5,48.));
#14323 = DIRECTION('',(0.,0.,1.));
#14324 = DIRECTION('',(1.,0.,0.));
#14325 = PCURVE('',#13817,#14326);
#14326 = DEFINITIONAL_REPRESENTATION('',(#14327),#14331);
#14327 = LINE('',#14328,#14329);
#14328 = CARTESIAN_POINT('',(-0.,0.));
#14329 = VECTOR('',#14330,1.);
#14330 = DIRECTION('',(-1.,0.));
#14331 = ( GEOMETRIC_REPRESENTATION_CONTEXT(2) 
PARAMETRIC_REPRESENTATION_CONTEXT() REPRESENTATION_CONTEXT('2D SPACE',''
  ) );
#14332 = PCURVE('',#14333,#14338);
#14333 = PLANE('',#14334);
#14334 = AXIS2_PLACEMENT_3D('',#14335,#14336,#14337);
#14335 = CARTESIAN_POINT('',(-18.,-31.5,48.));
#14336 = DIRECTION('',(0.,0.,1.));
#14337 = DIRECTION('',(1.,0.,-0.));
#14338 = DEFINITIONAL_REPRESENTATION('',(#14339),#14343);
#14339 = CIRCLE('',#14340,2.8);
#14340 = AXIS2_PLACEMENT_2D('',#14341,#14342);
#14341 = CARTESIAN_POINT('',(0.,0.));
#14342 = DIRECTION('',(1.,0.));
#14343 = ( GEOMETRIC_REPRESENTATION_CONTEXT(2) 
PARAMETRIC_REPRESENTATION_CONTEXT() REPRESENTATION_CONTEXT('2D SPACE',''
  ) );
#14344 = ORIENTED_EDGE('',*,*,#14345,.T.);
#14345 = EDGE_CURVE('',#14317,#13797,#14346,.T.);
#14346 = SEAM_CURVE('',#14347,(#14351,#14358),.PCURVE_S1.);
#14347 = LINE('',#14348,#14349);
#14348 = CARTESIAN_POINT('',(-15.2,-31.5,48.));
#14349 = VECTOR('',#14350,1.);
#14350 = DIRECTION('',(0.,0.,1.));
#14351 = PCURVE('',#13817,#14352);
#14352 = DEFINITIONAL_REPRESENTATION('',(#14353),#14357);
#14353 = LINE('',#14354,#14355);
#14354 = CARTESIAN_POINT('',(-6.28318530718,0.));
#14355 = VECTOR('',#14356,1.);
#14356 = DIRECTION('',(-0.,-1.));
#14357 = ( GEOMETRIC_REPRESENTATION_CONTEXT(2) 
PARAMETRIC_REPRESENTATION_CONTEXT() REPRESENTATION_CONTEXT('2D SPACE',''
  ) );
#14358 = PCURVE('',#13817,#14359);
#14359 = DEFINITIONAL_REPRESENTATION('',(#14360),#14364);
#14360 = LINE('',#14361,#14362);
#14361 = CARTESIAN_POINT('',(-0.,0.));
#14362 = VECTOR('',#14363,1.);
#14363 = DIRECTION('',(-0.,-1.));
#14364 = ( GEOMETRIC_REPRESENTATION_CONTEXT(2) 
PARAMETRIC_REPRESENTATION_CONTEXT() REPRESENTATION_CONTEXT('2D SPACE',''
  ) );
#14365 = ORIENTED_EDGE('',*,*,#13796,.F.);
#14366 = ORIENTED_EDGE('',*,*,#14345,.F.);
#14367 = ADVANCED_FACE('',(#14368),#13848,.T.);
#14368 = FACE_BOUND('',#14369,.F.);
#14369 = EDGE_LOOP('',(#14370,#14393,#14394,#14395));
#14370 = ORIENTED_EDGE('',*,*,#14371,.T.);
#14371 = EDGE_CURVE('',#14372,#13832,#14374,.T.);
#14372 = VERTEX_POINT('',#14373);
#14373 = CARTESIAN_POINT('',(-24.55,-11.,26.));
#14374 = SEAM_CURVE('',#14375,(#14379,#14386),.PCURVE_S1.);
#14375 = LINE('',#14376,#14377);
#14376 = CARTESIAN_POINT('',(-24.55,-11.,26.));
#14377 = VECTOR('',#14378,1.);
#14378 = DIRECTION('',(0.,0.,1.));
#14379 = PCURVE('',#13848,#14380);
#14380 = DEFINITIONAL_REPRESENTATION('',(#14381),#14385);
#14381 = LINE('',#14382,#14383);
#14382 = CARTESIAN_POINT('',(-0.,0.));
#14383 = VECTOR('',#14384,1.);
#14384 = DIRECTION('',(-0.,-1.));
#14385 = ( GEOMETRIC_REPRESENTATION_CONTEXT(2) 
PARAMETRIC_REPRESENTATION_CONTEXT() REPRESENTATION_CONTEXT('2D SPACE',''
  ) );
#14386 = PCURVE('',#13848,#14387);
#14387 = DEFINITIONAL_REPRESENTATION('',(#14388),#14392);
#14388 = LINE('',#14389,#14390);
#14389 = CARTESIAN_POINT('',(-6.28318530718,0.));
#14390 = VECTOR('',#14391,1.);
#14391 = DIRECTION('',(-0.,-1.));
#14392 = ( GEOMETRIC_REPRESENTATION_CONTEXT(2) 
PARAMETRIC_REPRESENTATION_CONTEXT() REPRESENTATION_CONTEXT('2D SPACE',''
  ) );
#14393 = ORIENTED_EDGE('',*,*,#13831,.T.);
#14394 = ORIENTED_EDGE('',*,*,#14371,.F.);
#14395 = ORIENTED_EDGE('',*,*,#14396,.F.);
#14396 = EDGE_CURVE('',#14372,#14372,#14397,.T.);
#14397 = SURFACE_CURVE('',#14398,(#14403,#14410),.PCURVE_S1.);
#14398 = CIRCLE('',#14399,3.45);
#14399 = AXIS2_PLACEMENT_3D('',#14400,#14401,#14402);
#14400 = CARTESIAN_POINT('',(-28.,-11.,26.));
#14401 = DIRECTION('',(0.,0.,1.));
#14402 = DIRECTION('',(1.,0.,0.));
#14403 = PCURVE('',#13848,#14404);
#14404 = DEFINITIONAL_REPRESENTATION('',(#14405),#14409);
#14405 = LINE('',#14406,#14407);
#14406 = CARTESIAN_POINT('',(-0.,0.));
#14407 = VECTOR('',#14408,1.);
#14408 = DIRECTION('',(-1.,0.));
#14409 = ( GEOMETRIC_REPRESENTATION_CONTEXT(2) 
PARAMETRIC_REPRESENTATION_CONTEXT() REPRESENTATION_CONTEXT('2D SPACE',''
  ) );
#14410 = PCURVE('',#14411,#14416);
#14411 = PLANE('',#14412);
#14412 = AXIS2_PLACEMENT_3D('',#14413,#14414,#14415);
#14413 = CARTESIAN_POINT('',(-28.,-11.,26.));
#14414 = DIRECTION('',(0.,0.,1.));
#14415 = DIRECTION('',(1.,0.,-0.));
#14416 = DEFINITIONAL_REPRESENTATION('',(#14417),#14421);
#14417 = CIRCLE('',#14418,3.45);
#14418 = AXIS2_PLACEMENT_2D('',#14419,#14420);
#14419 = CARTESIAN_POINT('',(0.,0.));
#14420 = DIRECTION('',(1.,0.));
#14421 = ( GEOMETRIC_REPRESENTATION_CONTEXT(2) 
PARAMETRIC_REPRESENTATION_CONTEXT() REPRESENTATION_CONTEXT('2D SPACE',''
  ) );
#14422 = ADVANCED_FACE('',(#14423),#13882,.T.);
#14423 = FACE_BOUND('',#14424,.F.);
#14424 = EDGE_LOOP('',(#14425,#14456,#14477,#14478,#14479,#14503,#14529,
    #14562));
#14425 = ORIENTED_EDGE('',*,*,#14426,.F.);
#14426 = EDGE_CURVE('',#14427,#14429,#14431,.T.);
#14427 = VERTEX_POINT('',#14428);
#14428 = CARTESIAN_POINT('',(-4.,-19.,46.4));
#14429 = VERTEX_POINT('',#14430);
#14430 = CARTESIAN_POINT('',(-7.732050807569,-18.,46.4));
#14431 = SURFACE_CURVE('',#14432,(#14437,#14444),.PCURVE_S1.);
#14432 = CIRCLE('',#14433,2.);
#14433 = AXIS2_PLACEMENT_3D('',#14434,#14435,#14436);
#14434 = CARTESIAN_POINT('',(-6.,-19.,46.4));
#14435 = DIRECTION('',(0.,0.,1.));
#14436 = DIRECTION('',(1.,0.,0.));
#14437 = PCURVE('',#13882,#14438);
#14438 = DEFINITIONAL_REPRESENTATION('',(#14439),#14443);
#14439 = LINE('',#14440,#14441);
#14440 = CARTESIAN_POINT('',(-0.,0.));
#14441 = VECTOR('',#14442,1.);
#14442 = DIRECTION('',(-1.,0.));
#14443 = ( GEOMETRIC_REPRESENTATION_CONTEXT(2) 
PARAMETRIC_REPRESENTATION_CONTEXT() REPRESENTATION_CONTEXT('2D SPACE',''
  ) );
#14444 = PCURVE('',#14445,#14450);
#14445 = PLANE('',#14446);
#14446 = AXIS2_PLACEMENT_3D('',#14447,#14448,#14449);
#14447 = CARTESIAN_POINT('',(-18.,-20.,46.4));
#14448 = DIRECTION('',(0.,0.,1.));
#14449 = DIRECTION('',(1.,0.,0.));
#14450 = DEFINITIONAL_REPRESENTATION('',(#14451),#14455);
#14451 = CIRCLE('',#14452,2.);
#14452 = AXIS2_PLACEMENT_2D('',#14453,#14454);
#14453 = CARTESIAN_POINT('',(12.,1.));
#14454 = DIRECTION('',(1.,0.));
#14455 = ( GEOMETRIC_REPRESENTATION_CONTEXT(2) 
PARAMETRIC_REPRESENTATION_CONTEXT() REPRESENTATION_CONTEXT('2D SPACE',''
  ) );
#14456 = ORIENTED_EDGE('',*,*,#14457,.T.);
#14457 = EDGE_CURVE('',#14427,#13866,#14458,.T.);
#14458 = SEAM_CURVE('',#14459,(#14463,#14470),.PCURVE_S1.);
#14459 = LINE('',#14460,#14461);
#14460 = CARTESIAN_POINT('',(-4.,-19.,46.4));
#14461 = VECTOR('',#14462,1.);
#14462 = DIRECTION('',(0.,0.,1.));
#14463 = PCURVE('',#13882,#14464);
#14464 = DEFINITIONAL_REPRESENTATION('',(#14465),#14469);
#14465 = LINE('',#14466,#14467);
#14466 = CARTESIAN_POINT('',(-6.28318530718,0.));
#14467 = VECTOR('',#14468,1.);
#14468 = DIRECTION('',(-0.,-1.));
#14469 = ( GEOMETRIC_REPRESENTATION_CONTEXT(2) 
PARAMETRIC_REPRESENTATION_CONTEXT() REPRESENTATION_CONTEXT('2D SPACE',''
  ) );
#14470 = PCURVE('',#13882,#14471);
#14471 = DEFINITIONAL_REPRESENTATION('',(#14472),#14476);
#14472 = LINE('',#14473,#14474);
#14473 = CARTESIAN_POINT('',(-0.,0.));
#14474 = VECTOR('',#14475,1.);
#14475 = DIRECTION('',(-0.,-1.));
#14476 = ( GEOMETRIC_REPRESENTATION_CONTEXT(2) 
PARAMETRIC_REPRESENTATION_CONTEXT() REPRESENTATION_CONTEXT('2D SPACE',''
  ) );
#14477 = ORIENTED_EDGE('',*,*,#13865,.T.);
#14478 = ORIENTED_EDGE('',*,*,#14457,.F.);
#14479 = ORIENTED_EDGE('',*,*,#14480,.F.);
#14480 = EDGE_CURVE('',#14481,#14427,#14483,.T.);
#14481 = VERTEX_POINT('',#14482);
#14482 = CARTESIAN_POINT('',(-7.732050807569,-20.,46.4));
#14483 = SURFACE_CURVE('',#14484,(#14489,#14496),.PCURVE_S1.);
#14484 = CIRCLE('',#14485,2.);
#14485 = AXIS2_PLACEMENT_3D('',#14486,#14487,#14488);
#14486 = CARTESIAN_POINT('',(-6.,-19.,46.4));
#14487 = DIRECTION('',(0.,0.,1.));
#14488 = DIRECTION('',(1.,0.,0.));
#14489 = PCURVE('',#13882,#14490);
#14490 = DEFINITIONAL_REPRESENTATION('',(#14491),#14495);
#14491 = LINE('',#14492,#14493);
#14492 = CARTESIAN_POINT('',(-0.,0.));
#14493 = VECTOR('',#14494,1.);
#14494 = DIRECTION('',(-1.,0.));
#14495 = ( GEOMETRIC_REPRESENTATION_CONTEXT(2) 
PARAMETRIC_REPRESENTATION_CONTEXT() REPRESENTATION_CONTEXT('2D SPACE',''
  ) );
#14496 = PCURVE('',#14445,#14497);
#14497 = DEFINITIONAL_REPRESENTATION('',(#14498),#14502);
#14498 = CIRCLE('',#14499,2.);
#14499 = AXIS2_PLACEMENT_2D('',#14500,#14501);
#14500 = CARTESIAN_POINT('',(12.,1.));
#14501 = DIRECTION('',(1.,0.));
#14502 = ( GEOMETRIC_REPRESENTATION_CONTEXT(2) 
PARAMETRIC_REPRESENTATION_CONTEXT() REPRESENTATION_CONTEXT('2D SPACE',''
  ) );
#14503 = ORIENTED_EDGE('',*,*,#14504,.F.);
#14504 = EDGE_CURVE('',#14505,#14481,#14507,.T.);
#14505 = VERTEX_POINT('',#14506);
#14506 = CARTESIAN_POINT('',(-7.732050807569,-20.,48.4));
#14507 = SURFACE_CURVE('',#14508,(#14512,#14518),.PCURVE_S1.);
#14508 = LINE('',#14509,#14510);
#14509 = CARTESIAN_POINT('',(-7.732050807569,-20.,46.4));
#14510 = VECTOR('',#14511,1.);
#14511 = DIRECTION('',(-0.,-0.,-1.));
#14512 = PCURVE('',#13882,#14513);
#14513 = DEFINITIONAL_REPRESENTATION('',(#14514),#14517);
#14514 = B_SPLINE_CURVE_WITH_KNOTS('',1,(#14515,#14516),.UNSPECIFIED.,
  .F.,.F.,(2,2),(-2.2,5.999999999062E-07),.PIECEWISE_BEZIER_KNOTS.);
#14515 = CARTESIAN_POINT('',(-3.665191429188,-2.2));
#14516 = CARTESIAN_POINT('',(-3.665191429188,5.999999999062E-07));
#14517 = ( GEOMETRIC_REPRESENTATION_CONTEXT(2) 
PARAMETRIC_REPRESENTATION_CONTEXT() REPRESENTATION_CONTEXT('2D SPACE',''
  ) );
#14518 = PCURVE('',#14519,#14524);
#14519 = PLANE('',#14520);
#14520 = AXIS2_PLACEMENT_3D('',#14521,#14522,#14523);
#14521 = CARTESIAN_POINT('',(-18.,-20.,46.4));
#14522 = DIRECTION('',(0.,1.,0.));
#14523 = DIRECTION('',(0.,0.,1.));
#14524 = DEFINITIONAL_REPRESENTATION('',(#14525),#14528);
#14525 = B_SPLINE_CURVE_WITH_KNOTS('',1,(#14526,#14527),.UNSPECIFIED.,
  .F.,.F.,(2,2),(-2.2,5.999999999062E-07),.PIECEWISE_BEZIER_KNOTS.);
#14526 = CARTESIAN_POINT('',(2.2,10.267949192431));
#14527 = CARTESIAN_POINT('',(-5.999999999062E-07,10.267949192431));
#14528 = ( GEOMETRIC_REPRESENTATION_CONTEXT(2) 
PARAMETRIC_REPRESENTATION_CONTEXT() REPRESENTATION_CONTEXT('2D SPACE',''
  ) );
#14529 = ORIENTED_EDGE('',*,*,#14530,.T.);
#14530 = EDGE_CURVE('',#14505,#14531,#14533,.T.);
#14531 = VERTEX_POINT('',#14532);
#14532 = CARTESIAN_POINT('',(-7.732050807569,-18.,48.4));
#14533 = SURFACE_CURVE('',#14534,(#14539,#14546),.PCURVE_S1.);
#14534 = CIRCLE('',#14535,2.);
#14535 = AXIS2_PLACEMENT_3D('',#14536,#14537,#14538);
#14536 = CARTESIAN_POINT('',(-6.,-19.,48.4));
#14537 = DIRECTION('',(0.,0.,-1.));
#14538 = DIRECTION('',(1.,0.,0.));
#14539 = PCURVE('',#13882,#14540);
#14540 = DEFINITIONAL_REPRESENTATION('',(#14541),#14545);
#14541 = LINE('',#14542,#14543);
#14542 = CARTESIAN_POINT('',(-6.28318530718,-2.));
#14543 = VECTOR('',#14544,1.);
#14544 = DIRECTION('',(1.,-0.));
#14545 = ( GEOMETRIC_REPRESENTATION_CONTEXT(2) 
PARAMETRIC_REPRESENTATION_CONTEXT() REPRESENTATION_CONTEXT('2D SPACE',''
  ) );
#14546 = PCURVE('',#14547,#14552);
#14547 = PLANE('',#14548);
#14548 = AXIS2_PLACEMENT_3D('',#14549,#14550,#14551);
#14549 = CARTESIAN_POINT('',(-18.,-20.,48.4));
#14550 = DIRECTION('',(0.,0.,1.));
#14551 = DIRECTION('',(1.,0.,0.));
#14552 = DEFINITIONAL_REPRESENTATION('',(#14553),#14561);
#14553 = ( BOUNDED_CURVE() B_SPLINE_CURVE(2,(#14554,#14555,#14556,#14557
    ,#14558,#14559,#14560),.UNSPECIFIED.,.T.,.F.) 
B_SPLINE_CURVE_WITH_KNOTS((1,2,2,2,2,1),(-2.094395102393,0.,
    2.094395102393,4.188790204786,6.28318530718,8.377580409573),
.UNSPECIFIED.) CURVE() GEOMETRIC_REPRESENTATION_ITEM() 
RATIONAL_B_SPLINE_CURVE((1.,0.5,1.,0.5,1.,0.5,1.)) REPRESENTATION_ITEM(
  '') );
#14554 = CARTESIAN_POINT('',(14.,1.));
#14555 = CARTESIAN_POINT('',(14.,-2.464101615138));
#14556 = CARTESIAN_POINT('',(11.,-0.732050807569));
#14557 = CARTESIAN_POINT('',(8.,1.));
#14558 = CARTESIAN_POINT('',(11.,2.732050807569));
#14559 = CARTESIAN_POINT('',(14.,4.464101615138));
#14560 = CARTESIAN_POINT('',(14.,1.));
#14561 = ( GEOMETRIC_REPRESENTATION_CONTEXT(2) 
PARAMETRIC_REPRESENTATION_CONTEXT() REPRESENTATION_CONTEXT('2D SPACE',''
  ) );
#14562 = ORIENTED_EDGE('',*,*,#14563,.T.);
#14563 = EDGE_CURVE('',#14531,#14429,#14564,.T.);
#14564 = SURFACE_CURVE('',#14565,(#14569,#14575),.PCURVE_S1.);
#14565 = LINE('',#14566,#14567);
#14566 = CARTESIAN_POINT('',(-7.732050807569,-18.,46.4));
#14567 = VECTOR('',#14568,1.);
#14568 = DIRECTION('',(-0.,-0.,-1.));
#14569 = PCURVE('',#13882,#14570);
#14570 = DEFINITIONAL_REPRESENTATION('',(#14571),#14574);
#14571 = B_SPLINE_CURVE_WITH_KNOTS('',1,(#14572,#14573),.UNSPECIFIED.,
  .F.,.F.,(2,2),(-2.2,5.999999999062E-07),.PIECEWISE_BEZIER_KNOTS.);
#14572 = CARTESIAN_POINT('',(-2.617993877991,-2.2));
#14573 = CARTESIAN_POINT('',(-2.617993877991,5.999999999062E-07));
#14574 = ( GEOMETRIC_REPRESENTATION_CONTEXT(2) 
PARAMETRIC_REPRESENTATION_CONTEXT() REPRESENTATION_CONTEXT('2D SPACE',''
  ) );
#14575 = PCURVE('',#14576,#14581);
#14576 = PLANE('',#14577);
#14577 = AXIS2_PLACEMENT_3D('',#14578,#14579,#14580);
#14578 = CARTESIAN_POINT('',(-18.,-18.,46.4));
#14579 = DIRECTION('',(0.,1.,0.));
#14580 = DIRECTION('',(0.,0.,1.));
#14581 = DEFINITIONAL_REPRESENTATION('',(#14582),#14585);
#14582 = B_SPLINE_CURVE_WITH_KNOTS('',1,(#14583,#14584),.UNSPECIFIED.,
  .F.,.F.,(2,2),(-2.2,5.999999999062E-07),.PIECEWISE_BEZIER_KNOTS.);
#14583 = CARTESIAN_POINT('',(2.2,10.267949192431));
#14584 = CARTESIAN_POINT('',(-5.999999999062E-07,10.267949192431));
#14585 = ( GEOMETRIC_REPRESENTATION_CONTEXT(2) 
PARAMETRIC_REPRESENTATION_CONTEXT() REPRESENTATION_CONTEXT('2D SPACE',''
  ) );
#14586 = ADVANCED_FACE('',(#14587),#13913,.T.);
#14587 = FACE_BOUND('',#14588,.F.);
#14588 = EDGE_LOOP('',(#14589,#14612,#14613,#14614));
#14589 = ORIENTED_EDGE('',*,*,#14590,.T.);
#14590 = EDGE_CURVE('',#14591,#13897,#14593,.T.);
#14591 = VERTEX_POINT('',#14592);
#14592 = CARTESIAN_POINT('',(2.8,-44.,21.79));
#14593 = SEAM_CURVE('',#14594,(#14598,#14605),.PCURVE_S1.);
#14594 = LINE('',#14595,#14596);
#14595 = CARTESIAN_POINT('',(2.8,-44.,21.79));
#14596 = VECTOR('',#14597,1.);
#14597 = DIRECTION('',(0.,0.,1.));
#14598 = PCURVE('',#13913,#14599);
#14599 = DEFINITIONAL_REPRESENTATION('',(#14600),#14604);
#14600 = LINE('',#14601,#14602);
#14601 = CARTESIAN_POINT('',(-0.,0.));
#14602 = VECTOR('',#14603,1.);
#14603 = DIRECTION('',(-0.,-1.));
#14604 = ( GEOMETRIC_REPRESENTATION_CONTEXT(2) 
PARAMETRIC_REPRESENTATION_CONTEXT() REPRESENTATION_CONTEXT('2D SPACE',''
  ) );
#14605 = PCURVE('',#13913,#14606);
#14606 = DEFINITIONAL_REPRESENTATION('',(#14607),#14611);
#14607 = LINE('',#14608,#14609);
#14608 = CARTESIAN_POINT('',(-6.28318530718,0.));
#14609 = VECTOR('',#14610,1.);
#14610 = DIRECTION('',(-0.,-1.));
#14611 = ( GEOMETRIC_REPRESENTATION_CONTEXT(2) 
PARAMETRIC_REPRESENTATION_CONTEXT() REPRESENTATION_CONTEXT('2D SPACE',''
  ) );
#14612 = ORIENTED_EDGE('',*,*,#13896,.T.);
#14613 = ORIENTED_EDGE('',*,*,#14590,.F.);
#14614 = ORIENTED_EDGE('',*,*,#14615,.F.);
#14615 = EDGE_CURVE('',#14591,#14591,#14616,.T.);
#14616 = SURFACE_CURVE('',#14617,(#14622,#14629),.PCURVE_S1.);
#14617 = CIRCLE('',#14618,2.8);
#14618 = AXIS2_PLACEMENT_3D('',#14619,#14620,#14621);
#14619 = CARTESIAN_POINT('',(0.,-44.,21.79));
#14620 = DIRECTION('',(0.,0.,1.));
#14621 = DIRECTION('',(1.,0.,0.));
#14622 = PCURVE('',#13913,#14623);
#14623 = DEFINITIONAL_REPRESENTATION('',(#14624),#14628);
#14624 = LINE('',#14625,#14626);
#14625 = CARTESIAN_POINT('',(-0.,0.));
#14626 = VECTOR('',#14627,1.);
#14627 = DIRECTION('',(-1.,0.));
#14628 = ( GEOMETRIC_REPRESENTATION_CONTEXT(2) 
PARAMETRIC_REPRESENTATION_CONTEXT() REPRESENTATION_CONTEXT('2D SPACE',''
  ) );
#14629 = PCURVE('',#14630,#14635);
#14630 = PLANE('',#14631);
#14631 = AXIS2_PLACEMENT_3D('',#14632,#14633,#14634);
#14632 = CARTESIAN_POINT('',(-2.441857379535E-16,-44.,21.79));
#14633 = DIRECTION('',(0.,0.,1.));
#14634 = DIRECTION('',(1.,0.,-0.));
#14635 = DEFINITIONAL_REPRESENTATION('',(#14636),#14640);
#14636 = CIRCLE('',#14637,2.8);
#14637 = AXIS2_PLACEMENT_2D('',#14638,#14639);
#14638 = CARTESIAN_POINT('',(2.441857379535E-16,0.));
#14639 = DIRECTION('',(1.,0.));
#14640 = ( GEOMETRIC_REPRESENTATION_CONTEXT(2) 
PARAMETRIC_REPRESENTATION_CONTEXT() REPRESENTATION_CONTEXT('2D SPACE',''
  ) );
#14641 = ADVANCED_FACE('',(#14642),#13944,.T.);
#14642 = FACE_BOUND('',#14643,.F.);
#14643 = EDGE_LOOP('',(#14644,#14667,#14668,#14669));
#14644 = ORIENTED_EDGE('',*,*,#14645,.T.);
#14645 = EDGE_CURVE('',#14646,#13928,#14648,.T.);
#14646 = VERTEX_POINT('',#14647);
#14647 = CARTESIAN_POINT('',(-33.2,-5.,21.79));
#14648 = SEAM_CURVE('',#14649,(#14653,#14660),.PCURVE_S1.);
#14649 = LINE('',#14650,#14651);
#14650 = CARTESIAN_POINT('',(-33.2,-5.,21.79));
#14651 = VECTOR('',#14652,1.);
#14652 = DIRECTION('',(0.,0.,1.));
#14653 = PCURVE('',#13944,#14654);
#14654 = DEFINITIONAL_REPRESENTATION('',(#14655),#14659);
#14655 = LINE('',#14656,#14657);
#14656 = CARTESIAN_POINT('',(-0.,0.));
#14657 = VECTOR('',#14658,1.);
#14658 = DIRECTION('',(-0.,-1.));
#14659 = ( GEOMETRIC_REPRESENTATION_CONTEXT(2) 
PARAMETRIC_REPRESENTATION_CONTEXT() REPRESENTATION_CONTEXT('2D SPACE',''
  ) );
#14660 = PCURVE('',#13944,#14661);
#14661 = DEFINITIONAL_REPRESENTATION('',(#14662),#14666);
#14662 = LINE('',#14663,#14664);
#14663 = CARTESIAN_POINT('',(-6.28318530718,0.));
#14664 = VECTOR('',#14665,1.);
#14665 = DIRECTION('',(-0.,-1.));
#14666 = ( GEOMETRIC_REPRESENTATION_CONTEXT(2) 
PARAMETRIC_REPRESENTATION_CONTEXT() REPRESENTATION_CONTEXT('2D SPACE',''
  ) );
#14667 = ORIENTED_EDGE('',*,*,#13927,.T.);
#14668 = ORIENTED_EDGE('',*,*,#14645,.F.);
#14669 = ORIENTED_EDGE('',*,*,#14670,.F.);
#14670 = EDGE_CURVE('',#14646,#14646,#14671,.T.);
#14671 = SURFACE_CURVE('',#14672,(#14677,#14684),.PCURVE_S1.);
#14672 = CIRCLE('',#14673,2.8);
#14673 = AXIS2_PLACEMENT_3D('',#14674,#14675,#14676);
#14674 = CARTESIAN_POINT('',(-36.,-5.,21.79));
#14675 = DIRECTION('',(0.,0.,1.));
#14676 = DIRECTION('',(1.,0.,0.));
#14677 = PCURVE('',#13944,#14678);
#14678 = DEFINITIONAL_REPRESENTATION('',(#14679),#14683);
#14679 = LINE('',#14680,#14681);
#14680 = CARTESIAN_POINT('',(-0.,0.));
#14681 = VECTOR('',#14682,1.);
#14682 = DIRECTION('',(-1.,0.));
#14683 = ( GEOMETRIC_REPRESENTATION_CONTEXT(2) 
PARAMETRIC_REPRESENTATION_CONTEXT() REPRESENTATION_CONTEXT('2D SPACE',''
  ) );
#14684 = PCURVE('',#14685,#14690);
#14685 = PLANE('',#14686);
#14686 = AXIS2_PLACEMENT_3D('',#14687,#14688,#14689);
#14687 = CARTESIAN_POINT('',(-36.,-5.,21.79));
#14688 = DIRECTION('',(0.,0.,1.));
#14689 = DIRECTION('',(1.,0.,-0.));
#14690 = DEFINITIONAL_REPRESENTATION('',(#14691),#14695);
#14691 = CIRCLE('',#14692,2.8);
#14692 = AXIS2_PLACEMENT_2D('',#14693,#14694);
#14693 = CARTESIAN_POINT('',(0.,0.));
#14694 = DIRECTION('',(1.,0.));
#14695 = ( GEOMETRIC_REPRESENTATION_CONTEXT(2) 
PARAMETRIC_REPRESENTATION_CONTEXT() REPRESENTATION_CONTEXT('2D SPACE',''
  ) );
#14696 = ADVANCED_FACE('',(#14697),#13979,.T.);
#14697 = FACE_BOUND('',#14698,.F.);
#14698 = EDGE_LOOP('',(#14699,#14728,#14749,#14750));
#14699 = ORIENTED_EDGE('',*,*,#14700,.F.);
#14700 = EDGE_CURVE('',#14701,#14701,#14703,.T.);
#14701 = VERTEX_POINT('',#14702);
#14702 = CARTESIAN_POINT('',(-15.2,-6.5,48.));
#14703 = SURFACE_CURVE('',#14704,(#14709,#14716),.PCURVE_S1.);
#14704 = CIRCLE('',#14705,2.8);
#14705 = AXIS2_PLACEMENT_3D('',#14706,#14707,#14708);
#14706 = CARTESIAN_POINT('',(-18.,-6.5,48.));
#14707 = DIRECTION('',(0.,0.,1.));
#14708 = DIRECTION('',(1.,0.,0.));
#14709 = PCURVE('',#13979,#14710);
#14710 = DEFINITIONAL_REPRESENTATION('',(#14711),#14715);
#14711 = LINE('',#14712,#14713);
#14712 = CARTESIAN_POINT('',(-0.,0.));
#14713 = VECTOR('',#14714,1.);
#14714 = DIRECTION('',(-1.,0.));
#14715 = ( GEOMETRIC_REPRESENTATION_CONTEXT(2) 
PARAMETRIC_REPRESENTATION_CONTEXT() REPRESENTATION_CONTEXT('2D SPACE',''
  ) );
#14716 = PCURVE('',#14717,#14722);
#14717 = PLANE('',#14718);
#14718 = AXIS2_PLACEMENT_3D('',#14719,#14720,#14721);
#14719 = CARTESIAN_POINT('',(-18.,-6.5,48.));
#14720 = DIRECTION('',(0.,0.,1.));
#14721 = DIRECTION('',(1.,0.,-0.));
#14722 = DEFINITIONAL_REPRESENTATION('',(#14723),#14727);
#14723 = CIRCLE('',#14724,2.8);
#14724 = AXIS2_PLACEMENT_2D('',#14725,#14726);
#14725 = CARTESIAN_POINT('',(0.,0.));
#14726 = DIRECTION('',(1.,0.));
#14727 = ( GEOMETRIC_REPRESENTATION_CONTEXT(2) 
PARAMETRIC_REPRESENTATION_CONTEXT() REPRESENTATION_CONTEXT('2D SPACE',''
  ) );
#14728 = ORIENTED_EDGE('',*,*,#14729,.T.);
#14729 = EDGE_CURVE('',#14701,#13959,#14730,.T.);
#14730 = SEAM_CURVE('',#14731,(#14735,#14742),.PCURVE_S1.);
#14731 = LINE('',#14732,#14733);
#14732 = CARTESIAN_POINT('',(-15.2,-6.5,48.));
#14733 = VECTOR('',#14734,1.);
#14734 = DIRECTION('',(0.,0.,1.));
#14735 = PCURVE('',#13979,#14736);
#14736 = DEFINITIONAL_REPRESENTATION('',(#14737),#14741);
#14737 = LINE('',#14738,#14739);
#14738 = CARTESIAN_POINT('',(-6.28318530718,0.));
#14739 = VECTOR('',#14740,1.);
#14740 = DIRECTION('',(-0.,-1.));
#14741 = ( GEOMETRIC_REPRESENTATION_CONTEXT(2) 
PARAMETRIC_REPRESENTATION_CONTEXT() REPRESENTATION_CONTEXT('2D SPACE',''
  ) );
#14742 = PCURVE('',#13979,#14743);
#14743 = DEFINITIONAL_REPRESENTATION('',(#14744),#14748);
#14744 = LINE('',#14745,#14746);
#14745 = CARTESIAN_POINT('',(-0.,0.));
#14746 = VECTOR('',#14747,1.);
#14747 = DIRECTION('',(-0.,-1.));
#14748 = ( GEOMETRIC_REPRESENTATION_CONTEXT(2) 
PARAMETRIC_REPRESENTATION_CONTEXT() REPRESENTATION_CONTEXT('2D SPACE',''
  ) );
#14749 = ORIENTED_EDGE('',*,*,#13958,.F.);
#14750 = ORIENTED_EDGE('',*,*,#14729,.F.);
#14751 = ADVANCED_FACE('',(#14752),#14010,.T.);
#14752 = FACE_BOUND('',#14753,.F.);
#14753 = EDGE_LOOP('',(#14754,#14777,#14778,#14779));
#14754 = ORIENTED_EDGE('',*,*,#14755,.T.);
#14755 = EDGE_CURVE('',#14756,#13994,#14758,.T.);
#14756 = VERTEX_POINT('',#14757);
#14757 = CARTESIAN_POINT('',(-24.55,28.,26.));
#14758 = SEAM_CURVE('',#14759,(#14763,#14770),.PCURVE_S1.);
#14759 = LINE('',#14760,#14761);
#14760 = CARTESIAN_POINT('',(-24.55,28.,26.));
#14761 = VECTOR('',#14762,1.);
#14762 = DIRECTION('',(0.,0.,1.));
#14763 = PCURVE('',#14010,#14764);
#14764 = DEFINITIONAL_REPRESENTATION('',(#14765),#14769);
#14765 = LINE('',#14766,#14767);
#14766 = CARTESIAN_POINT('',(-0.,0.));
#14767 = VECTOR('',#14768,1.);
#14768 = DIRECTION('',(-0.,-1.));
#14769 = ( GEOMETRIC_REPRESENTATION_CONTEXT(2) 
PARAMETRIC_REPRESENTATION_CONTEXT() REPRESENTATION_CONTEXT('2D SPACE',''
  ) );
#14770 = PCURVE('',#14010,#14771);
#14771 = DEFINITIONAL_REPRESENTATION('',(#14772),#14776);
#14772 = LINE('',#14773,#14774);
#14773 = CARTESIAN_POINT('',(-6.28318530718,0.));
#14774 = VECTOR('',#14775,1.);
#14775 = DIRECTION('',(-0.,-1.));
#14776 = ( GEOMETRIC_REPRESENTATION_CONTEXT(2) 
PARAMETRIC_REPRESENTATION_CONTEXT() REPRESENTATION_CONTEXT('2D SPACE',''
  ) );
#14777 = ORIENTED_EDGE('',*,*,#13993,.T.);
#14778 = ORIENTED_EDGE('',*,*,#14755,.F.);
#14779 = ORIENTED_EDGE('',*,*,#14780,.F.);
#14780 = EDGE_CURVE('',#14756,#14756,#14781,.T.);
#14781 = SURFACE_CURVE('',#14782,(#14787,#14794),.PCURVE_S1.);
#14782 = CIRCLE('',#14783,3.45);
#14783 = AXIS2_PLACEMENT_3D('',#14784,#14785,#14786);
#14784 = CARTESIAN_POINT('',(-28.,28.,26.));
#14785 = DIRECTION('',(0.,0.,1.));
#14786 = DIRECTION('',(1.,0.,0.));
#14787 = PCURVE('',#14010,#14788);
#14788 = DEFINITIONAL_REPRESENTATION('',(#14789),#14793);
#14789 = LINE('',#14790,#14791);
#14790 = CARTESIAN_POINT('',(-0.,0.));
#14791 = VECTOR('',#14792,1.);
#14792 = DIRECTION('',(-1.,0.));
#14793 = ( GEOMETRIC_REPRESENTATION_CONTEXT(2) 
PARAMETRIC_REPRESENTATION_CONTEXT() REPRESENTATION_CONTEXT('2D SPACE',''
  ) );
#14794 = PCURVE('',#14795,#14800);
#14795 = PLANE('',#14796);
#14796 = AXIS2_PLACEMENT_3D('',#14797,#14798,#14799);
#14797 = CARTESIAN_POINT('',(-28.,28.,26.));
#14798 = DIRECTION('',(0.,0.,1.));
#14799 = DIRECTION('',(1.,0.,-0.));
#14800 = DEFINITIONAL_REPRESENTATION('',(#14801),#14805);
#14801 = CIRCLE('',#14802,3.45);
#14802 = AXIS2_PLACEMENT_2D('',#14803,#14804);
#14803 = CARTESIAN_POINT('',(0.,0.));
#14804 = DIRECTION('',(1.,0.));
#14805 = ( GEOMETRIC_REPRESENTATION_CONTEXT(2) 
PARAMETRIC_REPRESENTATION_CONTEXT() REPRESENTATION_CONTEXT('2D SPACE',''
  ) );
#14806 = ADVANCED_FACE('',(#14807),#14041,.T.);
#14807 = FACE_BOUND('',#14808,.F.);
#14808 = EDGE_LOOP('',(#14809,#14832,#14833,#14834));
#14809 = ORIENTED_EDGE('',*,*,#14810,.T.);
#14810 = EDGE_CURVE('',#14811,#14025,#14813,.T.);
#14811 = VERTEX_POINT('',#14812);
#14812 = CARTESIAN_POINT('',(38.8,-5.,21.79));
#14813 = SEAM_CURVE('',#14814,(#14818,#14825),.PCURVE_S1.);
#14814 = LINE('',#14815,#14816);
#14815 = CARTESIAN_POINT('',(38.8,-5.,21.79));
#14816 = VECTOR('',#14817,1.);
#14817 = DIRECTION('',(0.,0.,1.));
#14818 = PCURVE('',#14041,#14819);
#14819 = DEFINITIONAL_REPRESENTATION('',(#14820),#14824);
#14820 = LINE('',#14821,#14822);
#14821 = CARTESIAN_POINT('',(-0.,0.));
#14822 = VECTOR('',#14823,1.);
#14823 = DIRECTION('',(-0.,-1.));
#14824 = ( GEOMETRIC_REPRESENTATION_CONTEXT(2) 
PARAMETRIC_REPRESENTATION_CONTEXT() REPRESENTATION_CONTEXT('2D SPACE',''
  ) );
#14825 = PCURVE('',#14041,#14826);
#14826 = DEFINITIONAL_REPRESENTATION('',(#14827),#14831);
#14827 = LINE('',#14828,#14829);
#14828 = CARTESIAN_POINT('',(-6.28318530718,0.));
#14829 = VECTOR('',#14830,1.);
#14830 = DIRECTION('',(-0.,-1.));
#14831 = ( GEOMETRIC_REPRESENTATION_CONTEXT(2) 
PARAMETRIC_REPRESENTATION_CONTEXT() REPRESENTATION_CONTEXT('2D SPACE',''
  ) );
#14832 = ORIENTED_EDGE('',*,*,#14024,.T.);
#14833 = ORIENTED_EDGE('',*,*,#14810,.F.);
#14834 = ORIENTED_EDGE('',*,*,#14835,.F.);
#14835 = EDGE_CURVE('',#14811,#14811,#14836,.T.);
#14836 = SURFACE_CURVE('',#14837,(#14842,#14849),.PCURVE_S1.);
#14837 = CIRCLE('',#14838,2.8);
#14838 = AXIS2_PLACEMENT_3D('',#14839,#14840,#14841);
#14839 = CARTESIAN_POINT('',(36.,-5.,21.79));
#14840 = DIRECTION('',(0.,0.,1.));
#14841 = DIRECTION('',(1.,0.,0.));
#14842 = PCURVE('',#14041,#14843);
#14843 = DEFINITIONAL_REPRESENTATION('',(#14844),#14848);
#14844 = LINE('',#14845,#14846);
#14845 = CARTESIAN_POINT('',(-0.,0.));
#14846 = VECTOR('',#14847,1.);
#14847 = DIRECTION('',(-1.,0.));
#14848 = ( GEOMETRIC_REPRESENTATION_CONTEXT(2) 
PARAMETRIC_REPRESENTATION_CONTEXT() REPRESENTATION_CONTEXT('2D SPACE',''
  ) );
#14849 = PCURVE('',#14850,#14855);
#14850 = PLANE('',#14851);
#14851 = AXIS2_PLACEMENT_3D('',#14852,#14853,#14854);
#14852 = CARTESIAN_POINT('',(36.,-5.,21.79));
#14853 = DIRECTION('',(0.,0.,1.));
#14854 = DIRECTION('',(1.,0.,-0.));
#14855 = DEFINITIONAL_REPRESENTATION('',(#14856),#14860);
#14856 = CIRCLE('',#14857,2.8);
#14857 = AXIS2_PLACEMENT_2D('',#14858,#14859);
#14858 = CARTESIAN_POINT('',(0.,0.));
#14859 = DIRECTION('',(1.,0.));
#14860 = ( GEOMETRIC_REPRESENTATION_CONTEXT(2) 
PARAMETRIC_REPRESENTATION_CONTEXT() REPRESENTATION_CONTEXT('2D SPACE',''
  ) );
#14861 = ADVANCED_FACE('',(#14862),#14072,.T.);
#14862 = FACE_BOUND('',#14863,.F.);
#14863 = EDGE_LOOP('',(#14864,#14887,#14888,#14889));
#14864 = ORIENTED_EDGE('',*,*,#14865,.T.);
#14865 = EDGE_CURVE('',#14866,#14056,#14868,.T.);
#14866 = VERTEX_POINT('',#14867);
#14867 = CARTESIAN_POINT('',(31.45,28.,26.));
#14868 = SEAM_CURVE('',#14869,(#14873,#14880),.PCURVE_S1.);
#14869 = LINE('',#14870,#14871);
#14870 = CARTESIAN_POINT('',(31.45,28.,26.));
#14871 = VECTOR('',#14872,1.);
#14872 = DIRECTION('',(0.,0.,1.));
#14873 = PCURVE('',#14072,#14874);
#14874 = DEFINITIONAL_REPRESENTATION('',(#14875),#14879);
#14875 = LINE('',#14876,#14877);
#14876 = CARTESIAN_POINT('',(-0.,0.));
#14877 = VECTOR('',#14878,1.);
#14878 = DIRECTION('',(-0.,-1.));
#14879 = ( GEOMETRIC_REPRESENTATION_CONTEXT(2) 
PARAMETRIC_REPRESENTATION_CONTEXT() REPRESENTATION_CONTEXT('2D SPACE',''
  ) );
#14880 = PCURVE('',#14072,#14881);
#14881 = DEFINITIONAL_REPRESENTATION('',(#14882),#14886);
#14882 = LINE('',#14883,#14884);
#14883 = CARTESIAN_POINT('',(-6.28318530718,0.));
#14884 = VECTOR('',#14885,1.);
#14885 = DIRECTION('',(-0.,-1.));
#14886 = ( GEOMETRIC_REPRESENTATION_CONTEXT(2) 
PARAMETRIC_REPRESENTATION_CONTEXT() REPRESENTATION_CONTEXT('2D SPACE',''
  ) );
#14887 = ORIENTED_EDGE('',*,*,#14055,.T.);
#14888 = ORIENTED_EDGE('',*,*,#14865,.F.);
#14889 = ORIENTED_EDGE('',*,*,#14890,.F.);
#14890 = EDGE_CURVE('',#14866,#14866,#14891,.T.);
#14891 = SURFACE_CURVE('',#14892,(#14897,#14904),.PCURVE_S1.);
#14892 = CIRCLE('',#14893,3.45);
#14893 = AXIS2_PLACEMENT_3D('',#14894,#14895,#14896);
#14894 = CARTESIAN_POINT('',(28.,28.,26.));
#14895 = DIRECTION('',(0.,0.,1.));
#14896 = DIRECTION('',(1.,0.,0.));
#14897 = PCURVE('',#14072,#14898);
#14898 = DEFINITIONAL_REPRESENTATION('',(#14899),#14903);
#14899 = LINE('',#14900,#14901);
#14900 = CARTESIAN_POINT('',(-0.,0.));
#14901 = VECTOR('',#14902,1.);
#14902 = DIRECTION('',(-1.,0.));
#14903 = ( GEOMETRIC_REPRESENTATION_CONTEXT(2) 
PARAMETRIC_REPRESENTATION_CONTEXT() REPRESENTATION_CONTEXT('2D SPACE',''
  ) );
#14904 = PCURVE('',#14905,#14910);
#14905 = PLANE('',#14906);
#14906 = AXIS2_PLACEMENT_3D('',#14907,#14908,#14909);
#14907 = CARTESIAN_POINT('',(28.,28.,26.));
#14908 = DIRECTION('',(0.,0.,1.));
#14909 = DIRECTION('',(1.,0.,-0.));
#14910 = DEFINITIONAL_REPRESENTATION('',(#14911),#14915);
#14911 = CIRCLE('',#14912,3.45);
#14912 = AXIS2_PLACEMENT_2D('',#14913,#14914);
#14913 = CARTESIAN_POINT('',(0.,0.));
#14914 = DIRECTION('',(1.,0.));
#14915 = ( GEOMETRIC_REPRESENTATION_CONTEXT(2) 
PARAMETRIC_REPRESENTATION_CONTEXT() REPRESENTATION_CONTEXT('2D SPACE',''
  ) );
#14916 = ADVANCED_FACE('',(#14917,#14920),#14127,.T.);
#14917 = FACE_BOUND('',#14918,.T.);
#14918 = EDGE_LOOP('',(#14919));
#14919 = ORIENTED_EDGE('',*,*,#14146,.T.);
#14920 = FACE_BOUND('',#14921,.T.);
#14921 = EDGE_LOOP('',(#14922));
#14922 = ORIENTED_EDGE('',*,*,#14112,.T.);
#14923 = ADVANCED_FACE('',(#14924),#14214,.F.);
#14924 = FACE_BOUND('',#14925,.F.);
#14925 = EDGE_LOOP('',(#14926,#14949,#14982,#15010,#15031));
#14926 = ORIENTED_EDGE('',*,*,#14927,.F.);
#14927 = EDGE_CURVE('',#14928,#14196,#14930,.T.);
#14928 = VERTEX_POINT('',#14929);
#14929 = CARTESIAN_POINT('',(31.106847276581,-11.5,29.));
#14930 = SURFACE_CURVE('',#14931,(#14935,#14942),.PCURVE_S1.);
#14931 = LINE('',#14932,#14933);
#14932 = CARTESIAN_POINT('',(28.,-11.5,29.));
#14933 = VECTOR('',#14934,1.);
#14934 = DIRECTION('',(1.,0.,0.));
#14935 = PCURVE('',#14214,#14936);
#14936 = DEFINITIONAL_REPRESENTATION('',(#14937),#14941);
#14937 = LINE('',#14938,#14939);
#14938 = CARTESIAN_POINT('',(0.,3.));
#14939 = VECTOR('',#14940,1.);
#14940 = DIRECTION('',(1.,0.));
#14941 = ( GEOMETRIC_REPRESENTATION_CONTEXT(2) 
PARAMETRIC_REPRESENTATION_CONTEXT() REPRESENTATION_CONTEXT('2D SPACE',''
  ) );
#14942 = PCURVE('',#14245,#14943);
#14943 = DEFINITIONAL_REPRESENTATION('',(#14944),#14948);
#14944 = LINE('',#14945,#14946);
#14945 = CARTESIAN_POINT('',(0.,0.));
#14946 = VECTOR('',#14947,1.);
#14947 = DIRECTION('',(0.,1.));
#14948 = ( GEOMETRIC_REPRESENTATION_CONTEXT(2) 
PARAMETRIC_REPRESENTATION_CONTEXT() REPRESENTATION_CONTEXT('2D SPACE',''
  ) );
#14949 = ORIENTED_EDGE('',*,*,#14950,.T.);
#14950 = EDGE_CURVE('',#14928,#14951,#14953,.T.);
#14951 = VERTEX_POINT('',#14952);
#14952 = CARTESIAN_POINT('',(31.45,-13.,29.));
#14953 = SURFACE_CURVE('',#14954,(#14959,#14970),.PCURVE_S1.);
#14954 = CIRCLE('',#14955,3.45);
#14955 = AXIS2_PLACEMENT_3D('',#14956,#14957,#14958);
#14956 = CARTESIAN_POINT('',(28.,-13.,29.));
#14957 = DIRECTION('',(0.,0.,-1.));
#14958 = DIRECTION('',(1.,0.,0.));
#14959 = PCURVE('',#14214,#14960);
#14960 = DEFINITIONAL_REPRESENTATION('',(#14961),#14969);
#14961 = ( BOUNDED_CURVE() B_SPLINE_CURVE(2,(#14962,#14963,#14964,#14965
    ,#14966,#14967,#14968),.UNSPECIFIED.,.T.,.F.) 
B_SPLINE_CURVE_WITH_KNOTS((1,2,2,2,2,1),(-2.094395102393,0.,
    2.094395102393,4.188790204786,6.28318530718,8.377580409573),
.UNSPECIFIED.) CURVE() GEOMETRIC_REPRESENTATION_ITEM() 
RATIONAL_B_SPLINE_CURVE((1.,0.5,1.,0.5,1.,0.5,1.)) REPRESENTATION_ITEM(
  '') );
#14962 = CARTESIAN_POINT('',(3.45,1.5));
#14963 = CARTESIAN_POINT('',(3.45,-4.475575286113));
#14964 = CARTESIAN_POINT('',(-1.725,-1.487787643056));
#14965 = CARTESIAN_POINT('',(-6.9,1.5));
#14966 = CARTESIAN_POINT('',(-1.725,4.487787643056));
#14967 = CARTESIAN_POINT('',(3.45,7.475575286113));
#14968 = CARTESIAN_POINT('',(3.45,1.5));
#14969 = ( GEOMETRIC_REPRESENTATION_CONTEXT(2) 
PARAMETRIC_REPRESENTATION_CONTEXT() REPRESENTATION_CONTEXT('2D SPACE',''
  ) );
#14970 = PCURVE('',#14971,#14976);
#14971 = CYLINDRICAL_SURFACE('',#14972,3.45);
#14972 = AXIS2_PLACEMENT_3D('',#14973,#14974,#14975);
#14973 = CARTESIAN_POINT('',(28.,-13.,26.));
#14974 = DIRECTION('',(-0.,-0.,-1.));
#14975 = DIRECTION('',(1.,0.,0.));
#14976 = DEFINITIONAL_REPRESENTATION('',(#14977),#14981);
#14977 = LINE('',#14978,#14979);
#14978 = CARTESIAN_POINT('',(-6.28318530718,-3.));
#14979 = VECTOR('',#14980,1.);
#14980 = DIRECTION('',(1.,-0.));
#14981 = ( GEOMETRIC_REPRESENTATION_CONTEXT(2) 
PARAMETRIC_REPRESENTATION_CONTEXT() REPRESENTATION_CONTEXT('2D SPACE',''
  ) );
#14982 = ORIENTED_EDGE('',*,*,#14983,.T.);
#14983 = EDGE_CURVE('',#14951,#14984,#14986,.T.);
#14984 = VERTEX_POINT('',#14985);
#14985 = CARTESIAN_POINT('',(31.106847276581,-14.5,29.));
#14986 = SURFACE_CURVE('',#14987,(#14992,#15003),.PCURVE_S1.);
#14987 = CIRCLE('',#14988,3.45);
#14988 = AXIS2_PLACEMENT_3D('',#14989,#14990,#14991);
#14989 = CARTESIAN_POINT('',(28.,-13.,29.));
#14990 = DIRECTION('',(0.,0.,-1.));
#14991 = DIRECTION('',(1.,0.,0.));
#14992 = PCURVE('',#14214,#14993);
#14993 = DEFINITIONAL_REPRESENTATION('',(#14994),#15002);
#14994 = ( BOUNDED_CURVE() B_SPLINE_CURVE(2,(#14995,#14996,#14997,#14998
    ,#14999,#15000,#15001),.UNSPECIFIED.,.T.,.F.) 
B_SPLINE_CURVE_WITH_KNOTS((1,2,2,2,2,1),(-2.094395102393,0.,
    2.094395102393,4.188790204786,6.28318530718,8.377580409573),
.UNSPECIFIED.) CURVE() GEOMETRIC_REPRESENTATION_ITEM() 
RATIONAL_B_SPLINE_CURVE((1.,0.5,1.,0.5,1.,0.5,1.)) REPRESENTATION_ITEM(
  '') );
#14995 = CARTESIAN_POINT('',(3.45,1.5));
#14996 = CARTESIAN_POINT('',(3.45,-4.475575286113));
#14997 = CARTESIAN_POINT('',(-1.725,-1.487787643056));
#14998 = CARTESIAN_POINT('',(-6.9,1.5));
#14999 = CARTESIAN_POINT('',(-1.725,4.487787643056));
#15000 = CARTESIAN_POINT('',(3.45,7.475575286113));
#15001 = CARTESIAN_POINT('',(3.45,1.5));
#15002 = ( GEOMETRIC_REPRESENTATION_CONTEXT(2) 
PARAMETRIC_REPRESENTATION_CONTEXT() REPRESENTATION_CONTEXT('2D SPACE',''
  ) );
#15003 = PCURVE('',#14971,#15004);
#15004 = DEFINITIONAL_REPRESENTATION('',(#15005),#15009);
#15005 = LINE('',#15006,#15007);
#15006 = CARTESIAN_POINT('',(-6.28318530718,-3.));
#15007 = VECTOR('',#15008,1.);
#15008 = DIRECTION('',(1.,-0.));
#15009 = ( GEOMETRIC_REPRESENTATION_CONTEXT(2) 
PARAMETRIC_REPRESENTATION_CONTEXT() REPRESENTATION_CONTEXT('2D SPACE',''
  ) );
#15010 = ORIENTED_EDGE('',*,*,#15011,.T.);
#15011 = EDGE_CURVE('',#14984,#14198,#15012,.T.);
#15012 = SURFACE_CURVE('',#15013,(#15017,#15024),.PCURVE_S1.);
#15013 = LINE('',#15014,#15015);
#15014 = CARTESIAN_POINT('',(28.,-14.5,29.));
#15015 = VECTOR('',#15016,1.);
#15016 = DIRECTION('',(1.,0.,0.));
#15017 = PCURVE('',#14214,#15018);
#15018 = DEFINITIONAL_REPRESENTATION('',(#15019),#15023);
#15019 = LINE('',#15020,#15021);
#15020 = CARTESIAN_POINT('',(0.,0.));
#15021 = VECTOR('',#15022,1.);
#15022 = DIRECTION('',(1.,0.));
#15023 = ( GEOMETRIC_REPRESENTATION_CONTEXT(2) 
PARAMETRIC_REPRESENTATION_CONTEXT() REPRESENTATION_CONTEXT('2D SPACE',''
  ) );
#15024 = PCURVE('',#14302,#15025);
#15025 = DEFINITIONAL_REPRESENTATION('',(#15026),#15030);
#15026 = LINE('',#15027,#15028);
#15027 = CARTESIAN_POINT('',(0.,0.));
#15028 = VECTOR('',#15029,1.);
#15029 = DIRECTION('',(0.,1.));
#15030 = ( GEOMETRIC_REPRESENTATION_CONTEXT(2) 
PARAMETRIC_REPRESENTATION_CONTEXT() REPRESENTATION_CONTEXT('2D SPACE',''
  ) );
#15031 = ORIENTED_EDGE('',*,*,#14195,.F.);
#15032 = ADVANCED_FACE('',(#15033),#14302,.F.);
#15033 = FACE_BOUND('',#15034,.F.);
#15034 = EDGE_LOOP('',(#15035,#15036,#15057,#15078));
#15035 = ORIENTED_EDGE('',*,*,#15011,.F.);
#15036 = ORIENTED_EDGE('',*,*,#15037,.F.);
#15037 = EDGE_CURVE('',#15038,#14984,#15040,.T.);
#15038 = VERTEX_POINT('',#15039);
#15039 = CARTESIAN_POINT('',(31.106847276581,-14.5,31.));
#15040 = SURFACE_CURVE('',#15041,(#15045,#15051),.PCURVE_S1.);
#15041 = LINE('',#15042,#15043);
#15042 = CARTESIAN_POINT('',(31.106847276581,-14.5,26.));
#15043 = VECTOR('',#15044,1.);
#15044 = DIRECTION('',(-0.,-0.,-1.));
#15045 = PCURVE('',#14302,#15046);
#15046 = DEFINITIONAL_REPRESENTATION('',(#15047),#15050);
#15047 = B_SPLINE_CURVE_WITH_KNOTS('',1,(#15048,#15049),.UNSPECIFIED.,
  .F.,.F.,(2,2),(-5.0000006,-2.8),.PIECEWISE_BEZIER_KNOTS.);
#15048 = CARTESIAN_POINT('',(2.0000006,3.106847276581));
#15049 = CARTESIAN_POINT('',(-0.2,3.106847276581));
#15050 = ( GEOMETRIC_REPRESENTATION_CONTEXT(2) 
PARAMETRIC_REPRESENTATION_CONTEXT() REPRESENTATION_CONTEXT('2D SPACE',''
  ) );
#15051 = PCURVE('',#14971,#15052);
#15052 = DEFINITIONAL_REPRESENTATION('',(#15053),#15056);
#15053 = B_SPLINE_CURVE_WITH_KNOTS('',1,(#15054,#15055),.UNSPECIFIED.,
  .F.,.F.,(2,2),(-5.0000006,-2.8),.PIECEWISE_BEZIER_KNOTS.);
#15054 = CARTESIAN_POINT('',(-5.833388446755,-5.0000006));
#15055 = CARTESIAN_POINT('',(-5.833388446755,-2.8));
#15056 = ( GEOMETRIC_REPRESENTATION_CONTEXT(2) 
PARAMETRIC_REPRESENTATION_CONTEXT() REPRESENTATION_CONTEXT('2D SPACE',''
  ) );
#15057 = ORIENTED_EDGE('',*,*,#15058,.T.);
#15058 = EDGE_CURVE('',#15038,#14257,#15059,.T.);
#15059 = SURFACE_CURVE('',#15060,(#15064,#15071),.PCURVE_S1.);
#15060 = LINE('',#15061,#15062);
#15061 = CARTESIAN_POINT('',(28.,-14.5,31.));
#15062 = VECTOR('',#15063,1.);
#15063 = DIRECTION('',(1.,0.,0.));
#15064 = PCURVE('',#14302,#15065);
#15065 = DEFINITIONAL_REPRESENTATION('',(#15066),#15070);
#15066 = LINE('',#15067,#15068);
#15067 = CARTESIAN_POINT('',(2.,0.));
#15068 = VECTOR('',#15069,1.);
#15069 = DIRECTION('',(0.,1.));
#15070 = ( GEOMETRIC_REPRESENTATION_CONTEXT(2) 
PARAMETRIC_REPRESENTATION_CONTEXT() REPRESENTATION_CONTEXT('2D SPACE',''
  ) );
#15071 = PCURVE('',#14273,#15072);
#15072 = DEFINITIONAL_REPRESENTATION('',(#15073),#15077);
#15073 = LINE('',#15074,#15075);
#15074 = CARTESIAN_POINT('',(0.,-1.5));
#15075 = VECTOR('',#15076,1.);
#15076 = DIRECTION('',(1.,0.));
#15077 = ( GEOMETRIC_REPRESENTATION_CONTEXT(2) 
PARAMETRIC_REPRESENTATION_CONTEXT() REPRESENTATION_CONTEXT('2D SPACE',''
  ) );
#15078 = ORIENTED_EDGE('',*,*,#14289,.T.);
#15079 = ADVANCED_FACE('',(#15080,#15129),#14273,.T.);
#15080 = FACE_BOUND('',#15081,.T.);
#15081 = EDGE_LOOP('',(#15082,#15105,#15127,#15128));
#15082 = ORIENTED_EDGE('',*,*,#15083,.F.);
#15083 = EDGE_CURVE('',#15084,#14231,#15086,.T.);
#15084 = VERTEX_POINT('',#15085);
#15085 = CARTESIAN_POINT('',(31.106847276581,-11.5,31.));
#15086 = SURFACE_CURVE('',#15087,(#15091,#15098),.PCURVE_S1.);
#15087 = LINE('',#15088,#15089);
#15088 = CARTESIAN_POINT('',(28.,-11.5,31.));
#15089 = VECTOR('',#15090,1.);
#15090 = DIRECTION('',(1.,0.,0.));
#15091 = PCURVE('',#14273,#15092);
#15092 = DEFINITIONAL_REPRESENTATION('',(#15093),#15097);
#15093 = LINE('',#15094,#15095);
#15094 = CARTESIAN_POINT('',(0.,1.5));
#15095 = VECTOR('',#15096,1.);
#15096 = DIRECTION('',(1.,0.));
#15097 = ( GEOMETRIC_REPRESENTATION_CONTEXT(2) 
PARAMETRIC_REPRESENTATION_CONTEXT() REPRESENTATION_CONTEXT('2D SPACE',''
  ) );
#15098 = PCURVE('',#14245,#15099);
#15099 = DEFINITIONAL_REPRESENTATION('',(#15100),#15104);
#15100 = LINE('',#15101,#15102);
#15101 = CARTESIAN_POINT('',(2.,0.));
#15102 = VECTOR('',#15103,1.);
#15103 = DIRECTION('',(0.,1.));
#15104 = ( GEOMETRIC_REPRESENTATION_CONTEXT(2) 
PARAMETRIC_REPRESENTATION_CONTEXT() REPRESENTATION_CONTEXT('2D SPACE',''
  ) );
#15105 = ORIENTED_EDGE('',*,*,#15106,.T.);
#15106 = EDGE_CURVE('',#15084,#15038,#15107,.T.);
#15107 = SURFACE_CURVE('',#15108,(#15113,#15120),.PCURVE_S1.);
#15108 = CIRCLE('',#15109,3.45);
#15109 = AXIS2_PLACEMENT_3D('',#15110,#15111,#15112);
#15110 = CARTESIAN_POINT('',(28.,-13.,31.));
#15111 = DIRECTION('',(0.,0.,1.));
#15112 = DIRECTION('',(1.,0.,0.));
#15113 = PCURVE('',#14273,#15114);
#15114 = DEFINITIONAL_REPRESENTATION('',(#15115),#15119);
#15115 = CIRCLE('',#15116,3.45);
#15116 = AXIS2_PLACEMENT_2D('',#15117,#15118);
#15117 = CARTESIAN_POINT('',(0.,0.));
#15118 = DIRECTION('',(1.,0.));
#15119 = ( GEOMETRIC_REPRESENTATION_CONTEXT(2) 
PARAMETRIC_REPRESENTATION_CONTEXT() REPRESENTATION_CONTEXT('2D SPACE',''
  ) );
#15120 = PCURVE('',#14971,#15121);
#15121 = DEFINITIONAL_REPRESENTATION('',(#15122),#15126);
#15122 = LINE('',#15123,#15124);
#15123 = CARTESIAN_POINT('',(-0.,-5.));
#15124 = VECTOR('',#15125,1.);
#15125 = DIRECTION('',(-1.,0.));
#15126 = ( GEOMETRIC_REPRESENTATION_CONTEXT(2) 
PARAMETRIC_REPRESENTATION_CONTEXT() REPRESENTATION_CONTEXT('2D SPACE',''
  ) );
#15127 = ORIENTED_EDGE('',*,*,#15058,.T.);
#15128 = ORIENTED_EDGE('',*,*,#14256,.F.);
#15129 = FACE_BOUND('',#15130,.T.);
#15130 = EDGE_LOOP('',(#15131,#15166));
#15131 = ORIENTED_EDGE('',*,*,#15132,.T.);
#15132 = EDGE_CURVE('',#15133,#15135,#15137,.T.);
#15133 = VERTEX_POINT('',#15134);
#15134 = CARTESIAN_POINT('',(28.,-14.25,31.));
#15135 = VERTEX_POINT('',#15136);
#15136 = CARTESIAN_POINT('',(28.,-11.75,31.));
#15137 = SURFACE_CURVE('',#15138,(#15143,#15154),.PCURVE_S1.);
#15138 = CIRCLE('',#15139,1.25);
#15139 = AXIS2_PLACEMENT_3D('',#15140,#15141,#15142);
#15140 = CARTESIAN_POINT('',(28.,-13.,31.));
#15141 = DIRECTION('',(0.,0.,-1.));
#15142 = DIRECTION('',(1.,0.,0.));
#15143 = PCURVE('',#14273,#15144);
#15144 = DEFINITIONAL_REPRESENTATION('',(#15145),#15153);
#15145 = ( BOUNDED_CURVE() B_SPLINE_CURVE(2,(#15146,#15147,#15148,#15149
    ,#15150,#15151,#15152),.UNSPECIFIED.,.T.,.F.) 
B_SPLINE_CURVE_WITH_KNOTS((1,2,2,2,2,1),(-2.094395102393,0.,
    2.094395102393,4.188790204786,6.28318530718,8.377580409573),
.UNSPECIFIED.) CURVE() GEOMETRIC_REPRESENTATION_ITEM() 
RATIONAL_B_SPLINE_CURVE((1.,0.5,1.,0.5,1.,0.5,1.)) REPRESENTATION_ITEM(
  '') );
#15146 = CARTESIAN_POINT('',(1.25,0.));
#15147 = CARTESIAN_POINT('',(1.25,-2.165063509461));
#15148 = CARTESIAN_POINT('',(-0.625,-1.082531754731));
#15149 = CARTESIAN_POINT('',(-2.5,-3.061616997868E-16));
#15150 = CARTESIAN_POINT('',(-0.625,1.082531754731));
#15151 = CARTESIAN_POINT('',(1.25,2.165063509461));
#15152 = CARTESIAN_POINT('',(1.25,0.));
#15153 = ( GEOMETRIC_REPRESENTATION_CONTEXT(2) 
PARAMETRIC_REPRESENTATION_CONTEXT() REPRESENTATION_CONTEXT('2D SPACE',''
  ) );
#15154 = PCURVE('',#15155,#15160);
#15155 = CYLINDRICAL_SURFACE('',#15156,1.25);
#15156 = AXIS2_PLACEMENT_3D('',#15157,#15158,#15159);
#15157 = CARTESIAN_POINT('',(28.,-13.,25.9));
#15158 = DIRECTION('',(-0.,-0.,-1.));
#15159 = DIRECTION('',(1.,0.,0.));
#15160 = DEFINITIONAL_REPRESENTATION('',(#15161),#15165);
#15161 = LINE('',#15162,#15163);
#15162 = CARTESIAN_POINT('',(-6.28318530718,-5.1));
#15163 = VECTOR('',#15164,1.);
#15164 = DIRECTION('',(1.,-0.));
#15165 = ( GEOMETRIC_REPRESENTATION_CONTEXT(2) 
PARAMETRIC_REPRESENTATION_CONTEXT() REPRESENTATION_CONTEXT('2D SPACE',''
  ) );
#15166 = ORIENTED_EDGE('',*,*,#15167,.F.);
#15167 = EDGE_CURVE('',#15133,#15135,#15168,.T.);
#15168 = SURFACE_CURVE('',#15169,(#15173,#15180),.PCURVE_S1.);
#15169 = LINE('',#15170,#15171);
#15170 = CARTESIAN_POINT('',(28.,-14.5,31.));
#15171 = VECTOR('',#15172,1.);
#15172 = DIRECTION('',(0.,1.,0.));
#15173 = PCURVE('',#14273,#15174);
#15174 = DEFINITIONAL_REPRESENTATION('',(#15175),#15179);
#15175 = LINE('',#15176,#15177);
#15176 = CARTESIAN_POINT('',(0.,-1.5));
#15177 = VECTOR('',#15178,1.);
#15178 = DIRECTION('',(0.,1.));
#15179 = ( GEOMETRIC_REPRESENTATION_CONTEXT(2) 
PARAMETRIC_REPRESENTATION_CONTEXT() REPRESENTATION_CONTEXT('2D SPACE',''
  ) );
#15180 = PCURVE('',#15181,#15186);
#15181 = PLANE('',#15182);
#15182 = AXIS2_PLACEMENT_3D('',#15183,#15184,#15185);
#15183 = CARTESIAN_POINT('',(28.,-14.5,29.));
#15184 = DIRECTION('',(1.,0.,0.));
#15185 = DIRECTION('',(0.,0.,1.));
#15186 = DEFINITIONAL_REPRESENTATION('',(#15187),#15191);
#15187 = LINE('',#15188,#15189);
#15188 = CARTESIAN_POINT('',(2.,0.));
#15189 = VECTOR('',#15190,1.);
#15190 = DIRECTION('',(0.,-1.));
#15191 = ( GEOMETRIC_REPRESENTATION_CONTEXT(2) 
PARAMETRIC_REPRESENTATION_CONTEXT() REPRESENTATION_CONTEXT('2D SPACE',''
  ) );
#15192 = ADVANCED_FACE('',(#15193),#14245,.T.);
#15193 = FACE_BOUND('',#15194,.T.);
#15194 = EDGE_LOOP('',(#15195,#15196,#15215,#15216));
#15195 = ORIENTED_EDGE('',*,*,#14927,.F.);
#15196 = ORIENTED_EDGE('',*,*,#15197,.F.);
#15197 = EDGE_CURVE('',#15084,#14928,#15198,.T.);
#15198 = SURFACE_CURVE('',#15199,(#15203,#15209),.PCURVE_S1.);
#15199 = LINE('',#15200,#15201);
#15200 = CARTESIAN_POINT('',(31.106847276581,-11.5,26.));
#15201 = VECTOR('',#15202,1.);
#15202 = DIRECTION('',(-0.,-0.,-1.));
#15203 = PCURVE('',#14245,#15204);
#15204 = DEFINITIONAL_REPRESENTATION('',(#15205),#15208);
#15205 = B_SPLINE_CURVE_WITH_KNOTS('',1,(#15206,#15207),.UNSPECIFIED.,
  .F.,.F.,(2,2),(-5.0000006,-2.8),.PIECEWISE_BEZIER_KNOTS.);
#15206 = CARTESIAN_POINT('',(2.0000006,3.106847276581));
#15207 = CARTESIAN_POINT('',(-0.2,3.106847276581));
#15208 = ( GEOMETRIC_REPRESENTATION_CONTEXT(2) 
PARAMETRIC_REPRESENTATION_CONTEXT() REPRESENTATION_CONTEXT('2D SPACE',''
  ) );
#15209 = PCURVE('',#14971,#15210);
#15210 = DEFINITIONAL_REPRESENTATION('',(#15211),#15214);
#15211 = B_SPLINE_CURVE_WITH_KNOTS('',1,(#15212,#15213),.UNSPECIFIED.,
  .F.,.F.,(2,2),(-5.0000006,-2.8),.PIECEWISE_BEZIER_KNOTS.);
#15212 = CARTESIAN_POINT('',(-0.449796860424,-5.0000006));
#15213 = CARTESIAN_POINT('',(-0.449796860424,-2.8));
#15214 = ( GEOMETRIC_REPRESENTATION_CONTEXT(2) 
PARAMETRIC_REPRESENTATION_CONTEXT() REPRESENTATION_CONTEXT('2D SPACE',''
  ) );
#15215 = ORIENTED_EDGE('',*,*,#15083,.T.);
#15216 = ORIENTED_EDGE('',*,*,#14230,.T.);
#15217 = ADVANCED_FACE('',(#15218,#15221),#14333,.F.);
#15218 = FACE_BOUND('',#15219,.F.);
#15219 = EDGE_LOOP('',(#15220));
#15220 = ORIENTED_EDGE('',*,*,#14316,.T.);
#15221 = FACE_BOUND('',#15222,.F.);
#15222 = EDGE_LOOP('',(#15223));
#15223 = ORIENTED_EDGE('',*,*,#15224,.T.);
#15224 = EDGE_CURVE('',#15225,#15225,#15227,.T.);
#15225 = VERTEX_POINT('',#15226);
#15226 = CARTESIAN_POINT('',(-17.,-31.5,48.));
#15227 = SURFACE_CURVE('',#15228,(#15233,#15244),.PCURVE_S1.);
#15228 = CIRCLE('',#15229,1.);
#15229 = AXIS2_PLACEMENT_3D('',#15230,#15231,#15232);
#15230 = CARTESIAN_POINT('',(-18.,-31.5,48.));
#15231 = DIRECTION('',(0.,0.,-1.));
#15232 = DIRECTION('',(1.,0.,0.));
#15233 = PCURVE('',#14333,#15234);
#15234 = DEFINITIONAL_REPRESENTATION('',(#15235),#15243);
#15235 = ( BOUNDED_CURVE() B_SPLINE_CURVE(2,(#15236,#15237,#15238,#15239
    ,#15240,#15241,#15242),.UNSPECIFIED.,.T.,.F.) 
B_SPLINE_CURVE_WITH_KNOTS((1,2,2,2,2,1),(-2.094395102393,0.,
    2.094395102393,4.188790204786,6.28318530718,8.377580409573),
.UNSPECIFIED.) CURVE() GEOMETRIC_REPRESENTATION_ITEM() 
RATIONAL_B_SPLINE_CURVE((1.,0.5,1.,0.5,1.,0.5,1.)) REPRESENTATION_ITEM(
  '') );
#15236 = CARTESIAN_POINT('',(1.,0.));
#15237 = CARTESIAN_POINT('',(1.,-1.732050807569));
#15238 = CARTESIAN_POINT('',(-0.5,-0.866025403784));
#15239 = CARTESIAN_POINT('',(-2.,-2.449293598295E-16));
#15240 = CARTESIAN_POINT('',(-0.5,0.866025403784));
#15241 = CARTESIAN_POINT('',(1.,1.732050807569));
#15242 = CARTESIAN_POINT('',(1.,0.));
#15243 = ( GEOMETRIC_REPRESENTATION_CONTEXT(2) 
PARAMETRIC_REPRESENTATION_CONTEXT() REPRESENTATION_CONTEXT('2D SPACE',''
  ) );
#15244 = PCURVE('',#15245,#15250);
#15245 = CYLINDRICAL_SURFACE('',#15246,1.);
#15246 = AXIS2_PLACEMENT_3D('',#15247,#15248,#15249);
#15247 = CARTESIAN_POINT('',(-18.,-31.5,47.9));
#15248 = DIRECTION('',(-0.,-0.,-1.));
#15249 = DIRECTION('',(1.,0.,0.));
#15250 = DEFINITIONAL_REPRESENTATION('',(#15251),#15255);
#15251 = LINE('',#15252,#15253);
#15252 = CARTESIAN_POINT('',(-6.28318530718,-0.1));
#15253 = VECTOR('',#15254,1.);
#15254 = DIRECTION('',(1.,-0.));
#15255 = ( GEOMETRIC_REPRESENTATION_CONTEXT(2) 
PARAMETRIC_REPRESENTATION_CONTEXT() REPRESENTATION_CONTEXT('2D SPACE',''
  ) );
#15256 = ADVANCED_FACE('',(#15257,#15260),#14411,.F.);
#15257 = FACE_BOUND('',#15258,.F.);
#15258 = EDGE_LOOP('',(#15259));
#15259 = ORIENTED_EDGE('',*,*,#14396,.T.);
#15260 = FACE_BOUND('',#15261,.F.);
#15261 = EDGE_LOOP('',(#15262));
#15262 = ORIENTED_EDGE('',*,*,#15263,.T.);
#15263 = EDGE_CURVE('',#15264,#15264,#15266,.T.);
#15264 = VERTEX_POINT('',#15265);
#15265 = CARTESIAN_POINT('',(-26.75,-11.,26.));
#15266 = SURFACE_CURVE('',#15267,(#15272,#15283),.PCURVE_S1.);
#15267 = CIRCLE('',#15268,1.25);
#15268 = AXIS2_PLACEMENT_3D('',#15269,#15270,#15271);
#15269 = CARTESIAN_POINT('',(-28.,-11.,26.));
#15270 = DIRECTION('',(0.,0.,-1.));
#15271 = DIRECTION('',(1.,0.,0.));
#15272 = PCURVE('',#14411,#15273);
#15273 = DEFINITIONAL_REPRESENTATION('',(#15274),#15282);
#15274 = ( BOUNDED_CURVE() B_SPLINE_CURVE(2,(#15275,#15276,#15277,#15278
    ,#15279,#15280,#15281),.UNSPECIFIED.,.T.,.F.) 
B_SPLINE_CURVE_WITH_KNOTS((1,2,2,2,2,1),(-2.094395102393,0.,
    2.094395102393,4.188790204786,6.28318530718,8.377580409573),
.UNSPECIFIED.) CURVE() GEOMETRIC_REPRESENTATION_ITEM() 
RATIONAL_B_SPLINE_CURVE((1.,0.5,1.,0.5,1.,0.5,1.)) REPRESENTATION_ITEM(
  '') );
#15275 = CARTESIAN_POINT('',(1.25,0.));
#15276 = CARTESIAN_POINT('',(1.25,-2.165063509461));
#15277 = CARTESIAN_POINT('',(-0.625,-1.082531754731));
#15278 = CARTESIAN_POINT('',(-2.5,-3.061616997868E-16));
#15279 = CARTESIAN_POINT('',(-0.625,1.082531754731));
#15280 = CARTESIAN_POINT('',(1.25,2.165063509461));
#15281 = CARTESIAN_POINT('',(1.25,0.));
#15282 = ( GEOMETRIC_REPRESENTATION_CONTEXT(2) 
PARAMETRIC_REPRESENTATION_CONTEXT() REPRESENTATION_CONTEXT('2D SPACE',''
  ) );
#15283 = PCURVE('',#15284,#15289);
#15284 = CYLINDRICAL_SURFACE('',#15285,1.25);
#15285 = AXIS2_PLACEMENT_3D('',#15286,#15287,#15288);
#15286 = CARTESIAN_POINT('',(-28.,-11.,25.9));
#15287 = DIRECTION('',(-0.,-0.,-1.));
#15288 = DIRECTION('',(1.,0.,0.));
#15289 = DEFINITIONAL_REPRESENTATION('',(#15290),#15294);
#15290 = LINE('',#15291,#15292);
#15291 = CARTESIAN_POINT('',(-6.28318530718,-0.1));
#15292 = VECTOR('',#15293,1.);
#15293 = DIRECTION('',(1.,-0.));
#15294 = ( GEOMETRIC_REPRESENTATION_CONTEXT(2) 
PARAMETRIC_REPRESENTATION_CONTEXT() REPRESENTATION_CONTEXT('2D SPACE',''
  ) );
#15295 = ADVANCED_FACE('',(#15296),#14445,.F.);
#15296 = FACE_BOUND('',#15297,.F.);
#15297 = EDGE_LOOP('',(#15298,#15321,#15354,#15382,#15403,#15404));
#15298 = ORIENTED_EDGE('',*,*,#15299,.F.);
#15299 = EDGE_CURVE('',#15300,#14429,#15302,.T.);
#15300 = VERTEX_POINT('',#15301);
#15301 = CARTESIAN_POINT('',(-15.81825757707,-18.,46.4));
#15302 = SURFACE_CURVE('',#15303,(#15307,#15314),.PCURVE_S1.);
#15303 = LINE('',#15304,#15305);
#15304 = CARTESIAN_POINT('',(-18.,-18.,46.4));
#15305 = VECTOR('',#15306,1.);
#15306 = DIRECTION('',(1.,0.,0.));
#15307 = PCURVE('',#14445,#15308);
#15308 = DEFINITIONAL_REPRESENTATION('',(#15309),#15313);
#15309 = LINE('',#15310,#15311);
#15310 = CARTESIAN_POINT('',(0.,2.));
#15311 = VECTOR('',#15312,1.);
#15312 = DIRECTION('',(1.,0.));
#15313 = ( GEOMETRIC_REPRESENTATION_CONTEXT(2) 
PARAMETRIC_REPRESENTATION_CONTEXT() REPRESENTATION_CONTEXT('2D SPACE',''
  ) );
#15314 = PCURVE('',#14576,#15315);
#15315 = DEFINITIONAL_REPRESENTATION('',(#15316),#15320);
#15316 = LINE('',#15317,#15318);
#15317 = CARTESIAN_POINT('',(0.,0.));
#15318 = VECTOR('',#15319,1.);
#15319 = DIRECTION('',(0.,1.));
#15320 = ( GEOMETRIC_REPRESENTATION_CONTEXT(2) 
PARAMETRIC_REPRESENTATION_CONTEXT() REPRESENTATION_CONTEXT('2D SPACE',''
  ) );
#15321 = ORIENTED_EDGE('',*,*,#15322,.T.);
#15322 = EDGE_CURVE('',#15300,#15323,#15325,.T.);
#15323 = VERTEX_POINT('',#15324);
#15324 = CARTESIAN_POINT('',(-15.6,-19.,46.4));
#15325 = SURFACE_CURVE('',#15326,(#15331,#15342),.PCURVE_S1.);
#15326 = CIRCLE('',#15327,2.4);
#15327 = AXIS2_PLACEMENT_3D('',#15328,#15329,#15330);
#15328 = CARTESIAN_POINT('',(-18.,-19.,46.4));
#15329 = DIRECTION('',(0.,0.,-1.));
#15330 = DIRECTION('',(1.,0.,0.));
#15331 = PCURVE('',#14445,#15332);
#15332 = DEFINITIONAL_REPRESENTATION('',(#15333),#15341);
#15333 = ( BOUNDED_CURVE() B_SPLINE_CURVE(2,(#15334,#15335,#15336,#15337
    ,#15338,#15339,#15340),.UNSPECIFIED.,.T.,.F.) 
B_SPLINE_CURVE_WITH_KNOTS((1,2,2,2,2,1),(-2.094395102393,0.,
    2.094395102393,4.188790204786,6.28318530718,8.377580409573),
.UNSPECIFIED.) CURVE() GEOMETRIC_REPRESENTATION_ITEM() 
RATIONAL_B_SPLINE_CURVE((1.,0.5,1.,0.5,1.,0.5,1.)) REPRESENTATION_ITEM(
  '') );
#15334 = CARTESIAN_POINT('',(2.4,1.));
#15335 = CARTESIAN_POINT('',(2.4,-3.156921938165));
#15336 = CARTESIAN_POINT('',(-1.2,-1.078460969083));
#15337 = CARTESIAN_POINT('',(-4.8,1.));
#15338 = CARTESIAN_POINT('',(-1.2,3.078460969083));
#15339 = CARTESIAN_POINT('',(2.4,5.156921938165));
#15340 = CARTESIAN_POINT('',(2.4,1.));
#15341 = ( GEOMETRIC_REPRESENTATION_CONTEXT(2) 
PARAMETRIC_REPRESENTATION_CONTEXT() REPRESENTATION_CONTEXT('2D SPACE',''
  ) );
#15342 = PCURVE('',#15343,#15348);
#15343 = CYLINDRICAL_SURFACE('',#15344,2.4);
#15344 = AXIS2_PLACEMENT_3D('',#15345,#15346,#15347);
#15345 = CARTESIAN_POINT('',(-18.,-19.,30.));
#15346 = DIRECTION('',(-0.,-0.,-1.));
#15347 = DIRECTION('',(1.,0.,0.));
#15348 = DEFINITIONAL_REPRESENTATION('',(#15349),#15353);
#15349 = LINE('',#15350,#15351);
#15350 = CARTESIAN_POINT('',(-6.28318530718,-16.4));
#15351 = VECTOR('',#15352,1.);
#15352 = DIRECTION('',(1.,-0.));
#15353 = ( GEOMETRIC_REPRESENTATION_CONTEXT(2) 
PARAMETRIC_REPRESENTATION_CONTEXT() REPRESENTATION_CONTEXT('2D SPACE',''
  ) );
#15354 = ORIENTED_EDGE('',*,*,#15355,.T.);
#15355 = EDGE_CURVE('',#15323,#15356,#15358,.T.);
#15356 = VERTEX_POINT('',#15357);
#15357 = CARTESIAN_POINT('',(-15.81825757707,-20.,46.4));
#15358 = SURFACE_CURVE('',#15359,(#15364,#15375),.PCURVE_S1.);
#15359 = CIRCLE('',#15360,2.4);
#15360 = AXIS2_PLACEMENT_3D('',#15361,#15362,#15363);
#15361 = CARTESIAN_POINT('',(-18.,-19.,46.4));
#15362 = DIRECTION('',(0.,0.,-1.));
#15363 = DIRECTION('',(1.,0.,0.));
#15364 = PCURVE('',#14445,#15365);
#15365 = DEFINITIONAL_REPRESENTATION('',(#15366),#15374);
#15366 = ( BOUNDED_CURVE() B_SPLINE_CURVE(2,(#15367,#15368,#15369,#15370
    ,#15371,#15372,#15373),.UNSPECIFIED.,.T.,.F.) 
B_SPLINE_CURVE_WITH_KNOTS((1,2,2,2,2,1),(-2.094395102393,0.,
    2.094395102393,4.188790204786,6.28318530718,8.377580409573),
.UNSPECIFIED.) CURVE() GEOMETRIC_REPRESENTATION_ITEM() 
RATIONAL_B_SPLINE_CURVE((1.,0.5,1.,0.5,1.,0.5,1.)) REPRESENTATION_ITEM(
  '') );
#15367 = CARTESIAN_POINT('',(2.4,1.));
#15368 = CARTESIAN_POINT('',(2.4,-3.156921938165));
#15369 = CARTESIAN_POINT('',(-1.2,-1.078460969083));
#15370 = CARTESIAN_POINT('',(-4.8,1.));
#15371 = CARTESIAN_POINT('',(-1.2,3.078460969083));
#15372 = CARTESIAN_POINT('',(2.4,5.156921938165));
#15373 = CARTESIAN_POINT('',(2.4,1.));
#15374 = ( GEOMETRIC_REPRESENTATION_CONTEXT(2) 
PARAMETRIC_REPRESENTATION_CONTEXT() REPRESENTATION_CONTEXT('2D SPACE',''
  ) );
#15375 = PCURVE('',#15343,#15376);
#15376 = DEFINITIONAL_REPRESENTATION('',(#15377),#15381);
#15377 = LINE('',#15378,#15379);
#15378 = CARTESIAN_POINT('',(-6.28318530718,-16.4));
#15379 = VECTOR('',#15380,1.);
#15380 = DIRECTION('',(1.,-0.));
#15381 = ( GEOMETRIC_REPRESENTATION_CONTEXT(2) 
PARAMETRIC_REPRESENTATION_CONTEXT() REPRESENTATION_CONTEXT('2D SPACE',''
  ) );
#15382 = ORIENTED_EDGE('',*,*,#15383,.T.);
#15383 = EDGE_CURVE('',#15356,#14481,#15384,.T.);
#15384 = SURFACE_CURVE('',#15385,(#15389,#15396),.PCURVE_S1.);
#15385 = LINE('',#15386,#15387);
#15386 = CARTESIAN_POINT('',(-18.,-20.,46.4));
#15387 = VECTOR('',#15388,1.);
#15388 = DIRECTION('',(1.,0.,0.));
#15389 = PCURVE('',#14445,#15390);
#15390 = DEFINITIONAL_REPRESENTATION('',(#15391),#15395);
#15391 = LINE('',#15392,#15393);
#15392 = CARTESIAN_POINT('',(0.,0.));
#15393 = VECTOR('',#15394,1.);
#15394 = DIRECTION('',(1.,0.));
#15395 = ( GEOMETRIC_REPRESENTATION_CONTEXT(2) 
PARAMETRIC_REPRESENTATION_CONTEXT() REPRESENTATION_CONTEXT('2D SPACE',''
  ) );
#15396 = PCURVE('',#14519,#15397);
#15397 = DEFINITIONAL_REPRESENTATION('',(#15398),#15402);
#15398 = LINE('',#15399,#15400);
#15399 = CARTESIAN_POINT('',(0.,0.));
#15400 = VECTOR('',#15401,1.);
#15401 = DIRECTION('',(0.,1.));
#15402 = ( GEOMETRIC_REPRESENTATION_CONTEXT(2) 
PARAMETRIC_REPRESENTATION_CONTEXT() REPRESENTATION_CONTEXT('2D SPACE',''
  ) );
#15403 = ORIENTED_EDGE('',*,*,#14480,.T.);
#15404 = ORIENTED_EDGE('',*,*,#14426,.T.);
#15405 = ADVANCED_FACE('',(#15406),#14576,.T.);
#15406 = FACE_BOUND('',#15407,.T.);
#15407 = EDGE_LOOP('',(#15408,#15409,#15430,#15451));
#15408 = ORIENTED_EDGE('',*,*,#15299,.F.);
#15409 = ORIENTED_EDGE('',*,*,#15410,.F.);
#15410 = EDGE_CURVE('',#15411,#15300,#15413,.T.);
#15411 = VERTEX_POINT('',#15412);
#15412 = CARTESIAN_POINT('',(-15.81825757707,-18.,48.4));
#15413 = SURFACE_CURVE('',#15414,(#15418,#15424),.PCURVE_S1.);
#15414 = LINE('',#15415,#15416);
#15415 = CARTESIAN_POINT('',(-15.81825757707,-18.,30.));
#15416 = VECTOR('',#15417,1.);
#15417 = DIRECTION('',(-0.,-0.,-1.));
#15418 = PCURVE('',#14576,#15419);
#15419 = DEFINITIONAL_REPRESENTATION('',(#15420),#15423);
#15420 = B_SPLINE_CURVE_WITH_KNOTS('',1,(#15421,#15422),.UNSPECIFIED.,
  .F.,.F.,(2,2),(-18.6,-16.2),.PIECEWISE_BEZIER_KNOTS.);
#15421 = CARTESIAN_POINT('',(2.2,2.181742422927));
#15422 = CARTESIAN_POINT('',(-0.2,2.181742422927));
#15423 = ( GEOMETRIC_REPRESENTATION_CONTEXT(2) 
PARAMETRIC_REPRESENTATION_CONTEXT() REPRESENTATION_CONTEXT('2D SPACE',''
  ) );
#15424 = PCURVE('',#15343,#15425);
#15425 = DEFINITIONAL_REPRESENTATION('',(#15426),#15429);
#15426 = B_SPLINE_CURVE_WITH_KNOTS('',1,(#15427,#15428),.UNSPECIFIED.,
  .F.,.F.,(2,2),(-18.6,-16.2),.PIECEWISE_BEZIER_KNOTS.);
#15427 = CARTESIAN_POINT('',(-0.429775431305,-18.6));
#15428 = CARTESIAN_POINT('',(-0.429775431305,-16.2));
#15429 = ( GEOMETRIC_REPRESENTATION_CONTEXT(2) 
PARAMETRIC_REPRESENTATION_CONTEXT() REPRESENTATION_CONTEXT('2D SPACE',''
  ) );
#15430 = ORIENTED_EDGE('',*,*,#15431,.T.);
#15431 = EDGE_CURVE('',#15411,#14531,#15432,.T.);
#15432 = SURFACE_CURVE('',#15433,(#15437,#15444),.PCURVE_S1.);
#15433 = LINE('',#15434,#15435);
#15434 = CARTESIAN_POINT('',(-18.,-18.,48.4));
#15435 = VECTOR('',#15436,1.);
#15436 = DIRECTION('',(1.,0.,0.));
#15437 = PCURVE('',#14576,#15438);
#15438 = DEFINITIONAL_REPRESENTATION('',(#15439),#15443);
#15439 = LINE('',#15440,#15441);
#15440 = CARTESIAN_POINT('',(2.,0.));
#15441 = VECTOR('',#15442,1.);
#15442 = DIRECTION('',(0.,1.));
#15443 = ( GEOMETRIC_REPRESENTATION_CONTEXT(2) 
PARAMETRIC_REPRESENTATION_CONTEXT() REPRESENTATION_CONTEXT('2D SPACE',''
  ) );
#15444 = PCURVE('',#14547,#15445);
#15445 = DEFINITIONAL_REPRESENTATION('',(#15446),#15450);
#15446 = LINE('',#15447,#15448);
#15447 = CARTESIAN_POINT('',(0.,2.));
#15448 = VECTOR('',#15449,1.);
#15449 = DIRECTION('',(1.,0.));
#15450 = ( GEOMETRIC_REPRESENTATION_CONTEXT(2) 
PARAMETRIC_REPRESENTATION_CONTEXT() REPRESENTATION_CONTEXT('2D SPACE',''
  ) );
#15451 = ORIENTED_EDGE('',*,*,#14563,.T.);
#15452 = ADVANCED_FACE('',(#15453),#14547,.T.);
#15453 = FACE_BOUND('',#15454,.T.);
#15454 = EDGE_LOOP('',(#15455,#15456,#15484,#15512,#15533));
#15455 = ORIENTED_EDGE('',*,*,#15431,.F.);
#15456 = ORIENTED_EDGE('',*,*,#15457,.T.);
#15457 = EDGE_CURVE('',#15411,#15458,#15460,.T.);
#15458 = VERTEX_POINT('',#15459);
#15459 = CARTESIAN_POINT('',(-15.6,-19.,48.4));
#15460 = SURFACE_CURVE('',#15461,(#15466,#15477),.PCURVE_S1.);
#15461 = CIRCLE('',#15462,2.4);
#15462 = AXIS2_PLACEMENT_3D('',#15463,#15464,#15465);
#15463 = CARTESIAN_POINT('',(-18.,-19.,48.4));
#15464 = DIRECTION('',(0.,0.,-1.));
#15465 = DIRECTION('',(1.,0.,0.));
#15466 = PCURVE('',#14547,#15467);
#15467 = DEFINITIONAL_REPRESENTATION('',(#15468),#15476);
#15468 = ( BOUNDED_CURVE() B_SPLINE_CURVE(2,(#15469,#15470,#15471,#15472
    ,#15473,#15474,#15475),.UNSPECIFIED.,.T.,.F.) 
B_SPLINE_CURVE_WITH_KNOTS((1,2,2,2,2,1),(-2.094395102393,0.,
    2.094395102393,4.188790204786,6.28318530718,8.377580409573),
.UNSPECIFIED.) CURVE() GEOMETRIC_REPRESENTATION_ITEM() 
RATIONAL_B_SPLINE_CURVE((1.,0.5,1.,0.5,1.,0.5,1.)) REPRESENTATION_ITEM(
  '') );
#15469 = CARTESIAN_POINT('',(2.4,1.));
#15470 = CARTESIAN_POINT('',(2.4,-3.156921938165));
#15471 = CARTESIAN_POINT('',(-1.2,-1.078460969083));
#15472 = CARTESIAN_POINT('',(-4.8,1.));
#15473 = CARTESIAN_POINT('',(-1.2,3.078460969083));
#15474 = CARTESIAN_POINT('',(2.4,5.156921938165));
#15475 = CARTESIAN_POINT('',(2.4,1.));
#15476 = ( GEOMETRIC_REPRESENTATION_CONTEXT(2) 
PARAMETRIC_REPRESENTATION_CONTEXT() REPRESENTATION_CONTEXT('2D SPACE',''
  ) );
#15477 = PCURVE('',#15343,#15478);
#15478 = DEFINITIONAL_REPRESENTATION('',(#15479),#15483);
#15479 = LINE('',#15480,#15481);
#15480 = CARTESIAN_POINT('',(-6.28318530718,-18.4));
#15481 = VECTOR('',#15482,1.);
#15482 = DIRECTION('',(1.,-0.));
#15483 = ( GEOMETRIC_REPRESENTATION_CONTEXT(2) 
PARAMETRIC_REPRESENTATION_CONTEXT() REPRESENTATION_CONTEXT('2D SPACE',''
  ) );
#15484 = ORIENTED_EDGE('',*,*,#15485,.T.);
#15485 = EDGE_CURVE('',#15458,#15486,#15488,.T.);
#15486 = VERTEX_POINT('',#15487);
#15487 = CARTESIAN_POINT('',(-15.81825757707,-20.,48.4));
#15488 = SURFACE_CURVE('',#15489,(#15494,#15505),.PCURVE_S1.);
#15489 = CIRCLE('',#15490,2.4);
#15490 = AXIS2_PLACEMENT_3D('',#15491,#15492,#15493);
#15491 = CARTESIAN_POINT('',(-18.,-19.,48.4));
#15492 = DIRECTION('',(0.,0.,-1.));
#15493 = DIRECTION('',(1.,0.,0.));
#15494 = PCURVE('',#14547,#15495);
#15495 = DEFINITIONAL_REPRESENTATION('',(#15496),#15504);
#15496 = ( BOUNDED_CURVE() B_SPLINE_CURVE(2,(#15497,#15498,#15499,#15500
    ,#15501,#15502,#15503),.UNSPECIFIED.,.T.,.F.) 
B_SPLINE_CURVE_WITH_KNOTS((1,2,2,2,2,1),(-2.094395102393,0.,
    2.094395102393,4.188790204786,6.28318530718,8.377580409573),
.UNSPECIFIED.) CURVE() GEOMETRIC_REPRESENTATION_ITEM() 
RATIONAL_B_SPLINE_CURVE((1.,0.5,1.,0.5,1.,0.5,1.)) REPRESENTATION_ITEM(
  '') );
#15497 = CARTESIAN_POINT('',(2.4,1.));
#15498 = CARTESIAN_POINT('',(2.4,-3.156921938165));
#15499 = CARTESIAN_POINT('',(-1.2,-1.078460969083));
#15500 = CARTESIAN_POINT('',(-4.8,1.));
#15501 = CARTESIAN_POINT('',(-1.2,3.078460969083));
#15502 = CARTESIAN_POINT('',(2.4,5.156921938165));
#15503 = CARTESIAN_POINT('',(2.4,1.));
#15504 = ( GEOMETRIC_REPRESENTATION_CONTEXT(2) 
PARAMETRIC_REPRESENTATION_CONTEXT() REPRESENTATION_CONTEXT('2D SPACE',''
  ) );
#15505 = PCURVE('',#15343,#15506);
#15506 = DEFINITIONAL_REPRESENTATION('',(#15507),#15511);
#15507 = LINE('',#15508,#15509);
#15508 = CARTESIAN_POINT('',(-6.28318530718,-18.4));
#15509 = VECTOR('',#15510,1.);
#15510 = DIRECTION('',(1.,-0.));
#15511 = ( GEOMETRIC_REPRESENTATION_CONTEXT(2) 
PARAMETRIC_REPRESENTATION_CONTEXT() REPRESENTATION_CONTEXT('2D SPACE',''
  ) );
#15512 = ORIENTED_EDGE('',*,*,#15513,.T.);
#15513 = EDGE_CURVE('',#15486,#14505,#15514,.T.);
#15514 = SURFACE_CURVE('',#15515,(#15519,#15526),.PCURVE_S1.);
#15515 = LINE('',#15516,#15517);
#15516 = CARTESIAN_POINT('',(-18.,-20.,48.4));
#15517 = VECTOR('',#15518,1.);
#15518 = DIRECTION('',(1.,0.,0.));
#15519 = PCURVE('',#14547,#15520);
#15520 = DEFINITIONAL_REPRESENTATION('',(#15521),#15525);
#15521 = LINE('',#15522,#15523);
#15522 = CARTESIAN_POINT('',(0.,0.));
#15523 = VECTOR('',#15524,1.);
#15524 = DIRECTION('',(1.,0.));
#15525 = ( GEOMETRIC_REPRESENTATION_CONTEXT(2) 
PARAMETRIC_REPRESENTATION_CONTEXT() REPRESENTATION_CONTEXT('2D SPACE',''
  ) );
#15526 = PCURVE('',#14519,#15527);
#15527 = DEFINITIONAL_REPRESENTATION('',(#15528),#15532);
#15528 = LINE('',#15529,#15530);
#15529 = CARTESIAN_POINT('',(2.,0.));
#15530 = VECTOR('',#15531,1.);
#15531 = DIRECTION('',(0.,1.));
#15532 = ( GEOMETRIC_REPRESENTATION_CONTEXT(2) 
PARAMETRIC_REPRESENTATION_CONTEXT() REPRESENTATION_CONTEXT('2D SPACE',''
  ) );
#15533 = ORIENTED_EDGE('',*,*,#14530,.T.);
#15534 = ADVANCED_FACE('',(#15535),#14519,.F.);
#15535 = FACE_BOUND('',#15536,.F.);
#15536 = EDGE_LOOP('',(#15537,#15538,#15557,#15558));
#15537 = ORIENTED_EDGE('',*,*,#15383,.F.);
#15538 = ORIENTED_EDGE('',*,*,#15539,.F.);
#15539 = EDGE_CURVE('',#15486,#15356,#15540,.T.);
#15540 = SURFACE_CURVE('',#15541,(#15545,#15551),.PCURVE_S1.);
#15541 = LINE('',#15542,#15543);
#15542 = CARTESIAN_POINT('',(-15.81825757707,-20.,30.));
#15543 = VECTOR('',#15544,1.);
#15544 = DIRECTION('',(-0.,-0.,-1.));
#15545 = PCURVE('',#14519,#15546);
#15546 = DEFINITIONAL_REPRESENTATION('',(#15547),#15550);
#15547 = B_SPLINE_CURVE_WITH_KNOTS('',1,(#15548,#15549),.UNSPECIFIED.,
  .F.,.F.,(2,2),(-18.6,-16.2),.PIECEWISE_BEZIER_KNOTS.);
#15548 = CARTESIAN_POINT('',(2.2,2.181742422927));
#15549 = CARTESIAN_POINT('',(-0.2,2.181742422927));
#15550 = ( GEOMETRIC_REPRESENTATION_CONTEXT(2) 
PARAMETRIC_REPRESENTATION_CONTEXT() REPRESENTATION_CONTEXT('2D SPACE',''
  ) );
#15551 = PCURVE('',#15343,#15552);
#15552 = DEFINITIONAL_REPRESENTATION('',(#15553),#15556);
#15553 = B_SPLINE_CURVE_WITH_KNOTS('',1,(#15554,#15555),.UNSPECIFIED.,
  .F.,.F.,(2,2),(-18.6,-16.2),.PIECEWISE_BEZIER_KNOTS.);
#15554 = CARTESIAN_POINT('',(-5.853409875875,-18.6));
#15555 = CARTESIAN_POINT('',(-5.853409875875,-16.2));
#15556 = ( GEOMETRIC_REPRESENTATION_CONTEXT(2) 
PARAMETRIC_REPRESENTATION_CONTEXT() REPRESENTATION_CONTEXT('2D SPACE',''
  ) );
#15557 = ORIENTED_EDGE('',*,*,#15513,.T.);
#15558 = ORIENTED_EDGE('',*,*,#14504,.T.);
#15559 = ADVANCED_FACE('',(#15560,#15563),#14630,.F.);
#15560 = FACE_BOUND('',#15561,.F.);
#15561 = EDGE_LOOP('',(#15562));
#15562 = ORIENTED_EDGE('',*,*,#14615,.T.);
#15563 = FACE_BOUND('',#15564,.F.);
#15564 = EDGE_LOOP('',(#15565));
#15565 = ORIENTED_EDGE('',*,*,#15566,.T.);
#15566 = EDGE_CURVE('',#15567,#15567,#15569,.T.);
#15567 = VERTEX_POINT('',#15568);
#15568 = CARTESIAN_POINT('',(1.,-44.,21.79));
#15569 = SURFACE_CURVE('',#15570,(#15575,#15586),.PCURVE_S1.);
#15570 = CIRCLE('',#15571,1.);
#15571 = AXIS2_PLACEMENT_3D('',#15572,#15573,#15574);
#15572 = CARTESIAN_POINT('',(0.,-44.,21.79));
#15573 = DIRECTION('',(0.,0.,-1.));
#15574 = DIRECTION('',(1.,0.,0.));
#15575 = PCURVE('',#14630,#15576);
#15576 = DEFINITIONAL_REPRESENTATION('',(#15577),#15585);
#15577 = ( BOUNDED_CURVE() B_SPLINE_CURVE(2,(#15578,#15579,#15580,#15581
    ,#15582,#15583,#15584),.UNSPECIFIED.,.T.,.F.) 
B_SPLINE_CURVE_WITH_KNOTS((1,2,2,2,2,1),(-2.094395102393,0.,
    2.094395102393,4.188790204786,6.28318530718,8.377580409573),
.UNSPECIFIED.) CURVE() GEOMETRIC_REPRESENTATION_ITEM() 
RATIONAL_B_SPLINE_CURVE((1.,0.5,1.,0.5,1.,0.5,1.)) REPRESENTATION_ITEM(
  '') );
#15578 = CARTESIAN_POINT('',(1.,0.));
#15579 = CARTESIAN_POINT('',(1.,-1.732050807569));
#15580 = CARTESIAN_POINT('',(-0.5,-0.866025403784));
#15581 = CARTESIAN_POINT('',(-2.,-2.449293598295E-16));
#15582 = CARTESIAN_POINT('',(-0.5,0.866025403784));
#15583 = CARTESIAN_POINT('',(1.,1.732050807569));
#15584 = CARTESIAN_POINT('',(1.,0.));
#15585 = ( GEOMETRIC_REPRESENTATION_CONTEXT(2) 
PARAMETRIC_REPRESENTATION_CONTEXT() REPRESENTATION_CONTEXT('2D SPACE',''
  ) );
#15586 = PCURVE('',#15587,#15592);
#15587 = CYLINDRICAL_SURFACE('',#15588,1.);
#15588 = AXIS2_PLACEMENT_3D('',#15589,#15590,#15591);
#15589 = CARTESIAN_POINT('',(0.,-44.,21.78));
#15590 = DIRECTION('',(-0.,-0.,-1.));
#15591 = DIRECTION('',(1.,0.,0.));
#15592 = DEFINITIONAL_REPRESENTATION('',(#15593),#15597);
#15593 = LINE('',#15594,#15595);
#15594 = CARTESIAN_POINT('',(-6.28318530718,-1.E-02));
#15595 = VECTOR('',#15596,1.);
#15596 = DIRECTION('',(1.,-0.));
#15597 = ( GEOMETRIC_REPRESENTATION_CONTEXT(2) 
PARAMETRIC_REPRESENTATION_CONTEXT() REPRESENTATION_CONTEXT('2D SPACE',''
  ) );
#15598 = ADVANCED_FACE('',(#15599,#15602),#14685,.F.);
#15599 = FACE_BOUND('',#15600,.F.);
#15600 = EDGE_LOOP('',(#15601));
#15601 = ORIENTED_EDGE('',*,*,#14670,.T.);
#15602 = FACE_BOUND('',#15603,.F.);
#15603 = EDGE_LOOP('',(#15604));
#15604 = ORIENTED_EDGE('',*,*,#15605,.T.);
#15605 = EDGE_CURVE('',#15606,#15606,#15608,.T.);
#15606 = VERTEX_POINT('',#15607);
#15607 = CARTESIAN_POINT('',(-35.,-5.,21.79));
#15608 = SURFACE_CURVE('',#15609,(#15614,#15625),.PCURVE_S1.);
#15609 = CIRCLE('',#15610,1.);
#15610 = AXIS2_PLACEMENT_3D('',#15611,#15612,#15613);
#15611 = CARTESIAN_POINT('',(-36.,-5.,21.79));
#15612 = DIRECTION('',(0.,0.,-1.));
#15613 = DIRECTION('',(1.,0.,0.));
#15614 = PCURVE('',#14685,#15615);
#15615 = DEFINITIONAL_REPRESENTATION('',(#15616),#15624);
#15616 = ( BOUNDED_CURVE() B_SPLINE_CURVE(2,(#15617,#15618,#15619,#15620
    ,#15621,#15622,#15623),.UNSPECIFIED.,.T.,.F.) 
B_SPLINE_CURVE_WITH_KNOTS((1,2,2,2,2,1),(-2.094395102393,0.,
    2.094395102393,4.188790204786,6.28318530718,8.377580409573),
.UNSPECIFIED.) CURVE() GEOMETRIC_REPRESENTATION_ITEM() 
RATIONAL_B_SPLINE_CURVE((1.,0.5,1.,0.5,1.,0.5,1.)) REPRESENTATION_ITEM(
  '') );
#15617 = CARTESIAN_POINT('',(1.,0.));
#15618 = CARTESIAN_POINT('',(1.,-1.732050807569));
#15619 = CARTESIAN_POINT('',(-0.5,-0.866025403784));
#15620 = CARTESIAN_POINT('',(-2.,-2.449293598295E-16));
#15621 = CARTESIAN_POINT('',(-0.5,0.866025403784));
#15622 = CARTESIAN_POINT('',(1.,1.732050807569));
#15623 = CARTESIAN_POINT('',(1.,0.));
#15624 = ( GEOMETRIC_REPRESENTATION_CONTEXT(2) 
PARAMETRIC_REPRESENTATION_CONTEXT() REPRESENTATION_CONTEXT('2D SPACE',''
  ) );
#15625 = PCURVE('',#15626,#15631);
#15626 = CYLINDRICAL_SURFACE('',#15627,1.);
#15627 = AXIS2_PLACEMENT_3D('',#15628,#15629,#15630);
#15628 = CARTESIAN_POINT('',(-36.,-5.,21.78));
#15629 = DIRECTION('',(-0.,-0.,-1.));
#15630 = DIRECTION('',(1.,0.,0.));
#15631 = DEFINITIONAL_REPRESENTATION('',(#15632),#15636);
#15632 = LINE('',#15633,#15634);
#15633 = CARTESIAN_POINT('',(-6.28318530718,-1.E-02));
#15634 = VECTOR('',#15635,1.);
#15635 = DIRECTION('',(1.,-0.));
#15636 = ( GEOMETRIC_REPRESENTATION_CONTEXT(2) 
PARAMETRIC_REPRESENTATION_CONTEXT() REPRESENTATION_CONTEXT('2D SPACE',''
  ) );
#15637 = ADVANCED_FACE('',(#15638,#15641),#14717,.F.);
#15638 = FACE_BOUND('',#15639,.F.);
#15639 = EDGE_LOOP('',(#15640));
#15640 = ORIENTED_EDGE('',*,*,#14700,.T.);
#15641 = FACE_BOUND('',#15642,.F.);
#15642 = EDGE_LOOP('',(#15643));
#15643 = ORIENTED_EDGE('',*,*,#15644,.T.);
#15644 = EDGE_CURVE('',#15645,#15645,#15647,.T.);
#15645 = VERTEX_POINT('',#15646);
#15646 = CARTESIAN_POINT('',(-17.,-6.5,48.));
#15647 = SURFACE_CURVE('',#15648,(#15653,#15664),.PCURVE_S1.);
#15648 = CIRCLE('',#15649,1.);
#15649 = AXIS2_PLACEMENT_3D('',#15650,#15651,#15652);
#15650 = CARTESIAN_POINT('',(-18.,-6.5,48.));
#15651 = DIRECTION('',(0.,0.,-1.));
#15652 = DIRECTION('',(1.,0.,0.));
#15653 = PCURVE('',#14717,#15654);
#15654 = DEFINITIONAL_REPRESENTATION('',(#15655),#15663);
#15655 = ( BOUNDED_CURVE() B_SPLINE_CURVE(2,(#15656,#15657,#15658,#15659
    ,#15660,#15661,#15662),.UNSPECIFIED.,.T.,.F.) 
B_SPLINE_CURVE_WITH_KNOTS((1,2,2,2,2,1),(-2.094395102393,0.,
    2.094395102393,4.188790204786,6.28318530718,8.377580409573),
.UNSPECIFIED.) CURVE() GEOMETRIC_REPRESENTATION_ITEM() 
RATIONAL_B_SPLINE_CURVE((1.,0.5,1.,0.5,1.,0.5,1.)) REPRESENTATION_ITEM(
  '') );
#15656 = CARTESIAN_POINT('',(1.,0.));
#15657 = CARTESIAN_POINT('',(1.,-1.732050807569));
#15658 = CARTESIAN_POINT('',(-0.5,-0.866025403784));
#15659 = CARTESIAN_POINT('',(-2.,-2.449293598295E-16));
#15660 = CARTESIAN_POINT('',(-0.5,0.866025403784));
#15661 = CARTESIAN_POINT('',(1.,1.732050807569));
#15662 = CARTESIAN_POINT('',(1.,0.));
#15663 = ( GEOMETRIC_REPRESENTATION_CONTEXT(2) 
PARAMETRIC_REPRESENTATION_CONTEXT() REPRESENTATION_CONTEXT('2D SPACE',''
  ) );
#15664 = PCURVE('',#15665,#15670);
#15665 = CYLINDRICAL_SURFACE('',#15666,1.);
#15666 = AXIS2_PLACEMENT_3D('',#15667,#15668,#15669);
#15667 = CARTESIAN_POINT('',(-18.,-6.5,47.9));
#15668 = DIRECTION('',(-0.,-0.,-1.));
#15669 = DIRECTION('',(1.,0.,0.));
#15670 = DEFINITIONAL_REPRESENTATION('',(#15671),#15675);
#15671 = LINE('',#15672,#15673);
#15672 = CARTESIAN_POINT('',(-6.28318530718,-0.1));
#15673 = VECTOR('',#15674,1.);
#15674 = DIRECTION('',(1.,-0.));
#15675 = ( GEOMETRIC_REPRESENTATION_CONTEXT(2) 
PARAMETRIC_REPRESENTATION_CONTEXT() REPRESENTATION_CONTEXT('2D SPACE',''
  ) );
#15676 = ADVANCED_FACE('',(#15677,#15680),#14795,.F.);
#15677 = FACE_BOUND('',#15678,.F.);
#15678 = EDGE_LOOP('',(#15679));
#15679 = ORIENTED_EDGE('',*,*,#14780,.T.);
#15680 = FACE_BOUND('',#15681,.F.);
#15681 = EDGE_LOOP('',(#15682));
#15682 = ORIENTED_EDGE('',*,*,#15683,.T.);
#15683 = EDGE_CURVE('',#15684,#15684,#15686,.T.);
#15684 = VERTEX_POINT('',#15685);
#15685 = CARTESIAN_POINT('',(-26.75,28.,26.));
#15686 = SURFACE_CURVE('',#15687,(#15692,#15703),.PCURVE_S1.);
#15687 = CIRCLE('',#15688,1.25);
#15688 = AXIS2_PLACEMENT_3D('',#15689,#15690,#15691);
#15689 = CARTESIAN_POINT('',(-28.,28.,26.));
#15690 = DIRECTION('',(0.,0.,-1.));
#15691 = DIRECTION('',(1.,0.,0.));
#15692 = PCURVE('',#14795,#15693);
#15693 = DEFINITIONAL_REPRESENTATION('',(#15694),#15702);
#15694 = ( BOUNDED_CURVE() B_SPLINE_CURVE(2,(#15695,#15696,#15697,#15698
    ,#15699,#15700,#15701),.UNSPECIFIED.,.T.,.F.) 
B_SPLINE_CURVE_WITH_KNOTS((1,2,2,2,2,1),(-2.094395102393,0.,
    2.094395102393,4.188790204786,6.28318530718,8.377580409573),
.UNSPECIFIED.) CURVE() GEOMETRIC_REPRESENTATION_ITEM() 
RATIONAL_B_SPLINE_CURVE((1.,0.5,1.,0.5,1.,0.5,1.)) REPRESENTATION_ITEM(
  '') );
#15695 = CARTESIAN_POINT('',(1.25,0.));
#15696 = CARTESIAN_POINT('',(1.25,-2.165063509461));
#15697 = CARTESIAN_POINT('',(-0.625,-1.082531754731));
#15698 = CARTESIAN_POINT('',(-2.5,-3.061616997868E-16));
#15699 = CARTESIAN_POINT('',(-0.625,1.082531754731));
#15700 = CARTESIAN_POINT('',(1.25,2.165063509461));
#15701 = CARTESIAN_POINT('',(1.25,0.));
#15702 = ( GEOMETRIC_REPRESENTATION_CONTEXT(2) 
PARAMETRIC_REPRESENTATION_CONTEXT() REPRESENTATION_CONTEXT('2D SPACE',''
  ) );
#15703 = PCURVE('',#15704,#15709);
#15704 = CYLINDRICAL_SURFACE('',#15705,1.25);
#15705 = AXIS2_PLACEMENT_3D('',#15706,#15707,#15708);
#15706 = CARTESIAN_POINT('',(-28.,28.,25.9));
#15707 = DIRECTION('',(-0.,-0.,-1.));
#15708 = DIRECTION('',(1.,0.,0.));
#15709 = DEFINITIONAL_REPRESENTATION('',(#15710),#15714);
#15710 = LINE('',#15711,#15712);
#15711 = CARTESIAN_POINT('',(-6.28318530718,-0.1));
#15712 = VECTOR('',#15713,1.);
#15713 = DIRECTION('',(1.,-0.));
#15714 = ( GEOMETRIC_REPRESENTATION_CONTEXT(2) 
PARAMETRIC_REPRESENTATION_CONTEXT() REPRESENTATION_CONTEXT('2D SPACE',''
  ) );
#15715 = ADVANCED_FACE('',(#15716,#15719),#14850,.F.);
#15716 = FACE_BOUND('',#15717,.F.);
#15717 = EDGE_LOOP('',(#15718));
#15718 = ORIENTED_EDGE('',*,*,#14835,.T.);
#15719 = FACE_BOUND('',#15720,.F.);
#15720 = EDGE_LOOP('',(#15721));
#15721 = ORIENTED_EDGE('',*,*,#15722,.T.);
#15722 = EDGE_CURVE('',#15723,#15723,#15725,.T.);
#15723 = VERTEX_POINT('',#15724);
#15724 = CARTESIAN_POINT('',(37.,-5.,21.79));
#15725 = SURFACE_CURVE('',#15726,(#15731,#15742),.PCURVE_S1.);
#15726 = CIRCLE('',#15727,1.);
#15727 = AXIS2_PLACEMENT_3D('',#15728,#15729,#15730);
#15728 = CARTESIAN_POINT('',(36.,-5.,21.79));
#15729 = DIRECTION('',(0.,0.,-1.));
#15730 = DIRECTION('',(1.,0.,0.));
#15731 = PCURVE('',#14850,#15732);
#15732 = DEFINITIONAL_REPRESENTATION('',(#15733),#15741);
#15733 = ( BOUNDED_CURVE() B_SPLINE_CURVE(2,(#15734,#15735,#15736,#15737
    ,#15738,#15739,#15740),.UNSPECIFIED.,.T.,.F.) 
B_SPLINE_CURVE_WITH_KNOTS((1,2,2,2,2,1),(-2.094395102393,0.,
    2.094395102393,4.188790204786,6.28318530718,8.377580409573),
.UNSPECIFIED.) CURVE() GEOMETRIC_REPRESENTATION_ITEM() 
RATIONAL_B_SPLINE_CURVE((1.,0.5,1.,0.5,1.,0.5,1.)) REPRESENTATION_ITEM(
  '') );
#15734 = CARTESIAN_POINT('',(1.,0.));
#15735 = CARTESIAN_POINT('',(1.,-1.732050807569));
#15736 = CARTESIAN_POINT('',(-0.5,-0.866025403784));
#15737 = CARTESIAN_POINT('',(-2.,-2.449293598295E-16));
#15738 = CARTESIAN_POINT('',(-0.5,0.866025403784));
#15739 = CARTESIAN_POINT('',(1.,1.732050807569));
#15740 = CARTESIAN_POINT('',(1.,0.));
#15741 = ( GEOMETRIC_REPRESENTATION_CONTEXT(2) 
PARAMETRIC_REPRESENTATION_CONTEXT() REPRESENTATION_CONTEXT('2D SPACE',''
  ) );
#15742 = PCURVE('',#15743,#15748);
#15743 = CYLINDRICAL_SURFACE('',#15744,1.);
#15744 = AXIS2_PLACEMENT_3D('',#15745,#15746,#15747);
#15745 = CARTESIAN_POINT('',(36.,-5.,21.78));
#15746 = DIRECTION('',(-0.,-0.,-1.));
#15747 = DIRECTION('',(1.,0.,0.));
#15748 = DEFINITIONAL_REPRESENTATION('',(#15749),#15753);
#15749 = LINE('',#15750,#15751);
#15750 = CARTESIAN_POINT('',(-6.28318530718,-1.E-02));
#15751 = VECTOR('',#15752,1.);
#15752 = DIRECTION('',(1.,-0.));
#15753 = ( GEOMETRIC_REPRESENTATION_CONTEXT(2) 
PARAMETRIC_REPRESENTATION_CONTEXT() REPRESENTATION_CONTEXT('2D SPACE',''
  ) );
#15754 = ADVANCED_FACE('',(#15755,#15758),#14905,.F.);
#15755 = FACE_BOUND('',#15756,.F.);
#15756 = EDGE_LOOP('',(#15757));
#15757 = ORIENTED_EDGE('',*,*,#14890,.T.);
#15758 = FACE_BOUND('',#15759,.F.);
#15759 = EDGE_LOOP('',(#15760));
#15760 = ORIENTED_EDGE('',*,*,#15761,.T.);
#15761 = EDGE_CURVE('',#15762,#15762,#15764,.T.);
#15762 = VERTEX_POINT('',#15763);
#15763 = CARTESIAN_POINT('',(29.25,28.,26.));
#15764 = SURFACE_CURVE('',#15765,(#15770,#15781),.PCURVE_S1.);
#15765 = CIRCLE('',#15766,1.25);
#15766 = AXIS2_PLACEMENT_3D('',#15767,#15768,#15769);
#15767 = CARTESIAN_POINT('',(28.,28.,26.));
#15768 = DIRECTION('',(0.,0.,-1.));
#15769 = DIRECTION('',(1.,0.,0.));
#15770 = PCURVE('',#14905,#15771);
#15771 = DEFINITIONAL_REPRESENTATION('',(#15772),#15780);
#15772 = ( BOUNDED_CURVE() B_SPLINE_CURVE(2,(#15773,#15774,#15775,#15776
    ,#15777,#15778,#15779),.UNSPECIFIED.,.T.,.F.) 
B_SPLINE_CURVE_WITH_KNOTS((1,2,2,2,2,1),(-2.094395102393,0.,
    2.094395102393,4.188790204786,6.28318530718,8.377580409573),
.UNSPECIFIED.) CURVE() GEOMETRIC_REPRESENTATION_ITEM() 
RATIONAL_B_SPLINE_CURVE((1.,0.5,1.,0.5,1.,0.5,1.)) REPRESENTATION_ITEM(
  '') );
#15773 = CARTESIAN_POINT('',(1.25,0.));
#15774 = CARTESIAN_POINT('',(1.25,-2.165063509461));
#15775 = CARTESIAN_POINT('',(-0.625,-1.082531754731));
#15776 = CARTESIAN_POINT('',(-2.5,-3.061616997868E-16));
#15777 = CARTESIAN_POINT('',(-0.625,1.082531754731));
#15778 = CARTESIAN_POINT('',(1.25,2.165063509461));
#15779 = CARTESIAN_POINT('',(1.25,0.));
#15780 = ( GEOMETRIC_REPRESENTATION_CONTEXT(2) 
PARAMETRIC_REPRESENTATION_CONTEXT() REPRESENTATION_CONTEXT('2D SPACE',''
  ) );
#15781 = PCURVE('',#15782,#15787);
#15782 = CYLINDRICAL_SURFACE('',#15783,1.25);
#15783 = AXIS2_PLACEMENT_3D('',#15784,#15785,#15786);
#15784 = CARTESIAN_POINT('',(28.,28.,25.9));
#15785 = DIRECTION('',(-0.,-0.,-1.));
#15786 = DIRECTION('',(1.,0.,0.));
#15787 = DEFINITIONAL_REPRESENTATION('',(#15788),#15792);
#15788 = LINE('',#15789,#15790);
#15789 = CARTESIAN_POINT('',(-6.28318530718,-0.1));
#15790 = VECTOR('',#15791,1.);
#15791 = DIRECTION('',(1.,-0.));
#15792 = ( GEOMETRIC_REPRESENTATION_CONTEXT(2) 
PARAMETRIC_REPRESENTATION_CONTEXT() REPRESENTATION_CONTEXT('2D SPACE',''
  ) );
#15793 = ADVANCED_FACE('',(#15794),#14971,.T.);
#15794 = FACE_BOUND('',#15795,.F.);
#15795 = EDGE_LOOP('',(#15796,#15825,#15846,#15847,#15848,#15849,#15850,
    #15851));
#15796 = ORIENTED_EDGE('',*,*,#15797,.F.);
#15797 = EDGE_CURVE('',#15798,#15798,#15800,.T.);
#15798 = VERTEX_POINT('',#15799);
#15799 = CARTESIAN_POINT('',(31.45,-13.,26.));
#15800 = SURFACE_CURVE('',#15801,(#15806,#15813),.PCURVE_S1.);
#15801 = CIRCLE('',#15802,3.45);
#15802 = AXIS2_PLACEMENT_3D('',#15803,#15804,#15805);
#15803 = CARTESIAN_POINT('',(28.,-13.,26.));
#15804 = DIRECTION('',(0.,0.,1.));
#15805 = DIRECTION('',(1.,0.,0.));
#15806 = PCURVE('',#14971,#15807);
#15807 = DEFINITIONAL_REPRESENTATION('',(#15808),#15812);
#15808 = LINE('',#15809,#15810);
#15809 = CARTESIAN_POINT('',(-0.,0.));
#15810 = VECTOR('',#15811,1.);
#15811 = DIRECTION('',(-1.,0.));
#15812 = ( GEOMETRIC_REPRESENTATION_CONTEXT(2) 
PARAMETRIC_REPRESENTATION_CONTEXT() REPRESENTATION_CONTEXT('2D SPACE',''
  ) );
#15813 = PCURVE('',#15814,#15819);
#15814 = PLANE('',#15815);
#15815 = AXIS2_PLACEMENT_3D('',#15816,#15817,#15818);
#15816 = CARTESIAN_POINT('',(28.,-13.,26.));
#15817 = DIRECTION('',(0.,0.,1.));
#15818 = DIRECTION('',(1.,0.,-0.));
#15819 = DEFINITIONAL_REPRESENTATION('',(#15820),#15824);
#15820 = CIRCLE('',#15821,3.45);
#15821 = AXIS2_PLACEMENT_2D('',#15822,#15823);
#15822 = CARTESIAN_POINT('',(0.,0.));
#15823 = DIRECTION('',(1.,0.));
#15824 = ( GEOMETRIC_REPRESENTATION_CONTEXT(2) 
PARAMETRIC_REPRESENTATION_CONTEXT() REPRESENTATION_CONTEXT('2D SPACE',''
  ) );
#15825 = ORIENTED_EDGE('',*,*,#15826,.T.);
#15826 = EDGE_CURVE('',#15798,#14951,#15827,.T.);
#15827 = SEAM_CURVE('',#15828,(#15832,#15839),.PCURVE_S1.);
#15828 = LINE('',#15829,#15830);
#15829 = CARTESIAN_POINT('',(31.45,-13.,26.));
#15830 = VECTOR('',#15831,1.);
#15831 = DIRECTION('',(0.,0.,1.));
#15832 = PCURVE('',#14971,#15833);
#15833 = DEFINITIONAL_REPRESENTATION('',(#15834),#15838);
#15834 = LINE('',#15835,#15836);
#15835 = CARTESIAN_POINT('',(-6.28318530718,0.));
#15836 = VECTOR('',#15837,1.);
#15837 = DIRECTION('',(-0.,-1.));
#15838 = ( GEOMETRIC_REPRESENTATION_CONTEXT(2) 
PARAMETRIC_REPRESENTATION_CONTEXT() REPRESENTATION_CONTEXT('2D SPACE',''
  ) );
#15839 = PCURVE('',#14971,#15840);
#15840 = DEFINITIONAL_REPRESENTATION('',(#15841),#15845);
#15841 = LINE('',#15842,#15843);
#15842 = CARTESIAN_POINT('',(-0.,0.));
#15843 = VECTOR('',#15844,1.);
#15844 = DIRECTION('',(-0.,-1.));
#15845 = ( GEOMETRIC_REPRESENTATION_CONTEXT(2) 
PARAMETRIC_REPRESENTATION_CONTEXT() REPRESENTATION_CONTEXT('2D SPACE',''
  ) );
#15846 = ORIENTED_EDGE('',*,*,#14950,.F.);
#15847 = ORIENTED_EDGE('',*,*,#15197,.F.);
#15848 = ORIENTED_EDGE('',*,*,#15106,.T.);
#15849 = ORIENTED_EDGE('',*,*,#15037,.T.);
#15850 = ORIENTED_EDGE('',*,*,#14983,.F.);
#15851 = ORIENTED_EDGE('',*,*,#15826,.F.);
#15852 = ADVANCED_FACE('',(#15853),#15155,.F.);
#15853 = FACE_BOUND('',#15854,.T.);
#15854 = EDGE_LOOP('',(#15855,#15880,#15906,#15907,#15940,#15959,#15960,
    #15981));
#15855 = ORIENTED_EDGE('',*,*,#15856,.F.);
#15856 = EDGE_CURVE('',#15857,#15859,#15861,.T.);
#15857 = VERTEX_POINT('',#15858);
#15858 = CARTESIAN_POINT('',(29.25,-13.,26.));
#15859 = VERTEX_POINT('',#15860);
#15860 = CARTESIAN_POINT('',(29.25,-13.,29.));
#15861 = SEAM_CURVE('',#15862,(#15866,#15873),.PCURVE_S1.);
#15862 = LINE('',#15863,#15864);
#15863 = CARTESIAN_POINT('',(29.25,-13.,25.9));
#15864 = VECTOR('',#15865,1.);
#15865 = DIRECTION('',(0.,0.,1.));
#15866 = PCURVE('',#15155,#15867);
#15867 = DEFINITIONAL_REPRESENTATION('',(#15868),#15872);
#15868 = LINE('',#15869,#15870);
#15869 = CARTESIAN_POINT('',(-6.28318530718,0.));
#15870 = VECTOR('',#15871,1.);
#15871 = DIRECTION('',(-0.,-1.));
#15872 = ( GEOMETRIC_REPRESENTATION_CONTEXT(2) 
PARAMETRIC_REPRESENTATION_CONTEXT() REPRESENTATION_CONTEXT('2D SPACE',''
  ) );
#15873 = PCURVE('',#15155,#15874);
#15874 = DEFINITIONAL_REPRESENTATION('',(#15875),#15879);
#15875 = LINE('',#15876,#15877);
#15876 = CARTESIAN_POINT('',(-0.,0.));
#15877 = VECTOR('',#15878,1.);
#15878 = DIRECTION('',(-0.,-1.));
#15879 = ( GEOMETRIC_REPRESENTATION_CONTEXT(2) 
PARAMETRIC_REPRESENTATION_CONTEXT() REPRESENTATION_CONTEXT('2D SPACE',''
  ) );
#15880 = ORIENTED_EDGE('',*,*,#15881,.T.);
#15881 = EDGE_CURVE('',#15857,#15857,#15882,.T.);
#15882 = SURFACE_CURVE('',#15883,(#15888,#15895),.PCURVE_S1.);
#15883 = CIRCLE('',#15884,1.25);
#15884 = AXIS2_PLACEMENT_3D('',#15885,#15886,#15887);
#15885 = CARTESIAN_POINT('',(28.,-13.,26.));
#15886 = DIRECTION('',(0.,0.,-1.));
#15887 = DIRECTION('',(1.,0.,0.));
#15888 = PCURVE('',#15155,#15889);
#15889 = DEFINITIONAL_REPRESENTATION('',(#15890),#15894);
#15890 = LINE('',#15891,#15892);
#15891 = CARTESIAN_POINT('',(-6.28318530718,-0.1));
#15892 = VECTOR('',#15893,1.);
#15893 = DIRECTION('',(1.,-0.));
#15894 = ( GEOMETRIC_REPRESENTATION_CONTEXT(2) 
PARAMETRIC_REPRESENTATION_CONTEXT() REPRESENTATION_CONTEXT('2D SPACE',''
  ) );
#15895 = PCURVE('',#15814,#15896);
#15896 = DEFINITIONAL_REPRESENTATION('',(#15897),#15905);
#15897 = ( BOUNDED_CURVE() B_SPLINE_CURVE(2,(#15898,#15899,#15900,#15901
    ,#15902,#15903,#15904),.UNSPECIFIED.,.T.,.F.) 
B_SPLINE_CURVE_WITH_KNOTS((1,2,2,2,2,1),(-2.094395102393,0.,
    2.094395102393,4.188790204786,6.28318530718,8.377580409573),
.UNSPECIFIED.) CURVE() GEOMETRIC_REPRESENTATION_ITEM() 
RATIONAL_B_SPLINE_CURVE((1.,0.5,1.,0.5,1.,0.5,1.)) REPRESENTATION_ITEM(
  '') );
#15898 = CARTESIAN_POINT('',(1.25,0.));
#15899 = CARTESIAN_POINT('',(1.25,-2.165063509461));
#15900 = CARTESIAN_POINT('',(-0.625,-1.082531754731));
#15901 = CARTESIAN_POINT('',(-2.5,-3.061616997868E-16));
#15902 = CARTESIAN_POINT('',(-0.625,1.082531754731));
#15903 = CARTESIAN_POINT('',(1.25,2.165063509461));
#15904 = CARTESIAN_POINT('',(1.25,0.));
#15905 = ( GEOMETRIC_REPRESENTATION_CONTEXT(2) 
PARAMETRIC_REPRESENTATION_CONTEXT() REPRESENTATION_CONTEXT('2D SPACE',''
  ) );
#15906 = ORIENTED_EDGE('',*,*,#15856,.T.);
#15907 = ORIENTED_EDGE('',*,*,#15908,.F.);
#15908 = EDGE_CURVE('',#15909,#15859,#15911,.T.);
#15909 = VERTEX_POINT('',#15910);
#15910 = CARTESIAN_POINT('',(28.,-11.75,29.));
#15911 = SURFACE_CURVE('',#15912,(#15917,#15924),.PCURVE_S1.);
#15912 = CIRCLE('',#15913,1.25);
#15913 = AXIS2_PLACEMENT_3D('',#15914,#15915,#15916);
#15914 = CARTESIAN_POINT('',(28.,-13.,29.));
#15915 = DIRECTION('',(0.,0.,-1.));
#15916 = DIRECTION('',(1.,0.,0.));
#15917 = PCURVE('',#15155,#15918);
#15918 = DEFINITIONAL_REPRESENTATION('',(#15919),#15923);
#15919 = LINE('',#15920,#15921);
#15920 = CARTESIAN_POINT('',(-6.28318530718,-3.1));
#15921 = VECTOR('',#15922,1.);
#15922 = DIRECTION('',(1.,-0.));
#15923 = ( GEOMETRIC_REPRESENTATION_CONTEXT(2) 
PARAMETRIC_REPRESENTATION_CONTEXT() REPRESENTATION_CONTEXT('2D SPACE',''
  ) );
#15924 = PCURVE('',#15925,#15930);
#15925 = PLANE('',#15926);
#15926 = AXIS2_PLACEMENT_3D('',#15927,#15928,#15929);
#15927 = CARTESIAN_POINT('',(28.,-14.5,29.));
#15928 = DIRECTION('',(0.,0.,1.));
#15929 = DIRECTION('',(1.,0.,0.));
#15930 = DEFINITIONAL_REPRESENTATION('',(#15931),#15939);
#15931 = ( BOUNDED_CURVE() B_SPLINE_CURVE(2,(#15932,#15933,#15934,#15935
    ,#15936,#15937,#15938),.UNSPECIFIED.,.T.,.F.) 
B_SPLINE_CURVE_WITH_KNOTS((1,2,2,2,2,1),(-2.094395102393,0.,
    2.094395102393,4.188790204786,6.28318530718,8.377580409573),
.UNSPECIFIED.) CURVE() GEOMETRIC_REPRESENTATION_ITEM() 
RATIONAL_B_SPLINE_CURVE((1.,0.5,1.,0.5,1.,0.5,1.)) REPRESENTATION_ITEM(
  '') );
#15932 = CARTESIAN_POINT('',(1.25,1.5));
#15933 = CARTESIAN_POINT('',(1.25,-0.665063509461));
#15934 = CARTESIAN_POINT('',(-0.625,0.417468245269));
#15935 = CARTESIAN_POINT('',(-2.5,1.5));
#15936 = CARTESIAN_POINT('',(-0.625,2.582531754731));
#15937 = CARTESIAN_POINT('',(1.25,3.665063509461));
#15938 = CARTESIAN_POINT('',(1.25,1.5));
#15939 = ( GEOMETRIC_REPRESENTATION_CONTEXT(2) 
PARAMETRIC_REPRESENTATION_CONTEXT() REPRESENTATION_CONTEXT('2D SPACE',''
  ) );
#15940 = ORIENTED_EDGE('',*,*,#15941,.F.);
#15941 = EDGE_CURVE('',#15135,#15909,#15942,.T.);
#15942 = SURFACE_CURVE('',#15943,(#15947,#15953),.PCURVE_S1.);
#15943 = LINE('',#15944,#15945);
#15944 = CARTESIAN_POINT('',(28.,-11.75,25.9));
#15945 = VECTOR('',#15946,1.);
#15946 = DIRECTION('',(-0.,-0.,-1.));
#15947 = PCURVE('',#15155,#15948);
#15948 = DEFINITIONAL_REPRESENTATION('',(#15949),#15952);
#15949 = B_SPLINE_CURVE_WITH_KNOTS('',1,(#15950,#15951),.UNSPECIFIED.,
  .F.,.F.,(2,2),(-5.1000006,-2.9),.PIECEWISE_BEZIER_KNOTS.);
#15950 = CARTESIAN_POINT('',(-1.570796326795,-5.1000006));
#15951 = CARTESIAN_POINT('',(-1.570796326795,-2.9));
#15952 = ( GEOMETRIC_REPRESENTATION_CONTEXT(2) 
PARAMETRIC_REPRESENTATION_CONTEXT() REPRESENTATION_CONTEXT('2D SPACE',''
  ) );
#15953 = PCURVE('',#15181,#15954);
#15954 = DEFINITIONAL_REPRESENTATION('',(#15955),#15958);
#15955 = B_SPLINE_CURVE_WITH_KNOTS('',1,(#15956,#15957),.UNSPECIFIED.,
  .F.,.F.,(2,2),(-5.1000006,-2.9),.PIECEWISE_BEZIER_KNOTS.);
#15956 = CARTESIAN_POINT('',(2.0000006,-2.75));
#15957 = CARTESIAN_POINT('',(-0.2,-2.75));
#15958 = ( GEOMETRIC_REPRESENTATION_CONTEXT(2) 
PARAMETRIC_REPRESENTATION_CONTEXT() REPRESENTATION_CONTEXT('2D SPACE',''
  ) );
#15959 = ORIENTED_EDGE('',*,*,#15132,.F.);
#15960 = ORIENTED_EDGE('',*,*,#15961,.T.);
#15961 = EDGE_CURVE('',#15133,#15962,#15964,.T.);
#15962 = VERTEX_POINT('',#15963);
#15963 = CARTESIAN_POINT('',(28.,-14.25,29.));
#15964 = SURFACE_CURVE('',#15965,(#15969,#15975),.PCURVE_S1.);
#15965 = LINE('',#15966,#15967);
#15966 = CARTESIAN_POINT('',(28.,-14.25,25.9));
#15967 = VECTOR('',#15968,1.);
#15968 = DIRECTION('',(-0.,-0.,-1.));
#15969 = PCURVE('',#15155,#15970);
#15970 = DEFINITIONAL_REPRESENTATION('',(#15971),#15974);
#15971 = B_SPLINE_CURVE_WITH_KNOTS('',1,(#15972,#15973),.UNSPECIFIED.,
  .F.,.F.,(2,2),(-5.1000006,-2.9),.PIECEWISE_BEZIER_KNOTS.);
#15972 = CARTESIAN_POINT('',(-4.712388980385,-5.1000006));
#15973 = CARTESIAN_POINT('',(-4.712388980385,-2.9));
#15974 = ( GEOMETRIC_REPRESENTATION_CONTEXT(2) 
PARAMETRIC_REPRESENTATION_CONTEXT() REPRESENTATION_CONTEXT('2D SPACE',''
  ) );
#15975 = PCURVE('',#15181,#15976);
#15976 = DEFINITIONAL_REPRESENTATION('',(#15977),#15980);
#15977 = B_SPLINE_CURVE_WITH_KNOTS('',1,(#15978,#15979),.UNSPECIFIED.,
  .F.,.F.,(2,2),(-5.1000006,-2.9),.PIECEWISE_BEZIER_KNOTS.);
#15978 = CARTESIAN_POINT('',(2.0000006,-0.25));
#15979 = CARTESIAN_POINT('',(-0.2,-0.25));
#15980 = ( GEOMETRIC_REPRESENTATION_CONTEXT(2) 
PARAMETRIC_REPRESENTATION_CONTEXT() REPRESENTATION_CONTEXT('2D SPACE',''
  ) );
#15981 = ORIENTED_EDGE('',*,*,#15982,.F.);
#15982 = EDGE_CURVE('',#15859,#15962,#15983,.T.);
#15983 = SURFACE_CURVE('',#15984,(#15989,#15996),.PCURVE_S1.);
#15984 = CIRCLE('',#15985,1.25);
#15985 = AXIS2_PLACEMENT_3D('',#15986,#15987,#15988);
#15986 = CARTESIAN_POINT('',(28.,-13.,29.));
#15987 = DIRECTION('',(0.,0.,-1.));
#15988 = DIRECTION('',(1.,0.,0.));
#15989 = PCURVE('',#15155,#15990);
#15990 = DEFINITIONAL_REPRESENTATION('',(#15991),#15995);
#15991 = LINE('',#15992,#15993);
#15992 = CARTESIAN_POINT('',(-6.28318530718,-3.1));
#15993 = VECTOR('',#15994,1.);
#15994 = DIRECTION('',(1.,-0.));
#15995 = ( GEOMETRIC_REPRESENTATION_CONTEXT(2) 
PARAMETRIC_REPRESENTATION_CONTEXT() REPRESENTATION_CONTEXT('2D SPACE',''
  ) );
#15996 = PCURVE('',#15925,#15997);
#15997 = DEFINITIONAL_REPRESENTATION('',(#15998),#16006);
#15998 = ( BOUNDED_CURVE() B_SPLINE_CURVE(2,(#15999,#16000,#16001,#16002
    ,#16003,#16004,#16005),.UNSPECIFIED.,.T.,.F.) 
B_SPLINE_CURVE_WITH_KNOTS((1,2,2,2,2,1),(-2.094395102393,0.,
    2.094395102393,4.188790204786,6.28318530718,8.377580409573),
.UNSPECIFIED.) CURVE() GEOMETRIC_REPRESENTATION_ITEM() 
RATIONAL_B_SPLINE_CURVE((1.,0.5,1.,0.5,1.,0.5,1.)) REPRESENTATION_ITEM(
  '') );
#15999 = CARTESIAN_POINT('',(1.25,1.5));
#16000 = CARTESIAN_POINT('',(1.25,-0.665063509461));
#16001 = CARTESIAN_POINT('',(-0.625,0.417468245269));
#16002 = CARTESIAN_POINT('',(-2.5,1.5));
#16003 = CARTESIAN_POINT('',(-0.625,2.582531754731));
#16004 = CARTESIAN_POINT('',(1.25,3.665063509461));
#16005 = CARTESIAN_POINT('',(1.25,1.5));
#16006 = ( GEOMETRIC_REPRESENTATION_CONTEXT(2) 
PARAMETRIC_REPRESENTATION_CONTEXT() REPRESENTATION_CONTEXT('2D SPACE',''
  ) );
#16007 = ADVANCED_FACE('',(#16008),#15181,.F.);
#16008 = FACE_BOUND('',#16009,.F.);
#16009 = EDGE_LOOP('',(#16010,#16011,#16012,#16033));
#16010 = ORIENTED_EDGE('',*,*,#15167,.F.);
#16011 = ORIENTED_EDGE('',*,*,#15961,.T.);
#16012 = ORIENTED_EDGE('',*,*,#16013,.T.);
#16013 = EDGE_CURVE('',#15962,#15909,#16014,.T.);
#16014 = SURFACE_CURVE('',#16015,(#16019,#16026),.PCURVE_S1.);
#16015 = LINE('',#16016,#16017);
#16016 = CARTESIAN_POINT('',(28.,-14.5,29.));
#16017 = VECTOR('',#16018,1.);
#16018 = DIRECTION('',(0.,1.,0.));
#16019 = PCURVE('',#15181,#16020);
#16020 = DEFINITIONAL_REPRESENTATION('',(#16021),#16025);
#16021 = LINE('',#16022,#16023);
#16022 = CARTESIAN_POINT('',(0.,0.));
#16023 = VECTOR('',#16024,1.);
#16024 = DIRECTION('',(0.,-1.));
#16025 = ( GEOMETRIC_REPRESENTATION_CONTEXT(2) 
PARAMETRIC_REPRESENTATION_CONTEXT() REPRESENTATION_CONTEXT('2D SPACE',''
  ) );
#16026 = PCURVE('',#15925,#16027);
#16027 = DEFINITIONAL_REPRESENTATION('',(#16028),#16032);
#16028 = LINE('',#16029,#16030);
#16029 = CARTESIAN_POINT('',(0.,0.));
#16030 = VECTOR('',#16031,1.);
#16031 = DIRECTION('',(0.,1.));
#16032 = ( GEOMETRIC_REPRESENTATION_CONTEXT(2) 
PARAMETRIC_REPRESENTATION_CONTEXT() REPRESENTATION_CONTEXT('2D SPACE',''
  ) );
#16033 = ORIENTED_EDGE('',*,*,#15941,.F.);
#16034 = ADVANCED_FACE('',(#16035),#15245,.F.);
#16035 = FACE_BOUND('',#16036,.T.);
#16036 = EDGE_LOOP('',(#16037,#16060,#16061,#16062));
#16037 = ORIENTED_EDGE('',*,*,#16038,.F.);
#16038 = EDGE_CURVE('',#15225,#16039,#16041,.T.);
#16039 = VERTEX_POINT('',#16040);
#16040 = CARTESIAN_POINT('',(-17.,-31.5,50.4));
#16041 = SEAM_CURVE('',#16042,(#16046,#16053),.PCURVE_S1.);
#16042 = LINE('',#16043,#16044);
#16043 = CARTESIAN_POINT('',(-17.,-31.5,47.9));
#16044 = VECTOR('',#16045,1.);
#16045 = DIRECTION('',(0.,0.,1.));
#16046 = PCURVE('',#15245,#16047);
#16047 = DEFINITIONAL_REPRESENTATION('',(#16048),#16052);
#16048 = LINE('',#16049,#16050);
#16049 = CARTESIAN_POINT('',(-6.28318530718,0.));
#16050 = VECTOR('',#16051,1.);
#16051 = DIRECTION('',(-0.,-1.));
#16052 = ( GEOMETRIC_REPRESENTATION_CONTEXT(2) 
PARAMETRIC_REPRESENTATION_CONTEXT() REPRESENTATION_CONTEXT('2D SPACE',''
  ) );
#16053 = PCURVE('',#15245,#16054);
#16054 = DEFINITIONAL_REPRESENTATION('',(#16055),#16059);
#16055 = LINE('',#16056,#16057);
#16056 = CARTESIAN_POINT('',(-0.,0.));
#16057 = VECTOR('',#16058,1.);
#16058 = DIRECTION('',(-0.,-1.));
#16059 = ( GEOMETRIC_REPRESENTATION_CONTEXT(2) 
PARAMETRIC_REPRESENTATION_CONTEXT() REPRESENTATION_CONTEXT('2D SPACE',''
  ) );
#16060 = ORIENTED_EDGE('',*,*,#15224,.T.);
#16061 = ORIENTED_EDGE('',*,*,#16038,.T.);
#16062 = ORIENTED_EDGE('',*,*,#16063,.F.);
#16063 = EDGE_CURVE('',#16039,#16039,#16064,.T.);
#16064 = SURFACE_CURVE('',#16065,(#16070,#16077),.PCURVE_S1.);
#16065 = CIRCLE('',#16066,1.);
#16066 = AXIS2_PLACEMENT_3D('',#16067,#16068,#16069);
#16067 = CARTESIAN_POINT('',(-18.,-31.5,50.4));
#16068 = DIRECTION('',(0.,0.,-1.));
#16069 = DIRECTION('',(1.,0.,0.));
#16070 = PCURVE('',#15245,#16071);
#16071 = DEFINITIONAL_REPRESENTATION('',(#16072),#16076);
#16072 = LINE('',#16073,#16074);
#16073 = CARTESIAN_POINT('',(-6.28318530718,-2.5));
#16074 = VECTOR('',#16075,1.);
#16075 = DIRECTION('',(1.,-0.));
#16076 = ( GEOMETRIC_REPRESENTATION_CONTEXT(2) 
PARAMETRIC_REPRESENTATION_CONTEXT() REPRESENTATION_CONTEXT('2D SPACE',''
  ) );
#16077 = PCURVE('',#16078,#16083);
#16078 = PLANE('',#16079);
#16079 = AXIS2_PLACEMENT_3D('',#16080,#16081,#16082);
#16080 = CARTESIAN_POINT('',(-1.57403180724E-15,8.783848800595E-16,50.4)
  );
#16081 = DIRECTION('',(0.,0.,1.));
#16082 = DIRECTION('',(1.,0.,-0.));
#16083 = DEFINITIONAL_REPRESENTATION('',(#16084),#16092);
#16084 = ( BOUNDED_CURVE() B_SPLINE_CURVE(2,(#16085,#16086,#16087,#16088
    ,#16089,#16090,#16091),.UNSPECIFIED.,.T.,.F.) 
B_SPLINE_CURVE_WITH_KNOTS((1,2,2,2,2,1),(-2.094395102393,0.,
    2.094395102393,4.188790204786,6.28318530718,8.377580409573),
.UNSPECIFIED.) CURVE() GEOMETRIC_REPRESENTATION_ITEM() 
RATIONAL_B_SPLINE_CURVE((1.,0.5,1.,0.5,1.,0.5,1.)) REPRESENTATION_ITEM(
  '') );
#16085 = CARTESIAN_POINT('',(-17.,-31.5));
#16086 = CARTESIAN_POINT('',(-17.,-33.23205080756));
#16087 = CARTESIAN_POINT('',(-18.5,-32.36602540378));
#16088 = CARTESIAN_POINT('',(-20.,-31.5));
#16089 = CARTESIAN_POINT('',(-18.5,-30.63397459621));
#16090 = CARTESIAN_POINT('',(-17.,-29.76794919243));
#16091 = CARTESIAN_POINT('',(-17.,-31.5));
#16092 = ( GEOMETRIC_REPRESENTATION_CONTEXT(2) 
PARAMETRIC_REPRESENTATION_CONTEXT() REPRESENTATION_CONTEXT('2D SPACE',''
  ) );
#16093 = ADVANCED_FACE('',(#16094),#15284,.F.);
#16094 = FACE_BOUND('',#16095,.T.);
#16095 = EDGE_LOOP('',(#16096,#16097,#16120,#16147));
#16096 = ORIENTED_EDGE('',*,*,#15263,.T.);
#16097 = ORIENTED_EDGE('',*,*,#16098,.T.);
#16098 = EDGE_CURVE('',#15264,#16099,#16101,.T.);
#16099 = VERTEX_POINT('',#16100);
#16100 = CARTESIAN_POINT('',(-26.75,-11.,33.9));
#16101 = SEAM_CURVE('',#16102,(#16106,#16113),.PCURVE_S1.);
#16102 = LINE('',#16103,#16104);
#16103 = CARTESIAN_POINT('',(-26.75,-11.,25.9));
#16104 = VECTOR('',#16105,1.);
#16105 = DIRECTION('',(0.,0.,1.));
#16106 = PCURVE('',#15284,#16107);
#16107 = DEFINITIONAL_REPRESENTATION('',(#16108),#16112);
#16108 = LINE('',#16109,#16110);
#16109 = CARTESIAN_POINT('',(-6.28318530718,0.));
#16110 = VECTOR('',#16111,1.);
#16111 = DIRECTION('',(-0.,-1.));
#16112 = ( GEOMETRIC_REPRESENTATION_CONTEXT(2) 
PARAMETRIC_REPRESENTATION_CONTEXT() REPRESENTATION_CONTEXT('2D SPACE',''
  ) );
#16113 = PCURVE('',#15284,#16114);
#16114 = DEFINITIONAL_REPRESENTATION('',(#16115),#16119);
#16115 = LINE('',#16116,#16117);
#16116 = CARTESIAN_POINT('',(-0.,0.));
#16117 = VECTOR('',#16118,1.);
#16118 = DIRECTION('',(-0.,-1.));
#16119 = ( GEOMETRIC_REPRESENTATION_CONTEXT(2) 
PARAMETRIC_REPRESENTATION_CONTEXT() REPRESENTATION_CONTEXT('2D SPACE',''
  ) );
#16120 = ORIENTED_EDGE('',*,*,#16121,.T.);
#16121 = EDGE_CURVE('',#16099,#16099,#16122,.T.);
#16122 = SURFACE_CURVE('',#16123,(#16128,#16135),.PCURVE_S1.);
#16123 = CIRCLE('',#16124,1.25);
#16124 = AXIS2_PLACEMENT_3D('',#16125,#16126,#16127);
#16125 = CARTESIAN_POINT('',(-28.,-11.,33.9));
#16126 = DIRECTION('',(0.,0.,1.));
#16127 = DIRECTION('',(1.,0.,0.));
#16128 = PCURVE('',#15284,#16129);
#16129 = DEFINITIONAL_REPRESENTATION('',(#16130),#16134);
#16130 = LINE('',#16131,#16132);
#16131 = CARTESIAN_POINT('',(-0.,-8.));
#16132 = VECTOR('',#16133,1.);
#16133 = DIRECTION('',(-1.,0.));
#16134 = ( GEOMETRIC_REPRESENTATION_CONTEXT(2) 
PARAMETRIC_REPRESENTATION_CONTEXT() REPRESENTATION_CONTEXT('2D SPACE',''
  ) );
#16135 = PCURVE('',#16136,#16141);
#16136 = PLANE('',#16137);
#16137 = AXIS2_PLACEMENT_3D('',#16138,#16139,#16140);
#16138 = CARTESIAN_POINT('',(-28.,-11.,33.9));
#16139 = DIRECTION('',(0.,0.,1.));
#16140 = DIRECTION('',(1.,0.,-0.));
#16141 = DEFINITIONAL_REPRESENTATION('',(#16142),#16146);
#16142 = CIRCLE('',#16143,1.25);
#16143 = AXIS2_PLACEMENT_2D('',#16144,#16145);
#16144 = CARTESIAN_POINT('',(0.,0.));
#16145 = DIRECTION('',(1.,0.));
#16146 = ( GEOMETRIC_REPRESENTATION_CONTEXT(2) 
PARAMETRIC_REPRESENTATION_CONTEXT() REPRESENTATION_CONTEXT('2D SPACE',''
  ) );
#16147 = ORIENTED_EDGE('',*,*,#16098,.F.);
#16148 = ADVANCED_FACE('',(#16149),#15343,.T.);
#16149 = FACE_BOUND('',#16150,.F.);
#16150 = EDGE_LOOP('',(#16151,#16180,#16201,#16202,#16203,#16204,#16227,
    #16254,#16255,#16256,#16257,#16258));
#16151 = ORIENTED_EDGE('',*,*,#16152,.F.);
#16152 = EDGE_CURVE('',#16153,#16153,#16155,.T.);
#16153 = VERTEX_POINT('',#16154);
#16154 = CARTESIAN_POINT('',(-15.6,-19.,30.));
#16155 = SURFACE_CURVE('',#16156,(#16161,#16168),.PCURVE_S1.);
#16156 = CIRCLE('',#16157,2.4);
#16157 = AXIS2_PLACEMENT_3D('',#16158,#16159,#16160);
#16158 = CARTESIAN_POINT('',(-18.,-19.,30.));
#16159 = DIRECTION('',(0.,0.,1.));
#16160 = DIRECTION('',(1.,0.,0.));
#16161 = PCURVE('',#15343,#16162);
#16162 = DEFINITIONAL_REPRESENTATION('',(#16163),#16167);
#16163 = LINE('',#16164,#16165);
#16164 = CARTESIAN_POINT('',(-0.,0.));
#16165 = VECTOR('',#16166,1.);
#16166 = DIRECTION('',(-1.,0.));
#16167 = ( GEOMETRIC_REPRESENTATION_CONTEXT(2) 
PARAMETRIC_REPRESENTATION_CONTEXT() REPRESENTATION_CONTEXT('2D SPACE',''
  ) );
#16168 = PCURVE('',#16169,#16174);
#16169 = PLANE('',#16170);
#16170 = AXIS2_PLACEMENT_3D('',#16171,#16172,#16173);
#16171 = CARTESIAN_POINT('',(-18.,-19.,30.));
#16172 = DIRECTION('',(0.,0.,1.));
#16173 = DIRECTION('',(1.,0.,-0.));
#16174 = DEFINITIONAL_REPRESENTATION('',(#16175),#16179);
#16175 = CIRCLE('',#16176,2.4);
#16176 = AXIS2_PLACEMENT_2D('',#16177,#16178);
#16177 = CARTESIAN_POINT('',(0.,0.));
#16178 = DIRECTION('',(1.,0.));
#16179 = ( GEOMETRIC_REPRESENTATION_CONTEXT(2) 
PARAMETRIC_REPRESENTATION_CONTEXT() REPRESENTATION_CONTEXT('2D SPACE',''
  ) );
#16180 = ORIENTED_EDGE('',*,*,#16181,.T.);
#16181 = EDGE_CURVE('',#16153,#15323,#16182,.T.);
#16182 = SEAM_CURVE('',#16183,(#16187,#16194),.PCURVE_S1.);
#16183 = LINE('',#16184,#16185);
#16184 = CARTESIAN_POINT('',(-15.6,-19.,30.));
#16185 = VECTOR('',#16186,1.);
#16186 = DIRECTION('',(0.,0.,1.));
#16187 = PCURVE('',#15343,#16188);
#16188 = DEFINITIONAL_REPRESENTATION('',(#16189),#16193);
#16189 = LINE('',#16190,#16191);
#16190 = CARTESIAN_POINT('',(-6.28318530718,0.));
#16191 = VECTOR('',#16192,1.);
#16192 = DIRECTION('',(-0.,-1.));
#16193 = ( GEOMETRIC_REPRESENTATION_CONTEXT(2) 
PARAMETRIC_REPRESENTATION_CONTEXT() REPRESENTATION_CONTEXT('2D SPACE',''
  ) );
#16194 = PCURVE('',#15343,#16195);
#16195 = DEFINITIONAL_REPRESENTATION('',(#16196),#16200);
#16196 = LINE('',#16197,#16198);
#16197 = CARTESIAN_POINT('',(-0.,0.));
#16198 = VECTOR('',#16199,1.);
#16199 = DIRECTION('',(-0.,-1.));
#16200 = ( GEOMETRIC_REPRESENTATION_CONTEXT(2) 
PARAMETRIC_REPRESENTATION_CONTEXT() REPRESENTATION_CONTEXT('2D SPACE',''
  ) );
#16201 = ORIENTED_EDGE('',*,*,#15322,.F.);
#16202 = ORIENTED_EDGE('',*,*,#15410,.F.);
#16203 = ORIENTED_EDGE('',*,*,#15457,.T.);
#16204 = ORIENTED_EDGE('',*,*,#16205,.T.);
#16205 = EDGE_CURVE('',#15458,#16206,#16208,.T.);
#16206 = VERTEX_POINT('',#16207);
#16207 = CARTESIAN_POINT('',(-15.6,-19.,49.4));
#16208 = SEAM_CURVE('',#16209,(#16213,#16220),.PCURVE_S1.);
#16209 = LINE('',#16210,#16211);
#16210 = CARTESIAN_POINT('',(-15.6,-19.,30.));
#16211 = VECTOR('',#16212,1.);
#16212 = DIRECTION('',(0.,0.,1.));
#16213 = PCURVE('',#15343,#16214);
#16214 = DEFINITIONAL_REPRESENTATION('',(#16215),#16219);
#16215 = LINE('',#16216,#16217);
#16216 = CARTESIAN_POINT('',(-6.28318530718,0.));
#16217 = VECTOR('',#16218,1.);
#16218 = DIRECTION('',(-0.,-1.));
#16219 = ( GEOMETRIC_REPRESENTATION_CONTEXT(2) 
PARAMETRIC_REPRESENTATION_CONTEXT() REPRESENTATION_CONTEXT('2D SPACE',''
  ) );
#16220 = PCURVE('',#15343,#16221);
#16221 = DEFINITIONAL_REPRESENTATION('',(#16222),#16226);
#16222 = LINE('',#16223,#16224);
#16223 = CARTESIAN_POINT('',(-0.,0.));
#16224 = VECTOR('',#16225,1.);
#16225 = DIRECTION('',(-0.,-1.));
#16226 = ( GEOMETRIC_REPRESENTATION_CONTEXT(2) 
PARAMETRIC_REPRESENTATION_CONTEXT() REPRESENTATION_CONTEXT('2D SPACE',''
  ) );
#16227 = ORIENTED_EDGE('',*,*,#16228,.T.);
#16228 = EDGE_CURVE('',#16206,#16206,#16229,.T.);
#16229 = SURFACE_CURVE('',#16230,(#16235,#16242),.PCURVE_S1.);
#16230 = CIRCLE('',#16231,2.4);
#16231 = AXIS2_PLACEMENT_3D('',#16232,#16233,#16234);
#16232 = CARTESIAN_POINT('',(-18.,-19.,49.4));
#16233 = DIRECTION('',(0.,0.,1.));
#16234 = DIRECTION('',(1.,0.,0.));
#16235 = PCURVE('',#15343,#16236);
#16236 = DEFINITIONAL_REPRESENTATION('',(#16237),#16241);
#16237 = LINE('',#16238,#16239);
#16238 = CARTESIAN_POINT('',(-0.,-19.4));
#16239 = VECTOR('',#16240,1.);
#16240 = DIRECTION('',(-1.,0.));
#16241 = ( GEOMETRIC_REPRESENTATION_CONTEXT(2) 
PARAMETRIC_REPRESENTATION_CONTEXT() REPRESENTATION_CONTEXT('2D SPACE',''
  ) );
#16242 = PCURVE('',#16243,#16248);
#16243 = PLANE('',#16244);
#16244 = AXIS2_PLACEMENT_3D('',#16245,#16246,#16247);
#16245 = CARTESIAN_POINT('',(-18.,-19.,49.4));
#16246 = DIRECTION('',(0.,0.,1.));
#16247 = DIRECTION('',(1.,0.,-0.));
#16248 = DEFINITIONAL_REPRESENTATION('',(#16249),#16253);
#16249 = CIRCLE('',#16250,2.4);
#16250 = AXIS2_PLACEMENT_2D('',#16251,#16252);
#16251 = CARTESIAN_POINT('',(0.,0.));
#16252 = DIRECTION('',(1.,0.));
#16253 = ( GEOMETRIC_REPRESENTATION_CONTEXT(2) 
PARAMETRIC_REPRESENTATION_CONTEXT() REPRESENTATION_CONTEXT('2D SPACE',''
  ) );
#16254 = ORIENTED_EDGE('',*,*,#16205,.F.);
#16255 = ORIENTED_EDGE('',*,*,#15485,.T.);
#16256 = ORIENTED_EDGE('',*,*,#15539,.T.);
#16257 = ORIENTED_EDGE('',*,*,#15355,.F.);
#16258 = ORIENTED_EDGE('',*,*,#16181,.F.);
#16259 = ADVANCED_FACE('',(#16260),#15587,.F.);
#16260 = FACE_BOUND('',#16261,.T.);
#16261 = EDGE_LOOP('',(#16262,#16263,#16286,#16313));
#16262 = ORIENTED_EDGE('',*,*,#15566,.T.);
#16263 = ORIENTED_EDGE('',*,*,#16264,.T.);
#16264 = EDGE_CURVE('',#15567,#16265,#16267,.T.);
#16265 = VERTEX_POINT('',#16266);
#16266 = CARTESIAN_POINT('',(1.,-44.,27.88));
#16267 = SEAM_CURVE('',#16268,(#16272,#16279),.PCURVE_S1.);
#16268 = LINE('',#16269,#16270);
#16269 = CARTESIAN_POINT('',(1.,-44.,21.78));
#16270 = VECTOR('',#16271,1.);
#16271 = DIRECTION('',(0.,0.,1.));
#16272 = PCURVE('',#15587,#16273);
#16273 = DEFINITIONAL_REPRESENTATION('',(#16274),#16278);
#16274 = LINE('',#16275,#16276);
#16275 = CARTESIAN_POINT('',(-6.28318530718,0.));
#16276 = VECTOR('',#16277,1.);
#16277 = DIRECTION('',(-0.,-1.));
#16278 = ( GEOMETRIC_REPRESENTATION_CONTEXT(2) 
PARAMETRIC_REPRESENTATION_CONTEXT() REPRESENTATION_CONTEXT('2D SPACE',''
  ) );
#16279 = PCURVE('',#15587,#16280);
#16280 = DEFINITIONAL_REPRESENTATION('',(#16281),#16285);
#16281 = LINE('',#16282,#16283);
#16282 = CARTESIAN_POINT('',(-0.,0.));
#16283 = VECTOR('',#16284,1.);
#16284 = DIRECTION('',(-0.,-1.));
#16285 = ( GEOMETRIC_REPRESENTATION_CONTEXT(2) 
PARAMETRIC_REPRESENTATION_CONTEXT() REPRESENTATION_CONTEXT('2D SPACE',''
  ) );
#16286 = ORIENTED_EDGE('',*,*,#16287,.T.);
#16287 = EDGE_CURVE('',#16265,#16265,#16288,.T.);
#16288 = SURFACE_CURVE('',#16289,(#16294,#16301),.PCURVE_S1.);
#16289 = CIRCLE('',#16290,1.);
#16290 = AXIS2_PLACEMENT_3D('',#16291,#16292,#16293);
#16291 = CARTESIAN_POINT('',(0.,-44.,27.88));
#16292 = DIRECTION('',(0.,0.,1.));
#16293 = DIRECTION('',(1.,0.,0.));
#16294 = PCURVE('',#15587,#16295);
#16295 = DEFINITIONAL_REPRESENTATION('',(#16296),#16300);
#16296 = LINE('',#16297,#16298);
#16297 = CARTESIAN_POINT('',(-0.,-6.1));
#16298 = VECTOR('',#16299,1.);
#16299 = DIRECTION('',(-1.,0.));
#16300 = ( GEOMETRIC_REPRESENTATION_CONTEXT(2) 
PARAMETRIC_REPRESENTATION_CONTEXT() REPRESENTATION_CONTEXT('2D SPACE',''
  ) );
#16301 = PCURVE('',#16302,#16307);
#16302 = PLANE('',#16303);
#16303 = AXIS2_PLACEMENT_3D('',#16304,#16305,#16306);
#16304 = CARTESIAN_POINT('',(-6.409875621279E-17,-44.,27.88));
#16305 = DIRECTION('',(0.,0.,1.));
#16306 = DIRECTION('',(1.,0.,-0.));
#16307 = DEFINITIONAL_REPRESENTATION('',(#16308),#16312);
#16308 = CIRCLE('',#16309,1.);
#16309 = AXIS2_PLACEMENT_2D('',#16310,#16311);
#16310 = CARTESIAN_POINT('',(6.409875621279E-17,0.));
#16311 = DIRECTION('',(1.,0.));
#16312 = ( GEOMETRIC_REPRESENTATION_CONTEXT(2) 
PARAMETRIC_REPRESENTATION_CONTEXT() REPRESENTATION_CONTEXT('2D SPACE',''
  ) );
#16313 = ORIENTED_EDGE('',*,*,#16264,.F.);
#16314 = ADVANCED_FACE('',(#16315),#15626,.F.);
#16315 = FACE_BOUND('',#16316,.T.);
#16316 = EDGE_LOOP('',(#16317,#16318,#16341,#16368));
#16317 = ORIENTED_EDGE('',*,*,#15605,.T.);
#16318 = ORIENTED_EDGE('',*,*,#16319,.T.);
#16319 = EDGE_CURVE('',#15606,#16320,#16322,.T.);
#16320 = VERTEX_POINT('',#16321);
#16321 = CARTESIAN_POINT('',(-35.,-5.,27.88));
#16322 = SEAM_CURVE('',#16323,(#16327,#16334),.PCURVE_S1.);
#16323 = LINE('',#16324,#16325);
#16324 = CARTESIAN_POINT('',(-35.,-5.,21.78));
#16325 = VECTOR('',#16326,1.);
#16326 = DIRECTION('',(0.,0.,1.));
#16327 = PCURVE('',#15626,#16328);
#16328 = DEFINITIONAL_REPRESENTATION('',(#16329),#16333);
#16329 = LINE('',#16330,#16331);
#16330 = CARTESIAN_POINT('',(-6.28318530718,0.));
#16331 = VECTOR('',#16332,1.);
#16332 = DIRECTION('',(-0.,-1.));
#16333 = ( GEOMETRIC_REPRESENTATION_CONTEXT(2) 
PARAMETRIC_REPRESENTATION_CONTEXT() REPRESENTATION_CONTEXT('2D SPACE',''
  ) );
#16334 = PCURVE('',#15626,#16335);
#16335 = DEFINITIONAL_REPRESENTATION('',(#16336),#16340);
#16336 = LINE('',#16337,#16338);
#16337 = CARTESIAN_POINT('',(-0.,0.));
#16338 = VECTOR('',#16339,1.);
#16339 = DIRECTION('',(-0.,-1.));
#16340 = ( GEOMETRIC_REPRESENTATION_CONTEXT(2) 
PARAMETRIC_REPRESENTATION_CONTEXT() REPRESENTATION_CONTEXT('2D SPACE',''
  ) );
#16341 = ORIENTED_EDGE('',*,*,#16342,.T.);
#16342 = EDGE_CURVE('',#16320,#16320,#16343,.T.);
#16343 = SURFACE_CURVE('',#16344,(#16349,#16356),.PCURVE_S1.);
#16344 = CIRCLE('',#16345,1.);
#16345 = AXIS2_PLACEMENT_3D('',#16346,#16347,#16348);
#16346 = CARTESIAN_POINT('',(-36.,-5.,27.88));
#16347 = DIRECTION('',(0.,0.,1.));
#16348 = DIRECTION('',(1.,0.,0.));
#16349 = PCURVE('',#15626,#16350);
#16350 = DEFINITIONAL_REPRESENTATION('',(#16351),#16355);
#16351 = LINE('',#16352,#16353);
#16352 = CARTESIAN_POINT('',(-0.,-6.1));
#16353 = VECTOR('',#16354,1.);
#16354 = DIRECTION('',(-1.,0.));
#16355 = ( GEOMETRIC_REPRESENTATION_CONTEXT(2) 
PARAMETRIC_REPRESENTATION_CONTEXT() REPRESENTATION_CONTEXT('2D SPACE',''
  ) );
#16356 = PCURVE('',#16357,#16362);
#16357 = PLANE('',#16358);
#16358 = AXIS2_PLACEMENT_3D('',#16359,#16360,#16361);
#16359 = CARTESIAN_POINT('',(-36.,-5.,27.88));
#16360 = DIRECTION('',(0.,0.,1.));
#16361 = DIRECTION('',(1.,0.,-0.));
#16362 = DEFINITIONAL_REPRESENTATION('',(#16363),#16367);
#16363 = CIRCLE('',#16364,1.);
#16364 = AXIS2_PLACEMENT_2D('',#16365,#16366);
#16365 = CARTESIAN_POINT('',(0.,0.));
#16366 = DIRECTION('',(1.,0.));
#16367 = ( GEOMETRIC_REPRESENTATION_CONTEXT(2) 
PARAMETRIC_REPRESENTATION_CONTEXT() REPRESENTATION_CONTEXT('2D SPACE',''
  ) );
#16368 = ORIENTED_EDGE('',*,*,#16319,.F.);
#16369 = ADVANCED_FACE('',(#16370),#15665,.F.);
#16370 = FACE_BOUND('',#16371,.T.);
#16371 = EDGE_LOOP('',(#16372,#16395,#16396,#16397));
#16372 = ORIENTED_EDGE('',*,*,#16373,.F.);
#16373 = EDGE_CURVE('',#15645,#16374,#16376,.T.);
#16374 = VERTEX_POINT('',#16375);
#16375 = CARTESIAN_POINT('',(-17.,-6.5,50.4));
#16376 = SEAM_CURVE('',#16377,(#16381,#16388),.PCURVE_S1.);
#16377 = LINE('',#16378,#16379);
#16378 = CARTESIAN_POINT('',(-17.,-6.5,47.9));
#16379 = VECTOR('',#16380,1.);
#16380 = DIRECTION('',(0.,0.,1.));
#16381 = PCURVE('',#15665,#16382);
#16382 = DEFINITIONAL_REPRESENTATION('',(#16383),#16387);
#16383 = LINE('',#16384,#16385);
#16384 = CARTESIAN_POINT('',(-6.28318530718,0.));
#16385 = VECTOR('',#16386,1.);
#16386 = DIRECTION('',(-0.,-1.));
#16387 = ( GEOMETRIC_REPRESENTATION_CONTEXT(2) 
PARAMETRIC_REPRESENTATION_CONTEXT() REPRESENTATION_CONTEXT('2D SPACE',''
  ) );
#16388 = PCURVE('',#15665,#16389);
#16389 = DEFINITIONAL_REPRESENTATION('',(#16390),#16394);
#16390 = LINE('',#16391,#16392);
#16391 = CARTESIAN_POINT('',(-0.,0.));
#16392 = VECTOR('',#16393,1.);
#16393 = DIRECTION('',(-0.,-1.));
#16394 = ( GEOMETRIC_REPRESENTATION_CONTEXT(2) 
PARAMETRIC_REPRESENTATION_CONTEXT() REPRESENTATION_CONTEXT('2D SPACE',''
  ) );
#16395 = ORIENTED_EDGE('',*,*,#15644,.T.);
#16396 = ORIENTED_EDGE('',*,*,#16373,.T.);
#16397 = ORIENTED_EDGE('',*,*,#16398,.F.);
#16398 = EDGE_CURVE('',#16374,#16374,#16399,.T.);
#16399 = SURFACE_CURVE('',#16400,(#16405,#16412),.PCURVE_S1.);
#16400 = CIRCLE('',#16401,1.);
#16401 = AXIS2_PLACEMENT_3D('',#16402,#16403,#16404);
#16402 = CARTESIAN_POINT('',(-18.,-6.5,50.4));
#16403 = DIRECTION('',(0.,0.,-1.));
#16404 = DIRECTION('',(1.,0.,0.));
#16405 = PCURVE('',#15665,#16406);
#16406 = DEFINITIONAL_REPRESENTATION('',(#16407),#16411);
#16407 = LINE('',#16408,#16409);
#16408 = CARTESIAN_POINT('',(-6.28318530718,-2.5));
#16409 = VECTOR('',#16410,1.);
#16410 = DIRECTION('',(1.,-0.));
#16411 = ( GEOMETRIC_REPRESENTATION_CONTEXT(2) 
PARAMETRIC_REPRESENTATION_CONTEXT() REPRESENTATION_CONTEXT('2D SPACE',''
  ) );
#16412 = PCURVE('',#16413,#16418);
#16413 = PLANE('',#16414);
#16414 = AXIS2_PLACEMENT_3D('',#16415,#16416,#16417);
#16415 = CARTESIAN_POINT('',(-1.57403180724E-15,8.783848800595E-16,50.4)
  );
#16416 = DIRECTION('',(0.,0.,1.));
#16417 = DIRECTION('',(1.,0.,-0.));
#16418 = DEFINITIONAL_REPRESENTATION('',(#16419),#16427);
#16419 = ( BOUNDED_CURVE() B_SPLINE_CURVE(2,(#16420,#16421,#16422,#16423
    ,#16424,#16425,#16426),.UNSPECIFIED.,.T.,.F.) 
B_SPLINE_CURVE_WITH_KNOTS((1,2,2,2,2,1),(-2.094395102393,0.,
    2.094395102393,4.188790204786,6.28318530718,8.377580409573),
.UNSPECIFIED.) CURVE() GEOMETRIC_REPRESENTATION_ITEM() 
RATIONAL_B_SPLINE_CURVE((1.,0.5,1.,0.5,1.,0.5,1.)) REPRESENTATION_ITEM(
  '') );
#16420 = CARTESIAN_POINT('',(-17.,-6.5));
#16421 = CARTESIAN_POINT('',(-17.,-8.232050807569));
#16422 = CARTESIAN_POINT('',(-18.5,-7.366025403784));
#16423 = CARTESIAN_POINT('',(-20.,-6.5));
#16424 = CARTESIAN_POINT('',(-18.5,-5.633974596216));
#16425 = CARTESIAN_POINT('',(-17.,-4.767949192431));
#16426 = CARTESIAN_POINT('',(-17.,-6.5));
#16427 = ( GEOMETRIC_REPRESENTATION_CONTEXT(2) 
PARAMETRIC_REPRESENTATION_CONTEXT() REPRESENTATION_CONTEXT('2D SPACE',''
  ) );
#16428 = ADVANCED_FACE('',(#16429),#15704,.F.);
#16429 = FACE_BOUND('',#16430,.T.);
#16430 = EDGE_LOOP('',(#16431,#16432,#16455,#16482));
#16431 = ORIENTED_EDGE('',*,*,#15683,.T.);
#16432 = ORIENTED_EDGE('',*,*,#16433,.T.);
#16433 = EDGE_CURVE('',#15684,#16434,#16436,.T.);
#16434 = VERTEX_POINT('',#16435);
#16435 = CARTESIAN_POINT('',(-26.75,28.,33.9));
#16436 = SEAM_CURVE('',#16437,(#16441,#16448),.PCURVE_S1.);
#16437 = LINE('',#16438,#16439);
#16438 = CARTESIAN_POINT('',(-26.75,28.,25.9));
#16439 = VECTOR('',#16440,1.);
#16440 = DIRECTION('',(0.,0.,1.));
#16441 = PCURVE('',#15704,#16442);
#16442 = DEFINITIONAL_REPRESENTATION('',(#16443),#16447);
#16443 = LINE('',#16444,#16445);
#16444 = CARTESIAN_POINT('',(-6.28318530718,0.));
#16445 = VECTOR('',#16446,1.);
#16446 = DIRECTION('',(-0.,-1.));
#16447 = ( GEOMETRIC_REPRESENTATION_CONTEXT(2) 
PARAMETRIC_REPRESENTATION_CONTEXT() REPRESENTATION_CONTEXT('2D SPACE',''
  ) );
#16448 = PCURVE('',#15704,#16449);
#16449 = DEFINITIONAL_REPRESENTATION('',(#16450),#16454);
#16450 = LINE('',#16451,#16452);
#16451 = CARTESIAN_POINT('',(-0.,0.));
#16452 = VECTOR('',#16453,1.);
#16453 = DIRECTION('',(-0.,-1.));
#16454 = ( GEOMETRIC_REPRESENTATION_CONTEXT(2) 
PARAMETRIC_REPRESENTATION_CONTEXT() REPRESENTATION_CONTEXT('2D SPACE',''
  ) );
#16455 = ORIENTED_EDGE('',*,*,#16456,.T.);
#16456 = EDGE_CURVE('',#16434,#16434,#16457,.T.);
#16457 = SURFACE_CURVE('',#16458,(#16463,#16470),.PCURVE_S1.);
#16458 = CIRCLE('',#16459,1.25);
#16459 = AXIS2_PLACEMENT_3D('',#16460,#16461,#16462);
#16460 = CARTESIAN_POINT('',(-28.,28.,33.9));
#16461 = DIRECTION('',(0.,0.,1.));
#16462 = DIRECTION('',(1.,0.,0.));
#16463 = PCURVE('',#15704,#16464);
#16464 = DEFINITIONAL_REPRESENTATION('',(#16465),#16469);
#16465 = LINE('',#16466,#16467);
#16466 = CARTESIAN_POINT('',(-0.,-8.));
#16467 = VECTOR('',#16468,1.);
#16468 = DIRECTION('',(-1.,0.));
#16469 = ( GEOMETRIC_REPRESENTATION_CONTEXT(2) 
PARAMETRIC_REPRESENTATION_CONTEXT() REPRESENTATION_CONTEXT('2D SPACE',''
  ) );
#16470 = PCURVE('',#16471,#16476);
#16471 = PLANE('',#16472);
#16472 = AXIS2_PLACEMENT_3D('',#16473,#16474,#16475);
#16473 = CARTESIAN_POINT('',(-28.,28.,33.9));
#16474 = DIRECTION('',(0.,0.,1.));
#16475 = DIRECTION('',(1.,0.,-0.));
#16476 = DEFINITIONAL_REPRESENTATION('',(#16477),#16481);
#16477 = CIRCLE('',#16478,1.25);
#16478 = AXIS2_PLACEMENT_2D('',#16479,#16480);
#16479 = CARTESIAN_POINT('',(0.,0.));
#16480 = DIRECTION('',(1.,0.));
#16481 = ( GEOMETRIC_REPRESENTATION_CONTEXT(2) 
PARAMETRIC_REPRESENTATION_CONTEXT() REPRESENTATION_CONTEXT('2D SPACE',''
  ) );
#16482 = ORIENTED_EDGE('',*,*,#16433,.F.);
#16483 = ADVANCED_FACE('',(#16484),#15743,.F.);
#16484 = FACE_BOUND('',#16485,.T.);
#16485 = EDGE_LOOP('',(#16486,#16487,#16510,#16537));
#16486 = ORIENTED_EDGE('',*,*,#15722,.T.);
#16487 = ORIENTED_EDGE('',*,*,#16488,.T.);
#16488 = EDGE_CURVE('',#15723,#16489,#16491,.T.);
#16489 = VERTEX_POINT('',#16490);
#16490 = CARTESIAN_POINT('',(37.,-5.,27.88));
#16491 = SEAM_CURVE('',#16492,(#16496,#16503),.PCURVE_S1.);
#16492 = LINE('',#16493,#16494);
#16493 = CARTESIAN_POINT('',(37.,-5.,21.78));
#16494 = VECTOR('',#16495,1.);
#16495 = DIRECTION('',(0.,0.,1.));
#16496 = PCURVE('',#15743,#16497);
#16497 = DEFINITIONAL_REPRESENTATION('',(#16498),#16502);
#16498 = LINE('',#16499,#16500);
#16499 = CARTESIAN_POINT('',(-6.28318530718,0.));
#16500 = VECTOR('',#16501,1.);
#16501 = DIRECTION('',(-0.,-1.));
#16502 = ( GEOMETRIC_REPRESENTATION_CONTEXT(2) 
PARAMETRIC_REPRESENTATION_CONTEXT() REPRESENTATION_CONTEXT('2D SPACE',''
  ) );
#16503 = PCURVE('',#15743,#16504);
#16504 = DEFINITIONAL_REPRESENTATION('',(#16505),#16509);
#16505 = LINE('',#16506,#16507);
#16506 = CARTESIAN_POINT('',(-0.,0.));
#16507 = VECTOR('',#16508,1.);
#16508 = DIRECTION('',(-0.,-1.));
#16509 = ( GEOMETRIC_REPRESENTATION_CONTEXT(2) 
PARAMETRIC_REPRESENTATION_CONTEXT() REPRESENTATION_CONTEXT('2D SPACE',''
  ) );
#16510 = ORIENTED_EDGE('',*,*,#16511,.T.);
#16511 = EDGE_CURVE('',#16489,#16489,#16512,.T.);
#16512 = SURFACE_CURVE('',#16513,(#16518,#16525),.PCURVE_S1.);
#16513 = CIRCLE('',#16514,1.);
#16514 = AXIS2_PLACEMENT_3D('',#16515,#16516,#16517);
#16515 = CARTESIAN_POINT('',(36.,-5.,27.88));
#16516 = DIRECTION('',(0.,0.,1.));
#16517 = DIRECTION('',(1.,0.,0.));
#16518 = PCURVE('',#15743,#16519);
#16519 = DEFINITIONAL_REPRESENTATION('',(#16520),#16524);
#16520 = LINE('',#16521,#16522);
#16521 = CARTESIAN_POINT('',(-0.,-6.1));
#16522 = VECTOR('',#16523,1.);
#16523 = DIRECTION('',(-1.,0.));
#16524 = ( GEOMETRIC_REPRESENTATION_CONTEXT(2) 
PARAMETRIC_REPRESENTATION_CONTEXT() REPRESENTATION_CONTEXT('2D SPACE',''
  ) );
#16525 = PCURVE('',#16526,#16531);
#16526 = PLANE('',#16527);
#16527 = AXIS2_PLACEMENT_3D('',#16528,#16529,#16530);
#16528 = CARTESIAN_POINT('',(36.,-5.,27.88));
#16529 = DIRECTION('',(0.,0.,1.));
#16530 = DIRECTION('',(1.,0.,-0.));
#16531 = DEFINITIONAL_REPRESENTATION('',(#16532),#16536);
#16532 = CIRCLE('',#16533,1.);
#16533 = AXIS2_PLACEMENT_2D('',#16534,#16535);
#16534 = CARTESIAN_POINT('',(0.,0.));
#16535 = DIRECTION('',(1.,0.));
#16536 = ( GEOMETRIC_REPRESENTATION_CONTEXT(2) 
PARAMETRIC_REPRESENTATION_CONTEXT() REPRESENTATION_CONTEXT('2D SPACE',''
  ) );
#16537 = ORIENTED_EDGE('',*,*,#16488,.F.);
#16538 = ADVANCED_FACE('',(#16539),#15782,.F.);
#16539 = FACE_BOUND('',#16540,.T.);
#16540 = EDGE_LOOP('',(#16541,#16542,#16565,#16592));
#16541 = ORIENTED_EDGE('',*,*,#15761,.T.);
#16542 = ORIENTED_EDGE('',*,*,#16543,.T.);
#16543 = EDGE_CURVE('',#15762,#16544,#16546,.T.);
#16544 = VERTEX_POINT('',#16545);
#16545 = CARTESIAN_POINT('',(29.25,28.,33.9));
#16546 = SEAM_CURVE('',#16547,(#16551,#16558),.PCURVE_S1.);
#16547 = LINE('',#16548,#16549);
#16548 = CARTESIAN_POINT('',(29.25,28.,25.9));
#16549 = VECTOR('',#16550,1.);
#16550 = DIRECTION('',(0.,0.,1.));
#16551 = PCURVE('',#15782,#16552);
#16552 = DEFINITIONAL_REPRESENTATION('',(#16553),#16557);
#16553 = LINE('',#16554,#16555);
#16554 = CARTESIAN_POINT('',(-6.28318530718,0.));
#16555 = VECTOR('',#16556,1.);
#16556 = DIRECTION('',(-0.,-1.));
#16557 = ( GEOMETRIC_REPRESENTATION_CONTEXT(2) 
PARAMETRIC_REPRESENTATION_CONTEXT() REPRESENTATION_CONTEXT('2D SPACE',''
  ) );
#16558 = PCURVE('',#15782,#16559);
#16559 = DEFINITIONAL_REPRESENTATION('',(#16560),#16564);
#16560 = LINE('',#16561,#16562);
#16561 = CARTESIAN_POINT('',(-0.,0.));
#16562 = VECTOR('',#16563,1.);
#16563 = DIRECTION('',(-0.,-1.));
#16564 = ( GEOMETRIC_REPRESENTATION_CONTEXT(2) 
PARAMETRIC_REPRESENTATION_CONTEXT() REPRESENTATION_CONTEXT('2D SPACE',''
  ) );
#16565 = ORIENTED_EDGE('',*,*,#16566,.T.);
#16566 = EDGE_CURVE('',#16544,#16544,#16567,.T.);
#16567 = SURFACE_CURVE('',#16568,(#16573,#16580),.PCURVE_S1.);
#16568 = CIRCLE('',#16569,1.25);
#16569 = AXIS2_PLACEMENT_3D('',#16570,#16571,#16572);
#16570 = CARTESIAN_POINT('',(28.,28.,33.9));
#16571 = DIRECTION('',(0.,0.,1.));
#16572 = DIRECTION('',(1.,0.,0.));
#16573 = PCURVE('',#15782,#16574);
#16574 = DEFINITIONAL_REPRESENTATION('',(#16575),#16579);
#16575 = LINE('',#16576,#16577);
#16576 = CARTESIAN_POINT('',(-0.,-8.));
#16577 = VECTOR('',#16578,1.);
#16578 = DIRECTION('',(-1.,0.));
#16579 = ( GEOMETRIC_REPRESENTATION_CONTEXT(2) 
PARAMETRIC_REPRESENTATION_CONTEXT() REPRESENTATION_CONTEXT('2D SPACE',''
  ) );
#16580 = PCURVE('',#16581,#16586);
#16581 = PLANE('',#16582);
#16582 = AXIS2_PLACEMENT_3D('',#16583,#16584,#16585);
#16583 = CARTESIAN_POINT('',(28.,28.,33.9));
#16584 = DIRECTION('',(0.,0.,1.));
#16585 = DIRECTION('',(1.,0.,-0.));
#16586 = DEFINITIONAL_REPRESENTATION('',(#16587),#16591);
#16587 = CIRCLE('',#16588,1.25);
#16588 = AXIS2_PLACEMENT_2D('',#16589,#16590);
#16589 = CARTESIAN_POINT('',(0.,0.));
#16590 = DIRECTION('',(1.,0.));
#16591 = ( GEOMETRIC_REPRESENTATION_CONTEXT(2) 
PARAMETRIC_REPRESENTATION_CONTEXT() REPRESENTATION_CONTEXT('2D SPACE',''
  ) );
#16592 = ORIENTED_EDGE('',*,*,#16543,.F.);
#16593 = ADVANCED_FACE('',(#16594,#16597),#15814,.F.);
#16594 = FACE_BOUND('',#16595,.F.);
#16595 = EDGE_LOOP('',(#16596));
#16596 = ORIENTED_EDGE('',*,*,#15797,.T.);
#16597 = FACE_BOUND('',#16598,.F.);
#16598 = EDGE_LOOP('',(#16599));
#16599 = ORIENTED_EDGE('',*,*,#15881,.T.);
#16600 = ADVANCED_FACE('',(#16601),#15925,.F.);
#16601 = FACE_BOUND('',#16602,.F.);
#16602 = EDGE_LOOP('',(#16603,#16604,#16605));
#16603 = ORIENTED_EDGE('',*,*,#15908,.F.);
#16604 = ORIENTED_EDGE('',*,*,#16013,.F.);
#16605 = ORIENTED_EDGE('',*,*,#15982,.F.);
#16606 = ADVANCED_FACE('',(#16607),#16078,.F.);
#16607 = FACE_BOUND('',#16608,.F.);
#16608 = EDGE_LOOP('',(#16609));
#16609 = ORIENTED_EDGE('',*,*,#16063,.F.);
#16610 = ADVANCED_FACE('',(#16611),#16136,.F.);
#16611 = FACE_BOUND('',#16612,.F.);
#16612 = EDGE_LOOP('',(#16613));
#16613 = ORIENTED_EDGE('',*,*,#16121,.T.);
#16614 = ADVANCED_FACE('',(#16615,#16618),#16169,.F.);
#16615 = FACE_BOUND('',#16616,.F.);
#16616 = EDGE_LOOP('',(#16617));
#16617 = ORIENTED_EDGE('',*,*,#16152,.T.);
#16618 = FACE_BOUND('',#16619,.F.);
#16619 = EDGE_LOOP('',(#16620));
#16620 = ORIENTED_EDGE('',*,*,#16621,.T.);
#16621 = EDGE_CURVE('',#16622,#16622,#16624,.T.);
#16622 = VERTEX_POINT('',#16623);
#16623 = CARTESIAN_POINT('',(-16.9,-19.,30.));
#16624 = SURFACE_CURVE('',#16625,(#16630,#16641),.PCURVE_S1.);
#16625 = CIRCLE('',#16626,1.1);
#16626 = AXIS2_PLACEMENT_3D('',#16627,#16628,#16629);
#16627 = CARTESIAN_POINT('',(-18.,-19.,30.));
#16628 = DIRECTION('',(0.,0.,-1.));
#16629 = DIRECTION('',(1.,0.,0.));
#16630 = PCURVE('',#16169,#16631);
#16631 = DEFINITIONAL_REPRESENTATION('',(#16632),#16640);
#16632 = ( BOUNDED_CURVE() B_SPLINE_CURVE(2,(#16633,#16634,#16635,#16636
    ,#16637,#16638,#16639),.UNSPECIFIED.,.T.,.F.) 
B_SPLINE_CURVE_WITH_KNOTS((1,2,2,2,2,1),(-2.094395102393,0.,
    2.094395102393,4.188790204786,6.28318530718,8.377580409573),
.UNSPECIFIED.) CURVE() GEOMETRIC_REPRESENTATION_ITEM() 
RATIONAL_B_SPLINE_CURVE((1.,0.5,1.,0.5,1.,0.5,1.)) REPRESENTATION_ITEM(
  '') );
#16633 = CARTESIAN_POINT('',(1.1,0.));
#16634 = CARTESIAN_POINT('',(1.1,-1.905255888326));
#16635 = CARTESIAN_POINT('',(-0.55,-0.952627944163));
#16636 = CARTESIAN_POINT('',(-2.2,-2.694222958124E-16));
#16637 = CARTESIAN_POINT('',(-0.55,0.952627944163));
#16638 = CARTESIAN_POINT('',(1.1,1.905255888326));
#16639 = CARTESIAN_POINT('',(1.1,0.));
#16640 = ( GEOMETRIC_REPRESENTATION_CONTEXT(2) 
PARAMETRIC_REPRESENTATION_CONTEXT() REPRESENTATION_CONTEXT('2D SPACE',''
  ) );
#16641 = PCURVE('',#16642,#16647);
#16642 = CYLINDRICAL_SURFACE('',#16643,1.1);
#16643 = AXIS2_PLACEMENT_3D('',#16644,#16645,#16646);
#16644 = CARTESIAN_POINT('',(-18.,-19.,29.9));
#16645 = DIRECTION('',(-0.,-0.,-1.));
#16646 = DIRECTION('',(1.,0.,0.));
#16647 = DEFINITIONAL_REPRESENTATION('',(#16648),#16652);
#16648 = LINE('',#16649,#16650);
#16649 = CARTESIAN_POINT('',(-6.28318530718,-0.1));
#16650 = VECTOR('',#16651,1.);
#16651 = DIRECTION('',(1.,-0.));
#16652 = ( GEOMETRIC_REPRESENTATION_CONTEXT(2) 
PARAMETRIC_REPRESENTATION_CONTEXT() REPRESENTATION_CONTEXT('2D SPACE',''
  ) );
#16653 = ADVANCED_FACE('',(#16654,#16657),#16243,.T.);
#16654 = FACE_BOUND('',#16655,.T.);
#16655 = EDGE_LOOP('',(#16656));
#16656 = ORIENTED_EDGE('',*,*,#16228,.T.);
#16657 = FACE_BOUND('',#16658,.T.);
#16658 = EDGE_LOOP('',(#16659));
#16659 = ORIENTED_EDGE('',*,*,#16660,.T.);
#16660 = EDGE_CURVE('',#16661,#16661,#16663,.T.);
#16661 = VERTEX_POINT('',#16662);
#16662 = CARTESIAN_POINT('',(-16.9,-19.,49.4));
#16663 = SURFACE_CURVE('',#16664,(#16669,#16680),.PCURVE_S1.);
#16664 = CIRCLE('',#16665,1.1);
#16665 = AXIS2_PLACEMENT_3D('',#16666,#16667,#16668);
#16666 = CARTESIAN_POINT('',(-18.,-19.,49.4));
#16667 = DIRECTION('',(0.,0.,-1.));
#16668 = DIRECTION('',(1.,0.,0.));
#16669 = PCURVE('',#16243,#16670);
#16670 = DEFINITIONAL_REPRESENTATION('',(#16671),#16679);
#16671 = ( BOUNDED_CURVE() B_SPLINE_CURVE(2,(#16672,#16673,#16674,#16675
    ,#16676,#16677,#16678),.UNSPECIFIED.,.T.,.F.) 
B_SPLINE_CURVE_WITH_KNOTS((1,2,2,2,2,1),(-2.094395102393,0.,
    2.094395102393,4.188790204786,6.28318530718,8.377580409573),
.UNSPECIFIED.) CURVE() GEOMETRIC_REPRESENTATION_ITEM() 
RATIONAL_B_SPLINE_CURVE((1.,0.5,1.,0.5,1.,0.5,1.)) REPRESENTATION_ITEM(
  '') );
#16672 = CARTESIAN_POINT('',(1.1,0.));
#16673 = CARTESIAN_POINT('',(1.1,-1.905255888326));
#16674 = CARTESIAN_POINT('',(-0.55,-0.952627944163));
#16675 = CARTESIAN_POINT('',(-2.2,-2.694222958124E-16));
#16676 = CARTESIAN_POINT('',(-0.55,0.952627944163));
#16677 = CARTESIAN_POINT('',(1.1,1.905255888326));
#16678 = CARTESIAN_POINT('',(1.1,0.));
#16679 = ( GEOMETRIC_REPRESENTATION_CONTEXT(2) 
PARAMETRIC_REPRESENTATION_CONTEXT() REPRESENTATION_CONTEXT('2D SPACE',''
  ) );
#16680 = PCURVE('',#16642,#16681);
#16681 = DEFINITIONAL_REPRESENTATION('',(#16682),#16686);
#16682 = LINE('',#16683,#16684);
#16683 = CARTESIAN_POINT('',(-6.28318530718,-19.5));
#16684 = VECTOR('',#16685,1.);
#16685 = DIRECTION('',(1.,-0.));
#16686 = ( GEOMETRIC_REPRESENTATION_CONTEXT(2) 
PARAMETRIC_REPRESENTATION_CONTEXT() REPRESENTATION_CONTEXT('2D SPACE',''
  ) );
#16687 = ADVANCED_FACE('',(#16688),#16302,.F.);
#16688 = FACE_BOUND('',#16689,.F.);
#16689 = EDGE_LOOP('',(#16690));
#16690 = ORIENTED_EDGE('',*,*,#16287,.T.);
#16691 = ADVANCED_FACE('',(#16692),#16357,.F.);
#16692 = FACE_BOUND('',#16693,.F.);
#16693 = EDGE_LOOP('',(#16694));
#16694 = ORIENTED_EDGE('',*,*,#16342,.T.);
#16695 = ADVANCED_FACE('',(#16696),#16413,.F.);
#16696 = FACE_BOUND('',#16697,.F.);
#16697 = EDGE_LOOP('',(#16698));
#16698 = ORIENTED_EDGE('',*,*,#16398,.F.);
#16699 = ADVANCED_FACE('',(#16700),#16471,.F.);
#16700 = FACE_BOUND('',#16701,.F.);
#16701 = EDGE_LOOP('',(#16702));
#16702 = ORIENTED_EDGE('',*,*,#16456,.T.);
#16703 = ADVANCED_FACE('',(#16704),#16526,.F.);
#16704 = FACE_BOUND('',#16705,.F.);
#16705 = EDGE_LOOP('',(#16706));
#16706 = ORIENTED_EDGE('',*,*,#16511,.T.);
#16707 = ADVANCED_FACE('',(#16708),#16581,.F.);
#16708 = FACE_BOUND('',#16709,.F.);
#16709 = EDGE_LOOP('',(#16710));
#16710 = ORIENTED_EDGE('',*,*,#16566,.T.);
#16711 = ADVANCED_FACE('',(#16712),#16642,.F.);
#16712 = FACE_BOUND('',#16713,.T.);
#16713 = EDGE_LOOP('',(#16714,#16715,#16736,#16737));
#16714 = ORIENTED_EDGE('',*,*,#16660,.F.);
#16715 = ORIENTED_EDGE('',*,*,#16716,.T.);
#16716 = EDGE_CURVE('',#16661,#16622,#16717,.T.);
#16717 = SEAM_CURVE('',#16718,(#16722,#16729),.PCURVE_S1.);
#16718 = LINE('',#16719,#16720);
#16719 = CARTESIAN_POINT('',(-16.9,-19.,49.4));
#16720 = VECTOR('',#16721,1.);
#16721 = DIRECTION('',(0.,0.,-1.));
#16722 = PCURVE('',#16642,#16723);
#16723 = DEFINITIONAL_REPRESENTATION('',(#16724),#16728);
#16724 = LINE('',#16725,#16726);
#16725 = CARTESIAN_POINT('',(-6.28318530718,-19.5));
#16726 = VECTOR('',#16727,1.);
#16727 = DIRECTION('',(0.,1.));
#16728 = ( GEOMETRIC_REPRESENTATION_CONTEXT(2) 
PARAMETRIC_REPRESENTATION_CONTEXT() REPRESENTATION_CONTEXT('2D SPACE',''
  ) );
#16729 = PCURVE('',#16642,#16730);
#16730 = DEFINITIONAL_REPRESENTATION('',(#16731),#16735);
#16731 = LINE('',#16732,#16733);
#16732 = CARTESIAN_POINT('',(-0.,-19.5));
#16733 = VECTOR('',#16734,1.);
#16734 = DIRECTION('',(0.,1.));
#16735 = ( GEOMETRIC_REPRESENTATION_CONTEXT(2) 
PARAMETRIC_REPRESENTATION_CONTEXT() REPRESENTATION_CONTEXT('2D SPACE',''
  ) );
#16736 = ORIENTED_EDGE('',*,*,#16621,.T.);
#16737 = ORIENTED_EDGE('',*,*,#16716,.F.);
#16738 = ( GEOMETRIC_REPRESENTATION_CONTEXT(3) 
GLOBAL_UNCERTAINTY_ASSIGNED_CONTEXT((#16742)) 
GLOBAL_UNIT_ASSIGNED_CONTEXT((#16739,#16740,#16741)) 
REPRESENTATION_CONTEXT('Context #1',
  '3D Context with UNIT and UNCERTAINTY') );
#16739 = ( LENGTH_UNIT() NAMED_UNIT(*) SI_UNIT(.MILLI.,.METRE.) );
#16740 = ( NAMED_UNIT(*) PLANE_ANGLE_UNIT() SI_UNIT($,.RADIAN.) );
#16741 = ( NAMED_UNIT(*) SI_UNIT($,.STERADIAN.) SOLID_ANGLE_UNIT() );
#16742 = UNCERTAINTY_MEASURE_WITH_UNIT(LENGTH_MEASURE(1.E-07),#16739,
  'distance_accuracy_value','confusion accuracy');
#16743 = CONTEXT_DEPENDENT_SHAPE_REPRESENTATION(#16744,#16746);
#16744 = ( REPRESENTATION_RELATIONSHIP('','',#12653,#10) 
REPRESENTATION_RELATIONSHIP_WITH_TRANSFORMATION(#16745) 
SHAPE_REPRESENTATION_RELATIONSHIP() );
#16745 = ITEM_DEFINED_TRANSFORMATION('','',#11,#91);
#16746 = PRODUCT_DEFINITION_SHAPE('Placement','Placement of an item',
  #16747);
#16747 = NEXT_ASSEMBLY_USAGE_OCCURRENCE('20','front_cup','',#5,#12648,$
  );
#16748 = PRODUCT_RELATED_PRODUCT_CATEGORY('part',$,(#12650));
#16749 = SHAPE_DEFINITION_REPRESENTATION(#16750,#16756);
#16750 = PRODUCT_DEFINITION_SHAPE('','',#16751);
#16751 = PRODUCT_DEFINITION('design','',#16752,#16755);
#16752 = PRODUCT_DEFINITION_FORMATION('','',#16753);
#16753 = PRODUCT('rear_cover','rear_cover','',(#16754));
#16754 = PRODUCT_CONTEXT('',#2,'mechanical');
#16755 = PRODUCT_DEFINITION_CONTEXT('part definition',#2,'design');
#16756 = ADVANCED_BREP_SHAPE_REPRESENTATION('',(#11,#16757),#18615);
#16757 = MANIFOLD_SOLID_BREP('',#16758);
#16758 = CLOSED_SHELL('',(#16759,#16847,#17289,#17503,#17558,#17613,
    #17668,#17744,#17793,#17842,#17869,#17924,#18000,#18049,#18098,
    #18125,#18180,#18235,#18289,#18343,#18397,#18451,#18505,#18559,
    #18566,#18573,#18580,#18587,#18594,#18601,#18608));
#16759 = ADVANCED_FACE('',(#16760),#16774,.T.);
#16760 = FACE_BOUND('',#16761,.F.);
#16761 = EDGE_LOOP('',(#16762,#16792,#16819,#16820));
#16762 = ORIENTED_EDGE('',*,*,#16763,.T.);
#16763 = EDGE_CURVE('',#16764,#16766,#16768,.T.);
#16764 = VERTEX_POINT('',#16765);
#16765 = CARTESIAN_POINT('',(58.,0.,0.));
#16766 = VERTEX_POINT('',#16767);
#16767 = CARTESIAN_POINT('',(58.,0.,2.4));
#16768 = SEAM_CURVE('',#16769,(#16773,#16785),.PCURVE_S1.);
#16769 = LINE('',#16770,#16771);
#16770 = CARTESIAN_POINT('',(58.,0.,0.));
#16771 = VECTOR('',#16772,1.);
#16772 = DIRECTION('',(0.,0.,1.));
#16773 = PCURVE('',#16774,#16779);
#16774 = CYLINDRICAL_SURFACE('',#16775,58.);
#16775 = AXIS2_PLACEMENT_3D('',#16776,#16777,#16778);
#16776 = CARTESIAN_POINT('',(0.,0.,0.));
#16777 = DIRECTION('',(-0.,-0.,-1.));
#16778 = DIRECTION('',(1.,0.,0.));
#16779 = DEFINITIONAL_REPRESENTATION('',(#16780),#16784);
#16780 = LINE('',#16781,#16782);
#16781 = CARTESIAN_POINT('',(-0.,0.));
#16782 = VECTOR('',#16783,1.);
#16783 = DIRECTION('',(-0.,-1.));
#16784 = ( GEOMETRIC_REPRESENTATION_CONTEXT(2) 
PARAMETRIC_REPRESENTATION_CONTEXT() REPRESENTATION_CONTEXT('2D SPACE',''
  ) );
#16785 = PCURVE('',#16774,#16786);
#16786 = DEFINITIONAL_REPRESENTATION('',(#16787),#16791);
#16787 = LINE('',#16788,#16789);
#16788 = CARTESIAN_POINT('',(-6.28318530718,0.));
#16789 = VECTOR('',#16790,1.);
#16790 = DIRECTION('',(-0.,-1.));
#16791 = ( GEOMETRIC_REPRESENTATION_CONTEXT(2) 
PARAMETRIC_REPRESENTATION_CONTEXT() REPRESENTATION_CONTEXT('2D SPACE',''
  ) );
#16792 = ORIENTED_EDGE('',*,*,#16793,.T.);
#16793 = EDGE_CURVE('',#16766,#16766,#16794,.T.);
#16794 = SURFACE_CURVE('',#16795,(#16800,#16807),.PCURVE_S1.);
#16795 = CIRCLE('',#16796,58.);
#16796 = AXIS2_PLACEMENT_3D('',#16797,#16798,#16799);
#16797 = CARTESIAN_POINT('',(0.,0.,2.4));
#16798 = DIRECTION('',(0.,0.,1.));
#16799 = DIRECTION('',(1.,0.,0.));
#16800 = PCURVE('',#16774,#16801);
#16801 = DEFINITIONAL_REPRESENTATION('',(#16802),#16806);
#16802 = LINE('',#16803,#16804);
#16803 = CARTESIAN_POINT('',(-0.,-2.4));
#16804 = VECTOR('',#16805,1.);
#16805 = DIRECTION('',(-1.,0.));
#16806 = ( GEOMETRIC_REPRESENTATION_CONTEXT(2) 
PARAMETRIC_REPRESENTATION_CONTEXT() REPRESENTATION_CONTEXT('2D SPACE',''
  ) );
#16807 = PCURVE('',#16808,#16813);
#16808 = PLANE('',#16809);
#16809 = AXIS2_PLACEMENT_3D('',#16810,#16811,#16812);
#16810 = CARTESIAN_POINT('',(-3.01779891319E-15,3.667947348029E-15,2.4)
  );
#16811 = DIRECTION('',(0.,0.,1.));
#16812 = DIRECTION('',(1.,0.,-0.));
#16813 = DEFINITIONAL_REPRESENTATION('',(#16814),#16818);
#16814 = CIRCLE('',#16815,58.);
#16815 = AXIS2_PLACEMENT_2D('',#16816,#16817);
#16816 = CARTESIAN_POINT('',(3.01779891319E-15,-3.667947348029E-15));
#16817 = DIRECTION('',(1.,0.));
#16818 = ( GEOMETRIC_REPRESENTATION_CONTEXT(2) 
PARAMETRIC_REPRESENTATION_CONTEXT() REPRESENTATION_CONTEXT('2D SPACE',''
  ) );
#16819 = ORIENTED_EDGE('',*,*,#16763,.F.);
#16820 = ORIENTED_EDGE('',*,*,#16821,.F.);
#16821 = EDGE_CURVE('',#16764,#16764,#16822,.T.);
#16822 = SURFACE_CURVE('',#16823,(#16828,#16835),.PCURVE_S1.);
#16823 = CIRCLE('',#16824,58.);
#16824 = AXIS2_PLACEMENT_3D('',#16825,#16826,#16827);
#16825 = CARTESIAN_POINT('',(0.,0.,0.));
#16826 = DIRECTION('',(0.,0.,1.));
#16827 = DIRECTION('',(1.,0.,0.));
#16828 = PCURVE('',#16774,#16829);
#16829 = DEFINITIONAL_REPRESENTATION('',(#16830),#16834);
#16830 = LINE('',#16831,#16832);
#16831 = CARTESIAN_POINT('',(-0.,0.));
#16832 = VECTOR('',#16833,1.);
#16833 = DIRECTION('',(-1.,0.));
#16834 = ( GEOMETRIC_REPRESENTATION_CONTEXT(2) 
PARAMETRIC_REPRESENTATION_CONTEXT() REPRESENTATION_CONTEXT('2D SPACE',''
  ) );
#16835 = PCURVE('',#16836,#16841);
#16836 = PLANE('',#16837);
#16837 = AXIS2_PLACEMENT_3D('',#16838,#16839,#16840);
#16838 = CARTESIAN_POINT('',(-3.01779891319E-15,3.667947348029E-15,0.));
#16839 = DIRECTION('',(0.,0.,1.));
#16840 = DIRECTION('',(1.,0.,-0.));
#16841 = DEFINITIONAL_REPRESENTATION('',(#16842),#16846);
#16842 = CIRCLE('',#16843,58.);
#16843 = AXIS2_PLACEMENT_2D('',#16844,#16845);
#16844 = CARTESIAN_POINT('',(3.01779891319E-15,-3.667947348029E-15));
#16845 = DIRECTION('',(1.,0.));
#16846 = ( GEOMETRIC_REPRESENTATION_CONTEXT(2) 
PARAMETRIC_REPRESENTATION_CONTEXT() REPRESENTATION_CONTEXT('2D SPACE',''
  ) );
#16847 = ADVANCED_FACE('',(#16848,#16851,#16886,#16921,#16956,#17070,
    #17105,#17219,#17254),#16836,.F.);
#16848 = FACE_BOUND('',#16849,.F.);
#16849 = EDGE_LOOP('',(#16850));
#16850 = ORIENTED_EDGE('',*,*,#16821,.T.);
#16851 = FACE_BOUND('',#16852,.F.);
#16852 = EDGE_LOOP('',(#16853));
#16853 = ORIENTED_EDGE('',*,*,#16854,.T.);
#16854 = EDGE_CURVE('',#16855,#16855,#16857,.T.);
#16855 = VERTEX_POINT('',#16856);
#16856 = CARTESIAN_POINT('',(-25.5,-47.63139720814,0.));
#16857 = SURFACE_CURVE('',#16858,(#16863,#16874),.PCURVE_S1.);
#16858 = CIRCLE('',#16859,2.);
#16859 = AXIS2_PLACEMENT_3D('',#16860,#16861,#16862);
#16860 = CARTESIAN_POINT('',(-27.5,-47.63139720814,0.));
#16861 = DIRECTION('',(0.,0.,-1.));
#16862 = DIRECTION('',(1.,0.,0.));
#16863 = PCURVE('',#16836,#16864);
#16864 = DEFINITIONAL_REPRESENTATION('',(#16865),#16873);
#16865 = ( BOUNDED_CURVE() B_SPLINE_CURVE(2,(#16866,#16867,#16868,#16869
    ,#16870,#16871,#16872),.UNSPECIFIED.,.T.,.F.) 
B_SPLINE_CURVE_WITH_KNOTS((1,2,2,2,2,1),(-2.094395102393,0.,
    2.094395102393,4.188790204786,6.28318530718,8.377580409573),
.UNSPECIFIED.) CURVE() GEOMETRIC_REPRESENTATION_ITEM() 
RATIONAL_B_SPLINE_CURVE((1.,0.5,1.,0.5,1.,0.5,1.)) REPRESENTATION_ITEM(
  '') );
#16866 = CARTESIAN_POINT('',(-25.5,-47.63139720814));
#16867 = CARTESIAN_POINT('',(-25.5,-51.09549882328));
#16868 = CARTESIAN_POINT('',(-28.5,-49.36344801571));
#16869 = CARTESIAN_POINT('',(-31.5,-47.63139720814));
#16870 = CARTESIAN_POINT('',(-28.5,-45.89934640057));
#16871 = CARTESIAN_POINT('',(-25.5,-44.167295593));
#16872 = CARTESIAN_POINT('',(-25.5,-47.63139720814));
#16873 = ( GEOMETRIC_REPRESENTATION_CONTEXT(2) 
PARAMETRIC_REPRESENTATION_CONTEXT() REPRESENTATION_CONTEXT('2D SPACE',''
  ) );
#16874 = PCURVE('',#16875,#16880);
#16875 = CYLINDRICAL_SURFACE('',#16876,2.);
#16876 = AXIS2_PLACEMENT_3D('',#16877,#16878,#16879);
#16877 = CARTESIAN_POINT('',(-27.5,-47.63139720814,-1.E-02));
#16878 = DIRECTION('',(-0.,-0.,-1.));
#16879 = DIRECTION('',(1.,0.,0.));
#16880 = DEFINITIONAL_REPRESENTATION('',(#16881),#16885);
#16881 = LINE('',#16882,#16883);
#16882 = CARTESIAN_POINT('',(-6.28318530718,-1.E-02));
#16883 = VECTOR('',#16884,1.);
#16884 = DIRECTION('',(1.,-0.));
#16885 = ( GEOMETRIC_REPRESENTATION_CONTEXT(2) 
PARAMETRIC_REPRESENTATION_CONTEXT() REPRESENTATION_CONTEXT('2D SPACE',''
  ) );
#16886 = FACE_BOUND('',#16887,.F.);
#16887 = EDGE_LOOP('',(#16888));
#16888 = ORIENTED_EDGE('',*,*,#16889,.T.);
#16889 = EDGE_CURVE('',#16890,#16890,#16892,.T.);
#16890 = VERTEX_POINT('',#16891);
#16891 = CARTESIAN_POINT('',(29.5,-47.63139720814,0.));
#16892 = SURFACE_CURVE('',#16893,(#16898,#16909),.PCURVE_S1.);
#16893 = CIRCLE('',#16894,2.);
#16894 = AXIS2_PLACEMENT_3D('',#16895,#16896,#16897);
#16895 = CARTESIAN_POINT('',(27.5,-47.63139720814,0.));
#16896 = DIRECTION('',(0.,0.,-1.));
#16897 = DIRECTION('',(1.,0.,0.));
#16898 = PCURVE('',#16836,#16899);
#16899 = DEFINITIONAL_REPRESENTATION('',(#16900),#16908);
#16900 = ( BOUNDED_CURVE() B_SPLINE_CURVE(2,(#16901,#16902,#16903,#16904
    ,#16905,#16906,#16907),.UNSPECIFIED.,.T.,.F.) 
B_SPLINE_CURVE_WITH_KNOTS((1,2,2,2,2,1),(-2.094395102393,0.,
    2.094395102393,4.188790204786,6.28318530718,8.377580409573),
.UNSPECIFIED.) CURVE() GEOMETRIC_REPRESENTATION_ITEM() 
RATIONAL_B_SPLINE_CURVE((1.,0.5,1.,0.5,1.,0.5,1.)) REPRESENTATION_ITEM(
  '') );
#16901 = CARTESIAN_POINT('',(29.5,-47.63139720814));
#16902 = CARTESIAN_POINT('',(29.5,-51.09549882328));
#16903 = CARTESIAN_POINT('',(26.5,-49.36344801571));
#16904 = CARTESIAN_POINT('',(23.5,-47.63139720814));
#16905 = CARTESIAN_POINT('',(26.5,-45.89934640057));
#16906 = CARTESIAN_POINT('',(29.5,-44.167295593));
#16907 = CARTESIAN_POINT('',(29.5,-47.63139720814));
#16908 = ( GEOMETRIC_REPRESENTATION_CONTEXT(2) 
PARAMETRIC_REPRESENTATION_CONTEXT() REPRESENTATION_CONTEXT('2D SPACE',''
  ) );
#16909 = PCURVE('',#16910,#16915);
#16910 = CYLINDRICAL_SURFACE('',#16911,2.);
#16911 = AXIS2_PLACEMENT_3D('',#16912,#16913,#16914);
#16912 = CARTESIAN_POINT('',(27.5,-47.63139720814,-1.E-02));
#16913 = DIRECTION('',(-0.,-0.,-1.));
#16914 = DIRECTION('',(1.,0.,0.));
#16915 = DEFINITIONAL_REPRESENTATION('',(#16916),#16920);
#16916 = LINE('',#16917,#16918);
#16917 = CARTESIAN_POINT('',(-6.28318530718,-1.E-02));
#16918 = VECTOR('',#16919,1.);
#16919 = DIRECTION('',(1.,-0.));
#16920 = ( GEOMETRIC_REPRESENTATION_CONTEXT(2) 
PARAMETRIC_REPRESENTATION_CONTEXT() REPRESENTATION_CONTEXT('2D SPACE',''
  ) );
#16921 = FACE_BOUND('',#16922,.F.);
#16922 = EDGE_LOOP('',(#16923));
#16923 = ORIENTED_EDGE('',*,*,#16924,.T.);
#16924 = EDGE_CURVE('',#16925,#16925,#16927,.T.);
#16925 = VERTEX_POINT('',#16926);
#16926 = CARTESIAN_POINT('',(-53.,6.73555739531E-15,0.));
#16927 = SURFACE_CURVE('',#16928,(#16933,#16944),.PCURVE_S1.);
#16928 = CIRCLE('',#16929,2.);
#16929 = AXIS2_PLACEMENT_3D('',#16930,#16931,#16932);
#16930 = CARTESIAN_POINT('',(-55.,6.73555739531E-15,0.));
#16931 = DIRECTION('',(0.,0.,-1.));
#16932 = DIRECTION('',(1.,0.,0.));
#16933 = PCURVE('',#16836,#16934);
#16934 = DEFINITIONAL_REPRESENTATION('',(#16935),#16943);
#16935 = ( BOUNDED_CURVE() B_SPLINE_CURVE(2,(#16936,#16937,#16938,#16939
    ,#16940,#16941,#16942),.UNSPECIFIED.,.T.,.F.) 
B_SPLINE_CURVE_WITH_KNOTS((1,2,2,2,2,1),(-2.094395102393,0.,
    2.094395102393,4.188790204786,6.28318530718,8.377580409573),
.UNSPECIFIED.) CURVE() GEOMETRIC_REPRESENTATION_ITEM() 
RATIONAL_B_SPLINE_CURVE((1.,0.5,1.,0.5,1.,0.5,1.)) REPRESENTATION_ITEM(
  '') );
#16936 = CARTESIAN_POINT('',(-53.,3.067610047281E-15));
#16937 = CARTESIAN_POINT('',(-53.,-3.464101615138));
#16938 = CARTESIAN_POINT('',(-56.,-1.732050807569));
#16939 = CARTESIAN_POINT('',(-59.,2.577751327622E-15));
#16940 = CARTESIAN_POINT('',(-56.,1.732050807569));
#16941 = CARTESIAN_POINT('',(-53.,3.464101615138));
#16942 = CARTESIAN_POINT('',(-53.,3.067610047281E-15));
#16943 = ( GEOMETRIC_REPRESENTATION_CONTEXT(2) 
PARAMETRIC_REPRESENTATION_CONTEXT() REPRESENTATION_CONTEXT('2D SPACE',''
  ) );
#16944 = PCURVE('',#16945,#16950);
#16945 = CYLINDRICAL_SURFACE('',#16946,2.);
#16946 = AXIS2_PLACEMENT_3D('',#16947,#16948,#16949);
#16947 = CARTESIAN_POINT('',(-55.,6.73555739531E-15,-1.E-02));
#16948 = DIRECTION('',(-0.,-0.,-1.));
#16949 = DIRECTION('',(1.,0.,0.));
#16950 = DEFINITIONAL_REPRESENTATION('',(#16951),#16955);
#16951 = LINE('',#16952,#16953);
#16952 = CARTESIAN_POINT('',(-6.28318530718,-1.E-02));
#16953 = VECTOR('',#16954,1.);
#16954 = DIRECTION('',(1.,-0.));
#16955 = ( GEOMETRIC_REPRESENTATION_CONTEXT(2) 
PARAMETRIC_REPRESENTATION_CONTEXT() REPRESENTATION_CONTEXT('2D SPACE',''
  ) );
#16956 = FACE_BOUND('',#16957,.F.);
#16957 = EDGE_LOOP('',(#16958,#16988,#17016,#17044));
#16958 = ORIENTED_EDGE('',*,*,#16959,.T.);
#16959 = EDGE_CURVE('',#16960,#16962,#16964,.T.);
#16960 = VERTEX_POINT('',#16961);
#16961 = CARTESIAN_POINT('',(-34.,-17.5,0.));
#16962 = VERTEX_POINT('',#16963);
#16963 = CARTESIAN_POINT('',(-34.,17.5,0.));
#16964 = SURFACE_CURVE('',#16965,(#16969,#16976),.PCURVE_S1.);
#16965 = LINE('',#16966,#16967);
#16966 = CARTESIAN_POINT('',(-34.,-17.5,0.));
#16967 = VECTOR('',#16968,1.);
#16968 = DIRECTION('',(0.,1.,0.));
#16969 = PCURVE('',#16836,#16970);
#16970 = DEFINITIONAL_REPRESENTATION('',(#16971),#16975);
#16971 = LINE('',#16972,#16973);
#16972 = CARTESIAN_POINT('',(-34.,-17.5));
#16973 = VECTOR('',#16974,1.);
#16974 = DIRECTION('',(0.,1.));
#16975 = ( GEOMETRIC_REPRESENTATION_CONTEXT(2) 
PARAMETRIC_REPRESENTATION_CONTEXT() REPRESENTATION_CONTEXT('2D SPACE',''
  ) );
#16976 = PCURVE('',#16977,#16982);
#16977 = PLANE('',#16978);
#16978 = AXIS2_PLACEMENT_3D('',#16979,#16980,#16981);
#16979 = CARTESIAN_POINT('',(-34.,-17.5,-3.));
#16980 = DIRECTION('',(1.,0.,0.));
#16981 = DIRECTION('',(0.,0.,1.));
#16982 = DEFINITIONAL_REPRESENTATION('',(#16983),#16987);
#16983 = LINE('',#16984,#16985);
#16984 = CARTESIAN_POINT('',(3.,0.));
#16985 = VECTOR('',#16986,1.);
#16986 = DIRECTION('',(0.,-1.));
#16987 = ( GEOMETRIC_REPRESENTATION_CONTEXT(2) 
PARAMETRIC_REPRESENTATION_CONTEXT() REPRESENTATION_CONTEXT('2D SPACE',''
  ) );
#16988 = ORIENTED_EDGE('',*,*,#16989,.T.);
#16989 = EDGE_CURVE('',#16962,#16990,#16992,.T.);
#16990 = VERTEX_POINT('',#16991);
#16991 = CARTESIAN_POINT('',(-30.,17.5,0.));
#16992 = SURFACE_CURVE('',#16993,(#16997,#17004),.PCURVE_S1.);
#16993 = LINE('',#16994,#16995);
#16994 = CARTESIAN_POINT('',(-34.,17.5,0.));
#16995 = VECTOR('',#16996,1.);
#16996 = DIRECTION('',(1.,0.,0.));
#16997 = PCURVE('',#16836,#16998);
#16998 = DEFINITIONAL_REPRESENTATION('',(#16999),#17003);
#16999 = LINE('',#17000,#17001);
#17000 = CARTESIAN_POINT('',(-34.,17.5));
#17001 = VECTOR('',#17002,1.);
#17002 = DIRECTION('',(1.,0.));
#17003 = ( GEOMETRIC_REPRESENTATION_CONTEXT(2) 
PARAMETRIC_REPRESENTATION_CONTEXT() REPRESENTATION_CONTEXT('2D SPACE',''
  ) );
#17004 = PCURVE('',#17005,#17010);
#17005 = PLANE('',#17006);
#17006 = AXIS2_PLACEMENT_3D('',#17007,#17008,#17009);
#17007 = CARTESIAN_POINT('',(-34.,17.5,-3.));
#17008 = DIRECTION('',(0.,1.,0.));
#17009 = DIRECTION('',(0.,0.,1.));
#17010 = DEFINITIONAL_REPRESENTATION('',(#17011),#17015);
#17011 = LINE('',#17012,#17013);
#17012 = CARTESIAN_POINT('',(3.,0.));
#17013 = VECTOR('',#17014,1.);
#17014 = DIRECTION('',(0.,1.));
#17015 = ( GEOMETRIC_REPRESENTATION_CONTEXT(2) 
PARAMETRIC_REPRESENTATION_CONTEXT() REPRESENTATION_CONTEXT('2D SPACE',''
  ) );
#17016 = ORIENTED_EDGE('',*,*,#17017,.F.);
#17017 = EDGE_CURVE('',#17018,#16990,#17020,.T.);
#17018 = VERTEX_POINT('',#17019);
#17019 = CARTESIAN_POINT('',(-30.,-17.5,0.));
#17020 = SURFACE_CURVE('',#17021,(#17025,#17032),.PCURVE_S1.);
#17021 = LINE('',#17022,#17023);
#17022 = CARTESIAN_POINT('',(-30.,-17.5,0.));
#17023 = VECTOR('',#17024,1.);
#17024 = DIRECTION('',(0.,1.,0.));
#17025 = PCURVE('',#16836,#17026);
#17026 = DEFINITIONAL_REPRESENTATION('',(#17027),#17031);
#17027 = LINE('',#17028,#17029);
#17028 = CARTESIAN_POINT('',(-30.,-17.5));
#17029 = VECTOR('',#17030,1.);
#17030 = DIRECTION('',(0.,1.));
#17031 = ( GEOMETRIC_REPRESENTATION_CONTEXT(2) 
PARAMETRIC_REPRESENTATION_CONTEXT() REPRESENTATION_CONTEXT('2D SPACE',''
  ) );
#17032 = PCURVE('',#17033,#17038);
#17033 = PLANE('',#17034);
#17034 = AXIS2_PLACEMENT_3D('',#17035,#17036,#17037);
#17035 = CARTESIAN_POINT('',(-30.,-17.5,-3.));
#17036 = DIRECTION('',(1.,0.,0.));
#17037 = DIRECTION('',(0.,0.,1.));
#17038 = DEFINITIONAL_REPRESENTATION('',(#17039),#17043);
#17039 = LINE('',#17040,#17041);
#17040 = CARTESIAN_POINT('',(3.,0.));
#17041 = VECTOR('',#17042,1.);
#17042 = DIRECTION('',(0.,-1.));
#17043 = ( GEOMETRIC_REPRESENTATION_CONTEXT(2) 
PARAMETRIC_REPRESENTATION_CONTEXT() REPRESENTATION_CONTEXT('2D SPACE',''
  ) );
#17044 = ORIENTED_EDGE('',*,*,#17045,.F.);
#17045 = EDGE_CURVE('',#16960,#17018,#17046,.T.);
#17046 = SURFACE_CURVE('',#17047,(#17051,#17058),.PCURVE_S1.);
#17047 = LINE('',#17048,#17049);
#17048 = CARTESIAN_POINT('',(-34.,-17.5,0.));
#17049 = VECTOR('',#17050,1.);
#17050 = DIRECTION('',(1.,0.,0.));
#17051 = PCURVE('',#16836,#17052);
#17052 = DEFINITIONAL_REPRESENTATION('',(#17053),#17057);
#17053 = LINE('',#17054,#17055);
#17054 = CARTESIAN_POINT('',(-34.,-17.5));
#17055 = VECTOR('',#17056,1.);
#17056 = DIRECTION('',(1.,0.));
#17057 = ( GEOMETRIC_REPRESENTATION_CONTEXT(2) 
PARAMETRIC_REPRESENTATION_CONTEXT() REPRESENTATION_CONTEXT('2D SPACE',''
  ) );
#17058 = PCURVE('',#17059,#17064);
#17059 = PLANE('',#17060);
#17060 = AXIS2_PLACEMENT_3D('',#17061,#17062,#17063);
#17061 = CARTESIAN_POINT('',(-34.,-17.5,-3.));
#17062 = DIRECTION('',(0.,1.,0.));
#17063 = DIRECTION('',(0.,0.,1.));
#17064 = DEFINITIONAL_REPRESENTATION('',(#17065),#17069);
#17065 = LINE('',#17066,#17067);
#17066 = CARTESIAN_POINT('',(3.,0.));
#17067 = VECTOR('',#17068,1.);
#17068 = DIRECTION('',(0.,1.));
#17069 = ( GEOMETRIC_REPRESENTATION_CONTEXT(2) 
PARAMETRIC_REPRESENTATION_CONTEXT() REPRESENTATION_CONTEXT('2D SPACE',''
  ) );
#17070 = FACE_BOUND('',#17071,.F.);
#17071 = EDGE_LOOP('',(#17072));
#17072 = ORIENTED_EDGE('',*,*,#17073,.T.);
#17073 = EDGE_CURVE('',#17074,#17074,#17076,.T.);
#17074 = VERTEX_POINT('',#17075);
#17075 = CARTESIAN_POINT('',(-25.5,47.631397208144,0.));
#17076 = SURFACE_CURVE('',#17077,(#17082,#17093),.PCURVE_S1.);
#17077 = CIRCLE('',#17078,2.);
#17078 = AXIS2_PLACEMENT_3D('',#17079,#17080,#17081);
#17079 = CARTESIAN_POINT('',(-27.5,47.631397208144,0.));
#17080 = DIRECTION('',(0.,0.,-1.));
#17081 = DIRECTION('',(1.,0.,0.));
#17082 = PCURVE('',#16836,#17083);
#17083 = DEFINITIONAL_REPRESENTATION('',(#17084),#17092);
#17084 = ( BOUNDED_CURVE() B_SPLINE_CURVE(2,(#17085,#17086,#17087,#17088
    ,#17089,#17090,#17091),.UNSPECIFIED.,.T.,.F.) 
B_SPLINE_CURVE_WITH_KNOTS((1,2,2,2,2,1),(-2.094395102393,0.,
    2.094395102393,4.188790204786,6.28318530718,8.377580409573),
.UNSPECIFIED.) CURVE() GEOMETRIC_REPRESENTATION_ITEM() 
RATIONAL_B_SPLINE_CURVE((1.,0.5,1.,0.5,1.,0.5,1.)) REPRESENTATION_ITEM(
  '') );
#17085 = CARTESIAN_POINT('',(-25.5,47.631397208144));
#17086 = CARTESIAN_POINT('',(-25.5,44.167295593006));
#17087 = CARTESIAN_POINT('',(-28.5,45.899346400575));
#17088 = CARTESIAN_POINT('',(-31.5,47.631397208144));
#17089 = CARTESIAN_POINT('',(-28.5,49.363448015713));
#17090 = CARTESIAN_POINT('',(-25.5,51.095498823282));
#17091 = CARTESIAN_POINT('',(-25.5,47.631397208144));
#17092 = ( GEOMETRIC_REPRESENTATION_CONTEXT(2) 
PARAMETRIC_REPRESENTATION_CONTEXT() REPRESENTATION_CONTEXT('2D SPACE',''
  ) );
#17093 = PCURVE('',#17094,#17099);
#17094 = CYLINDRICAL_SURFACE('',#17095,2.);
#17095 = AXIS2_PLACEMENT_3D('',#17096,#17097,#17098);
#17096 = CARTESIAN_POINT('',(-27.5,47.631397208144,-1.E-02));
#17097 = DIRECTION('',(-0.,-0.,-1.));
#17098 = DIRECTION('',(1.,0.,0.));
#17099 = DEFINITIONAL_REPRESENTATION('',(#17100),#17104);
#17100 = LINE('',#17101,#17102);
#17101 = CARTESIAN_POINT('',(-6.28318530718,-1.E-02));
#17102 = VECTOR('',#17103,1.);
#17103 = DIRECTION('',(1.,-0.));
#17104 = ( GEOMETRIC_REPRESENTATION_CONTEXT(2) 
PARAMETRIC_REPRESENTATION_CONTEXT() REPRESENTATION_CONTEXT('2D SPACE',''
  ) );
#17105 = FACE_BOUND('',#17106,.F.);
#17106 = EDGE_LOOP('',(#17107,#17137,#17165,#17193));
#17107 = ORIENTED_EDGE('',*,*,#17108,.T.);
#17108 = EDGE_CURVE('',#17109,#17111,#17113,.T.);
#17109 = VERTEX_POINT('',#17110);
#17110 = CARTESIAN_POINT('',(30.,-17.5,0.));
#17111 = VERTEX_POINT('',#17112);
#17112 = CARTESIAN_POINT('',(30.,17.5,0.));
#17113 = SURFACE_CURVE('',#17114,(#17118,#17125),.PCURVE_S1.);
#17114 = LINE('',#17115,#17116);
#17115 = CARTESIAN_POINT('',(30.,-17.5,0.));
#17116 = VECTOR('',#17117,1.);
#17117 = DIRECTION('',(0.,1.,0.));
#17118 = PCURVE('',#16836,#17119);
#17119 = DEFINITIONAL_REPRESENTATION('',(#17120),#17124);
#17120 = LINE('',#17121,#17122);
#17121 = CARTESIAN_POINT('',(30.,-17.5));
#17122 = VECTOR('',#17123,1.);
#17123 = DIRECTION('',(0.,1.));
#17124 = ( GEOMETRIC_REPRESENTATION_CONTEXT(2) 
PARAMETRIC_REPRESENTATION_CONTEXT() REPRESENTATION_CONTEXT('2D SPACE',''
  ) );
#17125 = PCURVE('',#17126,#17131);
#17126 = PLANE('',#17127);
#17127 = AXIS2_PLACEMENT_3D('',#17128,#17129,#17130);
#17128 = CARTESIAN_POINT('',(30.,-17.5,-3.));
#17129 = DIRECTION('',(1.,0.,0.));
#17130 = DIRECTION('',(0.,0.,1.));
#17131 = DEFINITIONAL_REPRESENTATION('',(#17132),#17136);
#17132 = LINE('',#17133,#17134);
#17133 = CARTESIAN_POINT('',(3.,0.));
#17134 = VECTOR('',#17135,1.);
#17135 = DIRECTION('',(0.,-1.));
#17136 = ( GEOMETRIC_REPRESENTATION_CONTEXT(2) 
PARAMETRIC_REPRESENTATION_CONTEXT() REPRESENTATION_CONTEXT('2D SPACE',''
  ) );
#17137 = ORIENTED_EDGE('',*,*,#17138,.T.);
#17138 = EDGE_CURVE('',#17111,#17139,#17141,.T.);
#17139 = VERTEX_POINT('',#17140);
#17140 = CARTESIAN_POINT('',(34.,17.5,0.));
#17141 = SURFACE_CURVE('',#17142,(#17146,#17153),.PCURVE_S1.);
#17142 = LINE('',#17143,#17144);
#17143 = CARTESIAN_POINT('',(30.,17.5,0.));
#17144 = VECTOR('',#17145,1.);
#17145 = DIRECTION('',(1.,0.,0.));
#17146 = PCURVE('',#16836,#17147);
#17147 = DEFINITIONAL_REPRESENTATION('',(#17148),#17152);
#17148 = LINE('',#17149,#17150);
#17149 = CARTESIAN_POINT('',(30.,17.5));
#17150 = VECTOR('',#17151,1.);
#17151 = DIRECTION('',(1.,0.));
#17152 = ( GEOMETRIC_REPRESENTATION_CONTEXT(2) 
PARAMETRIC_REPRESENTATION_CONTEXT() REPRESENTATION_CONTEXT('2D SPACE',''
  ) );
#17153 = PCURVE('',#17154,#17159);
#17154 = PLANE('',#17155);
#17155 = AXIS2_PLACEMENT_3D('',#17156,#17157,#17158);
#17156 = CARTESIAN_POINT('',(30.,17.5,-3.));
#17157 = DIRECTION('',(0.,1.,0.));
#17158 = DIRECTION('',(0.,0.,1.));
#17159 = DEFINITIONAL_REPRESENTATION('',(#17160),#17164);
#17160 = LINE('',#17161,#17162);
#17161 = CARTESIAN_POINT('',(3.,0.));
#17162 = VECTOR('',#17163,1.);
#17163 = DIRECTION('',(0.,1.));
#17164 = ( GEOMETRIC_REPRESENTATION_CONTEXT(2) 
PARAMETRIC_REPRESENTATION_CONTEXT() REPRESENTATION_CONTEXT('2D SPACE',''
  ) );
#17165 = ORIENTED_EDGE('',*,*,#17166,.F.);
#17166 = EDGE_CURVE('',#17167,#17139,#17169,.T.);
#17167 = VERTEX_POINT('',#17168);
#17168 = CARTESIAN_POINT('',(34.,-17.5,0.));
#17169 = SURFACE_CURVE('',#17170,(#17174,#17181),.PCURVE_S1.);
#17170 = LINE('',#17171,#17172);
#17171 = CARTESIAN_POINT('',(34.,-17.5,0.));
#17172 = VECTOR('',#17173,1.);
#17173 = DIRECTION('',(0.,1.,0.));
#17174 = PCURVE('',#16836,#17175);
#17175 = DEFINITIONAL_REPRESENTATION('',(#17176),#17180);
#17176 = LINE('',#17177,#17178);
#17177 = CARTESIAN_POINT('',(34.,-17.5));
#17178 = VECTOR('',#17179,1.);
#17179 = DIRECTION('',(0.,1.));
#17180 = ( GEOMETRIC_REPRESENTATION_CONTEXT(2) 
PARAMETRIC_REPRESENTATION_CONTEXT() REPRESENTATION_CONTEXT('2D SPACE',''
  ) );
#17181 = PCURVE('',#17182,#17187);
#17182 = PLANE('',#17183);
#17183 = AXIS2_PLACEMENT_3D('',#17184,#17185,#17186);
#17184 = CARTESIAN_POINT('',(34.,-17.5,-3.));
#17185 = DIRECTION('',(1.,0.,0.));
#17186 = DIRECTION('',(0.,0.,1.));
#17187 = DEFINITIONAL_REPRESENTATION('',(#17188),#17192);
#17188 = LINE('',#17189,#17190);
#17189 = CARTESIAN_POINT('',(3.,0.));
#17190 = VECTOR('',#17191,1.);
#17191 = DIRECTION('',(0.,-1.));
#17192 = ( GEOMETRIC_REPRESENTATION_CONTEXT(2) 
PARAMETRIC_REPRESENTATION_CONTEXT() REPRESENTATION_CONTEXT('2D SPACE',''
  ) );
#17193 = ORIENTED_EDGE('',*,*,#17194,.F.);
#17194 = EDGE_CURVE('',#17109,#17167,#17195,.T.);
#17195 = SURFACE_CURVE('',#17196,(#17200,#17207),.PCURVE_S1.);
#17196 = LINE('',#17197,#17198);
#17197 = CARTESIAN_POINT('',(30.,-17.5,0.));
#17198 = VECTOR('',#17199,1.);
#17199 = DIRECTION('',(1.,0.,0.));
#17200 = PCURVE('',#16836,#17201);
#17201 = DEFINITIONAL_REPRESENTATION('',(#17202),#17206);
#17202 = LINE('',#17203,#17204);
#17203 = CARTESIAN_POINT('',(30.,-17.5));
#17204 = VECTOR('',#17205,1.);
#17205 = DIRECTION('',(1.,0.));
#17206 = ( GEOMETRIC_REPRESENTATION_CONTEXT(2) 
PARAMETRIC_REPRESENTATION_CONTEXT() REPRESENTATION_CONTEXT('2D SPACE',''
  ) );
#17207 = PCURVE('',#17208,#17213);
#17208 = PLANE('',#17209);
#17209 = AXIS2_PLACEMENT_3D('',#17210,#17211,#17212);
#17210 = CARTESIAN_POINT('',(30.,-17.5,-3.));
#17211 = DIRECTION('',(0.,1.,0.));
#17212 = DIRECTION('',(0.,0.,1.));
#17213 = DEFINITIONAL_REPRESENTATION('',(#17214),#17218);
#17214 = LINE('',#17215,#17216);
#17215 = CARTESIAN_POINT('',(3.,0.));
#17216 = VECTOR('',#17217,1.);
#17217 = DIRECTION('',(0.,1.));
#17218 = ( GEOMETRIC_REPRESENTATION_CONTEXT(2) 
PARAMETRIC_REPRESENTATION_CONTEXT() REPRESENTATION_CONTEXT('2D SPACE',''
  ) );
#17219 = FACE_BOUND('',#17220,.F.);
#17220 = EDGE_LOOP('',(#17221));
#17221 = ORIENTED_EDGE('',*,*,#17222,.T.);
#17222 = EDGE_CURVE('',#17223,#17223,#17225,.T.);
#17223 = VERTEX_POINT('',#17224);
#17224 = CARTESIAN_POINT('',(57.,0.,0.));
#17225 = SURFACE_CURVE('',#17226,(#17231,#17242),.PCURVE_S1.);
#17226 = CIRCLE('',#17227,2.);
#17227 = AXIS2_PLACEMENT_3D('',#17228,#17229,#17230);
#17228 = CARTESIAN_POINT('',(55.,0.,0.));
#17229 = DIRECTION('',(0.,0.,-1.));
#17230 = DIRECTION('',(1.,0.,0.));
#17231 = PCURVE('',#16836,#17232);
#17232 = DEFINITIONAL_REPRESENTATION('',(#17233),#17241);
#17233 = ( BOUNDED_CURVE() B_SPLINE_CURVE(2,(#17234,#17235,#17236,#17237
    ,#17238,#17239,#17240),.UNSPECIFIED.,.T.,.F.) 
B_SPLINE_CURVE_WITH_KNOTS((1,2,2,2,2,1),(-2.094395102393,0.,
    2.094395102393,4.188790204786,6.28318530718,8.377580409573),
.UNSPECIFIED.) CURVE() GEOMETRIC_REPRESENTATION_ITEM() 
RATIONAL_B_SPLINE_CURVE((1.,0.5,1.,0.5,1.,0.5,1.)) REPRESENTATION_ITEM(
  '') );
#17234 = CARTESIAN_POINT('',(57.,-3.667947348029E-15));
#17235 = CARTESIAN_POINT('',(57.,-3.464101615138));
#17236 = CARTESIAN_POINT('',(54.,-1.732050807569));
#17237 = CARTESIAN_POINT('',(51.,-4.157806067688E-15));
#17238 = CARTESIAN_POINT('',(54.,1.732050807569));
#17239 = CARTESIAN_POINT('',(57.,3.464101615138));
#17240 = CARTESIAN_POINT('',(57.,-3.667947348029E-15));
#17241 = ( GEOMETRIC_REPRESENTATION_CONTEXT(2) 
PARAMETRIC_REPRESENTATION_CONTEXT() REPRESENTATION_CONTEXT('2D SPACE',''
  ) );
#17242 = PCURVE('',#17243,#17248);
#17243 = CYLINDRICAL_SURFACE('',#17244,2.);
#17244 = AXIS2_PLACEMENT_3D('',#17245,#17246,#17247);
#17245 = CARTESIAN_POINT('',(55.,0.,-1.E-02));
#17246 = DIRECTION('',(-0.,-0.,-1.));
#17247 = DIRECTION('',(1.,0.,0.));
#17248 = DEFINITIONAL_REPRESENTATION('',(#17249),#17253);
#17249 = LINE('',#17250,#17251);
#17250 = CARTESIAN_POINT('',(-6.28318530718,-1.E-02));
#17251 = VECTOR('',#17252,1.);
#17252 = DIRECTION('',(1.,-0.));
#17253 = ( GEOMETRIC_REPRESENTATION_CONTEXT(2) 
PARAMETRIC_REPRESENTATION_CONTEXT() REPRESENTATION_CONTEXT('2D SPACE',''
  ) );
#17254 = FACE_BOUND('',#17255,.F.);
#17255 = EDGE_LOOP('',(#17256));
#17256 = ORIENTED_EDGE('',*,*,#17257,.T.);
#17257 = EDGE_CURVE('',#17258,#17258,#17260,.T.);
#17258 = VERTEX_POINT('',#17259);
#17259 = CARTESIAN_POINT('',(29.5,47.631397208144,0.));
#17260 = SURFACE_CURVE('',#17261,(#17266,#17277),.PCURVE_S1.);
#17261 = CIRCLE('',#17262,2.);
#17262 = AXIS2_PLACEMENT_3D('',#17263,#17264,#17265);
#17263 = CARTESIAN_POINT('',(27.5,47.631397208144,0.));
#17264 = DIRECTION('',(0.,0.,-1.));
#17265 = DIRECTION('',(1.,0.,0.));
#17266 = PCURVE('',#16836,#17267);
#17267 = DEFINITIONAL_REPRESENTATION('',(#17268),#17276);
#17268 = ( BOUNDED_CURVE() B_SPLINE_CURVE(2,(#17269,#17270,#17271,#17272
    ,#17273,#17274,#17275),.UNSPECIFIED.,.T.,.F.) 
B_SPLINE_CURVE_WITH_KNOTS((1,2,2,2,2,1),(-2.094395102393,0.,
    2.094395102393,4.188790204786,6.28318530718,8.377580409573),
.UNSPECIFIED.) CURVE() GEOMETRIC_REPRESENTATION_ITEM() 
RATIONAL_B_SPLINE_CURVE((1.,0.5,1.,0.5,1.,0.5,1.)) REPRESENTATION_ITEM(
  '') );
#17269 = CARTESIAN_POINT('',(29.5,47.631397208144));
#17270 = CARTESIAN_POINT('',(29.5,44.167295593006));
#17271 = CARTESIAN_POINT('',(26.5,45.899346400575));
#17272 = CARTESIAN_POINT('',(23.5,47.631397208144));
#17273 = CARTESIAN_POINT('',(26.5,49.363448015713));
#17274 = CARTESIAN_POINT('',(29.5,51.095498823282));
#17275 = CARTESIAN_POINT('',(29.5,47.631397208144));
#17276 = ( GEOMETRIC_REPRESENTATION_CONTEXT(2) 
PARAMETRIC_REPRESENTATION_CONTEXT() REPRESENTATION_CONTEXT('2D SPACE',''
  ) );
#17277 = PCURVE('',#17278,#17283);
#17278 = CYLINDRICAL_SURFACE('',#17279,2.);
#17279 = AXIS2_PLACEMENT_3D('',#17280,#17281,#17282);
#17280 = CARTESIAN_POINT('',(27.5,47.631397208144,-1.E-02));
#17281 = DIRECTION('',(-0.,-0.,-1.));
#17282 = DIRECTION('',(1.,0.,0.));
#17283 = DEFINITIONAL_REPRESENTATION('',(#17284),#17288);
#17284 = LINE('',#17285,#17286);
#17285 = CARTESIAN_POINT('',(-6.28318530718,-1.E-02));
#17286 = VECTOR('',#17287,1.);
#17287 = DIRECTION('',(1.,-0.));
#17288 = ( GEOMETRIC_REPRESENTATION_CONTEXT(2) 
PARAMETRIC_REPRESENTATION_CONTEXT() REPRESENTATION_CONTEXT('2D SPACE',''
  ) );
#17289 = ADVANCED_FACE('',(#17290,#17293,#17328,#17363,#17398,#17433,
    #17468),#16808,.T.);
#17290 = FACE_BOUND('',#17291,.T.);
#17291 = EDGE_LOOP('',(#17292));
#17292 = ORIENTED_EDGE('',*,*,#16793,.T.);
#17293 = FACE_BOUND('',#17294,.T.);
#17294 = EDGE_LOOP('',(#17295));
#17295 = ORIENTED_EDGE('',*,*,#17296,.T.);
#17296 = EDGE_CURVE('',#17297,#17297,#17299,.T.);
#17297 = VERTEX_POINT('',#17298);
#17298 = CARTESIAN_POINT('',(-26.4,-47.63139720814,2.4));
#17299 = SURFACE_CURVE('',#17300,(#17305,#17316),.PCURVE_S1.);
#17300 = CIRCLE('',#17301,1.1);
#17301 = AXIS2_PLACEMENT_3D('',#17302,#17303,#17304);
#17302 = CARTESIAN_POINT('',(-27.5,-47.63139720814,2.4));
#17303 = DIRECTION('',(0.,0.,-1.));
#17304 = DIRECTION('',(1.,0.,0.));
#17305 = PCURVE('',#16808,#17306);
#17306 = DEFINITIONAL_REPRESENTATION('',(#17307),#17315);
#17307 = ( BOUNDED_CURVE() B_SPLINE_CURVE(2,(#17308,#17309,#17310,#17311
    ,#17312,#17313,#17314),.UNSPECIFIED.,.T.,.F.) 
B_SPLINE_CURVE_WITH_KNOTS((1,2,2,2,2,1),(-2.094395102393,0.,
    2.094395102393,4.188790204786,6.28318530718,8.377580409573),
.UNSPECIFIED.) CURVE() GEOMETRIC_REPRESENTATION_ITEM() 
RATIONAL_B_SPLINE_CURVE((1.,0.5,1.,0.5,1.,0.5,1.)) REPRESENTATION_ITEM(
  '') );
#17308 = CARTESIAN_POINT('',(-26.4,-47.63139720814));
#17309 = CARTESIAN_POINT('',(-26.4,-49.53665309647));
#17310 = CARTESIAN_POINT('',(-28.05,-48.5840251523));
#17311 = CARTESIAN_POINT('',(-29.7,-47.63139720814));
#17312 = CARTESIAN_POINT('',(-28.05,-46.67876926398));
#17313 = CARTESIAN_POINT('',(-26.4,-45.72614131981));
#17314 = CARTESIAN_POINT('',(-26.4,-47.63139720814));
#17315 = ( GEOMETRIC_REPRESENTATION_CONTEXT(2) 
PARAMETRIC_REPRESENTATION_CONTEXT() REPRESENTATION_CONTEXT('2D SPACE',''
  ) );
#17316 = PCURVE('',#17317,#17322);
#17317 = CYLINDRICAL_SURFACE('',#17318,1.1);
#17318 = AXIS2_PLACEMENT_3D('',#17319,#17320,#17321);
#17319 = CARTESIAN_POINT('',(-27.5,-47.63139720814,-1.E-02));
#17320 = DIRECTION('',(-0.,-0.,-1.));
#17321 = DIRECTION('',(1.,0.,0.));
#17322 = DEFINITIONAL_REPRESENTATION('',(#17323),#17327);
#17323 = LINE('',#17324,#17325);
#17324 = CARTESIAN_POINT('',(-6.28318530718,-2.41));
#17325 = VECTOR('',#17326,1.);
#17326 = DIRECTION('',(1.,-0.));
#17327 = ( GEOMETRIC_REPRESENTATION_CONTEXT(2) 
PARAMETRIC_REPRESENTATION_CONTEXT() REPRESENTATION_CONTEXT('2D SPACE',''
  ) );
#17328 = FACE_BOUND('',#17329,.T.);
#17329 = EDGE_LOOP('',(#17330));
#17330 = ORIENTED_EDGE('',*,*,#17331,.T.);
#17331 = EDGE_CURVE('',#17332,#17332,#17334,.T.);
#17332 = VERTEX_POINT('',#17333);
#17333 = CARTESIAN_POINT('',(28.6,-47.63139720814,2.4));
#17334 = SURFACE_CURVE('',#17335,(#17340,#17351),.PCURVE_S1.);
#17335 = CIRCLE('',#17336,1.1);
#17336 = AXIS2_PLACEMENT_3D('',#17337,#17338,#17339);
#17337 = CARTESIAN_POINT('',(27.5,-47.63139720814,2.4));
#17338 = DIRECTION('',(0.,0.,-1.));
#17339 = DIRECTION('',(1.,0.,0.));
#17340 = PCURVE('',#16808,#17341);
#17341 = DEFINITIONAL_REPRESENTATION('',(#17342),#17350);
#17342 = ( BOUNDED_CURVE() B_SPLINE_CURVE(2,(#17343,#17344,#17345,#17346
    ,#17347,#17348,#17349),.UNSPECIFIED.,.T.,.F.) 
B_SPLINE_CURVE_WITH_KNOTS((1,2,2,2,2,1),(-2.094395102393,0.,
    2.094395102393,4.188790204786,6.28318530718,8.377580409573),
.UNSPECIFIED.) CURVE() GEOMETRIC_REPRESENTATION_ITEM() 
RATIONAL_B_SPLINE_CURVE((1.,0.5,1.,0.5,1.,0.5,1.)) REPRESENTATION_ITEM(
  '') );
#17343 = CARTESIAN_POINT('',(28.6,-47.63139720814));
#17344 = CARTESIAN_POINT('',(28.6,-49.53665309647));
#17345 = CARTESIAN_POINT('',(26.95,-48.5840251523));
#17346 = CARTESIAN_POINT('',(25.3,-47.63139720814));
#17347 = CARTESIAN_POINT('',(26.95,-46.67876926398));
#17348 = CARTESIAN_POINT('',(28.6,-45.72614131981));
#17349 = CARTESIAN_POINT('',(28.6,-47.63139720814));
#17350 = ( GEOMETRIC_REPRESENTATION_CONTEXT(2) 
PARAMETRIC_REPRESENTATION_CONTEXT() REPRESENTATION_CONTEXT('2D SPACE',''
  ) );
#17351 = PCURVE('',#17352,#17357);
#17352 = CYLINDRICAL_SURFACE('',#17353,1.1);
#17353 = AXIS2_PLACEMENT_3D('',#17354,#17355,#17356);
#17354 = CARTESIAN_POINT('',(27.5,-47.63139720814,-1.E-02));
#17355 = DIRECTION('',(-0.,-0.,-1.));
#17356 = DIRECTION('',(1.,0.,0.));
#17357 = DEFINITIONAL_REPRESENTATION('',(#17358),#17362);
#17358 = LINE('',#17359,#17360);
#17359 = CARTESIAN_POINT('',(-6.28318530718,-2.41));
#17360 = VECTOR('',#17361,1.);
#17361 = DIRECTION('',(1.,-0.));
#17362 = ( GEOMETRIC_REPRESENTATION_CONTEXT(2) 
PARAMETRIC_REPRESENTATION_CONTEXT() REPRESENTATION_CONTEXT('2D SPACE',''
  ) );
#17363 = FACE_BOUND('',#17364,.T.);
#17364 = EDGE_LOOP('',(#17365));
#17365 = ORIENTED_EDGE('',*,*,#17366,.T.);
#17366 = EDGE_CURVE('',#17367,#17367,#17369,.T.);
#17367 = VERTEX_POINT('',#17368);
#17368 = CARTESIAN_POINT('',(56.1,0.,2.4));
#17369 = SURFACE_CURVE('',#17370,(#17375,#17386),.PCURVE_S1.);
#17370 = CIRCLE('',#17371,1.1);
#17371 = AXIS2_PLACEMENT_3D('',#17372,#17373,#17374);
#17372 = CARTESIAN_POINT('',(55.,0.,2.4));
#17373 = DIRECTION('',(0.,0.,-1.));
#17374 = DIRECTION('',(1.,0.,0.));
#17375 = PCURVE('',#16808,#17376);
#17376 = DEFINITIONAL_REPRESENTATION('',(#17377),#17385);
#17377 = ( BOUNDED_CURVE() B_SPLINE_CURVE(2,(#17378,#17379,#17380,#17381
    ,#17382,#17383,#17384),.UNSPECIFIED.,.T.,.F.) 
B_SPLINE_CURVE_WITH_KNOTS((1,2,2,2,2,1),(-2.094395102393,0.,
    2.094395102393,4.188790204786,6.28318530718,8.377580409573),
.UNSPECIFIED.) CURVE() GEOMETRIC_REPRESENTATION_ITEM() 
RATIONAL_B_SPLINE_CURVE((1.,0.5,1.,0.5,1.,0.5,1.)) REPRESENTATION_ITEM(
  '') );
#17378 = CARTESIAN_POINT('',(56.1,-3.667947348029E-15));
#17379 = CARTESIAN_POINT('',(56.1,-1.905255888326));
#17380 = CARTESIAN_POINT('',(54.45,-0.952627944163));
#17381 = CARTESIAN_POINT('',(52.8,-3.937369643842E-15));
#17382 = CARTESIAN_POINT('',(54.45,0.952627944163));
#17383 = CARTESIAN_POINT('',(56.1,1.905255888326));
#17384 = CARTESIAN_POINT('',(56.1,-3.667947348029E-15));
#17385 = ( GEOMETRIC_REPRESENTATION_CONTEXT(2) 
PARAMETRIC_REPRESENTATION_CONTEXT() REPRESENTATION_CONTEXT('2D SPACE',''
  ) );
#17386 = PCURVE('',#17387,#17392);
#17387 = CYLINDRICAL_SURFACE('',#17388,1.1);
#17388 = AXIS2_PLACEMENT_3D('',#17389,#17390,#17391);
#17389 = CARTESIAN_POINT('',(55.,0.,-1.E-02));
#17390 = DIRECTION('',(-0.,-0.,-1.));
#17391 = DIRECTION('',(1.,0.,0.));
#17392 = DEFINITIONAL_REPRESENTATION('',(#17393),#17397);
#17393 = LINE('',#17394,#17395);
#17394 = CARTESIAN_POINT('',(-6.28318530718,-2.41));
#17395 = VECTOR('',#17396,1.);
#17396 = DIRECTION('',(1.,-0.));
#17397 = ( GEOMETRIC_REPRESENTATION_CONTEXT(2) 
PARAMETRIC_REPRESENTATION_CONTEXT() REPRESENTATION_CONTEXT('2D SPACE',''
  ) );
#17398 = FACE_BOUND('',#17399,.T.);
#17399 = EDGE_LOOP('',(#17400));
#17400 = ORIENTED_EDGE('',*,*,#17401,.T.);
#17401 = EDGE_CURVE('',#17402,#17402,#17404,.T.);
#17402 = VERTEX_POINT('',#17403);
#17403 = CARTESIAN_POINT('',(-53.9,6.73555739531E-15,2.4));
#17404 = SURFACE_CURVE('',#17405,(#17410,#17421),.PCURVE_S1.);
#17405 = CIRCLE('',#17406,1.1);
#17406 = AXIS2_PLACEMENT_3D('',#17407,#17408,#17409);
#17407 = CARTESIAN_POINT('',(-55.,6.73555739531E-15,2.4));
#17408 = DIRECTION('',(0.,0.,-1.));
#17409 = DIRECTION('',(1.,0.,0.));
#17410 = PCURVE('',#16808,#17411);
#17411 = DEFINITIONAL_REPRESENTATION('',(#17412),#17420);
#17412 = ( BOUNDED_CURVE() B_SPLINE_CURVE(2,(#17413,#17414,#17415,#17416
    ,#17417,#17418,#17419),.UNSPECIFIED.,.T.,.F.) 
B_SPLINE_CURVE_WITH_KNOTS((1,2,2,2,2,1),(-2.094395102393,0.,
    2.094395102393,4.188790204786,6.28318530718,8.377580409573),
.UNSPECIFIED.) CURVE() GEOMETRIC_REPRESENTATION_ITEM() 
RATIONAL_B_SPLINE_CURVE((1.,0.5,1.,0.5,1.,0.5,1.)) REPRESENTATION_ITEM(
  '') );
#17413 = CARTESIAN_POINT('',(-53.9,3.067610047281E-15));
#17414 = CARTESIAN_POINT('',(-53.9,-1.905255888326));
#17415 = CARTESIAN_POINT('',(-55.55,-0.952627944163));
#17416 = CARTESIAN_POINT('',(-57.2,2.798187751469E-15));
#17417 = CARTESIAN_POINT('',(-55.55,0.952627944163));
#17418 = CARTESIAN_POINT('',(-53.9,1.905255888326));
#17419 = CARTESIAN_POINT('',(-53.9,3.067610047281E-15));
#17420 = ( GEOMETRIC_REPRESENTATION_CONTEXT(2) 
PARAMETRIC_REPRESENTATION_CONTEXT() REPRESENTATION_CONTEXT('2D SPACE',''
  ) );
#17421 = PCURVE('',#17422,#17427);
#17422 = CYLINDRICAL_SURFACE('',#17423,1.1);
#17423 = AXIS2_PLACEMENT_3D('',#17424,#17425,#17426);
#17424 = CARTESIAN_POINT('',(-55.,6.73555739531E-15,-1.E-02));
#17425 = DIRECTION('',(-0.,-0.,-1.));
#17426 = DIRECTION('',(1.,0.,0.));
#17427 = DEFINITIONAL_REPRESENTATION('',(#17428),#17432);
#17428 = LINE('',#17429,#17430);
#17429 = CARTESIAN_POINT('',(-6.28318530718,-2.41));
#17430 = VECTOR('',#17431,1.);
#17431 = DIRECTION('',(1.,-0.));
#17432 = ( GEOMETRIC_REPRESENTATION_CONTEXT(2) 
PARAMETRIC_REPRESENTATION_CONTEXT() REPRESENTATION_CONTEXT('2D SPACE',''
  ) );
#17433 = FACE_BOUND('',#17434,.T.);
#17434 = EDGE_LOOP('',(#17435));
#17435 = ORIENTED_EDGE('',*,*,#17436,.T.);
#17436 = EDGE_CURVE('',#17437,#17437,#17439,.T.);
#17437 = VERTEX_POINT('',#17438);
#17438 = CARTESIAN_POINT('',(-26.4,47.631397208144,2.4));
#17439 = SURFACE_CURVE('',#17440,(#17445,#17456),.PCURVE_S1.);
#17440 = CIRCLE('',#17441,1.1);
#17441 = AXIS2_PLACEMENT_3D('',#17442,#17443,#17444);
#17442 = CARTESIAN_POINT('',(-27.5,47.631397208144,2.4));
#17443 = DIRECTION('',(0.,0.,-1.));
#17444 = DIRECTION('',(1.,0.,0.));
#17445 = PCURVE('',#16808,#17446);
#17446 = DEFINITIONAL_REPRESENTATION('',(#17447),#17455);
#17447 = ( BOUNDED_CURVE() B_SPLINE_CURVE(2,(#17448,#17449,#17450,#17451
    ,#17452,#17453,#17454),.UNSPECIFIED.,.T.,.F.) 
B_SPLINE_CURVE_WITH_KNOTS((1,2,2,2,2,1),(-2.094395102393,0.,
    2.094395102393,4.188790204786,6.28318530718,8.377580409573),
.UNSPECIFIED.) CURVE() GEOMETRIC_REPRESENTATION_ITEM() 
RATIONAL_B_SPLINE_CURVE((1.,0.5,1.,0.5,1.,0.5,1.)) REPRESENTATION_ITEM(
  '') );
#17448 = CARTESIAN_POINT('',(-26.4,47.631397208144));
#17449 = CARTESIAN_POINT('',(-26.4,45.726141319818));
#17450 = CARTESIAN_POINT('',(-28.05,46.678769263981));
#17451 = CARTESIAN_POINT('',(-29.7,47.631397208144));
#17452 = CARTESIAN_POINT('',(-28.05,48.584025152307));
#17453 = CARTESIAN_POINT('',(-26.4,49.53665309647));
#17454 = CARTESIAN_POINT('',(-26.4,47.631397208144));
#17455 = ( GEOMETRIC_REPRESENTATION_CONTEXT(2) 
PARAMETRIC_REPRESENTATION_CONTEXT() REPRESENTATION_CONTEXT('2D SPACE',''
  ) );
#17456 = PCURVE('',#17457,#17462);
#17457 = CYLINDRICAL_SURFACE('',#17458,1.1);
#17458 = AXIS2_PLACEMENT_3D('',#17459,#17460,#17461);
#17459 = CARTESIAN_POINT('',(-27.5,47.631397208144,-1.E-02));
#17460 = DIRECTION('',(-0.,-0.,-1.));
#17461 = DIRECTION('',(1.,0.,0.));
#17462 = DEFINITIONAL_REPRESENTATION('',(#17463),#17467);
#17463 = LINE('',#17464,#17465);
#17464 = CARTESIAN_POINT('',(-6.28318530718,-2.41));
#17465 = VECTOR('',#17466,1.);
#17466 = DIRECTION('',(1.,-0.));
#17467 = ( GEOMETRIC_REPRESENTATION_CONTEXT(2) 
PARAMETRIC_REPRESENTATION_CONTEXT() REPRESENTATION_CONTEXT('2D SPACE',''
  ) );
#17468 = FACE_BOUND('',#17469,.T.);
#17469 = EDGE_LOOP('',(#17470));
#17470 = ORIENTED_EDGE('',*,*,#17471,.T.);
#17471 = EDGE_CURVE('',#17472,#17472,#17474,.T.);
#17472 = VERTEX_POINT('',#17473);
#17473 = CARTESIAN_POINT('',(28.6,47.631397208144,2.4));
#17474 = SURFACE_CURVE('',#17475,(#17480,#17491),.PCURVE_S1.);
#17475 = CIRCLE('',#17476,1.1);
#17476 = AXIS2_PLACEMENT_3D('',#17477,#17478,#17479);
#17477 = CARTESIAN_POINT('',(27.5,47.631397208144,2.4));
#17478 = DIRECTION('',(0.,0.,-1.));
#17479 = DIRECTION('',(1.,0.,0.));
#17480 = PCURVE('',#16808,#17481);
#17481 = DEFINITIONAL_REPRESENTATION('',(#17482),#17490);
#17482 = ( BOUNDED_CURVE() B_SPLINE_CURVE(2,(#17483,#17484,#17485,#17486
    ,#17487,#17488,#17489),.UNSPECIFIED.,.T.,.F.) 
B_SPLINE_CURVE_WITH_KNOTS((1,2,2,2,2,1),(-2.094395102393,0.,
    2.094395102393,4.188790204786,6.28318530718,8.377580409573),
.UNSPECIFIED.) CURVE() GEOMETRIC_REPRESENTATION_ITEM() 
RATIONAL_B_SPLINE_CURVE((1.,0.5,1.,0.5,1.,0.5,1.)) REPRESENTATION_ITEM(
  '') );
#17483 = CARTESIAN_POINT('',(28.6,47.631397208144));
#17484 = CARTESIAN_POINT('',(28.6,45.726141319818));
#17485 = CARTESIAN_POINT('',(26.95,46.678769263981));
#17486 = CARTESIAN_POINT('',(25.3,47.631397208144));
#17487 = CARTESIAN_POINT('',(26.95,48.584025152307));
#17488 = CARTESIAN_POINT('',(28.6,49.53665309647));
#17489 = CARTESIAN_POINT('',(28.6,47.631397208144));
#17490 = ( GEOMETRIC_REPRESENTATION_CONTEXT(2) 
PARAMETRIC_REPRESENTATION_CONTEXT() REPRESENTATION_CONTEXT('2D SPACE',''
  ) );
#17491 = PCURVE('',#17492,#17497);
#17492 = CYLINDRICAL_SURFACE('',#17493,1.1);
#17493 = AXIS2_PLACEMENT_3D('',#17494,#17495,#17496);
#17494 = CARTESIAN_POINT('',(27.5,47.631397208144,-1.E-02));
#17495 = DIRECTION('',(-0.,-0.,-1.));
#17496 = DIRECTION('',(1.,0.,0.));
#17497 = DEFINITIONAL_REPRESENTATION('',(#17498),#17502);
#17498 = LINE('',#17499,#17500);
#17499 = CARTESIAN_POINT('',(-6.28318530718,-2.41));
#17500 = VECTOR('',#17501,1.);
#17501 = DIRECTION('',(1.,-0.));
#17502 = ( GEOMETRIC_REPRESENTATION_CONTEXT(2) 
PARAMETRIC_REPRESENTATION_CONTEXT() REPRESENTATION_CONTEXT('2D SPACE',''
  ) );
#17503 = ADVANCED_FACE('',(#17504),#16875,.F.);
#17504 = FACE_BOUND('',#17505,.T.);
#17505 = EDGE_LOOP('',(#17506,#17507,#17530,#17557));
#17506 = ORIENTED_EDGE('',*,*,#16854,.T.);
#17507 = ORIENTED_EDGE('',*,*,#17508,.T.);
#17508 = EDGE_CURVE('',#16855,#17509,#17511,.T.);
#17509 = VERTEX_POINT('',#17510);
#17510 = CARTESIAN_POINT('',(-25.5,-47.63139720814,0.99));
#17511 = SEAM_CURVE('',#17512,(#17516,#17523),.PCURVE_S1.);
#17512 = LINE('',#17513,#17514);
#17513 = CARTESIAN_POINT('',(-25.5,-47.63139720814,-1.E-02));
#17514 = VECTOR('',#17515,1.);
#17515 = DIRECTION('',(0.,0.,1.));
#17516 = PCURVE('',#16875,#17517);
#17517 = DEFINITIONAL_REPRESENTATION('',(#17518),#17522);
#17518 = LINE('',#17519,#17520);
#17519 = CARTESIAN_POINT('',(-6.28318530718,0.));
#17520 = VECTOR('',#17521,1.);
#17521 = DIRECTION('',(-0.,-1.));
#17522 = ( GEOMETRIC_REPRESENTATION_CONTEXT(2) 
PARAMETRIC_REPRESENTATION_CONTEXT() REPRESENTATION_CONTEXT('2D SPACE',''
  ) );
#17523 = PCURVE('',#16875,#17524);
#17524 = DEFINITIONAL_REPRESENTATION('',(#17525),#17529);
#17525 = LINE('',#17526,#17527);
#17526 = CARTESIAN_POINT('',(-0.,0.));
#17527 = VECTOR('',#17528,1.);
#17528 = DIRECTION('',(-0.,-1.));
#17529 = ( GEOMETRIC_REPRESENTATION_CONTEXT(2) 
PARAMETRIC_REPRESENTATION_CONTEXT() REPRESENTATION_CONTEXT('2D SPACE',''
  ) );
#17530 = ORIENTED_EDGE('',*,*,#17531,.T.);
#17531 = EDGE_CURVE('',#17509,#17509,#17532,.T.);
#17532 = SURFACE_CURVE('',#17533,(#17538,#17545),.PCURVE_S1.);
#17533 = CIRCLE('',#17534,2.);
#17534 = AXIS2_PLACEMENT_3D('',#17535,#17536,#17537);
#17535 = CARTESIAN_POINT('',(-27.5,-47.63139720814,0.99));
#17536 = DIRECTION('',(0.,0.,1.));
#17537 = DIRECTION('',(1.,0.,0.));
#17538 = PCURVE('',#16875,#17539);
#17539 = DEFINITIONAL_REPRESENTATION('',(#17540),#17544);
#17540 = LINE('',#17541,#17542);
#17541 = CARTESIAN_POINT('',(-0.,-1.));
#17542 = VECTOR('',#17543,1.);
#17543 = DIRECTION('',(-1.,0.));
#17544 = ( GEOMETRIC_REPRESENTATION_CONTEXT(2) 
PARAMETRIC_REPRESENTATION_CONTEXT() REPRESENTATION_CONTEXT('2D SPACE',''
  ) );
#17545 = PCURVE('',#17546,#17551);
#17546 = PLANE('',#17547);
#17547 = AXIS2_PLACEMENT_3D('',#17548,#17549,#17550);
#17548 = CARTESIAN_POINT('',(-27.5,-47.63139720814,0.99));
#17549 = DIRECTION('',(0.,0.,1.));
#17550 = DIRECTION('',(1.,0.,-0.));
#17551 = DEFINITIONAL_REPRESENTATION('',(#17552),#17556);
#17552 = CIRCLE('',#17553,2.);
#17553 = AXIS2_PLACEMENT_2D('',#17554,#17555);
#17554 = CARTESIAN_POINT('',(0.,0.));
#17555 = DIRECTION('',(1.,0.));
#17556 = ( GEOMETRIC_REPRESENTATION_CONTEXT(2) 
PARAMETRIC_REPRESENTATION_CONTEXT() REPRESENTATION_CONTEXT('2D SPACE',''
  ) );
#17557 = ORIENTED_EDGE('',*,*,#17508,.F.);
#17558 = ADVANCED_FACE('',(#17559),#16910,.F.);
#17559 = FACE_BOUND('',#17560,.T.);
#17560 = EDGE_LOOP('',(#17561,#17562,#17585,#17612));
#17561 = ORIENTED_EDGE('',*,*,#16889,.T.);
#17562 = ORIENTED_EDGE('',*,*,#17563,.T.);
#17563 = EDGE_CURVE('',#16890,#17564,#17566,.T.);
#17564 = VERTEX_POINT('',#17565);
#17565 = CARTESIAN_POINT('',(29.5,-47.63139720814,0.99));
#17566 = SEAM_CURVE('',#17567,(#17571,#17578),.PCURVE_S1.);
#17567 = LINE('',#17568,#17569);
#17568 = CARTESIAN_POINT('',(29.5,-47.63139720814,-1.E-02));
#17569 = VECTOR('',#17570,1.);
#17570 = DIRECTION('',(0.,0.,1.));
#17571 = PCURVE('',#16910,#17572);
#17572 = DEFINITIONAL_REPRESENTATION('',(#17573),#17577);
#17573 = LINE('',#17574,#17575);
#17574 = CARTESIAN_POINT('',(-6.28318530718,0.));
#17575 = VECTOR('',#17576,1.);
#17576 = DIRECTION('',(-0.,-1.));
#17577 = ( GEOMETRIC_REPRESENTATION_CONTEXT(2) 
PARAMETRIC_REPRESENTATION_CONTEXT() REPRESENTATION_CONTEXT('2D SPACE',''
  ) );
#17578 = PCURVE('',#16910,#17579);
#17579 = DEFINITIONAL_REPRESENTATION('',(#17580),#17584);
#17580 = LINE('',#17581,#17582);
#17581 = CARTESIAN_POINT('',(-0.,0.));
#17582 = VECTOR('',#17583,1.);
#17583 = DIRECTION('',(-0.,-1.));
#17584 = ( GEOMETRIC_REPRESENTATION_CONTEXT(2) 
PARAMETRIC_REPRESENTATION_CONTEXT() REPRESENTATION_CONTEXT('2D SPACE',''
  ) );
#17585 = ORIENTED_EDGE('',*,*,#17586,.T.);
#17586 = EDGE_CURVE('',#17564,#17564,#17587,.T.);
#17587 = SURFACE_CURVE('',#17588,(#17593,#17600),.PCURVE_S1.);
#17588 = CIRCLE('',#17589,2.);
#17589 = AXIS2_PLACEMENT_3D('',#17590,#17591,#17592);
#17590 = CARTESIAN_POINT('',(27.5,-47.63139720814,0.99));
#17591 = DIRECTION('',(0.,0.,1.));
#17592 = DIRECTION('',(1.,0.,0.));
#17593 = PCURVE('',#16910,#17594);
#17594 = DEFINITIONAL_REPRESENTATION('',(#17595),#17599);
#17595 = LINE('',#17596,#17597);
#17596 = CARTESIAN_POINT('',(-0.,-1.));
#17597 = VECTOR('',#17598,1.);
#17598 = DIRECTION('',(-1.,0.));
#17599 = ( GEOMETRIC_REPRESENTATION_CONTEXT(2) 
PARAMETRIC_REPRESENTATION_CONTEXT() REPRESENTATION_CONTEXT('2D SPACE',''
  ) );
#17600 = PCURVE('',#17601,#17606);
#17601 = PLANE('',#17602);
#17602 = AXIS2_PLACEMENT_3D('',#17603,#17604,#17605);
#17603 = CARTESIAN_POINT('',(27.5,-47.63139720814,0.99));
#17604 = DIRECTION('',(0.,0.,1.));
#17605 = DIRECTION('',(1.,0.,-0.));
#17606 = DEFINITIONAL_REPRESENTATION('',(#17607),#17611);
#17607 = CIRCLE('',#17608,2.);
#17608 = AXIS2_PLACEMENT_2D('',#17609,#17610);
#17609 = CARTESIAN_POINT('',(0.,0.));
#17610 = DIRECTION('',(1.,0.));
#17611 = ( GEOMETRIC_REPRESENTATION_CONTEXT(2) 
PARAMETRIC_REPRESENTATION_CONTEXT() REPRESENTATION_CONTEXT('2D SPACE',''
  ) );
#17612 = ORIENTED_EDGE('',*,*,#17563,.F.);
#17613 = ADVANCED_FACE('',(#17614),#16945,.F.);
#17614 = FACE_BOUND('',#17615,.T.);
#17615 = EDGE_LOOP('',(#17616,#17617,#17640,#17667));
#17616 = ORIENTED_EDGE('',*,*,#16924,.T.);
#17617 = ORIENTED_EDGE('',*,*,#17618,.T.);
#17618 = EDGE_CURVE('',#16925,#17619,#17621,.T.);
#17619 = VERTEX_POINT('',#17620);
#17620 = CARTESIAN_POINT('',(-53.,6.73555739531E-15,0.99));
#17621 = SEAM_CURVE('',#17622,(#17626,#17633),.PCURVE_S1.);
#17622 = LINE('',#17623,#17624);
#17623 = CARTESIAN_POINT('',(-53.,6.73555739531E-15,-1.E-02));
#17624 = VECTOR('',#17625,1.);
#17625 = DIRECTION('',(0.,0.,1.));
#17626 = PCURVE('',#16945,#17627);
#17627 = DEFINITIONAL_REPRESENTATION('',(#17628),#17632);
#17628 = LINE('',#17629,#17630);
#17629 = CARTESIAN_POINT('',(-6.28318530718,0.));
#17630 = VECTOR('',#17631,1.);
#17631 = DIRECTION('',(-0.,-1.));
#17632 = ( GEOMETRIC_REPRESENTATION_CONTEXT(2) 
PARAMETRIC_REPRESENTATION_CONTEXT() REPRESENTATION_CONTEXT('2D SPACE',''
  ) );
#17633 = PCURVE('',#16945,#17634);
#17634 = DEFINITIONAL_REPRESENTATION('',(#17635),#17639);
#17635 = LINE('',#17636,#17637);
#17636 = CARTESIAN_POINT('',(-0.,0.));
#17637 = VECTOR('',#17638,1.);
#17638 = DIRECTION('',(-0.,-1.));
#17639 = ( GEOMETRIC_REPRESENTATION_CONTEXT(2) 
PARAMETRIC_REPRESENTATION_CONTEXT() REPRESENTATION_CONTEXT('2D SPACE',''
  ) );
#17640 = ORIENTED_EDGE('',*,*,#17641,.T.);
#17641 = EDGE_CURVE('',#17619,#17619,#17642,.T.);
#17642 = SURFACE_CURVE('',#17643,(#17648,#17655),.PCURVE_S1.);
#17643 = CIRCLE('',#17644,2.);
#17644 = AXIS2_PLACEMENT_3D('',#17645,#17646,#17647);
#17645 = CARTESIAN_POINT('',(-55.,6.73555739531E-15,0.99));
#17646 = DIRECTION('',(0.,0.,1.));
#17647 = DIRECTION('',(1.,0.,0.));
#17648 = PCURVE('',#16945,#17649);
#17649 = DEFINITIONAL_REPRESENTATION('',(#17650),#17654);
#17650 = LINE('',#17651,#17652);
#17651 = CARTESIAN_POINT('',(-0.,-1.));
#17652 = VECTOR('',#17653,1.);
#17653 = DIRECTION('',(-1.,0.));
#17654 = ( GEOMETRIC_REPRESENTATION_CONTEXT(2) 
PARAMETRIC_REPRESENTATION_CONTEXT() REPRESENTATION_CONTEXT('2D SPACE',''
  ) );
#17655 = PCURVE('',#17656,#17661);
#17656 = PLANE('',#17657);
#17657 = AXIS2_PLACEMENT_3D('',#17658,#17659,#17660);
#17658 = CARTESIAN_POINT('',(-55.,6.910309300218E-15,0.99));
#17659 = DIRECTION('',(0.,0.,1.));
#17660 = DIRECTION('',(1.,0.,-0.));
#17661 = DEFINITIONAL_REPRESENTATION('',(#17662),#17666);
#17662 = CIRCLE('',#17663,2.);
#17663 = AXIS2_PLACEMENT_2D('',#17664,#17665);
#17664 = CARTESIAN_POINT('',(0.,-1.74751904908E-16));
#17665 = DIRECTION('',(1.,0.));
#17666 = ( GEOMETRIC_REPRESENTATION_CONTEXT(2) 
PARAMETRIC_REPRESENTATION_CONTEXT() REPRESENTATION_CONTEXT('2D SPACE',''
  ) );
#17667 = ORIENTED_EDGE('',*,*,#17618,.F.);
#17668 = ADVANCED_FACE('',(#17669),#16977,.F.);
#17669 = FACE_BOUND('',#17670,.F.);
#17670 = EDGE_LOOP('',(#17671,#17694,#17722,#17743));
#17671 = ORIENTED_EDGE('',*,*,#17672,.F.);
#17672 = EDGE_CURVE('',#17673,#16960,#17675,.T.);
#17673 = VERTEX_POINT('',#17674);
#17674 = CARTESIAN_POINT('',(-34.,-17.5,-3.));
#17675 = SURFACE_CURVE('',#17676,(#17680,#17687),.PCURVE_S1.);
#17676 = LINE('',#17677,#17678);
#17677 = CARTESIAN_POINT('',(-34.,-17.5,-3.));
#17678 = VECTOR('',#17679,1.);
#17679 = DIRECTION('',(0.,0.,1.));
#17680 = PCURVE('',#16977,#17681);
#17681 = DEFINITIONAL_REPRESENTATION('',(#17682),#17686);
#17682 = LINE('',#17683,#17684);
#17683 = CARTESIAN_POINT('',(0.,0.));
#17684 = VECTOR('',#17685,1.);
#17685 = DIRECTION('',(1.,0.));
#17686 = ( GEOMETRIC_REPRESENTATION_CONTEXT(2) 
PARAMETRIC_REPRESENTATION_CONTEXT() REPRESENTATION_CONTEXT('2D SPACE',''
  ) );
#17687 = PCURVE('',#17059,#17688);
#17688 = DEFINITIONAL_REPRESENTATION('',(#17689),#17693);
#17689 = LINE('',#17690,#17691);
#17690 = CARTESIAN_POINT('',(0.,0.));
#17691 = VECTOR('',#17692,1.);
#17692 = DIRECTION('',(1.,0.));
#17693 = ( GEOMETRIC_REPRESENTATION_CONTEXT(2) 
PARAMETRIC_REPRESENTATION_CONTEXT() REPRESENTATION_CONTEXT('2D SPACE',''
  ) );
#17694 = ORIENTED_EDGE('',*,*,#17695,.T.);
#17695 = EDGE_CURVE('',#17673,#17696,#17698,.T.);
#17696 = VERTEX_POINT('',#17697);
#17697 = CARTESIAN_POINT('',(-34.,17.5,-3.));
#17698 = SURFACE_CURVE('',#17699,(#17703,#17710),.PCURVE_S1.);
#17699 = LINE('',#17700,#17701);
#17700 = CARTESIAN_POINT('',(-34.,-17.5,-3.));
#17701 = VECTOR('',#17702,1.);
#17702 = DIRECTION('',(0.,1.,0.));
#17703 = PCURVE('',#16977,#17704);
#17704 = DEFINITIONAL_REPRESENTATION('',(#17705),#17709);
#17705 = LINE('',#17706,#17707);
#17706 = CARTESIAN_POINT('',(0.,0.));
#17707 = VECTOR('',#17708,1.);
#17708 = DIRECTION('',(0.,-1.));
#17709 = ( GEOMETRIC_REPRESENTATION_CONTEXT(2) 
PARAMETRIC_REPRESENTATION_CONTEXT() REPRESENTATION_CONTEXT('2D SPACE',''
  ) );
#17710 = PCURVE('',#17711,#17716);
#17711 = PLANE('',#17712);
#17712 = AXIS2_PLACEMENT_3D('',#17713,#17714,#17715);
#17713 = CARTESIAN_POINT('',(-34.,-17.5,-3.));
#17714 = DIRECTION('',(0.,0.,1.));
#17715 = DIRECTION('',(1.,0.,0.));
#17716 = DEFINITIONAL_REPRESENTATION('',(#17717),#17721);
#17717 = LINE('',#17718,#17719);
#17718 = CARTESIAN_POINT('',(0.,0.));
#17719 = VECTOR('',#17720,1.);
#17720 = DIRECTION('',(0.,1.));
#17721 = ( GEOMETRIC_REPRESENTATION_CONTEXT(2) 
PARAMETRIC_REPRESENTATION_CONTEXT() REPRESENTATION_CONTEXT('2D SPACE',''
  ) );
#17722 = ORIENTED_EDGE('',*,*,#17723,.T.);
#17723 = EDGE_CURVE('',#17696,#16962,#17724,.T.);
#17724 = SURFACE_CURVE('',#17725,(#17729,#17736),.PCURVE_S1.);
#17725 = LINE('',#17726,#17727);
#17726 = CARTESIAN_POINT('',(-34.,17.5,-3.));
#17727 = VECTOR('',#17728,1.);
#17728 = DIRECTION('',(0.,0.,1.));
#17729 = PCURVE('',#16977,#17730);
#17730 = DEFINITIONAL_REPRESENTATION('',(#17731),#17735);
#17731 = LINE('',#17732,#17733);
#17732 = CARTESIAN_POINT('',(0.,-35.));
#17733 = VECTOR('',#17734,1.);
#17734 = DIRECTION('',(1.,0.));
#17735 = ( GEOMETRIC_REPRESENTATION_CONTEXT(2) 
PARAMETRIC_REPRESENTATION_CONTEXT() REPRESENTATION_CONTEXT('2D SPACE',''
  ) );
#17736 = PCURVE('',#17005,#17737);
#17737 = DEFINITIONAL_REPRESENTATION('',(#17738),#17742);
#17738 = LINE('',#17739,#17740);
#17739 = CARTESIAN_POINT('',(0.,0.));
#17740 = VECTOR('',#17741,1.);
#17741 = DIRECTION('',(1.,0.));
#17742 = ( GEOMETRIC_REPRESENTATION_CONTEXT(2) 
PARAMETRIC_REPRESENTATION_CONTEXT() REPRESENTATION_CONTEXT('2D SPACE',''
  ) );
#17743 = ORIENTED_EDGE('',*,*,#16959,.F.);
#17744 = ADVANCED_FACE('',(#17745),#17005,.T.);
#17745 = FACE_BOUND('',#17746,.T.);
#17746 = EDGE_LOOP('',(#17747,#17770,#17771,#17772));
#17747 = ORIENTED_EDGE('',*,*,#17748,.F.);
#17748 = EDGE_CURVE('',#17696,#17749,#17751,.T.);
#17749 = VERTEX_POINT('',#17750);
#17750 = CARTESIAN_POINT('',(-30.,17.5,-3.));
#17751 = SURFACE_CURVE('',#17752,(#17756,#17763),.PCURVE_S1.);
#17752 = LINE('',#17753,#17754);
#17753 = CARTESIAN_POINT('',(-34.,17.5,-3.));
#17754 = VECTOR('',#17755,1.);
#17755 = DIRECTION('',(1.,0.,0.));
#17756 = PCURVE('',#17005,#17757);
#17757 = DEFINITIONAL_REPRESENTATION('',(#17758),#17762);
#17758 = LINE('',#17759,#17760);
#17759 = CARTESIAN_POINT('',(0.,0.));
#17760 = VECTOR('',#17761,1.);
#17761 = DIRECTION('',(0.,1.));
#17762 = ( GEOMETRIC_REPRESENTATION_CONTEXT(2) 
PARAMETRIC_REPRESENTATION_CONTEXT() REPRESENTATION_CONTEXT('2D SPACE',''
  ) );
#17763 = PCURVE('',#17711,#17764);
#17764 = DEFINITIONAL_REPRESENTATION('',(#17765),#17769);
#17765 = LINE('',#17766,#17767);
#17766 = CARTESIAN_POINT('',(0.,35.));
#17767 = VECTOR('',#17768,1.);
#17768 = DIRECTION('',(1.,0.));
#17769 = ( GEOMETRIC_REPRESENTATION_CONTEXT(2) 
PARAMETRIC_REPRESENTATION_CONTEXT() REPRESENTATION_CONTEXT('2D SPACE',''
  ) );
#17770 = ORIENTED_EDGE('',*,*,#17723,.T.);
#17771 = ORIENTED_EDGE('',*,*,#16989,.T.);
#17772 = ORIENTED_EDGE('',*,*,#17773,.F.);
#17773 = EDGE_CURVE('',#17749,#16990,#17774,.T.);
#17774 = SURFACE_CURVE('',#17775,(#17779,#17786),.PCURVE_S1.);
#17775 = LINE('',#17776,#17777);
#17776 = CARTESIAN_POINT('',(-30.,17.5,-3.));
#17777 = VECTOR('',#17778,1.);
#17778 = DIRECTION('',(0.,0.,1.));
#17779 = PCURVE('',#17005,#17780);
#17780 = DEFINITIONAL_REPRESENTATION('',(#17781),#17785);
#17781 = LINE('',#17782,#17783);
#17782 = CARTESIAN_POINT('',(0.,4.));
#17783 = VECTOR('',#17784,1.);
#17784 = DIRECTION('',(1.,0.));
#17785 = ( GEOMETRIC_REPRESENTATION_CONTEXT(2) 
PARAMETRIC_REPRESENTATION_CONTEXT() REPRESENTATION_CONTEXT('2D SPACE',''
  ) );
#17786 = PCURVE('',#17033,#17787);
#17787 = DEFINITIONAL_REPRESENTATION('',(#17788),#17792);
#17788 = LINE('',#17789,#17790);
#17789 = CARTESIAN_POINT('',(0.,-35.));
#17790 = VECTOR('',#17791,1.);
#17791 = DIRECTION('',(1.,0.));
#17792 = ( GEOMETRIC_REPRESENTATION_CONTEXT(2) 
PARAMETRIC_REPRESENTATION_CONTEXT() REPRESENTATION_CONTEXT('2D SPACE',''
  ) );
#17793 = ADVANCED_FACE('',(#17794),#17059,.F.);
#17794 = FACE_BOUND('',#17795,.F.);
#17795 = EDGE_LOOP('',(#17796,#17819,#17820,#17821));
#17796 = ORIENTED_EDGE('',*,*,#17797,.F.);
#17797 = EDGE_CURVE('',#17673,#17798,#17800,.T.);
#17798 = VERTEX_POINT('',#17799);
#17799 = CARTESIAN_POINT('',(-30.,-17.5,-3.));
#17800 = SURFACE_CURVE('',#17801,(#17805,#17812),.PCURVE_S1.);
#17801 = LINE('',#17802,#17803);
#17802 = CARTESIAN_POINT('',(-34.,-17.5,-3.));
#17803 = VECTOR('',#17804,1.);
#17804 = DIRECTION('',(1.,0.,0.));
#17805 = PCURVE('',#17059,#17806);
#17806 = DEFINITIONAL_REPRESENTATION('',(#17807),#17811);
#17807 = LINE('',#17808,#17809);
#17808 = CARTESIAN_POINT('',(0.,0.));
#17809 = VECTOR('',#17810,1.);
#17810 = DIRECTION('',(0.,1.));
#17811 = ( GEOMETRIC_REPRESENTATION_CONTEXT(2) 
PARAMETRIC_REPRESENTATION_CONTEXT() REPRESENTATION_CONTEXT('2D SPACE',''
  ) );
#17812 = PCURVE('',#17711,#17813);
#17813 = DEFINITIONAL_REPRESENTATION('',(#17814),#17818);
#17814 = LINE('',#17815,#17816);
#17815 = CARTESIAN_POINT('',(0.,0.));
#17816 = VECTOR('',#17817,1.);
#17817 = DIRECTION('',(1.,0.));
#17818 = ( GEOMETRIC_REPRESENTATION_CONTEXT(2) 
PARAMETRIC_REPRESENTATION_CONTEXT() REPRESENTATION_CONTEXT('2D SPACE',''
  ) );
#17819 = ORIENTED_EDGE('',*,*,#17672,.T.);
#17820 = ORIENTED_EDGE('',*,*,#17045,.T.);
#17821 = ORIENTED_EDGE('',*,*,#17822,.F.);
#17822 = EDGE_CURVE('',#17798,#17018,#17823,.T.);
#17823 = SURFACE_CURVE('',#17824,(#17828,#17835),.PCURVE_S1.);
#17824 = LINE('',#17825,#17826);
#17825 = CARTESIAN_POINT('',(-30.,-17.5,-3.));
#17826 = VECTOR('',#17827,1.);
#17827 = DIRECTION('',(0.,0.,1.));
#17828 = PCURVE('',#17059,#17829);
#17829 = DEFINITIONAL_REPRESENTATION('',(#17830),#17834);
#17830 = LINE('',#17831,#17832);
#17831 = CARTESIAN_POINT('',(0.,4.));
#17832 = VECTOR('',#17833,1.);
#17833 = DIRECTION('',(1.,0.));
#17834 = ( GEOMETRIC_REPRESENTATION_CONTEXT(2) 
PARAMETRIC_REPRESENTATION_CONTEXT() REPRESENTATION_CONTEXT('2D SPACE',''
  ) );
#17835 = PCURVE('',#17033,#17836);
#17836 = DEFINITIONAL_REPRESENTATION('',(#17837),#17841);
#17837 = LINE('',#17838,#17839);
#17838 = CARTESIAN_POINT('',(0.,0.));
#17839 = VECTOR('',#17840,1.);
#17840 = DIRECTION('',(1.,0.));
#17841 = ( GEOMETRIC_REPRESENTATION_CONTEXT(2) 
PARAMETRIC_REPRESENTATION_CONTEXT() REPRESENTATION_CONTEXT('2D SPACE',''
  ) );
#17842 = ADVANCED_FACE('',(#17843),#17033,.T.);
#17843 = FACE_BOUND('',#17844,.T.);
#17844 = EDGE_LOOP('',(#17845,#17846,#17867,#17868));
#17845 = ORIENTED_EDGE('',*,*,#17822,.F.);
#17846 = ORIENTED_EDGE('',*,*,#17847,.T.);
#17847 = EDGE_CURVE('',#17798,#17749,#17848,.T.);
#17848 = SURFACE_CURVE('',#17849,(#17853,#17860),.PCURVE_S1.);
#17849 = LINE('',#17850,#17851);
#17850 = CARTESIAN_POINT('',(-30.,-17.5,-3.));
#17851 = VECTOR('',#17852,1.);
#17852 = DIRECTION('',(0.,1.,0.));
#17853 = PCURVE('',#17033,#17854);
#17854 = DEFINITIONAL_REPRESENTATION('',(#17855),#17859);
#17855 = LINE('',#17856,#17857);
#17856 = CARTESIAN_POINT('',(0.,0.));
#17857 = VECTOR('',#17858,1.);
#17858 = DIRECTION('',(0.,-1.));
#17859 = ( GEOMETRIC_REPRESENTATION_CONTEXT(2) 
PARAMETRIC_REPRESENTATION_CONTEXT() REPRESENTATION_CONTEXT('2D SPACE',''
  ) );
#17860 = PCURVE('',#17711,#17861);
#17861 = DEFINITIONAL_REPRESENTATION('',(#17862),#17866);
#17862 = LINE('',#17863,#17864);
#17863 = CARTESIAN_POINT('',(4.,0.));
#17864 = VECTOR('',#17865,1.);
#17865 = DIRECTION('',(0.,1.));
#17866 = ( GEOMETRIC_REPRESENTATION_CONTEXT(2) 
PARAMETRIC_REPRESENTATION_CONTEXT() REPRESENTATION_CONTEXT('2D SPACE',''
  ) );
#17867 = ORIENTED_EDGE('',*,*,#17773,.T.);
#17868 = ORIENTED_EDGE('',*,*,#17017,.F.);
#17869 = ADVANCED_FACE('',(#17870),#17094,.F.);
#17870 = FACE_BOUND('',#17871,.T.);
#17871 = EDGE_LOOP('',(#17872,#17873,#17896,#17923));
#17872 = ORIENTED_EDGE('',*,*,#17073,.T.);
#17873 = ORIENTED_EDGE('',*,*,#17874,.T.);
#17874 = EDGE_CURVE('',#17074,#17875,#17877,.T.);
#17875 = VERTEX_POINT('',#17876);
#17876 = CARTESIAN_POINT('',(-25.5,47.631397208144,0.99));
#17877 = SEAM_CURVE('',#17878,(#17882,#17889),.PCURVE_S1.);
#17878 = LINE('',#17879,#17880);
#17879 = CARTESIAN_POINT('',(-25.5,47.631397208144,-1.E-02));
#17880 = VECTOR('',#17881,1.);
#17881 = DIRECTION('',(0.,0.,1.));
#17882 = PCURVE('',#17094,#17883);
#17883 = DEFINITIONAL_REPRESENTATION('',(#17884),#17888);
#17884 = LINE('',#17885,#17886);
#17885 = CARTESIAN_POINT('',(-6.28318530718,0.));
#17886 = VECTOR('',#17887,1.);
#17887 = DIRECTION('',(-0.,-1.));
#17888 = ( GEOMETRIC_REPRESENTATION_CONTEXT(2) 
PARAMETRIC_REPRESENTATION_CONTEXT() REPRESENTATION_CONTEXT('2D SPACE',''
  ) );
#17889 = PCURVE('',#17094,#17890);
#17890 = DEFINITIONAL_REPRESENTATION('',(#17891),#17895);
#17891 = LINE('',#17892,#17893);
#17892 = CARTESIAN_POINT('',(-0.,0.));
#17893 = VECTOR('',#17894,1.);
#17894 = DIRECTION('',(-0.,-1.));
#17895 = ( GEOMETRIC_REPRESENTATION_CONTEXT(2) 
PARAMETRIC_REPRESENTATION_CONTEXT() REPRESENTATION_CONTEXT('2D SPACE',''
  ) );
#17896 = ORIENTED_EDGE('',*,*,#17897,.T.);
#17897 = EDGE_CURVE('',#17875,#17875,#17898,.T.);
#17898 = SURFACE_CURVE('',#17899,(#17904,#17911),.PCURVE_S1.);
#17899 = CIRCLE('',#17900,2.);
#17900 = AXIS2_PLACEMENT_3D('',#17901,#17902,#17903);
#17901 = CARTESIAN_POINT('',(-27.5,47.631397208144,0.99));
#17902 = DIRECTION('',(0.,0.,1.));
#17903 = DIRECTION('',(1.,0.,0.));
#17904 = PCURVE('',#17094,#17905);
#17905 = DEFINITIONAL_REPRESENTATION('',(#17906),#17910);
#17906 = LINE('',#17907,#17908);
#17907 = CARTESIAN_POINT('',(-0.,-1.));
#17908 = VECTOR('',#17909,1.);
#17909 = DIRECTION('',(-1.,0.));
#17910 = ( GEOMETRIC_REPRESENTATION_CONTEXT(2) 
PARAMETRIC_REPRESENTATION_CONTEXT() REPRESENTATION_CONTEXT('2D SPACE',''
  ) );
#17911 = PCURVE('',#17912,#17917);
#17912 = PLANE('',#17913);
#17913 = AXIS2_PLACEMENT_3D('',#17914,#17915,#17916);
#17914 = CARTESIAN_POINT('',(-27.5,47.631397208144,0.99));
#17915 = DIRECTION('',(0.,0.,1.));
#17916 = DIRECTION('',(1.,0.,-0.));
#17917 = DEFINITIONAL_REPRESENTATION('',(#17918),#17922);
#17918 = CIRCLE('',#17919,2.);
#17919 = AXIS2_PLACEMENT_2D('',#17920,#17921);
#17920 = CARTESIAN_POINT('',(0.,0.));
#17921 = DIRECTION('',(1.,0.));
#17922 = ( GEOMETRIC_REPRESENTATION_CONTEXT(2) 
PARAMETRIC_REPRESENTATION_CONTEXT() REPRESENTATION_CONTEXT('2D SPACE',''
  ) );
#17923 = ORIENTED_EDGE('',*,*,#17874,.F.);
#17924 = ADVANCED_FACE('',(#17925),#17126,.F.);
#17925 = FACE_BOUND('',#17926,.F.);
#17926 = EDGE_LOOP('',(#17927,#17950,#17978,#17999));
#17927 = ORIENTED_EDGE('',*,*,#17928,.F.);
#17928 = EDGE_CURVE('',#17929,#17109,#17931,.T.);
#17929 = VERTEX_POINT('',#17930);
#17930 = CARTESIAN_POINT('',(30.,-17.5,-3.));
#17931 = SURFACE_CURVE('',#17932,(#17936,#17943),.PCURVE_S1.);
#17932 = LINE('',#17933,#17934);
#17933 = CARTESIAN_POINT('',(30.,-17.5,-3.));
#17934 = VECTOR('',#17935,1.);
#17935 = DIRECTION('',(0.,0.,1.));
#17936 = PCURVE('',#17126,#17937);
#17937 = DEFINITIONAL_REPRESENTATION('',(#17938),#17942);
#17938 = LINE('',#17939,#17940);
#17939 = CARTESIAN_POINT('',(0.,0.));
#17940 = VECTOR('',#17941,1.);
#17941 = DIRECTION('',(1.,0.));
#17942 = ( GEOMETRIC_REPRESENTATION_CONTEXT(2) 
PARAMETRIC_REPRESENTATION_CONTEXT() REPRESENTATION_CONTEXT('2D SPACE',''
  ) );
#17943 = PCURVE('',#17208,#17944);
#17944 = DEFINITIONAL_REPRESENTATION('',(#17945),#17949);
#17945 = LINE('',#17946,#17947);
#17946 = CARTESIAN_POINT('',(0.,0.));
#17947 = VECTOR('',#17948,1.);
#17948 = DIRECTION('',(1.,0.));
#17949 = ( GEOMETRIC_REPRESENTATION_CONTEXT(2) 
PARAMETRIC_REPRESENTATION_CONTEXT() REPRESENTATION_CONTEXT('2D SPACE',''
  ) );
#17950 = ORIENTED_EDGE('',*,*,#17951,.T.);
#17951 = EDGE_CURVE('',#17929,#17952,#17954,.T.);
#17952 = VERTEX_POINT('',#17953);
#17953 = CARTESIAN_POINT('',(30.,17.5,-3.));
#17954 = SURFACE_CURVE('',#17955,(#17959,#17966),.PCURVE_S1.);
#17955 = LINE('',#17956,#17957);
#17956 = CARTESIAN_POINT('',(30.,-17.5,-3.));
#17957 = VECTOR('',#17958,1.);
#17958 = DIRECTION('',(0.,1.,0.));
#17959 = PCURVE('',#17126,#17960);
#17960 = DEFINITIONAL_REPRESENTATION('',(#17961),#17965);
#17961 = LINE('',#17962,#17963);
#17962 = CARTESIAN_POINT('',(0.,0.));
#17963 = VECTOR('',#17964,1.);
#17964 = DIRECTION('',(0.,-1.));
#17965 = ( GEOMETRIC_REPRESENTATION_CONTEXT(2) 
PARAMETRIC_REPRESENTATION_CONTEXT() REPRESENTATION_CONTEXT('2D SPACE',''
  ) );
#17966 = PCURVE('',#17967,#17972);
#17967 = PLANE('',#17968);
#17968 = AXIS2_PLACEMENT_3D('',#17969,#17970,#17971);
#17969 = CARTESIAN_POINT('',(30.,-17.5,-3.));
#17970 = DIRECTION('',(0.,0.,1.));
#17971 = DIRECTION('',(1.,0.,0.));
#17972 = DEFINITIONAL_REPRESENTATION('',(#17973),#17977);
#17973 = LINE('',#17974,#17975);
#17974 = CARTESIAN_POINT('',(0.,0.));
#17975 = VECTOR('',#17976,1.);
#17976 = DIRECTION('',(0.,1.));
#17977 = ( GEOMETRIC_REPRESENTATION_CONTEXT(2) 
PARAMETRIC_REPRESENTATION_CONTEXT() REPRESENTATION_CONTEXT('2D SPACE',''
  ) );
#17978 = ORIENTED_EDGE('',*,*,#17979,.T.);
#17979 = EDGE_CURVE('',#17952,#17111,#17980,.T.);
#17980 = SURFACE_CURVE('',#17981,(#17985,#17992),.PCURVE_S1.);
#17981 = LINE('',#17982,#17983);
#17982 = CARTESIAN_POINT('',(30.,17.5,-3.));
#17983 = VECTOR('',#17984,1.);
#17984 = DIRECTION('',(0.,0.,1.));
#17985 = PCURVE('',#17126,#17986);
#17986 = DEFINITIONAL_REPRESENTATION('',(#17987),#17991);
#17987 = LINE('',#17988,#17989);
#17988 = CARTESIAN_POINT('',(0.,-35.));
#17989 = VECTOR('',#17990,1.);
#17990 = DIRECTION('',(1.,0.));
#17991 = ( GEOMETRIC_REPRESENTATION_CONTEXT(2) 
PARAMETRIC_REPRESENTATION_CONTEXT() REPRESENTATION_CONTEXT('2D SPACE',''
  ) );
#17992 = PCURVE('',#17154,#17993);
#17993 = DEFINITIONAL_REPRESENTATION('',(#17994),#17998);
#17994 = LINE('',#17995,#17996);
#17995 = CARTESIAN_POINT('',(0.,0.));
#17996 = VECTOR('',#17997,1.);
#17997 = DIRECTION('',(1.,0.));
#17998 = ( GEOMETRIC_REPRESENTATION_CONTEXT(2) 
PARAMETRIC_REPRESENTATION_CONTEXT() REPRESENTATION_CONTEXT('2D SPACE',''
  ) );
#17999 = ORIENTED_EDGE('',*,*,#17108,.F.);
#18000 = ADVANCED_FACE('',(#18001),#17208,.F.);
#18001 = FACE_BOUND('',#18002,.F.);
#18002 = EDGE_LOOP('',(#18003,#18026,#18027,#18028));
#18003 = ORIENTED_EDGE('',*,*,#18004,.F.);
#18004 = EDGE_CURVE('',#17929,#18005,#18007,.T.);
#18005 = VERTEX_POINT('',#18006);
#18006 = CARTESIAN_POINT('',(34.,-17.5,-3.));
#18007 = SURFACE_CURVE('',#18008,(#18012,#18019),.PCURVE_S1.);
#18008 = LINE('',#18009,#18010);
#18009 = CARTESIAN_POINT('',(30.,-17.5,-3.));
#18010 = VECTOR('',#18011,1.);
#18011 = DIRECTION('',(1.,0.,0.));
#18012 = PCURVE('',#17208,#18013);
#18013 = DEFINITIONAL_REPRESENTATION('',(#18014),#18018);
#18014 = LINE('',#18015,#18016);
#18015 = CARTESIAN_POINT('',(0.,0.));
#18016 = VECTOR('',#18017,1.);
#18017 = DIRECTION('',(0.,1.));
#18018 = ( GEOMETRIC_REPRESENTATION_CONTEXT(2) 
PARAMETRIC_REPRESENTATION_CONTEXT() REPRESENTATION_CONTEXT('2D SPACE',''
  ) );
#18019 = PCURVE('',#17967,#18020);
#18020 = DEFINITIONAL_REPRESENTATION('',(#18021),#18025);
#18021 = LINE('',#18022,#18023);
#18022 = CARTESIAN_POINT('',(0.,0.));
#18023 = VECTOR('',#18024,1.);
#18024 = DIRECTION('',(1.,0.));
#18025 = ( GEOMETRIC_REPRESENTATION_CONTEXT(2) 
PARAMETRIC_REPRESENTATION_CONTEXT() REPRESENTATION_CONTEXT('2D SPACE',''
  ) );
#18026 = ORIENTED_EDGE('',*,*,#17928,.T.);
#18027 = ORIENTED_EDGE('',*,*,#17194,.T.);
#18028 = ORIENTED_EDGE('',*,*,#18029,.F.);
#18029 = EDGE_CURVE('',#18005,#17167,#18030,.T.);
#18030 = SURFACE_CURVE('',#18031,(#18035,#18042),.PCURVE_S1.);
#18031 = LINE('',#18032,#18033);
#18032 = CARTESIAN_POINT('',(34.,-17.5,-3.));
#18033 = VECTOR('',#18034,1.);
#18034 = DIRECTION('',(0.,0.,1.));
#18035 = PCURVE('',#17208,#18036);
#18036 = DEFINITIONAL_REPRESENTATION('',(#18037),#18041);
#18037 = LINE('',#18038,#18039);
#18038 = CARTESIAN_POINT('',(0.,4.));
#18039 = VECTOR('',#18040,1.);
#18040 = DIRECTION('',(1.,0.));
#18041 = ( GEOMETRIC_REPRESENTATION_CONTEXT(2) 
PARAMETRIC_REPRESENTATION_CONTEXT() REPRESENTATION_CONTEXT('2D SPACE',''
  ) );
#18042 = PCURVE('',#17182,#18043);
#18043 = DEFINITIONAL_REPRESENTATION('',(#18044),#18048);
#18044 = LINE('',#18045,#18046);
#18045 = CARTESIAN_POINT('',(0.,0.));
#18046 = VECTOR('',#18047,1.);
#18047 = DIRECTION('',(1.,0.));
#18048 = ( GEOMETRIC_REPRESENTATION_CONTEXT(2) 
PARAMETRIC_REPRESENTATION_CONTEXT() REPRESENTATION_CONTEXT('2D SPACE',''
  ) );
#18049 = ADVANCED_FACE('',(#18050),#17182,.T.);
#18050 = FACE_BOUND('',#18051,.T.);
#18051 = EDGE_LOOP('',(#18052,#18053,#18076,#18097));
#18052 = ORIENTED_EDGE('',*,*,#18029,.F.);
#18053 = ORIENTED_EDGE('',*,*,#18054,.T.);
#18054 = EDGE_CURVE('',#18005,#18055,#18057,.T.);
#18055 = VERTEX_POINT('',#18056);
#18056 = CARTESIAN_POINT('',(34.,17.5,-3.));
#18057 = SURFACE_CURVE('',#18058,(#18062,#18069),.PCURVE_S1.);
#18058 = LINE('',#18059,#18060);
#18059 = CARTESIAN_POINT('',(34.,-17.5,-3.));
#18060 = VECTOR('',#18061,1.);
#18061 = DIRECTION('',(0.,1.,0.));
#18062 = PCURVE('',#17182,#18063);
#18063 = DEFINITIONAL_REPRESENTATION('',(#18064),#18068);
#18064 = LINE('',#18065,#18066);
#18065 = CARTESIAN_POINT('',(0.,0.));
#18066 = VECTOR('',#18067,1.);
#18067 = DIRECTION('',(0.,-1.));
#18068 = ( GEOMETRIC_REPRESENTATION_CONTEXT(2) 
PARAMETRIC_REPRESENTATION_CONTEXT() REPRESENTATION_CONTEXT('2D SPACE',''
  ) );
#18069 = PCURVE('',#17967,#18070);
#18070 = DEFINITIONAL_REPRESENTATION('',(#18071),#18075);
#18071 = LINE('',#18072,#18073);
#18072 = CARTESIAN_POINT('',(4.,0.));
#18073 = VECTOR('',#18074,1.);
#18074 = DIRECTION('',(0.,1.));
#18075 = ( GEOMETRIC_REPRESENTATION_CONTEXT(2) 
PARAMETRIC_REPRESENTATION_CONTEXT() REPRESENTATION_CONTEXT('2D SPACE',''
  ) );
#18076 = ORIENTED_EDGE('',*,*,#18077,.T.);
#18077 = EDGE_CURVE('',#18055,#17139,#18078,.T.);
#18078 = SURFACE_CURVE('',#18079,(#18083,#18090),.PCURVE_S1.);
#18079 = LINE('',#18080,#18081);
#18080 = CARTESIAN_POINT('',(34.,17.5,-3.));
#18081 = VECTOR('',#18082,1.);
#18082 = DIRECTION('',(0.,0.,1.));
#18083 = PCURVE('',#17182,#18084);
#18084 = DEFINITIONAL_REPRESENTATION('',(#18085),#18089);
#18085 = LINE('',#18086,#18087);
#18086 = CARTESIAN_POINT('',(0.,-35.));
#18087 = VECTOR('',#18088,1.);
#18088 = DIRECTION('',(1.,0.));
#18089 = ( GEOMETRIC_REPRESENTATION_CONTEXT(2) 
PARAMETRIC_REPRESENTATION_CONTEXT() REPRESENTATION_CONTEXT('2D SPACE',''
  ) );
#18090 = PCURVE('',#17154,#18091);
#18091 = DEFINITIONAL_REPRESENTATION('',(#18092),#18096);
#18092 = LINE('',#18093,#18094);
#18093 = CARTESIAN_POINT('',(0.,4.));
#18094 = VECTOR('',#18095,1.);
#18095 = DIRECTION('',(1.,0.));
#18096 = ( GEOMETRIC_REPRESENTATION_CONTEXT(2) 
PARAMETRIC_REPRESENTATION_CONTEXT() REPRESENTATION_CONTEXT('2D SPACE',''
  ) );
#18097 = ORIENTED_EDGE('',*,*,#17166,.F.);
#18098 = ADVANCED_FACE('',(#18099),#17154,.T.);
#18099 = FACE_BOUND('',#18100,.T.);
#18100 = EDGE_LOOP('',(#18101,#18122,#18123,#18124));
#18101 = ORIENTED_EDGE('',*,*,#18102,.F.);
#18102 = EDGE_CURVE('',#17952,#18055,#18103,.T.);
#18103 = SURFACE_CURVE('',#18104,(#18108,#18115),.PCURVE_S1.);
#18104 = LINE('',#18105,#18106);
#18105 = CARTESIAN_POINT('',(30.,17.5,-3.));
#18106 = VECTOR('',#18107,1.);
#18107 = DIRECTION('',(1.,0.,0.));
#18108 = PCURVE('',#17154,#18109);
#18109 = DEFINITIONAL_REPRESENTATION('',(#18110),#18114);
#18110 = LINE('',#18111,#18112);
#18111 = CARTESIAN_POINT('',(0.,0.));
#18112 = VECTOR('',#18113,1.);
#18113 = DIRECTION('',(0.,1.));
#18114 = ( GEOMETRIC_REPRESENTATION_CONTEXT(2) 
PARAMETRIC_REPRESENTATION_CONTEXT() REPRESENTATION_CONTEXT('2D SPACE',''
  ) );
#18115 = PCURVE('',#17967,#18116);
#18116 = DEFINITIONAL_REPRESENTATION('',(#18117),#18121);
#18117 = LINE('',#18118,#18119);
#18118 = CARTESIAN_POINT('',(0.,35.));
#18119 = VECTOR('',#18120,1.);
#18120 = DIRECTION('',(1.,0.));
#18121 = ( GEOMETRIC_REPRESENTATION_CONTEXT(2) 
PARAMETRIC_REPRESENTATION_CONTEXT() REPRESENTATION_CONTEXT('2D SPACE',''
  ) );
#18122 = ORIENTED_EDGE('',*,*,#17979,.T.);
#18123 = ORIENTED_EDGE('',*,*,#17138,.T.);
#18124 = ORIENTED_EDGE('',*,*,#18077,.F.);
#18125 = ADVANCED_FACE('',(#18126),#17243,.F.);
#18126 = FACE_BOUND('',#18127,.T.);
#18127 = EDGE_LOOP('',(#18128,#18129,#18152,#18179));
#18128 = ORIENTED_EDGE('',*,*,#17222,.T.);
#18129 = ORIENTED_EDGE('',*,*,#18130,.T.);
#18130 = EDGE_CURVE('',#17223,#18131,#18133,.T.);
#18131 = VERTEX_POINT('',#18132);
#18132 = CARTESIAN_POINT('',(57.,0.,0.99));
#18133 = SEAM_CURVE('',#18134,(#18138,#18145),.PCURVE_S1.);
#18134 = LINE('',#18135,#18136);
#18135 = CARTESIAN_POINT('',(57.,0.,-1.E-02));
#18136 = VECTOR('',#18137,1.);
#18137 = DIRECTION('',(0.,0.,1.));
#18138 = PCURVE('',#17243,#18139);
#18139 = DEFINITIONAL_REPRESENTATION('',(#18140),#18144);
#18140 = LINE('',#18141,#18142);
#18141 = CARTESIAN_POINT('',(-6.28318530718,0.));
#18142 = VECTOR('',#18143,1.);
#18143 = DIRECTION('',(-0.,-1.));
#18144 = ( GEOMETRIC_REPRESENTATION_CONTEXT(2) 
PARAMETRIC_REPRESENTATION_CONTEXT() REPRESENTATION_CONTEXT('2D SPACE',''
  ) );
#18145 = PCURVE('',#17243,#18146);
#18146 = DEFINITIONAL_REPRESENTATION('',(#18147),#18151);
#18147 = LINE('',#18148,#18149);
#18148 = CARTESIAN_POINT('',(-0.,0.));
#18149 = VECTOR('',#18150,1.);
#18150 = DIRECTION('',(-0.,-1.));
#18151 = ( GEOMETRIC_REPRESENTATION_CONTEXT(2) 
PARAMETRIC_REPRESENTATION_CONTEXT() REPRESENTATION_CONTEXT('2D SPACE',''
  ) );
#18152 = ORIENTED_EDGE('',*,*,#18153,.T.);
#18153 = EDGE_CURVE('',#18131,#18131,#18154,.T.);
#18154 = SURFACE_CURVE('',#18155,(#18160,#18167),.PCURVE_S1.);
#18155 = CIRCLE('',#18156,2.);
#18156 = AXIS2_PLACEMENT_3D('',#18157,#18158,#18159);
#18157 = CARTESIAN_POINT('',(55.,0.,0.99));
#18158 = DIRECTION('',(0.,0.,1.));
#18159 = DIRECTION('',(1.,0.,0.));
#18160 = PCURVE('',#17243,#18161);
#18161 = DEFINITIONAL_REPRESENTATION('',(#18162),#18166);
#18162 = LINE('',#18163,#18164);
#18163 = CARTESIAN_POINT('',(-0.,-1.));
#18164 = VECTOR('',#18165,1.);
#18165 = DIRECTION('',(-1.,0.));
#18166 = ( GEOMETRIC_REPRESENTATION_CONTEXT(2) 
PARAMETRIC_REPRESENTATION_CONTEXT() REPRESENTATION_CONTEXT('2D SPACE',''
  ) );
#18167 = PCURVE('',#18168,#18173);
#18168 = PLANE('',#18169);
#18169 = AXIS2_PLACEMENT_3D('',#18170,#18171,#18172);
#18170 = CARTESIAN_POINT('',(55.,1.74751904908E-16,0.99));
#18171 = DIRECTION('',(0.,0.,1.));
#18172 = DIRECTION('',(1.,0.,-0.));
#18173 = DEFINITIONAL_REPRESENTATION('',(#18174),#18178);
#18174 = CIRCLE('',#18175,2.);
#18175 = AXIS2_PLACEMENT_2D('',#18176,#18177);
#18176 = CARTESIAN_POINT('',(0.,-1.74751904908E-16));
#18177 = DIRECTION('',(1.,0.));
#18178 = ( GEOMETRIC_REPRESENTATION_CONTEXT(2) 
PARAMETRIC_REPRESENTATION_CONTEXT() REPRESENTATION_CONTEXT('2D SPACE',''
  ) );
#18179 = ORIENTED_EDGE('',*,*,#18130,.F.);
#18180 = ADVANCED_FACE('',(#18181),#17278,.F.);
#18181 = FACE_BOUND('',#18182,.T.);
#18182 = EDGE_LOOP('',(#18183,#18184,#18207,#18234));
#18183 = ORIENTED_EDGE('',*,*,#17257,.T.);
#18184 = ORIENTED_EDGE('',*,*,#18185,.T.);
#18185 = EDGE_CURVE('',#17258,#18186,#18188,.T.);
#18186 = VERTEX_POINT('',#18187);
#18187 = CARTESIAN_POINT('',(29.5,47.631397208144,0.99));
#18188 = SEAM_CURVE('',#18189,(#18193,#18200),.PCURVE_S1.);
#18189 = LINE('',#18190,#18191);
#18190 = CARTESIAN_POINT('',(29.5,47.631397208144,-1.E-02));
#18191 = VECTOR('',#18192,1.);
#18192 = DIRECTION('',(0.,0.,1.));
#18193 = PCURVE('',#17278,#18194);
#18194 = DEFINITIONAL_REPRESENTATION('',(#18195),#18199);
#18195 = LINE('',#18196,#18197);
#18196 = CARTESIAN_POINT('',(-6.28318530718,0.));
#18197 = VECTOR('',#18198,1.);
#18198 = DIRECTION('',(-0.,-1.));
#18199 = ( GEOMETRIC_REPRESENTATION_CONTEXT(2) 
PARAMETRIC_REPRESENTATION_CONTEXT() REPRESENTATION_CONTEXT('2D SPACE',''
  ) );
#18200 = PCURVE('',#17278,#18201);
#18201 = DEFINITIONAL_REPRESENTATION('',(#18202),#18206);
#18202 = LINE('',#18203,#18204);
#18203 = CARTESIAN_POINT('',(-0.,0.));
#18204 = VECTOR('',#18205,1.);
#18205 = DIRECTION('',(-0.,-1.));
#18206 = ( GEOMETRIC_REPRESENTATION_CONTEXT(2) 
PARAMETRIC_REPRESENTATION_CONTEXT() REPRESENTATION_CONTEXT('2D SPACE',''
  ) );
#18207 = ORIENTED_EDGE('',*,*,#18208,.T.);
#18208 = EDGE_CURVE('',#18186,#18186,#18209,.T.);
#18209 = SURFACE_CURVE('',#18210,(#18215,#18222),.PCURVE_S1.);
#18210 = CIRCLE('',#18211,2.);
#18211 = AXIS2_PLACEMENT_3D('',#18212,#18213,#18214);
#18212 = CARTESIAN_POINT('',(27.5,47.631397208144,0.99));
#18213 = DIRECTION('',(0.,0.,1.));
#18214 = DIRECTION('',(1.,0.,0.));
#18215 = PCURVE('',#17278,#18216);
#18216 = DEFINITIONAL_REPRESENTATION('',(#18217),#18221);
#18217 = LINE('',#18218,#18219);
#18218 = CARTESIAN_POINT('',(-0.,-1.));
#18219 = VECTOR('',#18220,1.);
#18220 = DIRECTION('',(-1.,0.));
#18221 = ( GEOMETRIC_REPRESENTATION_CONTEXT(2) 
PARAMETRIC_REPRESENTATION_CONTEXT() REPRESENTATION_CONTEXT('2D SPACE',''
  ) );
#18222 = PCURVE('',#18223,#18228);
#18223 = PLANE('',#18224);
#18224 = AXIS2_PLACEMENT_3D('',#18225,#18226,#18227);
#18225 = CARTESIAN_POINT('',(27.5,47.631397208144,0.99));
#18226 = DIRECTION('',(0.,0.,1.));
#18227 = DIRECTION('',(1.,0.,-0.));
#18228 = DEFINITIONAL_REPRESENTATION('',(#18229),#18233);
#18229 = CIRCLE('',#18230,2.);
#18230 = AXIS2_PLACEMENT_2D('',#18231,#18232);
#18231 = CARTESIAN_POINT('',(0.,0.));
#18232 = DIRECTION('',(1.,0.));
#18233 = ( GEOMETRIC_REPRESENTATION_CONTEXT(2) 
PARAMETRIC_REPRESENTATION_CONTEXT() REPRESENTATION_CONTEXT('2D SPACE',''
  ) );
#18234 = ORIENTED_EDGE('',*,*,#18185,.F.);
#18235 = ADVANCED_FACE('',(#18236),#17317,.F.);
#18236 = FACE_BOUND('',#18237,.T.);
#18237 = EDGE_LOOP('',(#18238,#18266,#18287,#18288));
#18238 = ORIENTED_EDGE('',*,*,#18239,.T.);
#18239 = EDGE_CURVE('',#18240,#18240,#18242,.T.);
#18240 = VERTEX_POINT('',#18241);
#18241 = CARTESIAN_POINT('',(-26.4,-47.63139720814,0.99));
#18242 = SURFACE_CURVE('',#18243,(#18248,#18255),.PCURVE_S1.);
#18243 = CIRCLE('',#18244,1.1);
#18244 = AXIS2_PLACEMENT_3D('',#18245,#18246,#18247);
#18245 = CARTESIAN_POINT('',(-27.5,-47.63139720814,0.99));
#18246 = DIRECTION('',(0.,0.,-1.));
#18247 = DIRECTION('',(1.,0.,0.));
#18248 = PCURVE('',#17317,#18249);
#18249 = DEFINITIONAL_REPRESENTATION('',(#18250),#18254);
#18250 = LINE('',#18251,#18252);
#18251 = CARTESIAN_POINT('',(-6.28318530718,-1.));
#18252 = VECTOR('',#18253,1.);
#18253 = DIRECTION('',(1.,-0.));
#18254 = ( GEOMETRIC_REPRESENTATION_CONTEXT(2) 
PARAMETRIC_REPRESENTATION_CONTEXT() REPRESENTATION_CONTEXT('2D SPACE',''
  ) );
#18255 = PCURVE('',#17546,#18256);
#18256 = DEFINITIONAL_REPRESENTATION('',(#18257),#18265);
#18257 = ( BOUNDED_CURVE() B_SPLINE_CURVE(2,(#18258,#18259,#18260,#18261
    ,#18262,#18263,#18264),.UNSPECIFIED.,.T.,.F.) 
B_SPLINE_CURVE_WITH_KNOTS((1,2,2,2,2,1),(-2.094395102393,0.,
    2.094395102393,4.188790204786,6.28318530718,8.377580409573),
.UNSPECIFIED.) CURVE() GEOMETRIC_REPRESENTATION_ITEM() 
RATIONAL_B_SPLINE_CURVE((1.,0.5,1.,0.5,1.,0.5,1.)) REPRESENTATION_ITEM(
  '') );
#18258 = CARTESIAN_POINT('',(1.1,0.));
#18259 = CARTESIAN_POINT('',(1.1,-1.905255888326));
#18260 = CARTESIAN_POINT('',(-0.55,-0.952627944163));
#18261 = CARTESIAN_POINT('',(-2.2,-2.694222958124E-16));
#18262 = CARTESIAN_POINT('',(-0.55,0.952627944163));
#18263 = CARTESIAN_POINT('',(1.1,1.905255888326));
#18264 = CARTESIAN_POINT('',(1.1,0.));
#18265 = ( GEOMETRIC_REPRESENTATION_CONTEXT(2) 
PARAMETRIC_REPRESENTATION_CONTEXT() REPRESENTATION_CONTEXT('2D SPACE',''
  ) );
#18266 = ORIENTED_EDGE('',*,*,#18267,.T.);
#18267 = EDGE_CURVE('',#18240,#17297,#18268,.T.);
#18268 = SEAM_CURVE('',#18269,(#18273,#18280),.PCURVE_S1.);
#18269 = LINE('',#18270,#18271);
#18270 = CARTESIAN_POINT('',(-26.4,-47.63139720814,-1.E-02));
#18271 = VECTOR('',#18272,1.);
#18272 = DIRECTION('',(0.,0.,1.));
#18273 = PCURVE('',#17317,#18274);
#18274 = DEFINITIONAL_REPRESENTATION('',(#18275),#18279);
#18275 = LINE('',#18276,#18277);
#18276 = CARTESIAN_POINT('',(-6.28318530718,0.));
#18277 = VECTOR('',#18278,1.);
#18278 = DIRECTION('',(-0.,-1.));
#18279 = ( GEOMETRIC_REPRESENTATION_CONTEXT(2) 
PARAMETRIC_REPRESENTATION_CONTEXT() REPRESENTATION_CONTEXT('2D SPACE',''
  ) );
#18280 = PCURVE('',#17317,#18281);
#18281 = DEFINITIONAL_REPRESENTATION('',(#18282),#18286);
#18282 = LINE('',#18283,#18284);
#18283 = CARTESIAN_POINT('',(-0.,0.));
#18284 = VECTOR('',#18285,1.);
#18285 = DIRECTION('',(-0.,-1.));
#18286 = ( GEOMETRIC_REPRESENTATION_CONTEXT(2) 
PARAMETRIC_REPRESENTATION_CONTEXT() REPRESENTATION_CONTEXT('2D SPACE',''
  ) );
#18287 = ORIENTED_EDGE('',*,*,#17296,.F.);
#18288 = ORIENTED_EDGE('',*,*,#18267,.F.);
#18289 = ADVANCED_FACE('',(#18290),#17352,.F.);
#18290 = FACE_BOUND('',#18291,.T.);
#18291 = EDGE_LOOP('',(#18292,#18320,#18341,#18342));
#18292 = ORIENTED_EDGE('',*,*,#18293,.T.);
#18293 = EDGE_CURVE('',#18294,#18294,#18296,.T.);
#18294 = VERTEX_POINT('',#18295);
#18295 = CARTESIAN_POINT('',(28.6,-47.63139720814,0.99));
#18296 = SURFACE_CURVE('',#18297,(#18302,#18309),.PCURVE_S1.);
#18297 = CIRCLE('',#18298,1.1);
#18298 = AXIS2_PLACEMENT_3D('',#18299,#18300,#18301);
#18299 = CARTESIAN_POINT('',(27.5,-47.63139720814,0.99));
#18300 = DIRECTION('',(0.,0.,-1.));
#18301 = DIRECTION('',(1.,0.,0.));
#18302 = PCURVE('',#17352,#18303);
#18303 = DEFINITIONAL_REPRESENTATION('',(#18304),#18308);
#18304 = LINE('',#18305,#18306);
#18305 = CARTESIAN_POINT('',(-6.28318530718,-1.));
#18306 = VECTOR('',#18307,1.);
#18307 = DIRECTION('',(1.,-0.));
#18308 = ( GEOMETRIC_REPRESENTATION_CONTEXT(2) 
PARAMETRIC_REPRESENTATION_CONTEXT() REPRESENTATION_CONTEXT('2D SPACE',''
  ) );
#18309 = PCURVE('',#17601,#18310);
#18310 = DEFINITIONAL_REPRESENTATION('',(#18311),#18319);
#18311 = ( BOUNDED_CURVE() B_SPLINE_CURVE(2,(#18312,#18313,#18314,#18315
    ,#18316,#18317,#18318),.UNSPECIFIED.,.T.,.F.) 
B_SPLINE_CURVE_WITH_KNOTS((1,2,2,2,2,1),(-2.094395102393,0.,
    2.094395102393,4.188790204786,6.28318530718,8.377580409573),
.UNSPECIFIED.) CURVE() GEOMETRIC_REPRESENTATION_ITEM() 
RATIONAL_B_SPLINE_CURVE((1.,0.5,1.,0.5,1.,0.5,1.)) REPRESENTATION_ITEM(
  '') );
#18312 = CARTESIAN_POINT('',(1.1,0.));
#18313 = CARTESIAN_POINT('',(1.1,-1.905255888326));
#18314 = CARTESIAN_POINT('',(-0.55,-0.952627944163));
#18315 = CARTESIAN_POINT('',(-2.2,-2.694222958124E-16));
#18316 = CARTESIAN_POINT('',(-0.55,0.952627944163));
#18317 = CARTESIAN_POINT('',(1.1,1.905255888326));
#18318 = CARTESIAN_POINT('',(1.1,0.));
#18319 = ( GEOMETRIC_REPRESENTATION_CONTEXT(2) 
PARAMETRIC_REPRESENTATION_CONTEXT() REPRESENTATION_CONTEXT('2D SPACE',''
  ) );
#18320 = ORIENTED_EDGE('',*,*,#18321,.T.);
#18321 = EDGE_CURVE('',#18294,#17332,#18322,.T.);
#18322 = SEAM_CURVE('',#18323,(#18327,#18334),.PCURVE_S1.);
#18323 = LINE('',#18324,#18325);
#18324 = CARTESIAN_POINT('',(28.6,-47.63139720814,-1.E-02));
#18325 = VECTOR('',#18326,1.);
#18326 = DIRECTION('',(0.,0.,1.));
#18327 = PCURVE('',#17352,#18328);
#18328 = DEFINITIONAL_REPRESENTATION('',(#18329),#18333);
#18329 = LINE('',#18330,#18331);
#18330 = CARTESIAN_POINT('',(-6.28318530718,0.));
#18331 = VECTOR('',#18332,1.);
#18332 = DIRECTION('',(-0.,-1.));
#18333 = ( GEOMETRIC_REPRESENTATION_CONTEXT(2) 
PARAMETRIC_REPRESENTATION_CONTEXT() REPRESENTATION_CONTEXT('2D SPACE',''
  ) );
#18334 = PCURVE('',#17352,#18335);
#18335 = DEFINITIONAL_REPRESENTATION('',(#18336),#18340);
#18336 = LINE('',#18337,#18338);
#18337 = CARTESIAN_POINT('',(-0.,0.));
#18338 = VECTOR('',#18339,1.);
#18339 = DIRECTION('',(-0.,-1.));
#18340 = ( GEOMETRIC_REPRESENTATION_CONTEXT(2) 
PARAMETRIC_REPRESENTATION_CONTEXT() REPRESENTATION_CONTEXT('2D SPACE',''
  ) );
#18341 = ORIENTED_EDGE('',*,*,#17331,.F.);
#18342 = ORIENTED_EDGE('',*,*,#18321,.F.);
#18343 = ADVANCED_FACE('',(#18344),#17387,.F.);
#18344 = FACE_BOUND('',#18345,.T.);
#18345 = EDGE_LOOP('',(#18346,#18374,#18395,#18396));
#18346 = ORIENTED_EDGE('',*,*,#18347,.T.);
#18347 = EDGE_CURVE('',#18348,#18348,#18350,.T.);
#18348 = VERTEX_POINT('',#18349);
#18349 = CARTESIAN_POINT('',(56.1,0.,0.99));
#18350 = SURFACE_CURVE('',#18351,(#18356,#18363),.PCURVE_S1.);
#18351 = CIRCLE('',#18352,1.1);
#18352 = AXIS2_PLACEMENT_3D('',#18353,#18354,#18355);
#18353 = CARTESIAN_POINT('',(55.,0.,0.99));
#18354 = DIRECTION('',(0.,0.,-1.));
#18355 = DIRECTION('',(1.,0.,0.));
#18356 = PCURVE('',#17387,#18357);
#18357 = DEFINITIONAL_REPRESENTATION('',(#18358),#18362);
#18358 = LINE('',#18359,#18360);
#18359 = CARTESIAN_POINT('',(-6.28318530718,-1.));
#18360 = VECTOR('',#18361,1.);
#18361 = DIRECTION('',(1.,-0.));
#18362 = ( GEOMETRIC_REPRESENTATION_CONTEXT(2) 
PARAMETRIC_REPRESENTATION_CONTEXT() REPRESENTATION_CONTEXT('2D SPACE',''
  ) );
#18363 = PCURVE('',#18168,#18364);
#18364 = DEFINITIONAL_REPRESENTATION('',(#18365),#18373);
#18365 = ( BOUNDED_CURVE() B_SPLINE_CURVE(2,(#18366,#18367,#18368,#18369
    ,#18370,#18371,#18372),.UNSPECIFIED.,.T.,.F.) 
B_SPLINE_CURVE_WITH_KNOTS((1,2,2,2,2,1),(-2.094395102393,0.,
    2.094395102393,4.188790204786,6.28318530718,8.377580409573),
.UNSPECIFIED.) CURVE() GEOMETRIC_REPRESENTATION_ITEM() 
RATIONAL_B_SPLINE_CURVE((1.,0.5,1.,0.5,1.,0.5,1.)) REPRESENTATION_ITEM(
  '') );
#18366 = CARTESIAN_POINT('',(1.1,-1.74751904908E-16));
#18367 = CARTESIAN_POINT('',(1.1,-1.905255888326));
#18368 = CARTESIAN_POINT('',(-0.55,-0.952627944163));
#18369 = CARTESIAN_POINT('',(-2.2,-4.441742007204E-16));
#18370 = CARTESIAN_POINT('',(-0.55,0.952627944163));
#18371 = CARTESIAN_POINT('',(1.1,1.905255888326));
#18372 = CARTESIAN_POINT('',(1.1,-1.74751904908E-16));
#18373 = ( GEOMETRIC_REPRESENTATION_CONTEXT(2) 
PARAMETRIC_REPRESENTATION_CONTEXT() REPRESENTATION_CONTEXT('2D SPACE',''
  ) );
#18374 = ORIENTED_EDGE('',*,*,#18375,.T.);
#18375 = EDGE_CURVE('',#18348,#17367,#18376,.T.);
#18376 = SEAM_CURVE('',#18377,(#18381,#18388),.PCURVE_S1.);
#18377 = LINE('',#18378,#18379);
#18378 = CARTESIAN_POINT('',(56.1,0.,-1.E-02));
#18379 = VECTOR('',#18380,1.);
#18380 = DIRECTION('',(0.,0.,1.));
#18381 = PCURVE('',#17387,#18382);
#18382 = DEFINITIONAL_REPRESENTATION('',(#18383),#18387);
#18383 = LINE('',#18384,#18385);
#18384 = CARTESIAN_POINT('',(-6.28318530718,0.));
#18385 = VECTOR('',#18386,1.);
#18386 = DIRECTION('',(-0.,-1.));
#18387 = ( GEOMETRIC_REPRESENTATION_CONTEXT(2) 
PARAMETRIC_REPRESENTATION_CONTEXT() REPRESENTATION_CONTEXT('2D SPACE',''
  ) );
#18388 = PCURVE('',#17387,#18389);
#18389 = DEFINITIONAL_REPRESENTATION('',(#18390),#18394);
#18390 = LINE('',#18391,#18392);
#18391 = CARTESIAN_POINT('',(-0.,0.));
#18392 = VECTOR('',#18393,1.);
#18393 = DIRECTION('',(-0.,-1.));
#18394 = ( GEOMETRIC_REPRESENTATION_CONTEXT(2) 
PARAMETRIC_REPRESENTATION_CONTEXT() REPRESENTATION_CONTEXT('2D SPACE',''
  ) );
#18395 = ORIENTED_EDGE('',*,*,#17366,.F.);
#18396 = ORIENTED_EDGE('',*,*,#18375,.F.);
#18397 = ADVANCED_FACE('',(#18398),#17422,.F.);
#18398 = FACE_BOUND('',#18399,.T.);
#18399 = EDGE_LOOP('',(#18400,#18428,#18449,#18450));
#18400 = ORIENTED_EDGE('',*,*,#18401,.T.);
#18401 = EDGE_CURVE('',#18402,#18402,#18404,.T.);
#18402 = VERTEX_POINT('',#18403);
#18403 = CARTESIAN_POINT('',(-53.9,6.73555739531E-15,0.99));
#18404 = SURFACE_CURVE('',#18405,(#18410,#18417),.PCURVE_S1.);
#18405 = CIRCLE('',#18406,1.1);
#18406 = AXIS2_PLACEMENT_3D('',#18407,#18408,#18409);
#18407 = CARTESIAN_POINT('',(-55.,6.73555739531E-15,0.99));
#18408 = DIRECTION('',(0.,0.,-1.));
#18409 = DIRECTION('',(1.,0.,0.));
#18410 = PCURVE('',#17422,#18411);
#18411 = DEFINITIONAL_REPRESENTATION('',(#18412),#18416);
#18412 = LINE('',#18413,#18414);
#18413 = CARTESIAN_POINT('',(-6.28318530718,-1.));
#18414 = VECTOR('',#18415,1.);
#18415 = DIRECTION('',(1.,-0.));
#18416 = ( GEOMETRIC_REPRESENTATION_CONTEXT(2) 
PARAMETRIC_REPRESENTATION_CONTEXT() REPRESENTATION_CONTEXT('2D SPACE',''
  ) );
#18417 = PCURVE('',#17656,#18418);
#18418 = DEFINITIONAL_REPRESENTATION('',(#18419),#18427);
#18419 = ( BOUNDED_CURVE() B_SPLINE_CURVE(2,(#18420,#18421,#18422,#18423
    ,#18424,#18425,#18426),.UNSPECIFIED.,.T.,.F.) 
B_SPLINE_CURVE_WITH_KNOTS((1,2,2,2,2,1),(-2.094395102393,0.,
    2.094395102393,4.188790204786,6.28318530718,8.377580409573),
.UNSPECIFIED.) CURVE() GEOMETRIC_REPRESENTATION_ITEM() 
RATIONAL_B_SPLINE_CURVE((1.,0.5,1.,0.5,1.,0.5,1.)) REPRESENTATION_ITEM(
  '') );
#18420 = CARTESIAN_POINT('',(1.1,-1.74751904908E-16));
#18421 = CARTESIAN_POINT('',(1.1,-1.905255888326));
#18422 = CARTESIAN_POINT('',(-0.55,-0.952627944163));
#18423 = CARTESIAN_POINT('',(-2.2,-4.441742007204E-16));
#18424 = CARTESIAN_POINT('',(-0.55,0.952627944163));
#18425 = CARTESIAN_POINT('',(1.1,1.905255888326));
#18426 = CARTESIAN_POINT('',(1.1,-1.74751904908E-16));
#18427 = ( GEOMETRIC_REPRESENTATION_CONTEXT(2) 
PARAMETRIC_REPRESENTATION_CONTEXT() REPRESENTATION_CONTEXT('2D SPACE',''
  ) );
#18428 = ORIENTED_EDGE('',*,*,#18429,.T.);
#18429 = EDGE_CURVE('',#18402,#17402,#18430,.T.);
#18430 = SEAM_CURVE('',#18431,(#18435,#18442),.PCURVE_S1.);
#18431 = LINE('',#18432,#18433);
#18432 = CARTESIAN_POINT('',(-53.9,6.73555739531E-15,-1.E-02));
#18433 = VECTOR('',#18434,1.);
#18434 = DIRECTION('',(0.,0.,1.));
#18435 = PCURVE('',#17422,#18436);
#18436 = DEFINITIONAL_REPRESENTATION('',(#18437),#18441);
#18437 = LINE('',#18438,#18439);
#18438 = CARTESIAN_POINT('',(-6.28318530718,0.));
#18439 = VECTOR('',#18440,1.);
#18440 = DIRECTION('',(-0.,-1.));
#18441 = ( GEOMETRIC_REPRESENTATION_CONTEXT(2) 
PARAMETRIC_REPRESENTATION_CONTEXT() REPRESENTATION_CONTEXT('2D SPACE',''
  ) );
#18442 = PCURVE('',#17422,#18443);
#18443 = DEFINITIONAL_REPRESENTATION('',(#18444),#18448);
#18444 = LINE('',#18445,#18446);
#18445 = CARTESIAN_POINT('',(-0.,0.));
#18446 = VECTOR('',#18447,1.);
#18447 = DIRECTION('',(-0.,-1.));
#18448 = ( GEOMETRIC_REPRESENTATION_CONTEXT(2) 
PARAMETRIC_REPRESENTATION_CONTEXT() REPRESENTATION_CONTEXT('2D SPACE',''
  ) );
#18449 = ORIENTED_EDGE('',*,*,#17401,.F.);
#18450 = ORIENTED_EDGE('',*,*,#18429,.F.);
#18451 = ADVANCED_FACE('',(#18452),#17457,.F.);
#18452 = FACE_BOUND('',#18453,.T.);
#18453 = EDGE_LOOP('',(#18454,#18482,#18503,#18504));
#18454 = ORIENTED_EDGE('',*,*,#18455,.T.);
#18455 = EDGE_CURVE('',#18456,#18456,#18458,.T.);
#18456 = VERTEX_POINT('',#18457);
#18457 = CARTESIAN_POINT('',(-26.4,47.631397208144,0.99));
#18458 = SURFACE_CURVE('',#18459,(#18464,#18471),.PCURVE_S1.);
#18459 = CIRCLE('',#18460,1.1);
#18460 = AXIS2_PLACEMENT_3D('',#18461,#18462,#18463);
#18461 = CARTESIAN_POINT('',(-27.5,47.631397208144,0.99));
#18462 = DIRECTION('',(0.,0.,-1.));
#18463 = DIRECTION('',(1.,0.,0.));
#18464 = PCURVE('',#17457,#18465);
#18465 = DEFINITIONAL_REPRESENTATION('',(#18466),#18470);
#18466 = LINE('',#18467,#18468);
#18467 = CARTESIAN_POINT('',(-6.28318530718,-1.));
#18468 = VECTOR('',#18469,1.);
#18469 = DIRECTION('',(1.,-0.));
#18470 = ( GEOMETRIC_REPRESENTATION_CONTEXT(2) 
PARAMETRIC_REPRESENTATION_CONTEXT() REPRESENTATION_CONTEXT('2D SPACE',''
  ) );
#18471 = PCURVE('',#17912,#18472);
#18472 = DEFINITIONAL_REPRESENTATION('',(#18473),#18481);
#18473 = ( BOUNDED_CURVE() B_SPLINE_CURVE(2,(#18474,#18475,#18476,#18477
    ,#18478,#18479,#18480),.UNSPECIFIED.,.T.,.F.) 
B_SPLINE_CURVE_WITH_KNOTS((1,2,2,2,2,1),(-2.094395102393,0.,
    2.094395102393,4.188790204786,6.28318530718,8.377580409573),
.UNSPECIFIED.) CURVE() GEOMETRIC_REPRESENTATION_ITEM() 
RATIONAL_B_SPLINE_CURVE((1.,0.5,1.,0.5,1.,0.5,1.)) REPRESENTATION_ITEM(
  '') );
#18474 = CARTESIAN_POINT('',(1.1,0.));
#18475 = CARTESIAN_POINT('',(1.1,-1.905255888326));
#18476 = CARTESIAN_POINT('',(-0.55,-0.952627944163));
#18477 = CARTESIAN_POINT('',(-2.2,-2.694222958124E-16));
#18478 = CARTESIAN_POINT('',(-0.55,0.952627944163));
#18479 = CARTESIAN_POINT('',(1.1,1.905255888326));
#18480 = CARTESIAN_POINT('',(1.1,0.));
#18481 = ( GEOMETRIC_REPRESENTATION_CONTEXT(2) 
PARAMETRIC_REPRESENTATION_CONTEXT() REPRESENTATION_CONTEXT('2D SPACE',''
  ) );
#18482 = ORIENTED_EDGE('',*,*,#18483,.T.);
#18483 = EDGE_CURVE('',#18456,#17437,#18484,.T.);
#18484 = SEAM_CURVE('',#18485,(#18489,#18496),.PCURVE_S1.);
#18485 = LINE('',#18486,#18487);
#18486 = CARTESIAN_POINT('',(-26.4,47.631397208144,-1.E-02));
#18487 = VECTOR('',#18488,1.);
#18488 = DIRECTION('',(0.,0.,1.));
#18489 = PCURVE('',#17457,#18490);
#18490 = DEFINITIONAL_REPRESENTATION('',(#18491),#18495);
#18491 = LINE('',#18492,#18493);
#18492 = CARTESIAN_POINT('',(-6.28318530718,0.));
#18493 = VECTOR('',#18494,1.);
#18494 = DIRECTION('',(-0.,-1.));
#18495 = ( GEOMETRIC_REPRESENTATION_CONTEXT(2) 
PARAMETRIC_REPRESENTATION_CONTEXT() REPRESENTATION_CONTEXT('2D SPACE',''
  ) );
#18496 = PCURVE('',#17457,#18497);
#18497 = DEFINITIONAL_REPRESENTATION('',(#18498),#18502);
#18498 = LINE('',#18499,#18500);
#18499 = CARTESIAN_POINT('',(-0.,0.));
#18500 = VECTOR('',#18501,1.);
#18501 = DIRECTION('',(-0.,-1.));
#18502 = ( GEOMETRIC_REPRESENTATION_CONTEXT(2) 
PARAMETRIC_REPRESENTATION_CONTEXT() REPRESENTATION_CONTEXT('2D SPACE',''
  ) );
#18503 = ORIENTED_EDGE('',*,*,#17436,.F.);
#18504 = ORIENTED_EDGE('',*,*,#18483,.F.);
#18505 = ADVANCED_FACE('',(#18506),#17492,.F.);
#18506 = FACE_BOUND('',#18507,.T.);
#18507 = EDGE_LOOP('',(#18508,#18536,#18557,#18558));
#18508 = ORIENTED_EDGE('',*,*,#18509,.T.);
#18509 = EDGE_CURVE('',#18510,#18510,#18512,.T.);
#18510 = VERTEX_POINT('',#18511);
#18511 = CARTESIAN_POINT('',(28.6,47.631397208144,0.99));
#18512 = SURFACE_CURVE('',#18513,(#18518,#18525),.PCURVE_S1.);
#18513 = CIRCLE('',#18514,1.1);
#18514 = AXIS2_PLACEMENT_3D('',#18515,#18516,#18517);
#18515 = CARTESIAN_POINT('',(27.5,47.631397208144,0.99));
#18516 = DIRECTION('',(0.,0.,-1.));
#18517 = DIRECTION('',(1.,0.,0.));
#18518 = PCURVE('',#17492,#18519);
#18519 = DEFINITIONAL_REPRESENTATION('',(#18520),#18524);
#18520 = LINE('',#18521,#18522);
#18521 = CARTESIAN_POINT('',(-6.28318530718,-1.));
#18522 = VECTOR('',#18523,1.);
#18523 = DIRECTION('',(1.,-0.));
#18524 = ( GEOMETRIC_REPRESENTATION_CONTEXT(2) 
PARAMETRIC_REPRESENTATION_CONTEXT() REPRESENTATION_CONTEXT('2D SPACE',''
  ) );
#18525 = PCURVE('',#18223,#18526);
#18526 = DEFINITIONAL_REPRESENTATION('',(#18527),#18535);
#18527 = ( BOUNDED_CURVE() B_SPLINE_CURVE(2,(#18528,#18529,#18530,#18531
    ,#18532,#18533,#18534),.UNSPECIFIED.,.T.,.F.) 
B_SPLINE_CURVE_WITH_KNOTS((1,2,2,2,2,1),(-2.094395102393,0.,
    2.094395102393,4.188790204786,6.28318530718,8.377580409573),
.UNSPECIFIED.) CURVE() GEOMETRIC_REPRESENTATION_ITEM() 
RATIONAL_B_SPLINE_CURVE((1.,0.5,1.,0.5,1.,0.5,1.)) REPRESENTATION_ITEM(
  '') );
#18528 = CARTESIAN_POINT('',(1.1,0.));
#18529 = CARTESIAN_POINT('',(1.1,-1.905255888326));
#18530 = CARTESIAN_POINT('',(-0.55,-0.952627944163));
#18531 = CARTESIAN_POINT('',(-2.2,-2.694222958124E-16));
#18532 = CARTESIAN_POINT('',(-0.55,0.952627944163));
#18533 = CARTESIAN_POINT('',(1.1,1.905255888326));
#18534 = CARTESIAN_POINT('',(1.1,0.));
#18535 = ( GEOMETRIC_REPRESENTATION_CONTEXT(2) 
PARAMETRIC_REPRESENTATION_CONTEXT() REPRESENTATION_CONTEXT('2D SPACE',''
  ) );
#18536 = ORIENTED_EDGE('',*,*,#18537,.T.);
#18537 = EDGE_CURVE('',#18510,#17472,#18538,.T.);
#18538 = SEAM_CURVE('',#18539,(#18543,#18550),.PCURVE_S1.);
#18539 = LINE('',#18540,#18541);
#18540 = CARTESIAN_POINT('',(28.6,47.631397208144,-1.E-02));
#18541 = VECTOR('',#18542,1.);
#18542 = DIRECTION('',(0.,0.,1.));
#18543 = PCURVE('',#17492,#18544);
#18544 = DEFINITIONAL_REPRESENTATION('',(#18545),#18549);
#18545 = LINE('',#18546,#18547);
#18546 = CARTESIAN_POINT('',(-6.28318530718,0.));
#18547 = VECTOR('',#18548,1.);
#18548 = DIRECTION('',(-0.,-1.));
#18549 = ( GEOMETRIC_REPRESENTATION_CONTEXT(2) 
PARAMETRIC_REPRESENTATION_CONTEXT() REPRESENTATION_CONTEXT('2D SPACE',''
  ) );
#18550 = PCURVE('',#17492,#18551);
#18551 = DEFINITIONAL_REPRESENTATION('',(#18552),#18556);
#18552 = LINE('',#18553,#18554);
#18553 = CARTESIAN_POINT('',(-0.,0.));
#18554 = VECTOR('',#18555,1.);
#18555 = DIRECTION('',(-0.,-1.));
#18556 = ( GEOMETRIC_REPRESENTATION_CONTEXT(2) 
PARAMETRIC_REPRESENTATION_CONTEXT() REPRESENTATION_CONTEXT('2D SPACE',''
  ) );
#18557 = ORIENTED_EDGE('',*,*,#17471,.F.);
#18558 = ORIENTED_EDGE('',*,*,#18537,.F.);
#18559 = ADVANCED_FACE('',(#18560,#18563),#17546,.F.);
#18560 = FACE_BOUND('',#18561,.F.);
#18561 = EDGE_LOOP('',(#18562));
#18562 = ORIENTED_EDGE('',*,*,#17531,.T.);
#18563 = FACE_BOUND('',#18564,.F.);
#18564 = EDGE_LOOP('',(#18565));
#18565 = ORIENTED_EDGE('',*,*,#18239,.T.);
#18566 = ADVANCED_FACE('',(#18567,#18570),#17601,.F.);
#18567 = FACE_BOUND('',#18568,.F.);
#18568 = EDGE_LOOP('',(#18569));
#18569 = ORIENTED_EDGE('',*,*,#17586,.T.);
#18570 = FACE_BOUND('',#18571,.F.);
#18571 = EDGE_LOOP('',(#18572));
#18572 = ORIENTED_EDGE('',*,*,#18293,.T.);
#18573 = ADVANCED_FACE('',(#18574,#18577),#17656,.F.);
#18574 = FACE_BOUND('',#18575,.F.);
#18575 = EDGE_LOOP('',(#18576));
#18576 = ORIENTED_EDGE('',*,*,#17641,.T.);
#18577 = FACE_BOUND('',#18578,.F.);
#18578 = EDGE_LOOP('',(#18579));
#18579 = ORIENTED_EDGE('',*,*,#18401,.T.);
#18580 = ADVANCED_FACE('',(#18581),#17711,.F.);
#18581 = FACE_BOUND('',#18582,.F.);
#18582 = EDGE_LOOP('',(#18583,#18584,#18585,#18586));
#18583 = ORIENTED_EDGE('',*,*,#17695,.F.);
#18584 = ORIENTED_EDGE('',*,*,#17797,.T.);
#18585 = ORIENTED_EDGE('',*,*,#17847,.T.);
#18586 = ORIENTED_EDGE('',*,*,#17748,.F.);
#18587 = ADVANCED_FACE('',(#18588,#18591),#17912,.F.);
#18588 = FACE_BOUND('',#18589,.F.);
#18589 = EDGE_LOOP('',(#18590));
#18590 = ORIENTED_EDGE('',*,*,#17897,.T.);
#18591 = FACE_BOUND('',#18592,.F.);
#18592 = EDGE_LOOP('',(#18593));
#18593 = ORIENTED_EDGE('',*,*,#18455,.T.);
#18594 = ADVANCED_FACE('',(#18595),#17967,.F.);
#18595 = FACE_BOUND('',#18596,.F.);
#18596 = EDGE_LOOP('',(#18597,#18598,#18599,#18600));
#18597 = ORIENTED_EDGE('',*,*,#17951,.F.);
#18598 = ORIENTED_EDGE('',*,*,#18004,.T.);
#18599 = ORIENTED_EDGE('',*,*,#18054,.T.);
#18600 = ORIENTED_EDGE('',*,*,#18102,.F.);
#18601 = ADVANCED_FACE('',(#18602,#18605),#18168,.F.);
#18602 = FACE_BOUND('',#18603,.F.);
#18603 = EDGE_LOOP('',(#18604));
#18604 = ORIENTED_EDGE('',*,*,#18153,.T.);
#18605 = FACE_BOUND('',#18606,.F.);
#18606 = EDGE_LOOP('',(#18607));
#18607 = ORIENTED_EDGE('',*,*,#18347,.T.);
#18608 = ADVANCED_FACE('',(#18609,#18612),#18223,.F.);
#18609 = FACE_BOUND('',#18610,.F.);
#18610 = EDGE_LOOP('',(#18611));
#18611 = ORIENTED_EDGE('',*,*,#18208,.T.);
#18612 = FACE_BOUND('',#18613,.F.);
#18613 = EDGE_LOOP('',(#18614));
#18614 = ORIENTED_EDGE('',*,*,#18509,.T.);
#18615 = ( GEOMETRIC_REPRESENTATION_CONTEXT(3) 
GLOBAL_UNCERTAINTY_ASSIGNED_CONTEXT((#18619)) 
GLOBAL_UNIT_ASSIGNED_CONTEXT((#18616,#18617,#18618)) 
REPRESENTATION_CONTEXT('Context #1',
  '3D Context with UNIT and UNCERTAINTY') );
#18616 = ( LENGTH_UNIT() NAMED_UNIT(*) SI_UNIT(.MILLI.,.METRE.) );
#18617 = ( NAMED_UNIT(*) PLANE_ANGLE_UNIT() SI_UNIT($,.RADIAN.) );
#18618 = ( NAMED_UNIT(*) SI_UNIT($,.STERADIAN.) SOLID_ANGLE_UNIT() );
#18619 = UNCERTAINTY_MEASURE_WITH_UNIT(LENGTH_MEASURE(1.E-07),#18616,
  'distance_accuracy_value','confusion accuracy');
#18620 = CONTEXT_DEPENDENT_SHAPE_REPRESENTATION(#18621,#18623);
#18621 = ( REPRESENTATION_RELATIONSHIP('','',#16756,#10) 
REPRESENTATION_RELATIONSHIP_WITH_TRANSFORMATION(#18622) 
SHAPE_REPRESENTATION_RELATIONSHIP() );
#18622 = ITEM_DEFINED_TRANSFORMATION('','',#11,#95);
#18623 = PRODUCT_DEFINITION_SHAPE('Placement','Placement of an item',
  #18624);
#18624 = NEXT_ASSEMBLY_USAGE_OCCURRENCE('21','rear_cover','',#5,#16751,$
  );
#18625 = PRODUCT_RELATED_PRODUCT_CATEGORY('part',$,(#16753));
#18626 = SHAPE_DEFINITION_REPRESENTATION(#18627,#18633);
#18627 = PRODUCT_DEFINITION_SHAPE('','',#18628);
#18628 = PRODUCT_DEFINITION('design','',#18629,#18632);
#18629 = PRODUCT_DEFINITION_FORMATION('','',#18630);
#18630 = PRODUCT('rear_oring_installed_envelope',
  'rear_oring_installed_envelope','',(#18631));
#18631 = PRODUCT_CONTEXT('',#2,'mechanical');
#18632 = PRODUCT_DEFINITION_CONTEXT('part definition',#2,'design');
#18633 = ADVANCED_BREP_SHAPE_REPRESENTATION('',(#11,#18634),#18824);
#18634 = MANIFOLD_SOLID_BREP('',#18635);
#18635 = CLOSED_SHELL('',(#18636,#18724,#18763,#18797));
#18636 = ADVANCED_FACE('',(#18637),#18651,.T.);
#18637 = FACE_BOUND('',#18638,.F.);
#18638 = EDGE_LOOP('',(#18639,#18669,#18696,#18697));
#18639 = ORIENTED_EDGE('',*,*,#18640,.T.);
#18640 = EDGE_CURVE('',#18641,#18643,#18645,.T.);
#18641 = VERTEX_POINT('',#18642);
#18642 = CARTESIAN_POINT('',(52.25,0.,2.4));
#18643 = VERTEX_POINT('',#18644);
#18644 = CARTESIAN_POINT('',(52.25,0.,3.9));
#18645 = SEAM_CURVE('',#18646,(#18650,#18662),.PCURVE_S1.);
#18646 = LINE('',#18647,#18648);
#18647 = CARTESIAN_POINT('',(52.25,0.,2.4));
#18648 = VECTOR('',#18649,1.);
#18649 = DIRECTION('',(0.,0.,1.));
#18650 = PCURVE('',#18651,#18656);
#18651 = CYLINDRICAL_SURFACE('',#18652,52.25);
#18652 = AXIS2_PLACEMENT_3D('',#18653,#18654,#18655);
#18653 = CARTESIAN_POINT('',(0.,0.,2.4));
#18654 = DIRECTION('',(-0.,-0.,-1.));
#18655 = DIRECTION('',(1.,0.,0.));
#18656 = DEFINITIONAL_REPRESENTATION('',(#18657),#18661);
#18657 = LINE('',#18658,#18659);
#18658 = CARTESIAN_POINT('',(-0.,0.));
#18659 = VECTOR('',#18660,1.);
#18660 = DIRECTION('',(-0.,-1.));
#18661 = ( GEOMETRIC_REPRESENTATION_CONTEXT(2) 
PARAMETRIC_REPRESENTATION_CONTEXT() REPRESENTATION_CONTEXT('2D SPACE',''
  ) );
#18662 = PCURVE('',#18651,#18663);
#18663 = DEFINITIONAL_REPRESENTATION('',(#18664),#18668);
#18664 = LINE('',#18665,#18666);
#18665 = CARTESIAN_POINT('',(-6.28318530718,0.));
#18666 = VECTOR('',#18667,1.);
#18667 = DIRECTION('',(-0.,-1.));
#18668 = ( GEOMETRIC_REPRESENTATION_CONTEXT(2) 
PARAMETRIC_REPRESENTATION_CONTEXT() REPRESENTATION_CONTEXT('2D SPACE',''
  ) );
#18669 = ORIENTED_EDGE('',*,*,#18670,.T.);
#18670 = EDGE_CURVE('',#18643,#18643,#18671,.T.);
#18671 = SURFACE_CURVE('',#18672,(#18677,#18684),.PCURVE_S1.);
#18672 = CIRCLE('',#18673,52.25);
#18673 = AXIS2_PLACEMENT_3D('',#18674,#18675,#18676);
#18674 = CARTESIAN_POINT('',(0.,0.,3.9));
#18675 = DIRECTION('',(0.,0.,1.));
#18676 = DIRECTION('',(1.,0.,0.));
#18677 = PCURVE('',#18651,#18678);
#18678 = DEFINITIONAL_REPRESENTATION('',(#18679),#18683);
#18679 = LINE('',#18680,#18681);
#18680 = CARTESIAN_POINT('',(-0.,-1.5));
#18681 = VECTOR('',#18682,1.);
#18682 = DIRECTION('',(-1.,0.));
#18683 = ( GEOMETRIC_REPRESENTATION_CONTEXT(2) 
PARAMETRIC_REPRESENTATION_CONTEXT() REPRESENTATION_CONTEXT('2D SPACE',''
  ) );
#18684 = PCURVE('',#18685,#18690);
#18685 = PLANE('',#18686);
#18686 = AXIS2_PLACEMENT_3D('',#18687,#18688,#18689);
#18687 = CARTESIAN_POINT('',(-3.349901185934E-15,2.891925270386E-15,3.9)
  );
#18688 = DIRECTION('',(0.,0.,1.));
#18689 = DIRECTION('',(1.,0.,-0.));
#18690 = DEFINITIONAL_REPRESENTATION('',(#18691),#18695);
#18691 = CIRCLE('',#18692,52.25);
#18692 = AXIS2_PLACEMENT_2D('',#18693,#18694);
#18693 = CARTESIAN_POINT('',(3.349901185934E-15,-2.891925270386E-15));
#18694 = DIRECTION('',(1.,0.));
#18695 = ( GEOMETRIC_REPRESENTATION_CONTEXT(2) 
PARAMETRIC_REPRESENTATION_CONTEXT() REPRESENTATION_CONTEXT('2D SPACE',''
  ) );
#18696 = ORIENTED_EDGE('',*,*,#18640,.F.);
#18697 = ORIENTED_EDGE('',*,*,#18698,.F.);
#18698 = EDGE_CURVE('',#18641,#18641,#18699,.T.);
#18699 = SURFACE_CURVE('',#18700,(#18705,#18712),.PCURVE_S1.);
#18700 = CIRCLE('',#18701,52.25);
#18701 = AXIS2_PLACEMENT_3D('',#18702,#18703,#18704);
#18702 = CARTESIAN_POINT('',(0.,0.,2.4));
#18703 = DIRECTION('',(0.,0.,1.));
#18704 = DIRECTION('',(1.,0.,0.));
#18705 = PCURVE('',#18651,#18706);
#18706 = DEFINITIONAL_REPRESENTATION('',(#18707),#18711);
#18707 = LINE('',#18708,#18709);
#18708 = CARTESIAN_POINT('',(-0.,0.));
#18709 = VECTOR('',#18710,1.);
#18710 = DIRECTION('',(-1.,0.));
#18711 = ( GEOMETRIC_REPRESENTATION_CONTEXT(2) 
PARAMETRIC_REPRESENTATION_CONTEXT() REPRESENTATION_CONTEXT('2D SPACE',''
  ) );
#18712 = PCURVE('',#18713,#18718);
#18713 = PLANE('',#18714);
#18714 = AXIS2_PLACEMENT_3D('',#18715,#18716,#18717);
#18715 = CARTESIAN_POINT('',(-3.349901185934E-15,2.891925270386E-15,2.4)
  );
#18716 = DIRECTION('',(0.,0.,1.));
#18717 = DIRECTION('',(1.,0.,-0.));
#18718 = DEFINITIONAL_REPRESENTATION('',(#18719),#18723);
#18719 = CIRCLE('',#18720,52.25);
#18720 = AXIS2_PLACEMENT_2D('',#18721,#18722);
#18721 = CARTESIAN_POINT('',(3.349901185934E-15,-2.891925270386E-15));
#18722 = DIRECTION('',(1.,0.));
#18723 = ( GEOMETRIC_REPRESENTATION_CONTEXT(2) 
PARAMETRIC_REPRESENTATION_CONTEXT() REPRESENTATION_CONTEXT('2D SPACE',''
  ) );
#18724 = ADVANCED_FACE('',(#18725,#18728),#18713,.F.);
#18725 = FACE_BOUND('',#18726,.F.);
#18726 = EDGE_LOOP('',(#18727));
#18727 = ORIENTED_EDGE('',*,*,#18698,.T.);
#18728 = FACE_BOUND('',#18729,.F.);
#18729 = EDGE_LOOP('',(#18730));
#18730 = ORIENTED_EDGE('',*,*,#18731,.T.);
#18731 = EDGE_CURVE('',#18732,#18732,#18734,.T.);
#18732 = VERTEX_POINT('',#18733);
#18733 = CARTESIAN_POINT('',(49.75,0.,2.4));
#18734 = SURFACE_CURVE('',#18735,(#18740,#18751),.PCURVE_S1.);
#18735 = CIRCLE('',#18736,49.75);
#18736 = AXIS2_PLACEMENT_3D('',#18737,#18738,#18739);
#18737 = CARTESIAN_POINT('',(0.,0.,2.4));
#18738 = DIRECTION('',(0.,0.,-1.));
#18739 = DIRECTION('',(1.,0.,0.));
#18740 = PCURVE('',#18713,#18741);
#18741 = DEFINITIONAL_REPRESENTATION('',(#18742),#18750);
#18742 = ( BOUNDED_CURVE() B_SPLINE_CURVE(2,(#18743,#18744,#18745,#18746
    ,#18747,#18748,#18749),.UNSPECIFIED.,.T.,.F.) 
B_SPLINE_CURVE_WITH_KNOTS((1,2,2,2,2,1),(-2.094395102393,0.,
    2.094395102393,4.188790204786,6.28318530718,8.377580409573),
.UNSPECIFIED.) CURVE() GEOMETRIC_REPRESENTATION_ITEM() 
RATIONAL_B_SPLINE_CURVE((1.,0.5,1.,0.5,1.,0.5,1.)) REPRESENTATION_ITEM(
  '') );
#18743 = CARTESIAN_POINT('',(49.75,-2.891925270386E-15));
#18744 = CARTESIAN_POINT('',(49.75,-86.16952767655));
#18745 = CARTESIAN_POINT('',(-24.875,-43.08476383827));
#18746 = CARTESIAN_POINT('',(-99.5,-1.50771609219E-14));
#18747 = CARTESIAN_POINT('',(-24.875,43.084763838276));
#18748 = CARTESIAN_POINT('',(49.75,86.169527676552));
#18749 = CARTESIAN_POINT('',(49.75,-2.891925270386E-15));
#18750 = ( GEOMETRIC_REPRESENTATION_CONTEXT(2) 
PARAMETRIC_REPRESENTATION_CONTEXT() REPRESENTATION_CONTEXT('2D SPACE',''
  ) );
#18751 = PCURVE('',#18752,#18757);
#18752 = CYLINDRICAL_SURFACE('',#18753,49.75);
#18753 = AXIS2_PLACEMENT_3D('',#18754,#18755,#18756);
#18754 = CARTESIAN_POINT('',(0.,0.,2.39));
#18755 = DIRECTION('',(-0.,-0.,-1.));
#18756 = DIRECTION('',(1.,0.,0.));
#18757 = DEFINITIONAL_REPRESENTATION('',(#18758),#18762);
#18758 = LINE('',#18759,#18760);
#18759 = CARTESIAN_POINT('',(-6.28318530718,-1.E-02));
#18760 = VECTOR('',#18761,1.);
#18761 = DIRECTION('',(1.,-0.));
#18762 = ( GEOMETRIC_REPRESENTATION_CONTEXT(2) 
PARAMETRIC_REPRESENTATION_CONTEXT() REPRESENTATION_CONTEXT('2D SPACE',''
  ) );
#18763 = ADVANCED_FACE('',(#18764,#18767),#18685,.T.);
#18764 = FACE_BOUND('',#18765,.T.);
#18765 = EDGE_LOOP('',(#18766));
#18766 = ORIENTED_EDGE('',*,*,#18670,.T.);
#18767 = FACE_BOUND('',#18768,.T.);
#18768 = EDGE_LOOP('',(#18769));
#18769 = ORIENTED_EDGE('',*,*,#18770,.T.);
#18770 = EDGE_CURVE('',#18771,#18771,#18773,.T.);
#18771 = VERTEX_POINT('',#18772);
#18772 = CARTESIAN_POINT('',(49.75,0.,3.9));
#18773 = SURFACE_CURVE('',#18774,(#18779,#18790),.PCURVE_S1.);
#18774 = CIRCLE('',#18775,49.75);
#18775 = AXIS2_PLACEMENT_3D('',#18776,#18777,#18778);
#18776 = CARTESIAN_POINT('',(0.,0.,3.9));
#18777 = DIRECTION('',(0.,0.,-1.));
#18778 = DIRECTION('',(1.,0.,0.));
#18779 = PCURVE('',#18685,#18780);
#18780 = DEFINITIONAL_REPRESENTATION('',(#18781),#18789);
#18781 = ( BOUNDED_CURVE() B_SPLINE_CURVE(2,(#18782,#18783,#18784,#18785
    ,#18786,#18787,#18788),.UNSPECIFIED.,.T.,.F.) 
B_SPLINE_CURVE_WITH_KNOTS((1,2,2,2,2,1),(-2.094395102393,0.,
    2.094395102393,4.188790204786,6.28318530718,8.377580409573),
.UNSPECIFIED.) CURVE() GEOMETRIC_REPRESENTATION_ITEM() 
RATIONAL_B_SPLINE_CURVE((1.,0.5,1.,0.5,1.,0.5,1.)) REPRESENTATION_ITEM(
  '') );
#18782 = CARTESIAN_POINT('',(49.75,-2.891925270386E-15));
#18783 = CARTESIAN_POINT('',(49.75,-86.16952767655));
#18784 = CARTESIAN_POINT('',(-24.875,-43.08476383827));
#18785 = CARTESIAN_POINT('',(-99.5,-1.50771609219E-14));
#18786 = CARTESIAN_POINT('',(-24.875,43.084763838276));
#18787 = CARTESIAN_POINT('',(49.75,86.169527676552));
#18788 = CARTESIAN_POINT('',(49.75,-2.891925270386E-15));
#18789 = ( GEOMETRIC_REPRESENTATION_CONTEXT(2) 
PARAMETRIC_REPRESENTATION_CONTEXT() REPRESENTATION_CONTEXT('2D SPACE',''
  ) );
#18790 = PCURVE('',#18752,#18791);
#18791 = DEFINITIONAL_REPRESENTATION('',(#18792),#18796);
#18792 = LINE('',#18793,#18794);
#18793 = CARTESIAN_POINT('',(-6.28318530718,-1.51));
#18794 = VECTOR('',#18795,1.);
#18795 = DIRECTION('',(1.,-0.));
#18796 = ( GEOMETRIC_REPRESENTATION_CONTEXT(2) 
PARAMETRIC_REPRESENTATION_CONTEXT() REPRESENTATION_CONTEXT('2D SPACE',''
  ) );
#18797 = ADVANCED_FACE('',(#18798),#18752,.F.);
#18798 = FACE_BOUND('',#18799,.T.);
#18799 = EDGE_LOOP('',(#18800,#18801,#18822,#18823));
#18800 = ORIENTED_EDGE('',*,*,#18731,.T.);
#18801 = ORIENTED_EDGE('',*,*,#18802,.T.);
#18802 = EDGE_CURVE('',#18732,#18771,#18803,.T.);
#18803 = SEAM_CURVE('',#18804,(#18808,#18815),.PCURVE_S1.);
#18804 = LINE('',#18805,#18806);
#18805 = CARTESIAN_POINT('',(49.75,0.,2.39));
#18806 = VECTOR('',#18807,1.);
#18807 = DIRECTION('',(0.,0.,1.));
#18808 = PCURVE('',#18752,#18809);
#18809 = DEFINITIONAL_REPRESENTATION('',(#18810),#18814);
#18810 = LINE('',#18811,#18812);
#18811 = CARTESIAN_POINT('',(-6.28318530718,0.));
#18812 = VECTOR('',#18813,1.);
#18813 = DIRECTION('',(-0.,-1.));
#18814 = ( GEOMETRIC_REPRESENTATION_CONTEXT(2) 
PARAMETRIC_REPRESENTATION_CONTEXT() REPRESENTATION_CONTEXT('2D SPACE',''
  ) );
#18815 = PCURVE('',#18752,#18816);
#18816 = DEFINITIONAL_REPRESENTATION('',(#18817),#18821);
#18817 = LINE('',#18818,#18819);
#18818 = CARTESIAN_POINT('',(-0.,0.));
#18819 = VECTOR('',#18820,1.);
#18820 = DIRECTION('',(-0.,-1.));
#18821 = ( GEOMETRIC_REPRESENTATION_CONTEXT(2) 
PARAMETRIC_REPRESENTATION_CONTEXT() REPRESENTATION_CONTEXT('2D SPACE',''
  ) );
#18822 = ORIENTED_EDGE('',*,*,#18770,.F.);
#18823 = ORIENTED_EDGE('',*,*,#18802,.F.);
#18824 = ( GEOMETRIC_REPRESENTATION_CONTEXT(3) 
GLOBAL_UNCERTAINTY_ASSIGNED_CONTEXT((#18828)) 
GLOBAL_UNIT_ASSIGNED_CONTEXT((#18825,#18826,#18827)) 
REPRESENTATION_CONTEXT('Context #1',
  '3D Context with UNIT and UNCERTAINTY') );
#18825 = ( LENGTH_UNIT() NAMED_UNIT(*) SI_UNIT(.MILLI.,.METRE.) );
#18826 = ( NAMED_UNIT(*) PLANE_ANGLE_UNIT() SI_UNIT($,.RADIAN.) );
#18827 = ( NAMED_UNIT(*) SI_UNIT($,.STERADIAN.) SOLID_ANGLE_UNIT() );
#18828 = UNCERTAINTY_MEASURE_WITH_UNIT(LENGTH_MEASURE(1.E-07),#18825,
  'distance_accuracy_value','confusion accuracy');
#18829 = CONTEXT_DEPENDENT_SHAPE_REPRESENTATION(#18830,#18832);
#18830 = ( REPRESENTATION_RELATIONSHIP('','',#18633,#10) 
REPRESENTATION_RELATIONSHIP_WITH_TRANSFORMATION(#18831) 
SHAPE_REPRESENTATION_RELATIONSHIP() );
#18831 = ITEM_DEFINED_TRANSFORMATION('','',#11,#99);
#18832 = PRODUCT_DEFINITION_SHAPE('Placement','Placement of an item',
  #18833);
#18833 = NEXT_ASSEMBLY_USAGE_OCCURRENCE('22',
  'rear_oring_installed_envelope','',#5,#18628,$);
#18834 = PRODUCT_RELATED_PRODUCT_CATEGORY('part',$,(#18630));
#18835 = SHAPE_DEFINITION_REPRESENTATION(#18836,#18842);
#18836 = PRODUCT_DEFINITION_SHAPE('','',#18837);
#18837 = PRODUCT_DEFINITION('design','',#18838,#18841);
#18838 = PRODUCT_DEFINITION_FORMATION('','',#18839);
#18839 = PRODUCT('battery_holder_envelope','battery_holder_envelope','',
  (#18840));
#18840 = PRODUCT_CONTEXT('',#2,'mechanical');
#18841 = PRODUCT_DEFINITION_CONTEXT('part definition',#2,'design');
#18842 = ADVANCED_BREP_SHAPE_REPRESENTATION('',(#11,#18843),#19173);
#18843 = MANIFOLD_SOLID_BREP('',#18844);
#18844 = CLOSED_SHELL('',(#18845,#18965,#19065,#19112,#19159,#19166));
#18845 = ADVANCED_FACE('',(#18846),#18860,.F.);
#18846 = FACE_BOUND('',#18847,.F.);
#18847 = EDGE_LOOP('',(#18848,#18883,#18911,#18939));
#18848 = ORIENTED_EDGE('',*,*,#18849,.F.);
#18849 = EDGE_CURVE('',#18850,#18852,#18854,.T.);
#18850 = VERTEX_POINT('',#18851);
#18851 = CARTESIAN_POINT('',(-28.575,-38.205,3.4));
#18852 = VERTEX_POINT('',#18853);
#18853 = CARTESIAN_POINT('',(-28.575,-38.205,20.79));
#18854 = SURFACE_CURVE('',#18855,(#18859,#18871),.PCURVE_S1.);
#18855 = LINE('',#18856,#18857);
#18856 = CARTESIAN_POINT('',(-28.575,-38.205,3.4));
#18857 = VECTOR('',#18858,1.);
#18858 = DIRECTION('',(0.,0.,1.));
#18859 = PCURVE('',#18860,#18865);
#18860 = PLANE('',#18861);
#18861 = AXIS2_PLACEMENT_3D('',#18862,#18863,#18864);
#18862 = CARTESIAN_POINT('',(-28.575,-38.205,3.4));
#18863 = DIRECTION('',(1.,0.,0.));
#18864 = DIRECTION('',(0.,0.,1.));
#18865 = DEFINITIONAL_REPRESENTATION('',(#18866),#18870);
#18866 = LINE('',#18867,#18868);
#18867 = CARTESIAN_POINT('',(0.,0.));
#18868 = VECTOR('',#18869,1.);
#18869 = DIRECTION('',(1.,0.));
#18870 = ( GEOMETRIC_REPRESENTATION_CONTEXT(2) 
PARAMETRIC_REPRESENTATION_CONTEXT() REPRESENTATION_CONTEXT('2D SPACE',''
  ) );
#18871 = PCURVE('',#18872,#18877);
#18872 = PLANE('',#18873);
#18873 = AXIS2_PLACEMENT_3D('',#18874,#18875,#18876);
#18874 = CARTESIAN_POINT('',(-28.575,-38.205,3.4));
#18875 = DIRECTION('',(0.,1.,0.));
#18876 = DIRECTION('',(0.,0.,1.));
#18877 = DEFINITIONAL_REPRESENTATION('',(#18878),#18882);
#18878 = LINE('',#18879,#18880);
#18879 = CARTESIAN_POINT('',(0.,0.));
#18880 = VECTOR('',#18881,1.);
#18881 = DIRECTION('',(1.,0.));
#18882 = ( GEOMETRIC_REPRESENTATION_CONTEXT(2) 
PARAMETRIC_REPRESENTATION_CONTEXT() REPRESENTATION_CONTEXT('2D SPACE',''
  ) );
#18883 = ORIENTED_EDGE('',*,*,#18884,.T.);
#18884 = EDGE_CURVE('',#18850,#18885,#18887,.T.);
#18885 = VERTEX_POINT('',#18886);
#18886 = CARTESIAN_POINT('',(-28.575,8.405,3.4));
#18887 = SURFACE_CURVE('',#18888,(#18892,#18899),.PCURVE_S1.);
#18888 = LINE('',#18889,#18890);
#18889 = CARTESIAN_POINT('',(-28.575,-38.205,3.4));
#18890 = VECTOR('',#18891,1.);
#18891 = DIRECTION('',(0.,1.,0.));
#18892 = PCURVE('',#18860,#18893);
#18893 = DEFINITIONAL_REPRESENTATION('',(#18894),#18898);
#18894 = LINE('',#18895,#18896);
#18895 = CARTESIAN_POINT('',(0.,0.));
#18896 = VECTOR('',#18897,1.);
#18897 = DIRECTION('',(0.,-1.));
#18898 = ( GEOMETRIC_REPRESENTATION_CONTEXT(2) 
PARAMETRIC_REPRESENTATION_CONTEXT() REPRESENTATION_CONTEXT('2D SPACE',''
  ) );
#18899 = PCURVE('',#18900,#18905);
#18900 = PLANE('',#18901);
#18901 = AXIS2_PLACEMENT_3D('',#18902,#18903,#18904);
#18902 = CARTESIAN_POINT('',(-28.575,-38.205,3.4));
#18903 = DIRECTION('',(0.,0.,1.));
#18904 = DIRECTION('',(1.,0.,0.));
#18905 = DEFINITIONAL_REPRESENTATION('',(#18906),#18910);
#18906 = LINE('',#18907,#18908);
#18907 = CARTESIAN_POINT('',(0.,0.));
#18908 = VECTOR('',#18909,1.);
#18909 = DIRECTION('',(0.,1.));
#18910 = ( GEOMETRIC_REPRESENTATION_CONTEXT(2) 
PARAMETRIC_REPRESENTATION_CONTEXT() REPRESENTATION_CONTEXT('2D SPACE',''
  ) );
#18911 = ORIENTED_EDGE('',*,*,#18912,.T.);
#18912 = EDGE_CURVE('',#18885,#18913,#18915,.T.);
#18913 = VERTEX_POINT('',#18914);
#18914 = CARTESIAN_POINT('',(-28.575,8.405,20.79));
#18915 = SURFACE_CURVE('',#18916,(#18920,#18927),.PCURVE_S1.);
#18916 = LINE('',#18917,#18918);
#18917 = CARTESIAN_POINT('',(-28.575,8.405,3.4));
#18918 = VECTOR('',#18919,1.);
#18919 = DIRECTION('',(0.,0.,1.));
#18920 = PCURVE('',#18860,#18921);
#18921 = DEFINITIONAL_REPRESENTATION('',(#18922),#18926);
#18922 = LINE('',#18923,#18924);
#18923 = CARTESIAN_POINT('',(0.,-46.61));
#18924 = VECTOR('',#18925,1.);
#18925 = DIRECTION('',(1.,0.));
#18926 = ( GEOMETRIC_REPRESENTATION_CONTEXT(2) 
PARAMETRIC_REPRESENTATION_CONTEXT() REPRESENTATION_CONTEXT('2D SPACE',''
  ) );
#18927 = PCURVE('',#18928,#18933);
#18928 = PLANE('',#18929);
#18929 = AXIS2_PLACEMENT_3D('',#18930,#18931,#18932);
#18930 = CARTESIAN_POINT('',(-28.575,8.405,3.4));
#18931 = DIRECTION('',(0.,1.,0.));
#18932 = DIRECTION('',(0.,0.,1.));
#18933 = DEFINITIONAL_REPRESENTATION('',(#18934),#18938);
#18934 = LINE('',#18935,#18936);
#18935 = CARTESIAN_POINT('',(0.,0.));
#18936 = VECTOR('',#18937,1.);
#18937 = DIRECTION('',(1.,0.));
#18938 = ( GEOMETRIC_REPRESENTATION_CONTEXT(2) 
PARAMETRIC_REPRESENTATION_CONTEXT() REPRESENTATION_CONTEXT('2D SPACE',''
  ) );
#18939 = ORIENTED_EDGE('',*,*,#18940,.F.);
#18940 = EDGE_CURVE('',#18852,#18913,#18941,.T.);
#18941 = SURFACE_CURVE('',#18942,(#18946,#18953),.PCURVE_S1.);
#18942 = LINE('',#18943,#18944);
#18943 = CARTESIAN_POINT('',(-28.575,-38.205,20.79));
#18944 = VECTOR('',#18945,1.);
#18945 = DIRECTION('',(0.,1.,0.));
#18946 = PCURVE('',#18860,#18947);
#18947 = DEFINITIONAL_REPRESENTATION('',(#18948),#18952);
#18948 = LINE('',#18949,#18950);
#18949 = CARTESIAN_POINT('',(17.39,0.));
#18950 = VECTOR('',#18951,1.);
#18951 = DIRECTION('',(0.,-1.));
#18952 = ( GEOMETRIC_REPRESENTATION_CONTEXT(2) 
PARAMETRIC_REPRESENTATION_CONTEXT() REPRESENTATION_CONTEXT('2D SPACE',''
  ) );
#18953 = PCURVE('',#18954,#18959);
#18954 = PLANE('',#18955);
#18955 = AXIS2_PLACEMENT_3D('',#18956,#18957,#18958);
#18956 = CARTESIAN_POINT('',(-28.575,-38.205,20.79));
#18957 = DIRECTION('',(0.,0.,1.));
#18958 = DIRECTION('',(1.,0.,0.));
#18959 = DEFINITIONAL_REPRESENTATION('',(#18960),#18964);
#18960 = LINE('',#18961,#18962);
#18961 = CARTESIAN_POINT('',(0.,0.));
#18962 = VECTOR('',#18963,1.);
#18963 = DIRECTION('',(0.,1.));
#18964 = ( GEOMETRIC_REPRESENTATION_CONTEXT(2) 
PARAMETRIC_REPRESENTATION_CONTEXT() REPRESENTATION_CONTEXT('2D SPACE',''
  ) );
#18965 = ADVANCED_FACE('',(#18966),#18980,.T.);
#18966 = FACE_BOUND('',#18967,.T.);
#18967 = EDGE_LOOP('',(#18968,#18998,#19021,#19044));
#18968 = ORIENTED_EDGE('',*,*,#18969,.F.);
#18969 = EDGE_CURVE('',#18970,#18972,#18974,.T.);
#18970 = VERTEX_POINT('',#18971);
#18971 = CARTESIAN_POINT('',(28.575,-38.205,3.4));
#18972 = VERTEX_POINT('',#18973);
#18973 = CARTESIAN_POINT('',(28.575,-38.205,20.79));
#18974 = SURFACE_CURVE('',#18975,(#18979,#18991),.PCURVE_S1.);
#18975 = LINE('',#18976,#18977);
#18976 = CARTESIAN_POINT('',(28.575,-38.205,3.4));
#18977 = VECTOR('',#18978,1.);
#18978 = DIRECTION('',(0.,0.,1.));
#18979 = PCURVE('',#18980,#18985);
#18980 = PLANE('',#18981);
#18981 = AXIS2_PLACEMENT_3D('',#18982,#18983,#18984);
#18982 = CARTESIAN_POINT('',(28.575,-38.205,3.4));
#18983 = DIRECTION('',(1.,0.,0.));
#18984 = DIRECTION('',(0.,0.,1.));
#18985 = DEFINITIONAL_REPRESENTATION('',(#18986),#18990);
#18986 = LINE('',#18987,#18988);
#18987 = CARTESIAN_POINT('',(0.,0.));
#18988 = VECTOR('',#18989,1.);
#18989 = DIRECTION('',(1.,0.));
#18990 = ( GEOMETRIC_REPRESENTATION_CONTEXT(2) 
PARAMETRIC_REPRESENTATION_CONTEXT() REPRESENTATION_CONTEXT('2D SPACE',''
  ) );
#18991 = PCURVE('',#18872,#18992);
#18992 = DEFINITIONAL_REPRESENTATION('',(#18993),#18997);
#18993 = LINE('',#18994,#18995);
#18994 = CARTESIAN_POINT('',(0.,57.15));
#18995 = VECTOR('',#18996,1.);
#18996 = DIRECTION('',(1.,0.));
#18997 = ( GEOMETRIC_REPRESENTATION_CONTEXT(2) 
PARAMETRIC_REPRESENTATION_CONTEXT() REPRESENTATION_CONTEXT('2D SPACE',''
  ) );
#18998 = ORIENTED_EDGE('',*,*,#18999,.T.);
#18999 = EDGE_CURVE('',#18970,#19000,#19002,.T.);
#19000 = VERTEX_POINT('',#19001);
#19001 = CARTESIAN_POINT('',(28.575,8.405,3.4));
#19002 = SURFACE_CURVE('',#19003,(#19007,#19014),.PCURVE_S1.);
#19003 = LINE('',#19004,#19005);
#19004 = CARTESIAN_POINT('',(28.575,-38.205,3.4));
#19005 = VECTOR('',#19006,1.);
#19006 = DIRECTION('',(0.,1.,0.));
#19007 = PCURVE('',#18980,#19008);
#19008 = DEFINITIONAL_REPRESENTATION('',(#19009),#19013);
#19009 = LINE('',#19010,#19011);
#19010 = CARTESIAN_POINT('',(0.,0.));
#19011 = VECTOR('',#19012,1.);
#19012 = DIRECTION('',(0.,-1.));
#19013 = ( GEOMETRIC_REPRESENTATION_CONTEXT(2) 
PARAMETRIC_REPRESENTATION_CONTEXT() REPRESENTATION_CONTEXT('2D SPACE',''
  ) );
#19014 = PCURVE('',#18900,#19015);
#19015 = DEFINITIONAL_REPRESENTATION('',(#19016),#19020);
#19016 = LINE('',#19017,#19018);
#19017 = CARTESIAN_POINT('',(57.15,0.));
#19018 = VECTOR('',#19019,1.);
#19019 = DIRECTION('',(0.,1.));
#19020 = ( GEOMETRIC_REPRESENTATION_CONTEXT(2) 
PARAMETRIC_REPRESENTATION_CONTEXT() REPRESENTATION_CONTEXT('2D SPACE',''
  ) );
#19021 = ORIENTED_EDGE('',*,*,#19022,.T.);
#19022 = EDGE_CURVE('',#19000,#19023,#19025,.T.);
#19023 = VERTEX_POINT('',#19024);
#19024 = CARTESIAN_POINT('',(28.575,8.405,20.79));
#19025 = SURFACE_CURVE('',#19026,(#19030,#19037),.PCURVE_S1.);
#19026 = LINE('',#19027,#19028);
#19027 = CARTESIAN_POINT('',(28.575,8.405,3.4));
#19028 = VECTOR('',#19029,1.);
#19029 = DIRECTION('',(0.,0.,1.));
#19030 = PCURVE('',#18980,#19031);
#19031 = DEFINITIONAL_REPRESENTATION('',(#19032),#19036);
#19032 = LINE('',#19033,#19034);
#19033 = CARTESIAN_POINT('',(0.,-46.61));
#19034 = VECTOR('',#19035,1.);
#19035 = DIRECTION('',(1.,0.));
#19036 = ( GEOMETRIC_REPRESENTATION_CONTEXT(2) 
PARAMETRIC_REPRESENTATION_CONTEXT() REPRESENTATION_CONTEXT('2D SPACE',''
  ) );
#19037 = PCURVE('',#18928,#19038);
#19038 = DEFINITIONAL_REPRESENTATION('',(#19039),#19043);
#19039 = LINE('',#19040,#19041);
#19040 = CARTESIAN_POINT('',(0.,57.15));
#19041 = VECTOR('',#19042,1.);
#19042 = DIRECTION('',(1.,0.));
#19043 = ( GEOMETRIC_REPRESENTATION_CONTEXT(2) 
PARAMETRIC_REPRESENTATION_CONTEXT() REPRESENTATION_CONTEXT('2D SPACE',''
  ) );
#19044 = ORIENTED_EDGE('',*,*,#19045,.F.);
#19045 = EDGE_CURVE('',#18972,#19023,#19046,.T.);
#19046 = SURFACE_CURVE('',#19047,(#19051,#19058),.PCURVE_S1.);
#19047 = LINE('',#19048,#19049);
#19048 = CARTESIAN_POINT('',(28.575,-38.205,20.79));
#19049 = VECTOR('',#19050,1.);
#19050 = DIRECTION('',(0.,1.,0.));
#19051 = PCURVE('',#18980,#19052);
#19052 = DEFINITIONAL_REPRESENTATION('',(#19053),#19057);
#19053 = LINE('',#19054,#19055);
#19054 = CARTESIAN_POINT('',(17.39,0.));
#19055 = VECTOR('',#19056,1.);
#19056 = DIRECTION('',(0.,-1.));
#19057 = ( GEOMETRIC_REPRESENTATION_CONTEXT(2) 
PARAMETRIC_REPRESENTATION_CONTEXT() REPRESENTATION_CONTEXT('2D SPACE',''
  ) );
#19058 = PCURVE('',#18954,#19059);
#19059 = DEFINITIONAL_REPRESENTATION('',(#19060),#19064);
#19060 = LINE('',#19061,#19062);
#19061 = CARTESIAN_POINT('',(57.15,0.));
#19062 = VECTOR('',#19063,1.);
#19063 = DIRECTION('',(0.,1.));
#19064 = ( GEOMETRIC_REPRESENTATION_CONTEXT(2) 
PARAMETRIC_REPRESENTATION_CONTEXT() REPRESENTATION_CONTEXT('2D SPACE',''
  ) );
#19065 = ADVANCED_FACE('',(#19066),#18872,.F.);
#19066 = FACE_BOUND('',#19067,.F.);
#19067 = EDGE_LOOP('',(#19068,#19089,#19090,#19111));
#19068 = ORIENTED_EDGE('',*,*,#19069,.F.);
#19069 = EDGE_CURVE('',#18850,#18970,#19070,.T.);
#19070 = SURFACE_CURVE('',#19071,(#19075,#19082),.PCURVE_S1.);
#19071 = LINE('',#19072,#19073);
#19072 = CARTESIAN_POINT('',(-28.575,-38.205,3.4));
#19073 = VECTOR('',#19074,1.);
#19074 = DIRECTION('',(1.,0.,0.));
#19075 = PCURVE('',#18872,#19076);
#19076 = DEFINITIONAL_REPRESENTATION('',(#19077),#19081);
#19077 = LINE('',#19078,#19079);
#19078 = CARTESIAN_POINT('',(0.,0.));
#19079 = VECTOR('',#19080,1.);
#19080 = DIRECTION('',(0.,1.));
#19081 = ( GEOMETRIC_REPRESENTATION_CONTEXT(2) 
PARAMETRIC_REPRESENTATION_CONTEXT() REPRESENTATION_CONTEXT('2D SPACE',''
  ) );
#19082 = PCURVE('',#18900,#19083);
#19083 = DEFINITIONAL_REPRESENTATION('',(#19084),#19088);
#19084 = LINE('',#19085,#19086);
#19085 = CARTESIAN_POINT('',(0.,0.));
#19086 = VECTOR('',#19087,1.);
#19087 = DIRECTION('',(1.,0.));
#19088 = ( GEOMETRIC_REPRESENTATION_CONTEXT(2) 
PARAMETRIC_REPRESENTATION_CONTEXT() REPRESENTATION_CONTEXT('2D SPACE',''
  ) );
#19089 = ORIENTED_EDGE('',*,*,#18849,.T.);
#19090 = ORIENTED_EDGE('',*,*,#19091,.T.);
#19091 = EDGE_CURVE('',#18852,#18972,#19092,.T.);
#19092 = SURFACE_CURVE('',#19093,(#19097,#19104),.PCURVE_S1.);
#19093 = LINE('',#19094,#19095);
#19094 = CARTESIAN_POINT('',(-28.575,-38.205,20.79));
#19095 = VECTOR('',#19096,1.);
#19096 = DIRECTION('',(1.,0.,0.));
#19097 = PCURVE('',#18872,#19098);
#19098 = DEFINITIONAL_REPRESENTATION('',(#19099),#19103);
#19099 = LINE('',#19100,#19101);
#19100 = CARTESIAN_POINT('',(17.39,0.));
#19101 = VECTOR('',#19102,1.);
#19102 = DIRECTION('',(0.,1.));
#19103 = ( GEOMETRIC_REPRESENTATION_CONTEXT(2) 
PARAMETRIC_REPRESENTATION_CONTEXT() REPRESENTATION_CONTEXT('2D SPACE',''
  ) );
#19104 = PCURVE('',#18954,#19105);
#19105 = DEFINITIONAL_REPRESENTATION('',(#19106),#19110);
#19106 = LINE('',#19107,#19108);
#19107 = CARTESIAN_POINT('',(0.,0.));
#19108 = VECTOR('',#19109,1.);
#19109 = DIRECTION('',(1.,0.));
#19110 = ( GEOMETRIC_REPRESENTATION_CONTEXT(2) 
PARAMETRIC_REPRESENTATION_CONTEXT() REPRESENTATION_CONTEXT('2D SPACE',''
  ) );
#19111 = ORIENTED_EDGE('',*,*,#18969,.F.);
#19112 = ADVANCED_FACE('',(#19113),#18928,.T.);
#19113 = FACE_BOUND('',#19114,.T.);
#19114 = EDGE_LOOP('',(#19115,#19136,#19137,#19158));
#19115 = ORIENTED_EDGE('',*,*,#19116,.F.);
#19116 = EDGE_CURVE('',#18885,#19000,#19117,.T.);
#19117 = SURFACE_CURVE('',#19118,(#19122,#19129),.PCURVE_S1.);
#19118 = LINE('',#19119,#19120);
#19119 = CARTESIAN_POINT('',(-28.575,8.405,3.4));
#19120 = VECTOR('',#19121,1.);
#19121 = DIRECTION('',(1.,0.,0.));
#19122 = PCURVE('',#18928,#19123);
#19123 = DEFINITIONAL_REPRESENTATION('',(#19124),#19128);
#19124 = LINE('',#19125,#19126);
#19125 = CARTESIAN_POINT('',(0.,0.));
#19126 = VECTOR('',#19127,1.);
#19127 = DIRECTION('',(0.,1.));
#19128 = ( GEOMETRIC_REPRESENTATION_CONTEXT(2) 
PARAMETRIC_REPRESENTATION_CONTEXT() REPRESENTATION_CONTEXT('2D SPACE',''
  ) );
#19129 = PCURVE('',#18900,#19130);
#19130 = DEFINITIONAL_REPRESENTATION('',(#19131),#19135);
#19131 = LINE('',#19132,#19133);
#19132 = CARTESIAN_POINT('',(0.,46.61));
#19133 = VECTOR('',#19134,1.);
#19134 = DIRECTION('',(1.,0.));
#19135 = ( GEOMETRIC_REPRESENTATION_CONTEXT(2) 
PARAMETRIC_REPRESENTATION_CONTEXT() REPRESENTATION_CONTEXT('2D SPACE',''
  ) );
#19136 = ORIENTED_EDGE('',*,*,#18912,.T.);
#19137 = ORIENTED_EDGE('',*,*,#19138,.T.);
#19138 = EDGE_CURVE('',#18913,#19023,#19139,.T.);
#19139 = SURFACE_CURVE('',#19140,(#19144,#19151),.PCURVE_S1.);
#19140 = LINE('',#19141,#19142);
#19141 = CARTESIAN_POINT('',(-28.575,8.405,20.79));
#19142 = VECTOR('',#19143,1.);
#19143 = DIRECTION('',(1.,0.,0.));
#19144 = PCURVE('',#18928,#19145);
#19145 = DEFINITIONAL_REPRESENTATION('',(#19146),#19150);
#19146 = LINE('',#19147,#19148);
#19147 = CARTESIAN_POINT('',(17.39,0.));
#19148 = VECTOR('',#19149,1.);
#19149 = DIRECTION('',(0.,1.));
#19150 = ( GEOMETRIC_REPRESENTATION_CONTEXT(2) 
PARAMETRIC_REPRESENTATION_CONTEXT() REPRESENTATION_CONTEXT('2D SPACE',''
  ) );
#19151 = PCURVE('',#18954,#19152);
#19152 = DEFINITIONAL_REPRESENTATION('',(#19153),#19157);
#19153 = LINE('',#19154,#19155);
#19154 = CARTESIAN_POINT('',(0.,46.61));
#19155 = VECTOR('',#19156,1.);
#19156 = DIRECTION('',(1.,0.));
#19157 = ( GEOMETRIC_REPRESENTATION_CONTEXT(2) 
PARAMETRIC_REPRESENTATION_CONTEXT() REPRESENTATION_CONTEXT('2D SPACE',''
  ) );
#19158 = ORIENTED_EDGE('',*,*,#19022,.F.);
#19159 = ADVANCED_FACE('',(#19160),#18900,.F.);
#19160 = FACE_BOUND('',#19161,.F.);
#19161 = EDGE_LOOP('',(#19162,#19163,#19164,#19165));
#19162 = ORIENTED_EDGE('',*,*,#18884,.F.);
#19163 = ORIENTED_EDGE('',*,*,#19069,.T.);
#19164 = ORIENTED_EDGE('',*,*,#18999,.T.);
#19165 = ORIENTED_EDGE('',*,*,#19116,.F.);
#19166 = ADVANCED_FACE('',(#19167),#18954,.T.);
#19167 = FACE_BOUND('',#19168,.T.);
#19168 = EDGE_LOOP('',(#19169,#19170,#19171,#19172));
#19169 = ORIENTED_EDGE('',*,*,#18940,.F.);
#19170 = ORIENTED_EDGE('',*,*,#19091,.T.);
#19171 = ORIENTED_EDGE('',*,*,#19045,.T.);
#19172 = ORIENTED_EDGE('',*,*,#19138,.F.);
#19173 = ( GEOMETRIC_REPRESENTATION_CONTEXT(3) 
GLOBAL_UNCERTAINTY_ASSIGNED_CONTEXT((#19177)) 
GLOBAL_UNIT_ASSIGNED_CONTEXT((#19174,#19175,#19176)) 
REPRESENTATION_CONTEXT('Context #1',
  '3D Context with UNIT and UNCERTAINTY') );
#19174 = ( LENGTH_UNIT() NAMED_UNIT(*) SI_UNIT(.MILLI.,.METRE.) );
#19175 = ( NAMED_UNIT(*) PLANE_ANGLE_UNIT() SI_UNIT($,.RADIAN.) );
#19176 = ( NAMED_UNIT(*) SI_UNIT($,.STERADIAN.) SOLID_ANGLE_UNIT() );
#19177 = UNCERTAINTY_MEASURE_WITH_UNIT(LENGTH_MEASURE(1.E-07),#19174,
  'distance_accuracy_value','confusion accuracy');
#19178 = CONTEXT_DEPENDENT_SHAPE_REPRESENTATION(#19179,#19181);
#19179 = ( REPRESENTATION_RELATIONSHIP('','',#18842,#10) 
REPRESENTATION_RELATIONSHIP_WITH_TRANSFORMATION(#19180) 
SHAPE_REPRESENTATION_RELATIONSHIP() );
#19180 = ITEM_DEFINED_TRANSFORMATION('','',#11,#103);
#19181 = PRODUCT_DEFINITION_SHAPE('Placement','Placement of an item',
  #19182);
#19182 = NEXT_ASSEMBLY_USAGE_OCCURRENCE('23','battery_holder_envelope',
  '',#5,#18837,$);
#19183 = PRODUCT_RELATED_PRODUCT_CATEGORY('part',$,(#18839));
#19184 = SHAPE_DEFINITION_REPRESENTATION(#19185,#19191);
#19185 = PRODUCT_DEFINITION_SHAPE('','',#19186);
#19186 = PRODUCT_DEFINITION('design','',#19187,#19190);
#19187 = PRODUCT_DEFINITION_FORMATION('','',#19188);
#19188 = PRODUCT('radar_pcb_envelope','radar_pcb_envelope','',(#19189));
#19189 = PRODUCT_CONTEXT('',#2,'mechanical');
#19190 = PRODUCT_DEFINITION_CONTEXT('part definition',#2,'design');
#19191 = ADVANCED_BREP_SHAPE_REPRESENTATION('',(#11,#19192),#19522);
#19192 = MANIFOLD_SOLID_BREP('',#19193);
#19193 = CLOSED_SHELL('',(#19194,#19314,#19414,#19461,#19508,#19515));
#19194 = ADVANCED_FACE('',(#19195),#19209,.F.);
#19195 = FACE_BOUND('',#19196,.F.);
#19196 = EDGE_LOOP('',(#19197,#19232,#19260,#19288));
#19197 = ORIENTED_EDGE('',*,*,#19198,.F.);
#19198 = EDGE_CURVE('',#19199,#19201,#19203,.T.);
#19199 = VERTEX_POINT('',#19200);
#19200 = CARTESIAN_POINT('',(7.029,-20.535,37.010518));
#19201 = VERTEX_POINT('',#19202);
#19202 = CARTESIAN_POINT('',(7.029,-20.535,38.));
#19203 = SURFACE_CURVE('',#19204,(#19208,#19220),.PCURVE_S1.);
#19204 = LINE('',#19205,#19206);
#19205 = CARTESIAN_POINT('',(7.029,-20.535,37.010518));
#19206 = VECTOR('',#19207,1.);
#19207 = DIRECTION('',(0.,0.,1.));
#19208 = PCURVE('',#19209,#19214);
#19209 = PLANE('',#19210);
#19210 = AXIS2_PLACEMENT_3D('',#19211,#19212,#19213);
#19211 = CARTESIAN_POINT('',(7.029,-20.535,37.010518));
#19212 = DIRECTION('',(1.,0.,0.));
#19213 = DIRECTION('',(0.,0.,1.));
#19214 = DEFINITIONAL_REPRESENTATION('',(#19215),#19219);
#19215 = LINE('',#19216,#19217);
#19216 = CARTESIAN_POINT('',(0.,0.));
#19217 = VECTOR('',#19218,1.);
#19218 = DIRECTION('',(1.,0.));
#19219 = ( GEOMETRIC_REPRESENTATION_CONTEXT(2) 
PARAMETRIC_REPRESENTATION_CONTEXT() REPRESENTATION_CONTEXT('2D SPACE',''
  ) );
#19220 = PCURVE('',#19221,#19226);
#19221 = PLANE('',#19222);
#19222 = AXIS2_PLACEMENT_3D('',#19223,#19224,#19225);
#19223 = CARTESIAN_POINT('',(7.029,-20.535,37.010518));
#19224 = DIRECTION('',(0.,1.,0.));
#19225 = DIRECTION('',(0.,0.,1.));
#19226 = DEFINITIONAL_REPRESENTATION('',(#19227),#19231);
#19227 = LINE('',#19228,#19229);
#19228 = CARTESIAN_POINT('',(0.,0.));
#19229 = VECTOR('',#19230,1.);
#19230 = DIRECTION('',(1.,0.));
#19231 = ( GEOMETRIC_REPRESENTATION_CONTEXT(2) 
PARAMETRIC_REPRESENTATION_CONTEXT() REPRESENTATION_CONTEXT('2D SPACE',''
  ) );
#19232 = ORIENTED_EDGE('',*,*,#19233,.T.);
#19233 = EDGE_CURVE('',#19199,#19234,#19236,.T.);
#19234 = VERTEX_POINT('',#19235);
#19235 = CARTESIAN_POINT('',(7.029,-4.535,37.010518));
#19236 = SURFACE_CURVE('',#19237,(#19241,#19248),.PCURVE_S1.);
#19237 = LINE('',#19238,#19239);
#19238 = CARTESIAN_POINT('',(7.029,-20.535,37.010518));
#19239 = VECTOR('',#19240,1.);
#19240 = DIRECTION('',(0.,1.,0.));
#19241 = PCURVE('',#19209,#19242);
#19242 = DEFINITIONAL_REPRESENTATION('',(#19243),#19247);
#19243 = LINE('',#19244,#19245);
#19244 = CARTESIAN_POINT('',(0.,0.));
#19245 = VECTOR('',#19246,1.);
#19246 = DIRECTION('',(0.,-1.));
#19247 = ( GEOMETRIC_REPRESENTATION_CONTEXT(2) 
PARAMETRIC_REPRESENTATION_CONTEXT() REPRESENTATION_CONTEXT('2D SPACE',''
  ) );
#19248 = PCURVE('',#19249,#19254);
#19249 = PLANE('',#19250);
#19250 = AXIS2_PLACEMENT_3D('',#19251,#19252,#19253);
#19251 = CARTESIAN_POINT('',(7.029,-20.535,37.010518));
#19252 = DIRECTION('',(0.,0.,1.));
#19253 = DIRECTION('',(1.,0.,0.));
#19254 = DEFINITIONAL_REPRESENTATION('',(#19255),#19259);
#19255 = LINE('',#19256,#19257);
#19256 = CARTESIAN_POINT('',(0.,0.));
#19257 = VECTOR('',#19258,1.);
#19258 = DIRECTION('',(0.,1.));
#19259 = ( GEOMETRIC_REPRESENTATION_CONTEXT(2) 
PARAMETRIC_REPRESENTATION_CONTEXT() REPRESENTATION_CONTEXT('2D SPACE',''
  ) );
#19260 = ORIENTED_EDGE('',*,*,#19261,.T.);
#19261 = EDGE_CURVE('',#19234,#19262,#19264,.T.);
#19262 = VERTEX_POINT('',#19263);
#19263 = CARTESIAN_POINT('',(7.029,-4.535,38.));
#19264 = SURFACE_CURVE('',#19265,(#19269,#19276),.PCURVE_S1.);
#19265 = LINE('',#19266,#19267);
#19266 = CARTESIAN_POINT('',(7.029,-4.535,37.010518));
#19267 = VECTOR('',#19268,1.);
#19268 = DIRECTION('',(0.,0.,1.));
#19269 = PCURVE('',#19209,#19270);
#19270 = DEFINITIONAL_REPRESENTATION('',(#19271),#19275);
#19271 = LINE('',#19272,#19273);
#19272 = CARTESIAN_POINT('',(0.,-16.));
#19273 = VECTOR('',#19274,1.);
#19274 = DIRECTION('',(1.,0.));
#19275 = ( GEOMETRIC_REPRESENTATION_CONTEXT(2) 
PARAMETRIC_REPRESENTATION_CONTEXT() REPRESENTATION_CONTEXT('2D SPACE',''
  ) );
#19276 = PCURVE('',#19277,#19282);
#19277 = PLANE('',#19278);
#19278 = AXIS2_PLACEMENT_3D('',#19279,#19280,#19281);
#19279 = CARTESIAN_POINT('',(7.029,-4.535,37.010518));
#19280 = DIRECTION('',(0.,1.,0.));
#19281 = DIRECTION('',(0.,0.,1.));
#19282 = DEFINITIONAL_REPRESENTATION('',(#19283),#19287);
#19283 = LINE('',#19284,#19285);
#19284 = CARTESIAN_POINT('',(0.,0.));
#19285 = VECTOR('',#19286,1.);
#19286 = DIRECTION('',(1.,0.));
#19287 = ( GEOMETRIC_REPRESENTATION_CONTEXT(2) 
PARAMETRIC_REPRESENTATION_CONTEXT() REPRESENTATION_CONTEXT('2D SPACE',''
  ) );
#19288 = ORIENTED_EDGE('',*,*,#19289,.F.);
#19289 = EDGE_CURVE('',#19201,#19262,#19290,.T.);
#19290 = SURFACE_CURVE('',#19291,(#19295,#19302),.PCURVE_S1.);
#19291 = LINE('',#19292,#19293);
#19292 = CARTESIAN_POINT('',(7.029,-20.535,38.));
#19293 = VECTOR('',#19294,1.);
#19294 = DIRECTION('',(0.,1.,0.));
#19295 = PCURVE('',#19209,#19296);
#19296 = DEFINITIONAL_REPRESENTATION('',(#19297),#19301);
#19297 = LINE('',#19298,#19299);
#19298 = CARTESIAN_POINT('',(0.989482,0.));
#19299 = VECTOR('',#19300,1.);
#19300 = DIRECTION('',(0.,-1.));
#19301 = ( GEOMETRIC_REPRESENTATION_CONTEXT(2) 
PARAMETRIC_REPRESENTATION_CONTEXT() REPRESENTATION_CONTEXT('2D SPACE',''
  ) );
#19302 = PCURVE('',#19303,#19308);
#19303 = PLANE('',#19304);
#19304 = AXIS2_PLACEMENT_3D('',#19305,#19306,#19307);
#19305 = CARTESIAN_POINT('',(7.029,-20.535,38.));
#19306 = DIRECTION('',(0.,0.,1.));
#19307 = DIRECTION('',(1.,0.,0.));
#19308 = DEFINITIONAL_REPRESENTATION('',(#19309),#19313);
#19309 = LINE('',#19310,#19311);
#19310 = CARTESIAN_POINT('',(0.,0.));
#19311 = VECTOR('',#19312,1.);
#19312 = DIRECTION('',(0.,1.));
#19313 = ( GEOMETRIC_REPRESENTATION_CONTEXT(2) 
PARAMETRIC_REPRESENTATION_CONTEXT() REPRESENTATION_CONTEXT('2D SPACE',''
  ) );
#19314 = ADVANCED_FACE('',(#19315),#19329,.T.);
#19315 = FACE_BOUND('',#19316,.T.);
#19316 = EDGE_LOOP('',(#19317,#19347,#19370,#19393));
#19317 = ORIENTED_EDGE('',*,*,#19318,.F.);
#19318 = EDGE_CURVE('',#19319,#19321,#19323,.T.);
#19319 = VERTEX_POINT('',#19320);
#19320 = CARTESIAN_POINT('',(29.029,-20.535,37.010518));
#19321 = VERTEX_POINT('',#19322);
#19322 = CARTESIAN_POINT('',(29.029,-20.535,38.));
#19323 = SURFACE_CURVE('',#19324,(#19328,#19340),.PCURVE_S1.);
#19324 = LINE('',#19325,#19326);
#19325 = CARTESIAN_POINT('',(29.029,-20.535,37.010518));
#19326 = VECTOR('',#19327,1.);
#19327 = DIRECTION('',(0.,0.,1.));
#19328 = PCURVE('',#19329,#19334);
#19329 = PLANE('',#19330);
#19330 = AXIS2_PLACEMENT_3D('',#19331,#19332,#19333);
#19331 = CARTESIAN_POINT('',(29.029,-20.535,37.010518));
#19332 = DIRECTION('',(1.,0.,0.));
#19333 = DIRECTION('',(0.,0.,1.));
#19334 = DEFINITIONAL_REPRESENTATION('',(#19335),#19339);
#19335 = LINE('',#19336,#19337);
#19336 = CARTESIAN_POINT('',(0.,0.));
#19337 = VECTOR('',#19338,1.);
#19338 = DIRECTION('',(1.,0.));
#19339 = ( GEOMETRIC_REPRESENTATION_CONTEXT(2) 
PARAMETRIC_REPRESENTATION_CONTEXT() REPRESENTATION_CONTEXT('2D SPACE',''
  ) );
#19340 = PCURVE('',#19221,#19341);
#19341 = DEFINITIONAL_REPRESENTATION('',(#19342),#19346);
#19342 = LINE('',#19343,#19344);
#19343 = CARTESIAN_POINT('',(0.,22.));
#19344 = VECTOR('',#19345,1.);
#19345 = DIRECTION('',(1.,0.));
#19346 = ( GEOMETRIC_REPRESENTATION_CONTEXT(2) 
PARAMETRIC_REPRESENTATION_CONTEXT() REPRESENTATION_CONTEXT('2D SPACE',''
  ) );
#19347 = ORIENTED_EDGE('',*,*,#19348,.T.);
#19348 = EDGE_CURVE('',#19319,#19349,#19351,.T.);
#19349 = VERTEX_POINT('',#19350);
#19350 = CARTESIAN_POINT('',(29.029,-4.535,37.010518));
#19351 = SURFACE_CURVE('',#19352,(#19356,#19363),.PCURVE_S1.);
#19352 = LINE('',#19353,#19354);
#19353 = CARTESIAN_POINT('',(29.029,-20.535,37.010518));
#19354 = VECTOR('',#19355,1.);
#19355 = DIRECTION('',(0.,1.,0.));
#19356 = PCURVE('',#19329,#19357);
#19357 = DEFINITIONAL_REPRESENTATION('',(#19358),#19362);
#19358 = LINE('',#19359,#19360);
#19359 = CARTESIAN_POINT('',(0.,0.));
#19360 = VECTOR('',#19361,1.);
#19361 = DIRECTION('',(0.,-1.));
#19362 = ( GEOMETRIC_REPRESENTATION_CONTEXT(2) 
PARAMETRIC_REPRESENTATION_CONTEXT() REPRESENTATION_CONTEXT('2D SPACE',''
  ) );
#19363 = PCURVE('',#19249,#19364);
#19364 = DEFINITIONAL_REPRESENTATION('',(#19365),#19369);
#19365 = LINE('',#19366,#19367);
#19366 = CARTESIAN_POINT('',(22.,0.));
#19367 = VECTOR('',#19368,1.);
#19368 = DIRECTION('',(0.,1.));
#19369 = ( GEOMETRIC_REPRESENTATION_CONTEXT(2) 
PARAMETRIC_REPRESENTATION_CONTEXT() REPRESENTATION_CONTEXT('2D SPACE',''
  ) );
#19370 = ORIENTED_EDGE('',*,*,#19371,.T.);
#19371 = EDGE_CURVE('',#19349,#19372,#19374,.T.);
#19372 = VERTEX_POINT('',#19373);
#19373 = CARTESIAN_POINT('',(29.029,-4.535,38.));
#19374 = SURFACE_CURVE('',#19375,(#19379,#19386),.PCURVE_S1.);
#19375 = LINE('',#19376,#19377);
#19376 = CARTESIAN_POINT('',(29.029,-4.535,37.010518));
#19377 = VECTOR('',#19378,1.);
#19378 = DIRECTION('',(0.,0.,1.));
#19379 = PCURVE('',#19329,#19380);
#19380 = DEFINITIONAL_REPRESENTATION('',(#19381),#19385);
#19381 = LINE('',#19382,#19383);
#19382 = CARTESIAN_POINT('',(0.,-16.));
#19383 = VECTOR('',#19384,1.);
#19384 = DIRECTION('',(1.,0.));
#19385 = ( GEOMETRIC_REPRESENTATION_CONTEXT(2) 
PARAMETRIC_REPRESENTATION_CONTEXT() REPRESENTATION_CONTEXT('2D SPACE',''
  ) );
#19386 = PCURVE('',#19277,#19387);
#19387 = DEFINITIONAL_REPRESENTATION('',(#19388),#19392);
#19388 = LINE('',#19389,#19390);
#19389 = CARTESIAN_POINT('',(0.,22.));
#19390 = VECTOR('',#19391,1.);
#19391 = DIRECTION('',(1.,0.));
#19392 = ( GEOMETRIC_REPRESENTATION_CONTEXT(2) 
PARAMETRIC_REPRESENTATION_CONTEXT() REPRESENTATION_CONTEXT('2D SPACE',''
  ) );
#19393 = ORIENTED_EDGE('',*,*,#19394,.F.);
#19394 = EDGE_CURVE('',#19321,#19372,#19395,.T.);
#19395 = SURFACE_CURVE('',#19396,(#19400,#19407),.PCURVE_S1.);
#19396 = LINE('',#19397,#19398);
#19397 = CARTESIAN_POINT('',(29.029,-20.535,38.));
#19398 = VECTOR('',#19399,1.);
#19399 = DIRECTION('',(0.,1.,0.));
#19400 = PCURVE('',#19329,#19401);
#19401 = DEFINITIONAL_REPRESENTATION('',(#19402),#19406);
#19402 = LINE('',#19403,#19404);
#19403 = CARTESIAN_POINT('',(0.989482,0.));
#19404 = VECTOR('',#19405,1.);
#19405 = DIRECTION('',(0.,-1.));
#19406 = ( GEOMETRIC_REPRESENTATION_CONTEXT(2) 
PARAMETRIC_REPRESENTATION_CONTEXT() REPRESENTATION_CONTEXT('2D SPACE',''
  ) );
#19407 = PCURVE('',#19303,#19408);
#19408 = DEFINITIONAL_REPRESENTATION('',(#19409),#19413);
#19409 = LINE('',#19410,#19411);
#19410 = CARTESIAN_POINT('',(22.,0.));
#19411 = VECTOR('',#19412,1.);
#19412 = DIRECTION('',(0.,1.));
#19413 = ( GEOMETRIC_REPRESENTATION_CONTEXT(2) 
PARAMETRIC_REPRESENTATION_CONTEXT() REPRESENTATION_CONTEXT('2D SPACE',''
  ) );
#19414 = ADVANCED_FACE('',(#19415),#19221,.F.);
#19415 = FACE_BOUND('',#19416,.F.);
#19416 = EDGE_LOOP('',(#19417,#19438,#19439,#19460));
#19417 = ORIENTED_EDGE('',*,*,#19418,.F.);
#19418 = EDGE_CURVE('',#19199,#19319,#19419,.T.);
#19419 = SURFACE_CURVE('',#19420,(#19424,#19431),.PCURVE_S1.);
#19420 = LINE('',#19421,#19422);
#19421 = CARTESIAN_POINT('',(7.029,-20.535,37.010518));
#19422 = VECTOR('',#19423,1.);
#19423 = DIRECTION('',(1.,0.,0.));
#19424 = PCURVE('',#19221,#19425);
#19425 = DEFINITIONAL_REPRESENTATION('',(#19426),#19430);
#19426 = LINE('',#19427,#19428);
#19427 = CARTESIAN_POINT('',(0.,0.));
#19428 = VECTOR('',#19429,1.);
#19429 = DIRECTION('',(0.,1.));
#19430 = ( GEOMETRIC_REPRESENTATION_CONTEXT(2) 
PARAMETRIC_REPRESENTATION_CONTEXT() REPRESENTATION_CONTEXT('2D SPACE',''
  ) );
#19431 = PCURVE('',#19249,#19432);
#19432 = DEFINITIONAL_REPRESENTATION('',(#19433),#19437);
#19433 = LINE('',#19434,#19435);
#19434 = CARTESIAN_POINT('',(0.,0.));
#19435 = VECTOR('',#19436,1.);
#19436 = DIRECTION('',(1.,0.));
#19437 = ( GEOMETRIC_REPRESENTATION_CONTEXT(2) 
PARAMETRIC_REPRESENTATION_CONTEXT() REPRESENTATION_CONTEXT('2D SPACE',''
  ) );
#19438 = ORIENTED_EDGE('',*,*,#19198,.T.);
#19439 = ORIENTED_EDGE('',*,*,#19440,.T.);
#19440 = EDGE_CURVE('',#19201,#19321,#19441,.T.);
#19441 = SURFACE_CURVE('',#19442,(#19446,#19453),.PCURVE_S1.);
#19442 = LINE('',#19443,#19444);
#19443 = CARTESIAN_POINT('',(7.029,-20.535,38.));
#19444 = VECTOR('',#19445,1.);
#19445 = DIRECTION('',(1.,0.,0.));
#19446 = PCURVE('',#19221,#19447);
#19447 = DEFINITIONAL_REPRESENTATION('',(#19448),#19452);
#19448 = LINE('',#19449,#19450);
#19449 = CARTESIAN_POINT('',(0.989482,0.));
#19450 = VECTOR('',#19451,1.);
#19451 = DIRECTION('',(0.,1.));
#19452 = ( GEOMETRIC_REPRESENTATION_CONTEXT(2) 
PARAMETRIC_REPRESENTATION_CONTEXT() REPRESENTATION_CONTEXT('2D SPACE',''
  ) );
#19453 = PCURVE('',#19303,#19454);
#19454 = DEFINITIONAL_REPRESENTATION('',(#19455),#19459);
#19455 = LINE('',#19456,#19457);
#19456 = CARTESIAN_POINT('',(0.,0.));
#19457 = VECTOR('',#19458,1.);
#19458 = DIRECTION('',(1.,0.));
#19459 = ( GEOMETRIC_REPRESENTATION_CONTEXT(2) 
PARAMETRIC_REPRESENTATION_CONTEXT() REPRESENTATION_CONTEXT('2D SPACE',''
  ) );
#19460 = ORIENTED_EDGE('',*,*,#19318,.F.);
#19461 = ADVANCED_FACE('',(#19462),#19277,.T.);
#19462 = FACE_BOUND('',#19463,.T.);
#19463 = EDGE_LOOP('',(#19464,#19485,#19486,#19507));
#19464 = ORIENTED_EDGE('',*,*,#19465,.F.);
#19465 = EDGE_CURVE('',#19234,#19349,#19466,.T.);
#19466 = SURFACE_CURVE('',#19467,(#19471,#19478),.PCURVE_S1.);
#19467 = LINE('',#19468,#19469);
#19468 = CARTESIAN_POINT('',(7.029,-4.535,37.010518));
#19469 = VECTOR('',#19470,1.);
#19470 = DIRECTION('',(1.,0.,0.));
#19471 = PCURVE('',#19277,#19472);
#19472 = DEFINITIONAL_REPRESENTATION('',(#19473),#19477);
#19473 = LINE('',#19474,#19475);
#19474 = CARTESIAN_POINT('',(0.,0.));
#19475 = VECTOR('',#19476,1.);
#19476 = DIRECTION('',(0.,1.));
#19477 = ( GEOMETRIC_REPRESENTATION_CONTEXT(2) 
PARAMETRIC_REPRESENTATION_CONTEXT() REPRESENTATION_CONTEXT('2D SPACE',''
  ) );
#19478 = PCURVE('',#19249,#19479);
#19479 = DEFINITIONAL_REPRESENTATION('',(#19480),#19484);
#19480 = LINE('',#19481,#19482);
#19481 = CARTESIAN_POINT('',(0.,16.));
#19482 = VECTOR('',#19483,1.);
#19483 = DIRECTION('',(1.,0.));
#19484 = ( GEOMETRIC_REPRESENTATION_CONTEXT(2) 
PARAMETRIC_REPRESENTATION_CONTEXT() REPRESENTATION_CONTEXT('2D SPACE',''
  ) );
#19485 = ORIENTED_EDGE('',*,*,#19261,.T.);
#19486 = ORIENTED_EDGE('',*,*,#19487,.T.);
#19487 = EDGE_CURVE('',#19262,#19372,#19488,.T.);
#19488 = SURFACE_CURVE('',#19489,(#19493,#19500),.PCURVE_S1.);
#19489 = LINE('',#19490,#19491);
#19490 = CARTESIAN_POINT('',(7.029,-4.535,38.));
#19491 = VECTOR('',#19492,1.);
#19492 = DIRECTION('',(1.,0.,0.));
#19493 = PCURVE('',#19277,#19494);
#19494 = DEFINITIONAL_REPRESENTATION('',(#19495),#19499);
#19495 = LINE('',#19496,#19497);
#19496 = CARTESIAN_POINT('',(0.989482,0.));
#19497 = VECTOR('',#19498,1.);
#19498 = DIRECTION('',(0.,1.));
#19499 = ( GEOMETRIC_REPRESENTATION_CONTEXT(2) 
PARAMETRIC_REPRESENTATION_CONTEXT() REPRESENTATION_CONTEXT('2D SPACE',''
  ) );
#19500 = PCURVE('',#19303,#19501);
#19501 = DEFINITIONAL_REPRESENTATION('',(#19502),#19506);
#19502 = LINE('',#19503,#19504);
#19503 = CARTESIAN_POINT('',(0.,16.));
#19504 = VECTOR('',#19505,1.);
#19505 = DIRECTION('',(1.,0.));
#19506 = ( GEOMETRIC_REPRESENTATION_CONTEXT(2) 
PARAMETRIC_REPRESENTATION_CONTEXT() REPRESENTATION_CONTEXT('2D SPACE',''
  ) );
#19507 = ORIENTED_EDGE('',*,*,#19371,.F.);
#19508 = ADVANCED_FACE('',(#19509),#19249,.F.);
#19509 = FACE_BOUND('',#19510,.F.);
#19510 = EDGE_LOOP('',(#19511,#19512,#19513,#19514));
#19511 = ORIENTED_EDGE('',*,*,#19233,.F.);
#19512 = ORIENTED_EDGE('',*,*,#19418,.T.);
#19513 = ORIENTED_EDGE('',*,*,#19348,.T.);
#19514 = ORIENTED_EDGE('',*,*,#19465,.F.);
#19515 = ADVANCED_FACE('',(#19516),#19303,.T.);
#19516 = FACE_BOUND('',#19517,.T.);
#19517 = EDGE_LOOP('',(#19518,#19519,#19520,#19521));
#19518 = ORIENTED_EDGE('',*,*,#19289,.F.);
#19519 = ORIENTED_EDGE('',*,*,#19440,.T.);
#19520 = ORIENTED_EDGE('',*,*,#19394,.T.);
#19521 = ORIENTED_EDGE('',*,*,#19487,.F.);
#19522 = ( GEOMETRIC_REPRESENTATION_CONTEXT(3) 
GLOBAL_UNCERTAINTY_ASSIGNED_CONTEXT((#19526)) 
GLOBAL_UNIT_ASSIGNED_CONTEXT((#19523,#19524,#19525)) 
REPRESENTATION_CONTEXT('Context #1',
  '3D Context with UNIT and UNCERTAINTY') );
#19523 = ( LENGTH_UNIT() NAMED_UNIT(*) SI_UNIT(.MILLI.,.METRE.) );
#19524 = ( NAMED_UNIT(*) PLANE_ANGLE_UNIT() SI_UNIT($,.RADIAN.) );
#19525 = ( NAMED_UNIT(*) SI_UNIT($,.STERADIAN.) SOLID_ANGLE_UNIT() );
#19526 = UNCERTAINTY_MEASURE_WITH_UNIT(LENGTH_MEASURE(1.E-07),#19523,
  'distance_accuracy_value','confusion accuracy');
#19527 = CONTEXT_DEPENDENT_SHAPE_REPRESENTATION(#19528,#19530);
#19528 = ( REPRESENTATION_RELATIONSHIP('','',#19191,#10) 
REPRESENTATION_RELATIONSHIP_WITH_TRANSFORMATION(#19529) 
SHAPE_REPRESENTATION_RELATIONSHIP() );
#19529 = ITEM_DEFINED_TRANSFORMATION('','',#11,#107);
#19530 = PRODUCT_DEFINITION_SHAPE('Placement','Placement of an item',
  #19531);
#19531 = NEXT_ASSEMBLY_USAGE_OCCURRENCE('24','radar_pcb_envelope','',#5,
  #19186,$);
#19532 = PRODUCT_RELATED_PRODUCT_CATEGORY('part',$,(#19188));
#19533 = MECHANICAL_DESIGN_GEOMETRIC_PRESENTATION_REPRESENTATION('',(
    #19534),#1555);
#19534 = STYLED_ITEM('color',(#19535),#1367);
#19535 = PRESENTATION_STYLE_ASSIGNMENT((#19536));
#19536 = SURFACE_STYLE_USAGE(.BOTH.,#19537);
#19537 = SURFACE_SIDE_STYLE('',(#19538));
#19538 = SURFACE_STYLE_FILL_AREA(#19539);
#19539 = FILL_AREA_STYLE('',(#19540));
#19540 = FILL_AREA_STYLE_COLOUR('',#19541);
#19541 = COLOUR_RGB('',0.620000000292,0.640000008347,0.670000002606);
#19542 = MECHANICAL_DESIGN_GEOMETRIC_PRESENTATION_REPRESENTATION('',(
    #19543),#2594);
#19543 = STYLED_ITEM('color',(#19544),#2402);
#19544 = PRESENTATION_STYLE_ASSIGNMENT((#19545));
#19545 = SURFACE_STYLE_USAGE(.BOTH.,#19546);
#19546 = SURFACE_SIDE_STYLE('',(#19547));
#19547 = SURFACE_STYLE_FILL_AREA(#19548);
#19548 = FILL_AREA_STYLE('',(#19549));
#19549 = FILL_AREA_STYLE_COLOUR('',#19550);
#19550 = COLOUR_RGB('',0.170000001676,0.210000004305,0.24000000363);
#19551 = MECHANICAL_DESIGN_GEOMETRIC_PRESENTATION_REPRESENTATION('',(
    #19552),#1969);
#19552 = STYLED_ITEM('color',(#19553),#1781);
#19553 = PRESENTATION_STYLE_ASSIGNMENT((#19554));
#19554 = SURFACE_STYLE_USAGE(.BOTH.,#19555);
#19555 = SURFACE_SIDE_STYLE('',(#19556));
#19556 = SURFACE_STYLE_FILL_AREA(#19557);
#19557 = FILL_AREA_STYLE('',(#19558));
#19558 = FILL_AREA_STYLE_COLOUR('',#19541);
#19559 = MECHANICAL_DESIGN_GEOMETRIC_PRESENTATION_REPRESENTATION('',(
    #19560),#5156);
#19560 = STYLED_ITEM('color',(#19561),#4968);
#19561 = PRESENTATION_STYLE_ASSIGNMENT((#19562));
#19562 = SURFACE_STYLE_USAGE(.BOTH.,#19563);
#19563 = SURFACE_SIDE_STYLE('',(#19564));
#19564 = SURFACE_STYLE_FILL_AREA(#19565);
#19565 = FILL_AREA_STYLE('',(#19566));
#19566 = FILL_AREA_STYLE_COLOUR('',#19541);
#19567 = MECHANICAL_DESIGN_GEOMETRIC_PRESENTATION_REPRESENTATION('',(
    #19568),#16738);
#19568 = STYLED_ITEM('color',(#19569),#12654);
#19569 = PRESENTATION_STYLE_ASSIGNMENT((#19570));
#19570 = SURFACE_STYLE_USAGE(.BOTH.,#19571);
#19571 = SURFACE_SIDE_STYLE('',(#19572));
#19572 = SURFACE_STYLE_FILL_AREA(#19573);
#19573 = FILL_AREA_STYLE('',(#19574));
#19574 = FILL_AREA_STYLE_COLOUR('',#19575);
#19575 = COLOUR_RGB('',0.24000000363,0.290000003841,0.290000003841);
#19576 = MECHANICAL_DESIGN_GEOMETRIC_PRESENTATION_REPRESENTATION('',(
    #19577),#10074);
#19577 = STYLED_ITEM('color',(#19578),#5382);
#19578 = PRESENTATION_STYLE_ASSIGNMENT((#19579));
#19579 = SURFACE_STYLE_USAGE(.BOTH.,#19580);
#19580 = SURFACE_SIDE_STYLE('',(#19581));
#19581 = SURFACE_STYLE_FILL_AREA(#19582);
#19582 = FILL_AREA_STYLE('',(#19583));
#19583 = FILL_AREA_STYLE_COLOUR('',#19584);
#19584 = COLOUR_RGB('',0.1599999992,0.199999998682,0.219999994989);
#19585 = MECHANICAL_DESIGN_GEOMETRIC_PRESENTATION_REPRESENTATION('',(
    #19586),#934);
#19586 = STYLED_ITEM('color',(#19587),#746);
#19587 = PRESENTATION_STYLE_ASSIGNMENT((#19588));
#19588 = SURFACE_STYLE_USAGE(.BOTH.,#19589);
#19589 = SURFACE_SIDE_STYLE('',(#19590));
#19590 = SURFACE_STYLE_FILL_AREA(#19591);
#19591 = FILL_AREA_STYLE('',(#19592));
#19592 = FILL_AREA_STYLE_COLOUR('',#19541);
#19593 = MECHANICAL_DESIGN_GEOMETRIC_PRESENTATION_REPRESENTATION('',(
    #19594),#19173);
#19594 = STYLED_ITEM('color',(#19595),#18843);
#19595 = PRESENTATION_STYLE_ASSIGNMENT((#19596));
#19596 = SURFACE_STYLE_USAGE(.BOTH.,#19597);
#19597 = SURFACE_SIDE_STYLE('',(#19598));
#19598 = SURFACE_STYLE_FILL_AREA(#19599);
#19599 = FILL_AREA_STYLE('',(#19600));
#19600 = FILL_AREA_STYLE_COLOUR('',#19601);
#19601 = COLOUR_RGB('',9.999999991362E-02,0.139999997847,0.190000001765
  );
#19602 = MECHANICAL_DESIGN_GEOMETRIC_PRESENTATION_REPRESENTATION('',(
    #19603),#18615);
#19603 = STYLED_ITEM('color',(#19604),#16757);
#19604 = PRESENTATION_STYLE_ASSIGNMENT((#19605));
#19605 = SURFACE_STYLE_USAGE(.BOTH.,#19606);
#19606 = SURFACE_SIDE_STYLE('',(#19607));
#19607 = SURFACE_STYLE_FILL_AREA(#19608);
#19608 = FILL_AREA_STYLE('',(#19609));
#19609 = FILL_AREA_STYLE_COLOUR('',#19610);
#19610 = COLOUR_RGB('',0.199999998682,0.250000000672,0.250000000672);
#19611 = MECHANICAL_DESIGN_GEOMETRIC_PRESENTATION_REPRESENTATION('',(
    #19612),#4742);
#19612 = STYLED_ITEM('color',(#19613),#4644);
#19613 = PRESENTATION_STYLE_ASSIGNMENT((#19614));
#19614 = SURFACE_STYLE_USAGE(.BOTH.,#19615);
#19615 = SURFACE_SIDE_STYLE('',(#19616));
#19616 = SURFACE_STYLE_FILL_AREA(#19617);
#19617 = FILL_AREA_STYLE('',(#19618));
#19618 = FILL_AREA_STYLE_COLOUR('',#19619);
#19619 = COLOUR_RGB('',0.599999994755,0.950000001282,0.700000005816);
#19620 = MECHANICAL_DESIGN_GEOMETRIC_PRESENTATION_REPRESENTATION('',(
    #19621),#12635);
#19621 = STYLED_ITEM('color',(#19622),#10093);
#19622 = PRESENTATION_STYLE_ASSIGNMENT((#19623));
#19623 = SURFACE_STYLE_USAGE(.BOTH.,#19624);
#19624 = SURFACE_SIDE_STYLE('',(#19625));
#19625 = SURFACE_STYLE_FILL_AREA(#19626);
#19626 = FILL_AREA_STYLE('',(#19627));
#19627 = FILL_AREA_STYLE_COLOUR('',#19628);
#19628 = COLOUR_RGB('',0.120000001395,0.149999997808,0.1599999992);
#19629 = MECHANICAL_DESIGN_GEOMETRIC_PRESENTATION_REPRESENTATION('',(
    #19630),#5363);
#19630 = STYLED_ITEM('color',(#19631),#5175);
#19631 = PRESENTATION_STYLE_ASSIGNMENT((#19632));
#19632 = SURFACE_STYLE_USAGE(.BOTH.,#19633);
#19633 = SURFACE_SIDE_STYLE('',(#19634));
#19634 = SURFACE_STYLE_FILL_AREA(#19635);
#19635 = FILL_AREA_STYLE('',(#19636));
#19636 = FILL_AREA_STYLE_COLOUR('',#19541);
#19637 = MECHANICAL_DESIGN_GEOMETRIC_PRESENTATION_REPRESENTATION('',(
    #19638),#2176);
#19638 = STYLED_ITEM('color',(#19639),#1988);
#19639 = PRESENTATION_STYLE_ASSIGNMENT((#19640));
#19640 = SURFACE_STYLE_USAGE(.BOTH.,#19641);
#19641 = SURFACE_SIDE_STYLE('',(#19642));
#19642 = SURFACE_STYLE_FILL_AREA(#19643);
#19643 = FILL_AREA_STYLE('',(#19644));
#19644 = FILL_AREA_STYLE_COLOUR('',#19541);
#19645 = MECHANICAL_DESIGN_GEOMETRIC_PRESENTATION_REPRESENTATION('',(
    #19646),#2383);
#19646 = STYLED_ITEM('color',(#19647),#2195);
#19647 = PRESENTATION_STYLE_ASSIGNMENT((#19648));
#19648 = SURFACE_STYLE_USAGE(.BOTH.,#19649);
#19649 = SURFACE_SIDE_STYLE('',(#19650));
#19650 = SURFACE_STYLE_FILL_AREA(#19651);
#19651 = FILL_AREA_STYLE('',(#19652));
#19652 = FILL_AREA_STYLE_COLOUR('',#19653);
#19653 = COLOUR_RGB('',8.999999692505E-02,0.109999998779,0.120000001395
  );
#19654 = MECHANICAL_DESIGN_GEOMETRIC_PRESENTATION_REPRESENTATION('',(
    #19655),#313);
#19655 = STYLED_ITEM('color',(#19656),#125);
#19656 = PRESENTATION_STYLE_ASSIGNMENT((#19657));
#19657 = SURFACE_STYLE_USAGE(.BOTH.,#19658);
#19658 = SURFACE_SIDE_STYLE('',(#19659));
#19659 = SURFACE_STYLE_FILL_AREA(#19660);
#19660 = FILL_AREA_STYLE('',(#19661));
#19661 = FILL_AREA_STYLE_COLOUR('',#19541);
#19662 = MECHANICAL_DESIGN_GEOMETRIC_PRESENTATION_REPRESENTATION('',(
    #19663),#1141);
#19663 = STYLED_ITEM('color',(#19664),#953);
#19664 = PRESENTATION_STYLE_ASSIGNMENT((#19665));
#19665 = SURFACE_STYLE_USAGE(.BOTH.,#19666);
#19666 = SURFACE_SIDE_STYLE('',(#19667));
#19667 = SURFACE_STYLE_FILL_AREA(#19668);
#19668 = FILL_AREA_STYLE('',(#19669));
#19669 = FILL_AREA_STYLE_COLOUR('',#19541);
#19670 = MECHANICAL_DESIGN_GEOMETRIC_PRESENTATION_REPRESENTATION('',(
    #19671),#4625);
#19671 = STYLED_ITEM('color',(#19672),#2613);
#19672 = PRESENTATION_STYLE_ASSIGNMENT((#19673));
#19673 = SURFACE_STYLE_USAGE(.BOTH.,#19674);
#19674 = SURFACE_SIDE_STYLE('',(#19675));
#19675 = SURFACE_STYLE_FILL_AREA(#19676);
#19676 = FILL_AREA_STYLE('',(#19677));
#19677 = FILL_AREA_STYLE_COLOUR('',#19678);
#19678 = COLOUR_RGB('',0.190000001765,0.219999994989,0.24000000363);
#19679 = MECHANICAL_DESIGN_GEOMETRIC_PRESENTATION_REPRESENTATION('',(
    #19680),#1348);
#19680 = STYLED_ITEM('color',(#19681),#1160);
#19681 = PRESENTATION_STYLE_ASSIGNMENT((#19682));
#19682 = SURFACE_STYLE_USAGE(.BOTH.,#19683);
#19683 = SURFACE_SIDE_STYLE('',(#19684));
#19684 = SURFACE_STYLE_FILL_AREA(#19685);
#19685 = FILL_AREA_STYLE('',(#19686));
#19686 = FILL_AREA_STYLE_COLOUR('',#19541);
#19687 = MECHANICAL_DESIGN_GEOMETRIC_PRESENTATION_REPRESENTATION('',(
    #19688),#520);
#19688 = STYLED_ITEM('color',(#19689),#332);
#19689 = PRESENTATION_STYLE_ASSIGNMENT((#19690));
#19690 = SURFACE_STYLE_USAGE(.BOTH.,#19691);
#19691 = SURFACE_SIDE_STYLE('',(#19692));
#19692 = SURFACE_STYLE_FILL_AREA(#19693);
#19693 = FILL_AREA_STYLE('',(#19694));
#19694 = FILL_AREA_STYLE_COLOUR('',#19541);
#19695 = MECHANICAL_DESIGN_GEOMETRIC_PRESENTATION_REPRESENTATION('',(
    #19696),#19522);
#19696 = STYLED_ITEM('color',(#19697),#19192);
#19697 = PRESENTATION_STYLE_ASSIGNMENT((#19698));
#19698 = SURFACE_STYLE_USAGE(.BOTH.,#19699);
#19699 = SURFACE_SIDE_STYLE('',(#19700));
#19700 = SURFACE_STYLE_FILL_AREA(#19701);
#19701 = FILL_AREA_STYLE('',(#19702));
#19702 = FILL_AREA_STYLE_COLOUR('',#19703);
#19703 = COLOUR_RGB('',1.999999944121E-02,0.230000002338,0.339999993741
  );
#19704 = MECHANICAL_DESIGN_GEOMETRIC_PRESENTATION_REPRESENTATION('',(
    #19705),#4949);
#19705 = STYLED_ITEM('color',(#19706),#4761);
#19706 = PRESENTATION_STYLE_ASSIGNMENT((#19707));
#19707 = SURFACE_STYLE_USAGE(.BOTH.,#19708);
#19708 = SURFACE_SIDE_STYLE('',(#19709));
#19709 = SURFACE_STYLE_FILL_AREA(#19710);
#19710 = FILL_AREA_STYLE('',(#19711));
#19711 = FILL_AREA_STYLE_COLOUR('',#19541);
#19712 = MECHANICAL_DESIGN_GEOMETRIC_PRESENTATION_REPRESENTATION('',(
    #19713),#1762);
#19713 = STYLED_ITEM('color',(#19714),#1574);
#19714 = PRESENTATION_STYLE_ASSIGNMENT((#19715));
#19715 = SURFACE_STYLE_USAGE(.BOTH.,#19716);
#19716 = SURFACE_SIDE_STYLE('',(#19717));
#19717 = SURFACE_STYLE_FILL_AREA(#19718);
#19718 = FILL_AREA_STYLE('',(#19719));
#19719 = FILL_AREA_STYLE_COLOUR('',#19541);
#19720 = MECHANICAL_DESIGN_GEOMETRIC_PRESENTATION_REPRESENTATION('',(
    #19721),#18824);
#19721 = STYLED_ITEM('color',(#19722),#18634);
#19722 = PRESENTATION_STYLE_ASSIGNMENT((#19723));
#19723 = SURFACE_STYLE_USAGE(.BOTH.,#19724);
#19724 = SURFACE_SIDE_STYLE('',(#19725));
#19725 = SURFACE_STYLE_FILL_AREA(#19726);
#19726 = FILL_AREA_STYLE('',(#19727));
#19727 = FILL_AREA_STYLE_COLOUR('',#19728);
#19728 = COLOUR_RGB('',2.499999930151E-02,2.999999916181E-02,
  3.499999902211E-02);
#19729 = MECHANICAL_DESIGN_GEOMETRIC_PRESENTATION_REPRESENTATION('',(
    #19730),#727);
#19730 = STYLED_ITEM('color',(#19731),#539);
#19731 = PRESENTATION_STYLE_ASSIGNMENT((#19732));
#19732 = SURFACE_STYLE_USAGE(.BOTH.,#19733);
#19733 = SURFACE_SIDE_STYLE('',(#19734));
#19734 = SURFACE_STYLE_FILL_AREA(#19735);
#19735 = FILL_AREA_STYLE('',(#19736));
#19736 = FILL_AREA_STYLE_COLOUR('',#19541);
ENDSEC;
END-ISO-10303-21;
